{"configurations": {"count": 3, "items": {"K192": {"index": 0, "setupTimes": [0, 31, 31]}, "K1209": {"index": 1, "setupTimes": [51, 0, 47]}, "K825": {"index": 2, "setupTimes": [27, 48, 0]}}}, "testers": {"count": 3, "items": {"T1209": {"supportedConfigurations": ["K1209"]}, "T192": {"supportedConfigurations": ["K192"]}, "T825": {"supportedConfigurations": ["K825"]}}}, "operations": {"count": 7, "items": {"O200_copy_29": {"estimatedTestTime": {"K825": {"distribution": "normal", "mean": 1.332, "std": 3.300543304686211}}, "compatibleConfigurations": ["K825"]}, "O200_copy_42": {"estimatedTestTime": {"K825": {"distribution": "normal", "mean": 1.332, "std": 4.400061371400283}}, "compatibleConfigurations": ["K825"]}, "O115_copy_47": {"estimatedTestTime": {"K1209": {"distribution": "normal", "mean": 93.60479976, "std": 3.598704243927714}}, "compatibleConfigurations": ["K1209"]}, "O200_copy_49": {"estimatedTestTime": {"K825": {"distribution": "normal", "mean": 64.56, "std": 2.240461127535506}}, "compatibleConfigurations": ["K825"]}, "O115_copy_37": {"estimatedTestTime": {"K1209": {"distribution": "normal", "mean": 14.06376, "std": 3.3678376435507014}}, "compatibleConfigurations": ["K1209"]}, "O200_copy_37": {"estimatedTestTime": {"K825": {"distribution": "normal", "mean": 3.9960000000000004, "std": 2.143662549379825}}, "compatibleConfigurations": ["K825"]}, "O102_copy_9": {"estimatedTestTime": {"K192": {"distribution": "normal", "mean": 96.56906676000001, "std": 4.798887200225152}}, "compatibleConfigurations": ["K192"]}}}, "products": {"count": 7, "items": {"P10302124": {"index": 10302124, "arrival": 0, "quantity": 1, "duedate": 19919.783333333333, "operations": ["O200_copy_29", "O200_copy_42"], "dependencies": [[1, 0]]}, "P10298541": {"index": 10298541, "arrival": 4994.966666666666, "quantity": 9, "duedate": 22783.65, "operations": ["O115_copy_47"], "dependencies": []}, "P10286019": {"index": 10286019, "arrival": 18613.8, "quantity": 50, "duedate": 60663.9, "operations": ["O200_copy_49"], "dependencies": []}, "P10306079": {"index": 10306079, "arrival": 53912.88333333333, "quantity": 7, "duedate": 20006.516666666666, "operations": ["O115_copy_37"], "dependencies": []}, "P10301804": {"index": 10301804, "arrival": 54674.58333333333, "quantity": 3, "duedate": 9869.883333333333, "operations": ["O200_copy_37"], "dependencies": []}, "P10295734": {"index": 10295734, "arrival": 55379.649999999994, "quantity": 60, "duedate": 13919.383333333333, "operations": ["O200_copy_37"], "dependencies": []}, "P10303544": {"index": 10303544, "arrival": 68774.21666666666, "quantity": 14, "duedate": 20312.05, "operations": ["O102_copy_9"], "dependencies": []}}}}