{"configurations": {"count": 2, "items": {"K825": {"index": 0, "setupTimes": [0, 0]}, "K1209": {"index": 1, "setupTimes": [0, 0]}}}, "testers": {"count": 2, "items": {"T1209": {"supportedConfigurations": ["K1209"]}, "T825": {"supportedConfigurations": ["K825"]}}}, "operations": {"count": 7, "items": {"O115_copy_21": {"estimatedTestTime": {"K1209": {"distribution": "normal", "mean": 69.324, "std": 2.4370077653123907}}, "compatibleConfigurations": ["K1209"]}, "O200_copy_53": {"estimatedTestTime": {"K825": {"distribution": "normal", "mean": 11.620800000000001, "std": 3.364781013542064}}, "compatibleConfigurations": ["K825"]}, "O200_copy_36": {"estimatedTestTime": {"K825": {"distribution": "normal", "mean": 64.56, "std": 4.312351416977067}}, "compatibleConfigurations": ["K825"]}, "O115_copy_32": {"estimatedTestTime": {"K1209": {"distribution": "normal", "mean": 15.68499996, "std": 4.116539680802084}}, "compatibleConfigurations": ["K1209"]}, "O200_copy_31": {"estimatedTestTime": {"K825": {"distribution": "normal", "mean": 66.60000000000001, "std": 4.195876919099767}}, "compatibleConfigurations": ["K825"]}, "O200_copy_30": {"estimatedTestTime": {"K825": {"distribution": "normal", "mean": 5.838, "std": 3.300543304686211}}, "compatibleConfigurations": ["K825"]}, "O115_copy_42": {"estimatedTestTime": {"K1209": {"distribution": "normal", "mean": 466.207332, "std": 4.400061371400283}}, "compatibleConfigurations": ["K1209"]}}}, "products": {"count": 7, "items": {"P10306091": {"index": 10306091, "arrival": 0, "quantity": 6, "duedate": 9757.85, "operations": ["O115_copy_21"], "dependencies": []}, "P10298541": {"index": 10298541, "arrival": 593.0333333333333, "quantity": 9, "duedate": 22783.65, "operations": ["O200_copy_53"], "dependencies": []}, "P10286019": {"index": 10286019, "arrival": 14211.866666666667, "quantity": 50, "duedate": 60663.9, "operations": ["O200_copy_36", "O115_copy_42"], "dependencies": [[1, 0]]}, "P10294433": {"index": 10294433, "arrival": 49510.950000000004, "quantity": 2, "duedate": 30067.2, "operations": ["O115_copy_32"], "dependencies": []}, "P10291389": {"index": 10291389, "arrival": 70053.33333333334, "quantity": 50, "duedate": 30239.35, "operations": ["O200_copy_31"], "dependencies": []}, "P10294069": {"index": 10294069, "arrival": 101734.86666666667, "quantity": 5, "duedate": 42644.01666666667, "operations": ["O200_copy_31"], "dependencies": []}, "P10306079": {"index": 10306079, "arrival": 126214.06666666667, "quantity": 7, "duedate": 20006.516666666666, "operations": ["O200_copy_30"], "dependencies": []}}}}