{"configurations": {"count": 3, "items": {"K192": {"index": 0, "setupTimes": [0, 31, 31]}, "K1209": {"index": 1, "setupTimes": [51, 0, 47]}, "K825": {"index": 2, "setupTimes": [27, 48, 0]}}}, "testers": {"count": 3, "items": {"T1209": {"supportedConfigurations": ["K1209"]}, "T192": {"supportedConfigurations": ["K192"]}, "T825": {"supportedConfigurations": ["K825"]}}}, "operations": {"count": 6, "items": {"O200_copy_35": {"estimatedTestTime": {"K825": {"distribution": "normal", "mean": 66.72, "std": 3.300543304686211}}, "compatibleConfigurations": ["K825"]}, "O115_copy_23": {"estimatedTestTime": {"K1209": {"distribution": "normal", "mean": 22.656, "std": 4.400061371400283}}, "compatibleConfigurations": ["K1209"]}, "O200_copy_48": {"estimatedTestTime": {"K825": {"distribution": "normal", "mean": 66.72, "std": 3.598704243927714}}, "compatibleConfigurations": ["K825"]}, "O200_copy_51": {"estimatedTestTime": {"K825": {"distribution": "normal", "mean": 0.834, "std": 2.240461127535506}}, "compatibleConfigurations": ["K825"]}, "O102_copy_7": {"estimatedTestTime": {"K192": {"distribution": "normal", "mean": 24.852, "std": 3.3678376435507014}}, "compatibleConfigurations": ["K192"]}, "O115_copy_31": {"estimatedTestTime": {"K1209": {"distribution": "normal", "mean": 19.7961, "std": 2.143662549379825}}, "compatibleConfigurations": ["K1209"]}}}, "products": {"count": 6, "items": {"P10300188": {"index": 10300188, "arrival": 0, "quantity": 80, "duedate": 11255.2, "operations": ["O200_copy_35", "O200_copy_48"], "dependencies": [[1, 0]]}, "P10302124": {"index": 10302124, "arrival": 10730.383333333333, "quantity": 1, "duedate": 19919.783333333333, "operations": ["O115_copy_23"], "dependencies": []}, "P10306082": {"index": 10306082, "arrival": 15725.349999999999, "quantity": 1, "duedate": 19990.733333333334, "operations": ["O200_copy_51", "O115_copy_31"], "dependencies": [[1, 0]]}, "P10294069": {"index": 10294069, "arrival": 16471.266666666666, "quantity": 5, "duedate": 42644.01666666667, "operations": ["O102_copy_7"], "dependencies": []}, "P10303220": {"index": 10303220, "arrival": 40950.46666666667, "quantity": 12, "duedate": 7198.433333333333, "operations": ["O102_copy_7"], "dependencies": []}, "P10304149": {"index": 10304149, "arrival": 43828.083333333336, "quantity": 11, "duedate": 12820.533333333333, "operations": ["O102_copy_7"], "dependencies": []}}}}