{"configurations": {"count": 2, "items": {"K825": {"index": 0, "setupTimes": [0, 31]}, "K1209": {"index": 1, "setupTimes": [31, 0]}}}, "testers": {"count": 2, "items": {"T1209": {"supportedConfigurations": ["K1209"]}, "T825": {"supportedConfigurations": ["K825"]}}}, "operations": {"count": 6, "items": {"O115_copy_22": {"estimatedTestTime": {"K1209": {"distribution": "normal", "mean": 431.0300004, "std": 2.5242425062994633}}, "compatibleConfigurations": ["K1209"]}, "O200_copy_43": {"estimatedTestTime": {"K825": {"distribution": "normal", "mean": 5.838, "std": 3.1791009545019038}}, "compatibleConfigurations": ["K825"]}, "O200_copy_40": {"estimatedTestTime": {"K825": {"distribution": "normal", "mean": 11.620800000000001, "std": 3.0492105953435846}}, "compatibleConfigurations": ["K825"]}, "O200_copy_47": {"estimatedTestTime": {"K825": {"distribution": "normal", "mean": 14.652, "std": 3.52059506923006}}, "compatibleConfigurations": ["K825"]}, "O200_copy_39": {"estimatedTestTime": {"K825": {"distribution": "normal", "mean": 2.0832, "std": 2.3299102231763618}}, "compatibleConfigurations": ["K825"]}, "O115_copy_33": {"estimatedTestTime": {"K1209": {"distribution": "normal", "mean": 221.50932, "std": 2.363935576680758}}, "compatibleConfigurations": ["K1209"]}}}, "products": {"count": 7, "items": {"P10296936": {"index": 10296936, "arrival": 0, "quantity": 60, "duedate": 16804.333333333332, "operations": ["O115_copy_22"], "dependencies": []}, "P10306079": {"index": 10306079, "arrival": 10519.516666666666, "quantity": 7, "duedate": 20006.516666666666, "operations": ["O200_copy_43"], "dependencies": []}, "P10298541": {"index": 10298541, "arrival": 11281.216666666667, "quantity": 9, "duedate": 22783.65, "operations": ["O200_copy_40"], "dependencies": []}, "P10304149": {"index": 10304149, "arrival": 24900.050000000003, "quantity": 11, "duedate": 12820.533333333333, "operations": ["O200_copy_47"], "dependencies": []}, "P10299498": {"index": 10299498, "arrival": 27115.76666666667, "quantity": 1, "duedate": 26867.866666666665, "operations": ["O200_copy_47"], "dependencies": []}, "P10294433": {"index": 10294433, "arrival": 28978.81666666667, "quantity": 2, "duedate": 30067.2, "operations": ["O200_copy_39"], "dependencies": []}, "P10296693": {"index": 10296693, "arrival": 49521.200000000004, "quantity": 16, "duedate": 44472.88333333333, "operations": ["O200_copy_39", "O115_copy_33"], "dependencies": [[1, 0]]}}}}