{"configurations": {"count": 2, "items": {"K825": {"index": 0, "setupTimes": [0, 0]}, "K1209": {"index": 1, "setupTimes": [0, 0]}}}, "testers": {"count": 2, "items": {"T1209": {"supportedConfigurations": ["K1209"]}, "T825": {"supportedConfigurations": ["K825"]}}}, "operations": {"count": 6, "items": {"O115_copy_25": {"estimatedTestTime": {"K1209": {"distribution": "normal", "mean": 144.56573346, "std": 2.4370077653123907}}, "compatibleConfigurations": ["K1209"]}, "O200_copy_32": {"estimatedTestTime": {"K825": {"distribution": "normal", "mean": 20.832, "std": 3.364781013542064}}, "compatibleConfigurations": ["K825"]}, "O200_copy_46": {"estimatedTestTime": {"K825": {"distribution": "normal", "mean": 33.36, "std": 4.312351416977067}}, "compatibleConfigurations": ["K825"]}, "O115_copy_39": {"estimatedTestTime": {"K1209": {"distribution": "normal", "mean": 207.3006672, "std": 4.116539680802084}}, "compatibleConfigurations": ["K1209"]}, "O200_copy_44": {"estimatedTestTime": {"K825": {"distribution": "normal", "mean": 66.60000000000001, "std": 4.195876919099767}}, "compatibleConfigurations": ["K825"]}, "O200_copy_41": {"estimatedTestTime": {"K825": {"distribution": "normal", "mean": 60.39, "std": 3.300543304686211}}, "compatibleConfigurations": ["K825"]}}}, "products": {"count": 11, "items": {"P10301704": {"index": 10301704, "arrival": 0, "quantity": 19, "duedate": 20022.05, "operations": ["O115_copy_25"], "dependencies": []}, "P10293003": {"index": 10293003, "arrival": 2217.233333333333, "quantity": 20, "duedate": 20159.45, "operations": ["O200_copy_32", "O115_copy_39"], "dependencies": [[1, 0]]}, "P10293042": {"index": 10293042, "arrival": 23817.86666666667, "quantity": 40, "duedate": 27358.366666666665, "operations": ["O200_copy_46"], "dependencies": []}, "P10298181": {"index": 10298181, "arrival": 45418.41666666667, "quantity": 48, "duedate": 31678.483333333334, "operations": ["O200_copy_46"], "dependencies": []}, "P10301184": {"index": 10301184, "arrival": 59809.083333333336, "quantity": 12, "duedate": 20159.133333333335, "operations": ["O200_copy_46"], "dependencies": []}, "P10300869": {"index": 10300869, "arrival": 69869.40000000001, "quantity": 50, "duedate": 31677.616666666665, "operations": ["O200_copy_46"], "dependencies": []}, "P10303220": {"index": 10303220, "arrival": 74194.20000000001, "quantity": 12, "duedate": 7198.433333333333, "operations": ["O200_copy_46"], "dependencies": []}, "P10302134": {"index": 10302134, "arrival": 77071.81666666668, "quantity": 6, "duedate": 20060.3, "operations": ["O200_copy_46"], "dependencies": []}, "P10291389": {"index": 10291389, "arrival": 81787.30000000002, "quantity": 50, "duedate": 30239.35, "operations": ["O200_copy_44"], "dependencies": []}, "P10294069": {"index": 10294069, "arrival": 113468.83333333334, "quantity": 5, "duedate": 42644.01666666667, "operations": ["O200_copy_44"], "dependencies": []}, "P10298761": {"index": 10298761, "arrival": 137948.03333333335, "quantity": 50, "duedate": 31678.783333333333, "operations": ["O200_copy_41"], "dependencies": []}}}}