{"configurations": {"count": 2, "items": {"K1": {"index": 0, "setupTimes": [0, 9]}, "K2": {"index": 1, "setupTimes": [0, 0]}}}, "testers": {"count": 4, "items": {"T1": {"supportedConfigurations": ["K1", "K2"]}, "T2": {"supportedConfigurations": ["K2", "K1"]}, "T3": {"supportedConfigurations": ["K2", "K1"]}, "T4": {"supportedConfigurations": ["K2", "K1"]}}}, "operations": {"count": 20, "items": {"O1": {"estimatedTestTime": {"K1": {"distribution": "normal", "mean": 18.63951083316421, "std": 2.9658510535675933}, "K2": {"distribution": "normal", "mean": 4.840217124112126, "std": 2.2878603529719754}}, "compatibleConfigurations": ["K1", "K2"]}, "O2": {"estimatedTestTime": {"K2": {"distribution": "normal", "mean": 6.4337534109853465, "std": 2.5334531996039673}, "K1": {"distribution": "normal", "mean": 32.99644297853853, "std": 2.659982914749069}}, "compatibleConfigurations": ["K2", "K1"]}, "O3": {"estimatedTestTime": {"K2": {"distribution": "normal", "mean": 16.847620890432047, "std": 4.376832893062433}, "K1": {"distribution": "normal", "mean": 40.71584881013291, "std": 2.3947062105691295}}, "compatibleConfigurations": ["K2", "K1"]}, "O4": {"estimatedTestTime": {"K2": {"distribution": "normal", "mean": 20.939401174347275, "std": 2.5377884332385765}, "K1": {"distribution": "normal", "mean": 45.830051550517105, "std": 3.0490694776768925}}, "compatibleConfigurations": ["K2", "K1"]}, "O5": {"estimatedTestTime": {"K1": {"distribution": "normal", "mean": 11.014885270658588, "std": 3.917125163669705}, "K2": {"distribution": "normal", "mean": 39.10630482130429, "std": 3.4438569497346574}}, "compatibleConfigurations": ["K1", "K2"]}, "O6": {"estimatedTestTime": {"K1": {"distribution": "normal", "mean": 17.466605264789333, "std": 2.2394881934894713}, "K2": {"distribution": "normal", "mean": 41.42033756719715, "std": 4.912852158001618}}, "compatibleConfigurations": ["K1", "K2"]}, "O7": {"estimatedTestTime": {"K2": {"distribution": "normal", "mean": 6.7847763095050055, "std": 3.171436111199543}, "K1": {"distribution": "normal", "mean": 30.901519976613617, "std": 2.714491296640648}}, "compatibleConfigurations": ["K2", "K1"]}, "O8": {"estimatedTestTime": {"K1": {"distribution": "normal", "mean": 13.520835998871904, "std": 3.9621609158607978}, "K2": {"distribution": "normal", "mean": 6.61734439004964, "std": 3.6988819041524996}}, "compatibleConfigurations": ["K1", "K2"]}, "O9": {"estimatedTestTime": {"K1": {"distribution": "normal", "mean": 5.471408446660718, "std": 3.7902511798518574}, "K2": {"distribution": "normal", "mean": 26.880686552557698, "std": 3.5207776455823376}}, "compatibleConfigurations": ["K1", "K2"]}, "O10": {"estimatedTestTime": {"K2": {"distribution": "normal", "mean": 49.903298010162686, "std": 4.675251038048805}, "K1": {"distribution": "normal", "mean": 31.537740554673327, "std": 4.892828461018424}}, "compatibleConfigurations": ["K2", "K1"]}, "O11": {"estimatedTestTime": {"K1": {"distribution": "normal", "mean": 3.2646261684163065, "std": 3.3864644909203565}, "K2": {"distribution": "normal", "mean": 45.03686459515319, "std": 4.01204073566845}}, "compatibleConfigurations": ["K1", "K2"]}, "O12": {"estimatedTestTime": {"K1": {"distribution": "normal", "mean": 30.506958335921908, "std": 4.95893777865165}, "K2": {"distribution": "normal", "mean": 13.89167388343441, "std": 4.397496124742157}}, "compatibleConfigurations": ["K1", "K2"]}, "O13": {"estimatedTestTime": {"K2": {"distribution": "normal", "mean": 31.110844260351453, "std": 4.997628486118477}, "K1": {"distribution": "normal", "mean": 22.192544632498254, "std": 3.298311675715533}}, "compatibleConfigurations": ["K2", "K1"]}, "O14": {"estimatedTestTime": {"K1": {"distribution": "normal", "mean": 4.904878291046595, "std": 4.899515878187524}, "K2": {"distribution": "normal", "mean": 31.707448911597798, "std": 4.633714099576514}}, "compatibleConfigurations": ["K1", "K2"]}, "O15": {"estimatedTestTime": {"K2": {"distribution": "normal", "mean": 36.080278016768204, "std": 2.231164441340524}, "K1": {"distribution": "normal", "mean": 3.502833660084935, "std": 3.5829713424451635}}, "compatibleConfigurations": ["K2", "K1"]}, "O16": {"estimatedTestTime": {"K1": {"distribution": "normal", "mean": 36.063974125398026, "std": 2.571423139296795}, "K2": {"distribution": "normal", "mean": 10.67539836738318, "std": 4.190723895071544}}, "compatibleConfigurations": ["K1", "K2"]}, "O17": {"estimatedTestTime": {"K2": {"distribution": "normal", "mean": 9.861991475684507, "std": 4.734114121920886}, "K1": {"distribution": "normal", "mean": 14.5119020587728, "std": 2.985293316054143}}, "compatibleConfigurations": ["K2", "K1"]}, "O18": {"estimatedTestTime": {"K1": {"distribution": "normal", "mean": 23.49440063044368, "std": 3.875003607495871}, "K2": {"distribution": "normal", "mean": 10.044821882686222, "std": 2.062121585305537}}, "compatibleConfigurations": ["K1", "K2"]}, "O19": {"estimatedTestTime": {"K1": {"distribution": "normal", "mean": 48.47024583793066, "std": 3.891375956804415}, "K2": {"distribution": "normal", "mean": 37.03477359152097, "std": 2.5864898931490803}}, "compatibleConfigurations": ["K1", "K2"]}, "O20": {"estimatedTestTime": {"K1": {"distribution": "normal", "mean": 25.456303689073437, "std": 3.965710152279921}, "K2": {"distribution": "normal", "mean": 15.125066443277456, "std": 2.721243160300522}}, "compatibleConfigurations": ["K1", "K2"]}}}, "products": {"count": 2, "items": {"P1": {"index": 0, "arrival": 0, "quantity": 4, "duedate": 82.27523161724933, "operations": ["O12", "O19", "O2"], "dependencies": [[1, 0], [2, 1]]}, "P2": {"index": 1, "arrival": 35.61034498887725, "quantity": 3, "duedate": 111.71099567162946, "operations": ["O14", "O7", "O12", "O10", "O11"], "dependencies": [[2, 1], [2, 0], [3, 2], [4, 1]]}}}}