{"configurations": {"count": 5, "items": {"K1": {"index": 0, "setupTimes": [0, 5, 5, 5, 5]}, "K2": {"index": 1, "setupTimes": [5, 0, 5, 5, 5]}, "K3": {"index": 2, "setupTimes": [5, 5, 0, 5, 5]}, "K4": {"index": 3, "setupTimes": [5, 5, 5, 0, 5]}, "K5": {"index": 4, "setupTimes": [5, 5, 5, 5, 0]}}}, "testers": {"count": 5, "items": {"T1": {"supportedConfigurations": ["K3", "K2"]}, "T2": {"supportedConfigurations": ["K1", "K2"]}, "T3": {"supportedConfigurations": ["K3", "K2"]}, "T4": {"supportedConfigurations": ["K3", "K1", "K4", "K5"]}, "T5": {"supportedConfigurations": ["K2", "K3"]}}}, "operations": {"count": 15, "items": {"O1": {"estimatedTestTime": {"K5": {"distribution": "normal", "mean": 33.2125072020617, "std": 4.830638319743398}, "K2": {"distribution": "normal", "mean": 34.89471608223775, "std": 4.342969002106083}, "K4": {"distribution": "normal", "mean": 28.77114942715918, "std": 2.4716831006397095}, "K1": {"distribution": "normal", "mean": 13.53496391109927, "std": 3.1955586766261663}, "K3": {"distribution": "normal", "mean": 36.31765050444283, "std": 2.1450580372846444}}, "compatibleConfigurations": ["K5", "K2", "K4", "K1", "K3"]}, "O2": {"estimatedTestTime": {"K4": {"distribution": "normal", "mean": 24.18492928797157, "std": 3.7856485655908654}, "K5": {"distribution": "normal", "mean": 10.831309214054336, "std": 3.4205016325257143}, "K3": {"distribution": "normal", "mean": 39.69540417161005, "std": 2.1250867148157546}, "K2": {"distribution": "normal", "mean": 23.713630753535313, "std": 2.3476982645973887}, "K1": {"distribution": "normal", "mean": 11.463697239763531, "std": 2.285147120478036}}, "compatibleConfigurations": ["K4", "K5", "K3", "K2", "K1"]}, "O3": {"estimatedTestTime": {"K2": {"distribution": "normal", "mean": 44.27909310480262, "std": 3.1051222885484293}, "K4": {"distribution": "normal", "mean": 12.072000566780297, "std": 4.7631812529727915}, "K3": {"distribution": "normal", "mean": 29.13598353766055, "std": 2.017165761822726}, "K5": {"distribution": "normal", "mean": 43.76916539354471, "std": 4.1484038958907785}, "K1": {"distribution": "normal", "mean": 12.638426403602148, "std": 3.1474314239919545}}, "compatibleConfigurations": ["K2", "K4", "K3", "K5", "K1"]}, "O4": {"estimatedTestTime": {"K3": {"distribution": "normal", "mean": 23.55775509922643, "std": 4.9099361475781045}, "K5": {"distribution": "normal", "mean": 42.656355998782615, "std": 2.611739114958071}, "K1": {"distribution": "normal", "mean": 44.24639833015559, "std": 4.703624440798688}, "K2": {"distribution": "normal", "mean": 16.346452173320998, "std": 2.5324491291766007}, "K4": {"distribution": "normal", "mean": 21.424716049267175, "std": 3.2912261349223524}}, "compatibleConfigurations": ["K3", "K5", "K1", "K2", "K4"]}, "O5": {"estimatedTestTime": {"K3": {"distribution": "normal", "mean": 35.924383677597035, "std": 3.469406557990741}, "K1": {"distribution": "normal", "mean": 40.097993239653476, "std": 4.83899411954958}, "K5": {"distribution": "normal", "mean": 46.93936630457907, "std": 2.258801130178299}, "K4": {"distribution": "normal", "mean": 29.828130104992724, "std": 4.738921386792944}, "K2": {"distribution": "normal", "mean": 29.409280083029607, "std": 4.551238270125535}}, "compatibleConfigurations": ["K3", "K1", "K5", "K4", "K2"]}, "O6": {"estimatedTestTime": {"K1": {"distribution": "normal", "mean": 18.461296460712106, "std": 3.6442436894993753}, "K5": {"distribution": "normal", "mean": 47.82566773261139, "std": 4.6159836260735325}, "K2": {"distribution": "normal", "mean": 4.997389086024404, "std": 3.4870163303825796}, "K3": {"distribution": "normal", "mean": 20.07147788750333, "std": 3.6532661770513863}, "K4": {"distribution": "normal", "mean": 3.591200892356232, "std": 4.916193441175997}}, "compatibleConfigurations": ["K1", "K5", "K2", "K3", "K4"]}, "O7": {"estimatedTestTime": {"K4": {"distribution": "normal", "mean": 44.31870918752466, "std": 2.6741075512490338}, "K3": {"distribution": "normal", "mean": 13.004135596209027, "std": 2.6503605649121833}, "K2": {"distribution": "normal", "mean": 22.118396795773947, "std": 2.1104611948084626}, "K5": {"distribution": "normal", "mean": 9.036328307803581, "std": 3.286572883442416}, "K1": {"distribution": "normal", "mean": 19.3919065523035, "std": 2.947895580600336}}, "compatibleConfigurations": ["K4", "K3", "K2", "K5", "K1"]}, "O8": {"estimatedTestTime": {"K2": {"distribution": "normal", "mean": 4.5311130082908875, "std": 3.4567972647525007}, "K4": {"distribution": "normal", "mean": 25.556790348455067, "std": 2.204785070559987}, "K3": {"distribution": "normal", "mean": 13.619473121134082, "std": 3.7583918901345403}, "K1": {"distribution": "normal", "mean": 15.545373728558864, "std": 4.819639691368609}, "K5": {"distribution": "normal", "mean": 12.91134514022283, "std": 4.621083338770926}}, "compatibleConfigurations": ["K2", "K4", "K3", "K1", "K5"]}, "O9": {"estimatedTestTime": {"K1": {"distribution": "normal", "mean": 11.904818728131367, "std": 3.2946047231631224}, "K2": {"distribution": "normal", "mean": 17.919216345048092, "std": 3.0228985005229534}, "K5": {"distribution": "normal", "mean": 19.43196551198021, "std": 3.265033126808093}, "K4": {"distribution": "normal", "mean": 12.534974092329938, "std": 4.967150872075916}, "K3": {"distribution": "normal", "mean": 2.704276926132817, "std": 2.2491907225971572}}, "compatibleConfigurations": ["K1", "K2", "K5", "K4", "K3"]}, "O10": {"estimatedTestTime": {"K1": {"distribution": "normal", "mean": 40.32978144870215, "std": 4.4645787789879385}, "K3": {"distribution": "normal", "mean": 21.76645417992701, "std": 3.3239350546381585}, "K2": {"distribution": "normal", "mean": 41.590363481882605, "std": 2.590446315913556}, "K5": {"distribution": "normal", "mean": 15.835813044373351, "std": 3.2310622911137834}, "K4": {"distribution": "normal", "mean": 14.253710381227965, "std": 2.3239542828468713}}, "compatibleConfigurations": ["K1", "K3", "K2", "K5", "K4"]}, "O11": {"estimatedTestTime": {"K5": {"distribution": "normal", "mean": 4.4915543007107726, "std": 3.511059694875914}, "K1": {"distribution": "normal", "mean": 40.29263903920889, "std": 3.8745247797585045}, "K4": {"distribution": "normal", "mean": 49.03166419433281, "std": 4.5496462543083425}, "K3": {"distribution": "normal", "mean": 3.7994691185189993, "std": 4.906045718925167}, "K2": {"distribution": "normal", "mean": 31.102841737396567, "std": 4.240515337507843}}, "compatibleConfigurations": ["K5", "K1", "K4", "K3", "K2"]}, "O12": {"estimatedTestTime": {"K1": {"distribution": "normal", "mean": 33.33416681999992, "std": 2.7744576312827665}, "K3": {"distribution": "normal", "mean": 45.935096059215496, "std": 4.303888403123351}, "K5": {"distribution": "normal", "mean": 38.16014262010859, "std": 3.412488491554571}, "K4": {"distribution": "normal", "mean": 23.29878328444811, "std": 2.846526618245869}, "K2": {"distribution": "normal", "mean": 30.675055634156003, "std": 2.9037890384141996}}, "compatibleConfigurations": ["K1", "K3", "K5", "K4", "K2"]}, "O13": {"estimatedTestTime": {"K4": {"distribution": "normal", "mean": 46.44686066243088, "std": 2.9960618723551438}, "K2": {"distribution": "normal", "mean": 22.696721509824982, "std": 3.881399472258236}, "K1": {"distribution": "normal", "mean": 30.2691161402969, "std": 2.081293502307812}, "K3": {"distribution": "normal", "mean": 42.58351214075422, "std": 4.375469056310558}, "K5": {"distribution": "normal", "mean": 17.668933178724046, "std": 3.911824060953313}}, "compatibleConfigurations": ["K4", "K2", "K1", "K3", "K5"]}, "O14": {"estimatedTestTime": {"K4": {"distribution": "normal", "mean": 41.667886998483226, "std": 2.672958439144442}, "K2": {"distribution": "normal", "mean": 48.05348155782699, "std": 2.1251705009315653}, "K3": {"distribution": "normal", "mean": 34.40457737142639, "std": 2.532091612766431}, "K5": {"distribution": "normal", "mean": 25.871247924871007, "std": 2.708705064364882}, "K1": {"distribution": "normal", "mean": 20.33593882452095,