{"configurations": {"count": 2, "items": {"K1": {"index": 0, "setupTimes": [0, 25]}, "K2": {"index": 1, "setupTimes": [47, 0]}}}, "testers": {"count": 2, "items": {"T1": {"supportedConfigurations": ["K1", "K2"]}, "T2": {"supportedConfigurations": ["K2", "K1"]}}}, "operations": {"count": 15, "items": {"O1": {"estimatedTestTime": {"K2": {"distribution": "normal", "mean": 482.44384357849015, "std": 3.2482157526652844}, "K1": {"distribution": "normal", "mean": 132.37631856408865, "std": 4.193178873617788}}, "compatibleConfigurations": ["K2", "K1"]}, "O2": {"estimatedTestTime": {"K2": {"distribution": "normal", "mean": 208.52582555206232, "std": 4.93555550494221}, "K1": {"distribution": "normal", "mean": 346.50173497184676, "std": 3.7676831287177173}}, "compatibleConfigurations": ["K2", "K1"]}, "O3": {"estimatedTestTime": {"K1": {"distribution": "normal", "mean": 124.762705014167, "std": 2.352918129617155}, "K2": {"distribution": "normal", "mean": 175.49464152391127, "std": 4.54256082640252}}, "compatibleConfigurations": ["K1", "K2"]}, "O4": {"estimatedTestTime": {"K1": {"distribution": "normal", "mean": 474.1939993091502, "std": 4.9089981957575315}, "K2": {"distribution": "normal", "mean": 152.5103173233221, "std": 4.4840294674575345}}, "compatibleConfigurations": ["K1", "K2"]}, "O5": {"estimatedTestTime": {"K1": {"distribution": "normal", "mean": 492.04415877831264, "std": 4.4184027734755915}, "K2": {"distribution": "normal", "mean": 138.67715769278502, "std": 2.115042505725113}}, "compatibleConfigurations": ["K1", "K2"]}, "O6": {"estimatedTestTime": {"K1": {"distribution": "normal", "mean": 111.22885871068556, "std": 4.7451561757340075}, "K2": {"distribution": "normal", "mean": 291.4754255677576, "std": 2.5166950433469784}}, "compatibleConfigurations": ["K1", "K2"]}, "O7": {"estimatedTestTime": {"K2": {"distribution": "normal", "mean": 210.61525756692532, "std": 3.524939121491278}, "K1": {"distribution": "normal", "mean": 194.81431299599612, "std": 4.271769937254593}}, "compatibleConfigurations": ["K2", "K1"]}, "O8": {"estimatedTestTime": {"K1": {"distribution": "normal", "mean": 232.57669771473186, "std": 3.4063526210497557}, "K2": {"distribution": "normal", "mean": 275.25159921686134, "std": 3.264425541766055}}, "compatibleConfigurations": ["K1", "K2"]}, "O9": {"estimatedTestTime": {"K1": {"distribution": "normal", "mean": 43.275993860083204, "std": 2.230402890048659}, "K2": {"distribution": "normal", "mean": 331.4533073351903, "std": 3.628616762237077}}, "compatibleConfigurations": ["K1", "K2"]}, "O10": {"estimatedTestTime": {"K2": {"distribution": "normal", "mean": 350.5378536046661, "std": 4.7679841811051435}, "K1": {"distribution": "normal", "mean": 193.66838837907446, "std": 4.15935023868936}}, "compatibleConfigurations": ["K2", "K1"]}, "O11": {"estimatedTestTime": {"K1": {"distribution": "normal", "mean": 386.2597033098611, "std": 3.380247343644373}, "K2": {"distribution": "normal", "mean": 145.38563980841147, "std": 3.762113219734968}}, "compatibleConfigurations": ["K1", "K2"]}, "O12": {"estimatedTestTime": {"K2": {"distribution": "normal", "mean": 118.83495664404195, "std": 4.331080991178768}, "K1": {"distribution": "normal", "mean": 417.5253367427759, "std": 4.068797167455569}}, "compatibleConfigurations": ["K2", "K1"]}, "O13": {"estimatedTestTime": {"K2": {"distribution": "normal", "mean": 440.81551115916517, "std": 2.051967283363716}, "K1": {"distribution": "normal", "mean": 93.70708603706568, "std": 4.933286611476933}}, "compatibleConfigurations": ["K2", "K1"]}, "O14": {"estimatedTestTime": {"K2": {"distribution": "normal", "mean": 404.70733321861115, "std": 3.2126406236576286}, "K1": {"distribution": "normal", "mean": 178.6250019519553, "std": 4.173879078102063}}, "compatibleConfigurations": ["K2", "K1"]}, "O15": {"estimatedTestTime": {"K1": {"distribution": "normal", "mean": 47.99151892580408, "std": 3.1633765640021516}, "K2": {"distribution": "normal", "mean": 454.47908571656444, "std": 2.7400818926127894}}, "compatibleConfigurations": ["K1", "K2"]}}}, "products": {"count": 4, "items": {"P1": {"index": 0, "arrival": 0, "quantity": 2, "duedate": 1253.9822076816652, "operations": ["O15", "O12", "O2", "O7", "O1", "O3", "O11", "O5", "O13", "O6"], "dependencies": [[1, 0], [3, 1], [5, 0], [5, 1], [6, 3], [7, 3], [7, 4], [7, 6], [8, 1], [8, 2], [9, 1], [9, 4]]}, "P2": {"index": 1, "arrival": 99.0929703569388, "quantity": 5, "duedate": 3020.664965056872, "operations": ["O15", "O5", "O11", "O10", "O9", "O12", "O3", "O2"], "dependencies": [[1, 0], [2, 0], [4, 0], [5, 2], [5, 4], [5, 3], [6, 2], [6, 4], [6, 5], [7, 5], [7, 6]]}, "P3": {"index": 2, "arrival": 194.0596792528085, "quantity": 3, "duedate": 2138.7011359682124, "operations": ["O6", "O3", "O13", "O7", "O10", "O12", "O9", "O1", "O14", "O5", "O8"], "dependencies": [[1, 0], [3, 2], [4, 2], [4, 3], [5, 3], [6, 1], [6, 2], [6, 3], [6, 4], [7, 2], [7, 4], [7, 5], [8, 5], [8, 6], [8, 7], [9, 0], [9, 2], [9, 3], [9, 5], [9, 7], [10, 0], [10, 3]]}, "P4": {"index": 3, "arrival": 274.8975458816091, "quantity": 2, "duedate": 2050.927259194279, "operations": ["O13", "O14", "O8", "O4", "O9", "O2", "O15", "O3", "O5", "O12", "O11", "O6", "O7", "O1"], "dependencies": [[3, 0], [3, 2], [4, 3], [5, 2], [5, 3], [5, 4], [6, 3], [6, 4], [6, 5], [7, 0], [7, 1], [7, 4], [7, 6], [8, 0], [8, 6], [9, 1], [9, 2], [9, 3], [9, 5], [10, 0], [10, 4], [10, 5], [10, 8], [11, 3], [12, 0], [12, 4], [13, 0], [13, 1], [13, 12]]}}}}