{"configurations": {"count": 3, "items": {"K1": {"index": 0, "setupTimes": [0, 43, 8]}, "K2": {"index": 1, "setupTimes": [13, 0, 60]}, "K3": {"index": 2, "setupTimes": [3, 3, 0]}}}, "testers": {"count": 2, "items": {"T1": {"supportedConfigurations": ["K3", "K1"]}, "T2": {"supportedConfigurations": ["K3", "K1", "K2"]}}}, "operations": {"count": 11, "items": {"O1": {"estimatedTestTime": {"K1": {"distribution": "normal", "mean": 22.3985052579144, "std": 4.089585646166867}, "K3": {"distribution": "normal", "mean": 189.18518581352774, "std": 2.8327713911900196}}, "compatibleConfigurations": ["K1", "K3"]}, "O2": {"estimatedTestTime": {"K2": {"distribution": "normal", "mean": 96.13037822092765, "std": 4.849114624730766}, "K1": {"distribution": "normal", "mean": 463.28077935138407, "std": 2.8787769827049754}}, "compatibleConfigurations": ["K2", "K1"]}, "O3": {"estimatedTestTime": {"K1": {"distribution": "normal", "mean": 203.39804658370343, "std": 3.013737179662799}, "K3": {"distribution": "normal", "mean": 333.6271241008662, "std": 3.7031770233878856}, "K2": {"distribution": "normal", "mean": 122.08593158713639, "std": 3.9579279761055313}}, "compatibleConfigurations": ["K1", "K3", "K2"]}, "O4": {"estimatedTestTime": {"K3": {"distribution": "normal", "mean": 61.88669626728211, "std": 2.104307508752403}, "K2": {"distribution": "normal", "mean": 295.39523585206115, "std": 3.2362174129118246}}, "compatibleConfigurations": ["K3", "K2"]}, "O5": {"estimatedTestTime": {"K2": {"distribution": "normal", "mean": 113.85743913980639, "std": 3.2322366901760704}, "K1": {"distribution": "normal", "mean": 264.2583593393023, "std": 4.105195448472062}}, "compatibleConfigurations": ["K2", "K1"]}, "O6": {"estimatedTestTime": {"K2": {"distribution": "normal", "mean": 417.95451647489784, "std": 2.1942053323274213}, "K3": {"distribution": "normal", "mean": 265.4885398764502, "std": 3.475942023274232}}, "compatibleConfigurations": ["K2", "K3"]}, "O7": {"estimatedTestTime": {"K2": {"distribution": "normal", "mean": 406.0602320335684, "std": 3.9322674946139227}, "K3": {"distribution": "normal", "mean": 469.1456705029766, "std": 4.391632575418804}}, "compatibleConfigurations": ["K2", "K3"]}, "O8": {"estimatedTestTime": {"K2": {"distribution": "normal", "mean": 282.0417326533481, "std": 4.570212801656585}, "K1": {"distribution": "normal", "mean": 100.26504017232425, "std": 2.372528962406834}}, "compatibleConfigurations": ["K2", "K1"]}, "O9": {"estimatedTestTime": {"K2": {"distribution": "normal", "mean": 441.122287545596, "std": 2.016359120762101}, "K3": {"distribution": "normal", "mean": 78.65377051885422, "std": 3.902283337359082}}, "compatibleConfigurations": ["K2", "K3"]}, "O10": {"estimatedTestTime": {"K2": {"distribution": "normal", "mean": 372.46458289150047, "std": 2.7013876098061367}, "K3": {"distribution": "normal", "mean": 152.38315979283036, "std": 2.224175207109934}}, "compatibleConfigurations": ["K2", "K3"]}, "O11": {"estimatedTestTime": {"K2": {"distribution": "normal", "mean": 152.43281987197255, "std": 2.871183639754226}, "K3": {"distribution": "normal", "mean": 16.80874067266301, "std": 2.121174413605606}, "K1": {"distribution": "normal", "mean": 41.72833207762539, "std": 2.570419016470967}}, "compatibleConfigurations": ["K2", "K3", "K1"]}}}, "products": {"count": 10, "items": {"P1": {"index": 0, "arrival": 0, "quantity": 2, "duedate": 653.6952210427565, "operations": ["O7", "O2", "O10", "O8", "O4", "O3", "O5"], "dependencies": [[4, 1], [4, 2], [5, 1], [5, 3], [5, 4], [6, 0], [6, 3]]}, "P2": {"index": 1, "arrival": 62.05976956622048, "quantity": 2, "duedate": 1031.03285549071, "operations": ["O6", "O3", "O9", "O2", "O11", "O8", "O4", "O1", "O7", "O5", "O10"], "dependencies": [[5, 0], [6, 1], [6, 3], [6, 4], [6, 5], [7, 2], [7, 3], [7, 4], [7, 5], [7, 6], [8, 1], [9, 1], [9, 3], [9, 5], [9, 7], [10, 1], [10, 5]]}, "P3": {"index": 2, "arrival": 145.42806688201216, "quantity": 3, "duedate": 1449.909006586511, "operations": ["O1", "O4", "O2", "O8", "O3", "O9"], "dependencies": [[2, 1], [3, 1], [3, 2], [4, 0], [4, 1], [5, 2], [5, 3]]}, "P4": {"index": 3, "arrival": 233.92098788035588, "quantity": 2, "duedate": 858.9321663298138, "operations": ["O4", "O6", "O3", "O11", "O5", "O10"], "dependencies": [[2, 0], [3, 2], [4, 0], [4, 3], [5, 2], [5, 1]]}, "P5": {"index": 4, "arrival": 305.0961133351312, "quantity": 2, "duedate": 1198.6456632585525, "operations": ["O11", "O1", "O3", "O7", "O2", "O6", "O4", "O9", "O5", "O10"], "dependencies": [[4, 0], [4, 1], [4, 2], [4, 3], [5, 0], [6, 0], [6, 3], [6, 5], [7, 0], [7, 2], [7, 3], [7, 5], [8, 1], [8, 3], [8, 5], [9, 0], [9, 4], [9, 7]]}, "P6": {"index": 5, "arrival": 380.63742336405085, "quantity": 3, "duedate": 2021.7455101880128, "operations": ["O1", "O2", "O6", "O7", "O5", "O10", "O4", "O3", "O8"], "dependencies": [[3, 2], [4, 0], [4, 2], [5, 4], [6, 1], [6, 2], [6, 5], [7, 1], [7, 2], [8, 4], [8, 6]]}, "P7": {"index": 6, "arrival": 456.8485329468001, "quantity": 2, "duedate": 1401.2987882539492, "operations": ["O5", "O8", "O3", "O11", "O6", "O7", "O2", "O1", "O9"], "dependencies": [[1, 0], [2, 0], [3, 0], [4, 3], [5, 0], [5, 4], [6, 2], [7, 0], [7, 2], [8, 4]]}, "P8": {"index": 7, "arrival": 523.6360596472774, "quantity": 3, "duedate": 1839.5179762090659, "operations": ["O9", "O7", "O8", "O1", "O4", "O2", "O11", "O10", "O5", "O3"], "dependencies": [[2, 0], [4, 1], [5, 3], [6, 2], [6, 5], [7, 1], [7, 2], [7, 4], [8, 6], [9, 0], [9, 6], [9, 8]]}, "P9": {"index": 8, "arrival": 600.1997397758121, "quantity": 3, "duedate": 1282.180360852309, "operations": ["O11", "O1", "O4", "O5", "O9", "O6"], "dependencies": [[2, 0], [3, 0], [4, 1], [4, 2], [5, 0], [5, 1]]}, "P10": {"index": 9, "arrival": 658.1575590480955, "quantity": 2, "duedate": 1611.8345433965394, "operations": ["O9", "O6", "O7", "O5", "O8", "O3", "O1", "O11"], "dependencies": [[2, 0], [2, 1], [3, 0], [3, 1], [4, 0], [4, 1], [4, 2], [6, 0], [6, 4], [7, 0], [7, 2], [7, 3], [7, 5]]}}}}