{"configurations": {"count": 5, "items": {"K1": {"index": 0, "setupTimes": [0, 0, 0, 5, 2]}, "K2": {"index": 1, "setupTimes": [10, 0, 5, 5, 10]}, "K3": {"index": 2, "setupTimes": [3, 3, 0, 9, 5]}, "K4": {"index": 3, "setupTimes": [5, 6, 10, 0, 5]}, "K5": {"index": 4, "setupTimes": [2, 2, 1, 3, 0]}}}, "testers": {"count": 5, "items": {"T1": {"supportedConfigurations": ["K2", "K4"]}, "T2": {"supportedConfigurations": ["K5", "K1"]}, "T3": {"supportedConfigurations": ["K2", "K1", "K3"]}, "T4": {"supportedConfigurations": ["K4", "K2"]}, "T5": {"supportedConfigurations": ["K4", "K1"]}}}, "operations": {"count": 20, "items": {"O1": {"estimatedTestTime": {"K5": {"distribution": "normal", "mean": 7.370378531744587, "std": 3.992594094186868}, "K3": {"distribution": "normal", "mean": 33.27180093517393, "std": 2.5402404317913216}, "K1": {"distribution": "normal", "mean": 43.38249517754033, "std": 3.5186563603263186}, "K4": {"distribution": "normal", "mean": 33.758694437924916, "std": 4.571419023658882}, "K2": {"distribution": "normal", "mean": 24.088959760302274, "std": 4.374459225646175}}, "compatibleConfigurations": ["K5", "K3", "K1", "K4", "K2"]}, "O2": {"estimatedTestTime": {"K5": {"distribution": "normal", "mean": 46.165693617670826, "std": 4.912997863904405}, "K4": {"distribution": "normal", "mean": 37.825293480495034, "std": 2.0224622791866453}, "K2": {"distribution": "normal", "mean": 9.434951797209719, "std": 2.7592905762935196}, "K1": {"distribution": "normal", "mean": 23.854658265110245, "std": 4.613612038336528}, "K3": {"distribution": "normal", "mean": 5.208825768263761, "std": 2.3550025003207136}}, "compatibleConfigurations": ["K5", "K4", "K2", "K1", "K3"]}, "O3": {"estimatedTestTime": {"K2": {"distribution": "normal", "mean": 13.134352936607648, "std": 2.529818113909194}, "K3": {"distribution": "normal", "mean": 30.8730146730082, "std": 3.183913827981166}, "K1": {"distribution": "normal", "mean": 39.90545774448847, "std": 3.5673971059560596}, "K5": {"distribution": "normal", "mean": 4.960277929090978, "std": 3.293730136319981}, "K4": {"distribution": "normal", "mean": 47.50198554748117, "std": 2.2338552552163504}}, "compatibleConfigurations": ["K2", "K3", "K1", "K5", "K4"]}, "O4": {"estimatedTestTime": {"K2": {"distribution": "normal", "mean": 42.09503463667108, "std": 3.536887290367124}, "K1": {"distribution": "normal", "mean": 42.131534817199764, "std": 4.309578380087206}, "K5": {"distribution": "normal", "mean": 15.451306052467165, "std": 2.383512508678143}, "K4": {"distribution": "normal", "mean": 35.97090750108037, "std": 4.6686292149087585}, "K3": {"distribution": "normal", "mean": 15.426464679871126, "std": 4.132573081398386}}, "compatibleConfigurations": ["K2", "K1", "K5", "K4", "K3"]}, "O5": {"estimatedTestTime": {"K1": {"distribution": "normal", "mean": 5.328187162809428, "std": 3.9004775745927516}, "K4": {"distribution": "normal", "mean": 18.62378365227029, "std": 3.4711792658045084}, "K3": {"distribution": "normal", "mean": 18.56633059263143, "std": 3.9877959035086965}, "K2": {"distribution": "normal", "mean": 40.8650678645991, "std": 3.371151903411765}, "K5": {"distribution": "normal", "mean": 10.88117904346157, "std": 3.8418033275182903}}, "compatibleConfigurations": ["K1", "K4", "K3", "K2", "K5"]}, "O6": {"estimatedTestTime": {"K2": {"distribution": "normal", "mean": 7.483376515268038, "std": 4.868955225780684}, "K4": {"distribution": "normal", "mean": 41.21205977793362, "std": 4.559344766912302}, "K5": {"distribution": "normal", "mean": 37.4752686908982, "std": 4.670170700271484}, "K3": {"distribution": "normal", "mean": 24.07681916532738, "std": 4.0222913092598}, "K1": {"distribution": "normal", "mean": 20.5670102106785, "std": 4.802964582555024}}, "compatibleConfigurations": ["K2", "K4", "K5", "K3", "K1"]}, "O7": {"estimatedTestTime": {"K5": {"distribution": "normal", "mean": 26.768799348178145, "std": 2.30700712440744}, "K4": {"distribution": "normal", "mean": 21.8931529683948, "std": 2.0695988968192633}, "K1": {"distribution": "normal", "mean": 24.402448862761517, "std": 3.3668353683640038}, "K3": {"distribution": "normal", "mean": 20.32329668777377, "std": 2.161424175388405}, "K2": {"distribution": "normal", "mean": 19.27486136196264, "std": 4.171318488067429}}, "compatibleConfigurations": ["K5", "K4", "K1", "K3", "K2"]}, "O8": {"estimatedTestTime": {"K2": {"distribution": "normal", "mean": 46.76216347008535, "std": 3.5540523567486604}, "K3": {"distribution": "normal", "mean": 40.70556596776369, "std": 4.752177195791791}, "K4": {"distribution": "normal", "mean": 3.5224362491880115, "std": 3.720083200924212}, "K5": {"distribution": "normal", "mean": 12.601809063241033, "std": 3.1085541778593346}, "K1": {"distribution": "normal", "mean": 39.084840834997905, "std": 3.649178482293917}}, "compatibleConfigurations": ["K2", "K3", "K4", "K5", "K1"]}, "O9": {"estimatedTestTime": {"K2": {"distribution": "normal", "mean": 8.724510240456558, "std": 4.90731385292748}, "K1": {"distribution": "normal", "mean": 7.045754814225656, "std": 4.195396617054364}, "K3": {"distribution": "normal", "mean": 3.7371185789765278, "std": 2.1658788184549715}, "K5": {"distribution": "normal", "mean": 26.648921960492366, "std": 2.610150111339908}, "K4": {"distribution": "normal", "mean": 12.399826665392544, "std": 2.3612398303097075}}, "compatibleConfigurations": ["K2", "K1", "K3", "K5", "K4"]}, "O10": {"estimatedTestTime": {"K2": {"distribution": "normal", "mean": 13.722824658444615, "std": 2.985699451634892}, "K3": {"distribution": "normal", "mean": 40.667946631584634, "std": 2.556339690423378}, "K1": {"distribution": "normal", "mean": 34.92337888583418, "std": 3.598258129309728}, "K4": {"distribution": "normal", "mean": 24.27163330895099, "std": 4.618091812527805}, "K5": {"distribution": "normal", "mean": 26.790920428408967, "std": 2.96313317015063}}, "compatibleConfigurations": ["K2", "K3", "K1", "K4", "K5"]}, "O11": {"estimatedTestTime": {"K3": {"distribution": "normal", "mean": 9.06996947144863, "std": 4.050972575943808}, "K4": {"distribution": "normal", "mean": 47.56388691162237, "std": 3.8624473629803076}, "K5": {"distribution": "normal", "mean": 33.38445961261382, "std": 4.358714112999475}, "K2": {"distribution": "normal", "mean": 43.261530022987934, "std": 3.4334740023549504}, "K1": {"distribution": "normal", "mean": 18.51071755687493, "std": 2.50086435353279}}, "compatibleConfigurations": ["K3", "K4", "K5", "K2", "K1"]}, "O12": {"estimatedTestTime": {"K5": {"distribution": "normal", "mean": 30.8796935085188, "std": 2.594235398305322}, "K4": {"distribution": "normal", "mean": 46.59416364165624, "std": 3.412855098376958}, "K3": {"distribution": "normal", "mean": 33.23575737275445, "std": 3.248585376602027}, "K2": {"distribution": "normal", "mean": 46.165087039785575, "std": 4.363751947627302}, "K1": {"distribution": "normal", "mean": 3.4857066133097874, "std": 4.227057595770393}}, "compatibleConfigurations": ["K5", "K4", "K3", "K2", "K1"]}, "O13": {"estimatedTestTime": {"K5": {"distribution": "normal", "mean": 2.319744379502348, "std": 2.3721176374051245}, "K1": {"distribution": "normal", "mean": 36.74030249905862, "std": 4.363960948470869}, "K2": {"distribution": "normal", "mean": 45.35960356406319, "std": 3.3405188643422017}, "K3": {"distribution": "normal", "mean": 12.721648955427261, "std": 2.613860314584836}, "K4": {"distribution": "normal", "mean": 44.68460253366903, "std": 2.5392844880595034}}, "compatibleConfigurations": ["K5", "K1", "K2", "K3", "K4"]}, "O14": {"estimatedTestTime": {"K3": {"distribution": "normal", "mean": 35.76987859583331, "std": 4.752584035150382}, "K5": {"distribution": "normal", "mean": 31.159202852167546, "std": 2.8039384994186447}, "K2": {"distribution": "normal", "mean": 24.907712695571988, "std": 3.3217011892303803}, "K1": {"distribution": "normal", "mean": 31.92918448235045, "std": 4.9642896258216105}, "K4": {"distribution": "normal", "mean": 35.4726959365181, "std": 3.5399632311649825}},