{"configurations": {"count": 4, "items": {"K1": {"index": 0, "setupTimes": [0, 6, 4, 9]}, "K2": {"index": 1, "setupTimes": [5, 0, 7, 5]}, "K3": {"index": 2, "setupTimes": [1, 1, 0, 1]}, "K4": {"index": 3, "setupTimes": [9, 0, 0, 0]}}}, "testers": {"count": 2, "items": {"T1": {"supportedConfigurations": ["K3", "K1"]}, "T2": {"supportedConfigurations": ["K4", "K2", "K1", "K3"]}}}, "operations": {"count": 12, "items": {"O1": {"estimatedTestTime": {"K3": {"distribution": "normal", "mean": 18.657310178894797, "std": 3.7275155267067177}, "K1": {"distribution": "normal", "mean": 49.45370647701373, "std": 3.8008849228701536}}, "compatibleConfigurations": ["K3", "K1"]}, "O2": {"estimatedTestTime": {"K4": {"distribution": "normal", "mean": 47.37473902147612, "std": 3.4375809021300476}, "K3": {"distribution": "normal", "mean": 13.649060789443077, "std": 3.7136644518326882}}, "compatibleConfigurations": ["K4", "K3"]}, "O3": {"estimatedTestTime": {"K1": {"distribution": "normal", "mean": 20.676548683330708, "std": 3.1411259029910163}, "K4": {"distribution": "normal", "mean": 35.67655549048197, "std": 2.7262172565546874}, "K2": {"distribution": "normal", "mean": 23.962082205984323, "std": 2.910866492954855}, "K3": {"distribution": "normal", "mean": 42.171821549506255, "std": 2.786445191640574}}, "compatibleConfigurations": ["K1", "K4", "K2", "K3"]}, "O4": {"estimatedTestTime": {"K3": {"distribution": "normal", "mean": 49.04360221387237, "std": 3.0977165481343265}, "K4": {"distribution": "normal", "mean": 10.427596087651317, "std": 4.743310181584997}}, "compatibleConfigurations": ["K3", "K4"]}, "O5": {"estimatedTestTime": {"K1": {"distribution": "normal", "mean": 48.334934104306384, "std": 2.3774818572241094}, "K3": {"distribution": "normal", "mean": 3.213652717123301, "std": 3.6146138239926415}}, "compatibleConfigurations": ["K1", "K3"]}, "O6": {"estimatedTestTime": {"K1": {"distribution": "normal", "mean": 31.91054829978291, "std": 3.1407192652602016}, "K3": {"distribution": "normal", "mean": 38.932961876623764, "std": 3.897080616010846}}, "compatibleConfigurations": ["K1", "K3"]}, "O7": {"estimatedTestTime": {"K3": {"distribution": "normal", "mean": 11.142551090958902, "std": 2.0046146871107173}, "K1": {"distribution": "normal", "mean": 43.66925496525976, "std": 4.822870581918195}, "K2": {"distribution": "normal", "mean": 16.804714204228283, "std": 2.2508544509297357}, "K4": {"distribution": "normal", "mean": 27.661722765729024, "std": 2.4417723357425993}}, "compatibleConfigurations": ["K3", "K1", "K2", "K4"]}, "O8": {"estimatedTestTime": {"K1": {"distribution": "normal", "mean": 14.46599462347074, "std": 3.8089166577166793}, "K3": {"distribution": "normal", "mean": 16.561204907939754, "std": 2.5649678992791993}}, "compatibleConfigurations": ["K1", "K3"]}, "O9": {"estimatedTestTime": {"K1": {"distribution": "normal", "mean": 18.320656120875306, "std": 3.01019664791137}, "K3": {"distribution": "normal", "mean": 17.332844211599667, "std": 3.9371655906362912}}, "compatibleConfigurations": ["K1", "K3"]}, "O10": {"estimatedTestTime": {"K4": {"distribution": "normal", "mean": 13.754463344268018, "std": 3.800660893182103}, "K1": {"distribution": "normal", "mean": 47.45665897512472, "std": 3.5959501274699734}, "K3": {"distribution": "normal", "mean": 12.380076230835588, "std": 3.7259910016277757}}, "compatibleConfigurations": ["K4", "K1", "K3"]}, "O11": {"estimatedTestTime": {"K1": {"distribution": "normal", "mean": 20.844658089999836, "std": 2.639140080102117}, "K3": {"distribution": "normal", "mean": 46.193412585412446, "std": 2.6109866024102852}}, "compatibleConfigurations": ["K1", "K3"]}, "O12": {"estimatedTestTime": {"K4": {"distribution": "normal", "mean": 27.78754759380095, "std": 2.066312468152261}, "K2": {"distribution": "normal", "mean": 7.946989738796107, "std": 2.2867695857405237}, "K1": {"distribution": "normal", "mean": 10.672287177174509, "std": 4.163482394948255}}, "compatibleConfigurations": ["K4", "K2", "K1"]}}}, "products": {"count": 3, "items": {"P1": {"index": 0, "arrival": 0, "quantity": 4, "duedate": 108.96514796911401, "operations": ["O8", "O2", "O4", "O5"], "dependencies": [[3, 2], [3, 1], [3, 0]]}, "P2": {"index": 1, "arrival": 41.19401777885246, "quantity": 3, "duedate": 174.89746096038274, "operations": ["O10", "O1", "O6"], "dependencies": [[1, 0], [2, 1]]}, "P3": {"index": 2, "arrival": 63.41817887789564, "quantity": 3, "duedate": 175.92543313461198, "operations": ["O1", "O9", "O3", "O2", "O12"], "dependencies": [[3, 0], [3, 1], [3, 2], [4, 3]]}}}}