{"configurations": {"count": 4, "items": {"K1": {"index": 0, "setupTimes": [0, 2, 10, 10]}, "K2": {"index": 1, "setupTimes": [4, 0, 4, 1]}, "K3": {"index": 2, "setupTimes": [3, 5, 0, 10]}, "K4": {"index": 3, "setupTimes": [1, 0, 6, 0]}}}, "testers": {"count": 4, "items": {"T1": {"supportedConfigurations": ["K1", "K2", "K4", "K3"]}, "T2": {"supportedConfigurations": ["K2", "K1"]}, "T3": {"supportedConfigurations": ["K1", "K4", "K2", "K3"]}, "T4": {"supportedConfigurations": ["K2", "K1", "K3"]}}}, "operations": {"count": 16, "items": {"O1": {"estimatedTestTime": {"K4": {"distribution": "normal", "mean": 29.09368726851894, "std": 2.549914069803788}, "K1": {"distribution": "normal", "mean": 43.42413355316548, "std": 4.801223017002764}, "K2": {"distribution": "normal", "mean": 6.534607352496987, "std": 2.405449187537371}, "K3": {"distribution": "normal", "mean": 47.26348793639441, "std": 2.90184733355796}}, "compatibleConfigurations": ["K4", "K1", "K2", "K3"]}, "O2": {"estimatedTestTime": {"K3": {"distribution": "normal", "mean": 27.26505185475345, "std": 2.751071482929655}, "K1": {"distribution": "normal", "mean": 43.884892340907044, "std": 2.1356455678605117}, "K4": {"distribution": "normal", "mean": 14.542910704599793, "std": 4.624813414565898}}, "compatibleConfigurations": ["K3", "K1", "K4"]}, "O3": {"estimatedTestTime": {"K3": {"distribution": "normal", "mean": 3.30188152889723, "std": 2.8448562060773033}, "K4": {"distribution": "normal", "mean": 8.168189940182119, "std": 2.3175584601597334}}, "compatibleConfigurations": ["K3", "K4"]}, "O4": {"estimatedTestTime": {"K4": {"distribution": "normal", "mean": 42.30678202522961, "std": 4.287423260894693}, "K1": {"distribution": "normal", "mean": 11.412732959253416, "std": 2.07243055550501}, "K2": {"distribution": "normal", "mean": 21.574667883101228, "std": 4.649643315912645}}, "compatibleConfigurations": ["K4", "K1", "K2"]}, "O5": {"estimatedTestTime": {"K3": {"distribution": "normal", "mean": 9.383356538273855, "std": 3.8988342875940734}, "K2": {"distribution": "normal", "mean": 4.162322034249399, "std": 2.2288142884151}}, "compatibleConfigurations": ["K3", "K2"]}, "O6": {"estimatedTestTime": {"K2": {"distribution": "normal", "mean": 24.60968749417674, "std": 3.3230342946018543}, "K1": {"distribution": "normal", "mean": 4.946719717057261, "std": 3.275560936154732}}, "compatibleConfigurations": ["K2", "K1"]}, "O7": {"estimatedTestTime": {"K3": {"distribution": "normal", "mean": 13.815873372062967, "std": 3.742848622051069}, "K1": {"distribution": "normal", "mean": 28.371552288477915, "std": 2.0607646760823557}, "K2": {"distribution": "normal", "mean": 6.6953877702012115, "std": 2.219732866284459}}, "compatibleConfigurations": ["K3", "K1", "K2"]}, "O8": {"estimatedTestTime": {"K3": {"distribution": "normal", "mean": 24.49745821879794, "std": 3.48175154832238}, "K4": {"distribution": "normal", "mean": 34.06063791235107, "std": 4.9138972454532555}, "K1": {"distribution": "normal", "mean": 13.307044383399287, "std": 3.6275105806497394}}, "compatibleConfigurations": ["K3", "K4", "K1"]}, "O9": {"estimatedTestTime": {"K2": {"distribution": "normal", "mean": 43.9873605638596, "std": 3.4942051742491227}, "K1": {"distribution": "normal", "mean": 14.928878326879056, "std": 4.173452803610685}, "K4": {"distribution": "normal", "mean": 8.861305401661957, "std": 4.140377275641212}, "K3": {"distribution": "normal", "mean": 45.20299617045602, "std": 4.803462626056752}}, "compatibleConfigurations": ["K2", "K1", "K4", "K3"]}, "O10": {"estimatedTestTime": {"K3": {"distribution": "normal", "mean": 43.18487170496961, "std": 2.860004642102085}, "K4": {"distribution": "normal", "mean": 36.06038665962228, "std": 2.787469705316954}, "K2": {"distribution": "normal", "mean": 34.89112915151804, "std": 4.462163816203109}, "K1": {"distribution": "normal", "mean": 41.03733212207514, "std": 2.6640810720000125}}, "compatibleConfigurations": ["K3", "K4", "K2", "K1"]}, "O11": {"estimatedTestTime": {"K3": {"distribution": "normal", "mean": 24.285752423312886, "std": 2.1134893950670985}, "K2": {"distribution": "normal", "mean": 43.116953287156605, "std": 3.628975592328919}, "K4": {"distribution": "normal", "mean": 18.663627950103034, "std": 2.514504961476978}}, "compatibleConfigurations": ["K3", "K2", "K4"]}, "O12": {"estimatedTestTime": {"K4": {"distribution": "normal", "mean": 30.726589458172512, "std": 2.449322030332564}, "K2": {"distribution": "normal", "mean": 49.06878246130879, "std": 3.950264470460527}, "K3": {"distribution": "normal", "mean": 24.79649003079871, "std": 3.181270309787405}}, "compatibleConfigurations": ["K4", "K2", "K3"]}, "O13": {"estimatedTestTime": {"K2": {"distribution": "normal", "mean": 49.38736029375118, "std": 3.9700693408709973}, "K3": {"distribution": "normal", "mean": 33.2994745529001, "std": 4.335498405651041}, "K1": {"distribution": "normal", "mean": 40.3963906722565, "std": 3.805116238149163}, "K4": {"distribution": "normal", "mean": 30.659399921999004, "std": 4.143687393738856}}, "compatibleConfigurations": ["K2", "K3", "K1", "K4"]}, "O14": {"estimatedTestTime": {"K1": {"distribution": "normal", "mean": 18.000930620321903, "std": 4.842734876070395}, "K4": {"distribution": "normal", "mean": 39.55385946524632, "std": 2.6163613692902494}, "K2": {"distribution": "normal", "mean": 38.60121345478056, "std": 4.224561531891557}, "K3": {"distribution": "normal", "mean": 7.0293883296847355, "std": 3.8092688280239027}}, "compatibleConfigurations": ["K1", "K4", "K2", "K3"]}, "O15": {"estimatedTestTime": {"K3": {"distribution": "normal", "mean": 43.04011119942203, "std": 2.326561636412486}, "K4": {"distribution": "normal", "mean": 11.58329069867076, "std": 4.563610619736928}, "K1": {"distribution": "normal", "mean": 8.0400394688588, "std": 4.667940870835197}, "K2": {"distribution": "normal", "mean": 39.79665551297397, "std": 3.2413443336550323}}, "compatibleConfigurations": ["K3", "K4", "K1", "K2"]}, "O16": {"estimatedTestTime": {"K1": {"distribution": "normal", "mean": 35.54409914755779, "std": 2.2456646359740855}, "K3": {"distribution": "normal", "mean": 24.188542277039733, "std": 4.009273367179096}, "K4": {"distribution": "normal", "mean": 22.600396478519635, "std": 4.077109835874711}}, "compatibleConfigurations": ["K1", "K3", "K4"]}}}, "products": {"count": 2, "items": {"P1": {"index": 0, "arrival": 0, "quantity": 5, "duedate": 110.87712748401252, "operations": ["O15", "O12", "O4", "O2", "O9"], "dependencies": [[1, 0], [2, 1], [3, 0], [4, 1]]}, "P2": {"index": 1, "arrival": 7.510984069304794, "quantity": 3, "duedate": 73.73483285665644, "operations": ["O14", "O2", "O13"], "dependencies": [[2, 1], [2, 0]]}}}}