{"configurations": {"count": 4, "items": {"K1": {"index": 0, "setupTimes": [0, 57, 52, 25]}, "K2": {"index": 1, "setupTimes": [21, 0, 5, 4]}, "K3": {"index": 2, "setupTimes": [11, 45, 0, 12]}, "K4": {"index": 3, "setupTimes": [58, 48, 55, 0]}}}, "testers": {"count": 2, "items": {"T1": {"supportedConfigurations": ["K1", "K2"]}, "T2": {"supportedConfigurations": ["K1", "K4", "K3", "K2"]}}}, "operations": {"count": 18, "items": {"O1": {"estimatedTestTime": {"K2": {"distribution": "normal", "mean": 398.67845563208346, "std": 3.4554112032373663}, "K4": {"distribution": "normal", "mean": 469.583204644602, "std": 2.969271575164821}, "K3": {"distribution": "normal", "mean": 185.9463986784604, "std": 4.025442013285442}}, "compatibleConfigurations": ["K2", "K4", "K3"]}, "O2": {"estimatedTestTime": {"K1": {"distribution": "normal", "mean": 394.3257187729282, "std": 2.8533312652101976}, "K3": {"distribution": "normal", "mean": 138.85321279676543, "std": 3.3503817957903386}, "K2": {"distribution": "normal", "mean": 251.87435254475, "std": 4.35885525356172}, "K4": {"distribution": "normal", "mean": 162.9135165700158, "std": 2.014263185165664}}, "compatibleConfigurations": ["K1", "K3", "K2", "K4"]}, "O3": {"estimatedTestTime": {"K1": {"distribution": "normal", "mean": 50.49442462686846, "std": 3.1818709041810695}, "K2": {"distribution": "normal", "mean": 454.65039402172175, "std": 3.1685256243831486}}, "compatibleConfigurations": ["K1", "K2"]}, "O4": {"estimatedTestTime": {"K2": {"distribution": "normal", "mean": 469.6566637520997, "std": 2.70813562576269}, "K4": {"distribution": "normal", "mean": 474.49216473751835, "std": 3.942266773874874}}, "compatibleConfigurations": ["K2", "K4"]}, "O5": {"estimatedTestTime": {"K2": {"distribution": "normal", "mean": 107.81192897345055, "std": 2.1582324427686452}, "K4": {"distribution": "normal", "mean": 30.67189770090404, "std": 4.657112536818417}, "K1": {"distribution": "normal", "mean": 93.46704163417127, "std": 3.9313854043961207}}, "compatibleConfigurations": ["K2", "K4", "K1"]}, "O6": {"estimatedTestTime": {"K2": {"distribution": "normal", "mean": 155.7097882325674, "std": 3.7739336042608462}, "K4": {"distribution": "normal", "mean": 450.0351252431313, "std": 3.5226865684327686}, "K1": {"distribution": "normal", "mean": 145.04786787458443, "std": 2.5459301230102005}}, "compatibleConfigurations": ["K2", "K4", "K1"]}, "O7": {"estimatedTestTime": {"K2": {"distribution": "normal", "mean": 296.54142074253986, "std": 2.5972754118795827}, "K4": {"distribution": "normal", "mean": 298.29090124934055, "std": 3.085156825838736}, "K1": {"distribution": "normal", "mean": 384.85209929787766, "std": 2.82250824098523}}, "compatibleConfigurations": ["K2", "K4", "K1"]}, "O8": {"estimatedTestTime": {"K2": {"distribution": "normal", "mean": 279.5128971961408, "std": 3.1506803256697866}, "K3": {"distribution": "normal", "mean": 141.40346498927104, "std": 3.7380881079174912}, "K4": {"distribution": "normal", "mean": 157.51890196322321, "std": 3.774944140337501}}, "compatibleConfigurations": ["K2", "K3", "K4"]}, "O9": {"estimatedTestTime": {"K2": {"distribution": "normal", "mean": 317.0624572643095, "std": 3.817046668660792}, "K1": {"distribution": "normal", "mean": 137.7051671829651, "std": 3.8485815819928404}, "K4": {"distribution": "normal", "mean": 230.1482418622354, "std": 3.981891098036056}}, "compatibleConfigurations": ["K2", "K1", "K4"]}, "O10": {"estimatedTestTime": {"K3": {"distribution": "normal", "mean": 12.147560545761436, "std": 2.4845521723388835}, "K1": {"distribution": "normal", "mean": 365.28919552892006, "std": 3.1113445817447687}, "K2": {"distribution": "normal", "mean": 258.8953046494637, "std": 2.013385121651782}}, "compatibleConfigurations": ["K3", "K1", "K2"]}, "O11": {"estimatedTestTime": {"K2": {"distribution": "normal", "mean": 146.47316732423587, "std": 2.8660146801225044}, "K1": {"distribution": "normal", "mean": 324.71662092093663, "std": 3.8999519551133073}, "K3": {"distribution": "normal", "mean": 475.1423213614061, "std": 4.684318311790522}, "K4": {"distribution": "normal", "mean": 39.105112882155126, "std": 4.367355262419034}}, "compatibleConfigurations": ["K2", "K1", "K3", "K4"]}, "O12": {"estimatedTestTime": {"K2": {"distribution": "normal", "mean": 398.8467485858771, "std": 2.4448806301331483}, "K4": {"distribution": "normal", "mean": 260.80758343406984, "std": 2.896052966375066}}, "compatibleConfigurations": ["K2", "K4"]}, "O13": {"estimatedTestTime": {"K2": {"distribution": "normal", "mean": 242.78207917238763, "std": 3.7716438927874187}, "K1": {"distribution": "normal", "mean": 45.433748852692716, "std": 3.2479574427122224}, "K3": {"distribution": "normal", "mean": 71.5846024201725, "std": 4.946221480201847}}, "compatibleConfigurations": ["K2", "K1", "K3"]}, "O14": {"estimatedTestTime": {"K2": {"distribution": "normal", "mean": 479.92063561597803, "std": 2.6513645001713013}, "K1": {"distribution": "normal", "mean": 160.26576879583928, "std": 2.9055656814035045}, "K4": {"distribution": "normal", "mean": 406.3791278155371, "std": 4.8161759404734745}, "K3": {"distribution": "normal", "mean": 238.8426567396508, "std": 4.747652201418786}}, "compatibleConfigurations": ["K2", "K1", "K4", "K3"]}, "O15": {"estimatedTestTime": {"K1": {"distribution": "normal", "mean": 92.39606079897052, "std": 3.933637545165149}, "K3": {"distribution": "normal", "mean": 230.8253489047168, "std": 2.3936549133004585}, "K4": {"distribution": "normal", "mean": 336.7998140709749, "std": 3.938246380929445}}, "compatibleConfigurations": ["K1", "K3", "K4"]}, "O16": {"estimatedTestTime": {"K2": {"distribution": "normal", "mean": 249.72184963073136, "std": 3.230252987319479}, "K1": {"distribution": "normal", "mean": 146.4103489906258, "std": 2.0416787731979364}, "K3": {"distribution": "normal", "mean": 149.8958356736544, "std": 4.014658258376988}}, "compatibleConfigurations": ["K2", "K1", "K3"]}, "O17": {"estimatedTestTime": {"K2": {"distribution": "normal", "mean": 235.93247417168163, "std": 3.301899230513288}, "K3": {"distribution": "normal", "mean": 75.3607242115817, "std": 4.407334608254934}, "K4": {"distribution": "normal", "mean": 383.44270459883376, "std": 2.987058579740765}, "K1": {"distribution": "normal", "mean": 13.440871224581553, "std": 2.224598864527865}}, "compatibleConfigurations": ["K2", "K3", "K4", "K1"]}, "O18": {"estimatedTestTime": {"K4": {"distribution": "normal", "mean": 367.9097190367332, "std": 3.4975167549052046}, "K3": {"distribution": "normal", "mean": 384.5330961851855, "std": 3.9828477811049665}, "K1": {"distribution": "normal", "mean": 176.56425627002452, "std": 4.603884222577535}, "K2": {"distribution": "normal", "mean": 188.5064611002313, "std": 3.3741036606252157}}, "compatibleConfigurations": ["K4", "K3", "K1", "K2"]}}}, "products": {"count": 4, "items": {"P1": {"index": 0, "arrival": 0, "quantity": 4, "duedate": 3114.822965844583, "operations": ["O2", "O15", "O14", "O11", "O3", "O10", "O8", "O18", "O13"], "dependencies": [[1, 0], [3, 0], [3, 1], [4, 2], [4, 3], [5, 0], [5, 1], [5, 4], [6, 0], [6, 1], [7, 4], [7, 5], [8, 1], [8, 5], [8, 7]]}, "P2": {"index": 1, "arrival": 79.705011194551, "quantity": 5, "duedate": 1797.194754775829, "operations": ["O11", "O12", "O2", "O8", "O4", "O17"], "dependencies": [[3, 0], [4, 0], [5, 1], [5, 2], [5, 3]]}, "P3": {"index": 2, "arrival": 153.27735315994553, "quantity": 4, "duedate": 3946.124423011778, "operations": ["O3", "O12", "O16", "O1", "O11", "O5", "O13", "O14", "O9", "O7", "O10", "O8"], "dependencies": [[1, 0], [2, 1], [3, 0], [3, 1], [4, 0], [4, 2], [4, 3], [5, 0], [5, 2], [5, 4], [6, 3], [6, 5], [7, 1], [7, 6], [8, 1], [8, 4], [8, 5], [8, 7], [9, 2], [9, 3], [9, 6], [10, 3], [10, 9], [11, 0], [11, 1], [11, 2], [11, 6], [11, 9]]}, "P4": {"index": 3, "arrival": 232.73837155614032, "quantity": 5, "duedate": 3086.500147317265, "operations": ["O4", "O9", "O2", "O11", "O18", "O7", "O5", "O15", "O8", "O14", "O6", "O17"],