{"configurations": {"count": 4, "items": {"K1": {"index": 0, "setupTimes": [0, 8, 10, 0]}, "K2": {"index": 1, "setupTimes": [9, 0, 4, 3]}, "K3": {"index": 2, "setupTimes": [3, 1, 0, 3]}, "K4": {"index": 3, "setupTimes": [2, 1, 8, 0]}}}, "testers": {"count": 2, "items": {"T1": {"supportedConfigurations": ["K1", "K4", "K2", "K3"]}, "T2": {"supportedConfigurations": ["K1", "K4", "K2", "K3"]}}}, "operations": {"count": 13, "items": {"O1": {"estimatedTestTime": {"K4": {"distribution": "normal", "mean": 35.857530887206885, "std": 3.1410229522811033}, "K3": {"distribution": "normal", "mean": 49.904630392058316, "std": 3.3564255640907126}, "K2": {"distribution": "normal", "mean": 34.88969965415411, "std": 3.0067631705181186}}, "compatibleConfigurations": ["K4", "K3", "K2"]}, "O2": {"estimatedTestTime": {"K4": {"distribution": "normal", "mean": 9.191532083177215, "std": 2.2270888075876845}, "K3": {"distribution": "normal", "mean": 33.585649734034796, "std": 3.9395696525476063}, "K2": {"distribution": "normal", "mean": 49.879318414938915, "std": 2.977159873463838}}, "compatibleConfigurations": ["K4", "K3", "K2"]}, "O3": {"estimatedTestTime": {"K3": {"distribution": "normal", "mean": 26.189574021091744, "std": 3.805761545311515}, "K4": {"distribution": "normal", "mean": 35.311576525366135, "std": 2.6797655058199474}, "K1": {"distribution": "normal", "mean": 46.97800904635286, "std": 2.3250668407069384}}, "compatibleConfigurations": ["K3", "K4", "K1"]}, "O4": {"estimatedTestTime": {"K2": {"distribution": "normal", "mean": 42.456933314096126, "std": 3.0366584387188835}, "K3": {"distribution": "normal", "mean": 29.784805541323085, "std": 3.248359110723845}, "K1": {"distribution": "normal", "mean": 30.62332604266281, "std": 2.5037805290931736}, "K4": {"distribution": "normal", "mean": 37.467508780424126, "std": 4.345668031404559}}, "compatibleConfigurations": ["K2", "K3", "K1", "K4"]}, "O5": {"estimatedTestTime": {"K4": {"distribution": "normal", "mean": 11.711077146666373, "std": 4.318140879979887}, "K3": {"distribution": "normal", "mean": 47.827273222061955, "std": 4.369537852313131}, "K1": {"distribution": "normal", "mean": 6.319750890553248, "std": 4.775927822123912}}, "compatibleConfigurations": ["K4", "K3", "K1"]}, "O6": {"estimatedTestTime": {"K2": {"distribution": "normal", "mean": 15.44776186041331, "std": 3.8740390814382373}, "K4": {"distribution": "normal", "mean": 49.291822357576194, "std": 3.490236109755168}}, "compatibleConfigurations": ["K2", "K4"]}, "O7": {"estimatedTestTime": {"K1": {"distribution": "normal", "mean": 24.333318727442123, "std": 3.87112666527831}, "K2": {"distribution": "normal", "mean": 2.68912109368112, "std": 3.7882064058774696}}, "compatibleConfigurations": ["K1", "K2"]}, "O8": {"estimatedTestTime": {"K2": {"distribution": "normal", "mean": 22.48223221643483, "std": 4.858932663785664}, "K1": {"distribution": "normal", "mean": 19.532725607484416, "std": 3.4321591407336243}, "K4": {"distribution": "normal", "mean": 26.36910033692869, "std": 2.0211556920828686}, "K3": {"distribution": "normal", "mean": 35.215895837144636, "std": 3.5923156944060834}}, "compatibleConfigurations": ["K2", "K1", "K4", "K3"]}, "O9": {"estimatedTestTime": {"K1": {"distribution": "normal", "mean": 2.9643576339772117, "std": 2.433689245040922}, "K4": {"distribution": "normal", "mean": 49.468000820393044, "std": 4.294911744843868}, "K2": {"distribution": "normal", "mean": 27.220108886761633, "std": 3.668400841996475}, "K3": {"distribution": "normal", "mean": 35.90857565412492, "std": 4.96882979258697}}, "compatibleConfigurations": ["K1", "K4", "K2", "K3"]}, "O10": {"estimatedTestTime": {"K4": {"distribution": "normal", "mean": 23.147926989101165, "std": 2.7837595493851808}, "K1": {"distribution": "normal", "mean": 25.65525744930335, "std": 4.591925142884861}}, "compatibleConfigurations": ["K4", "K1"]}, "O11": {"estimatedTestTime": {"K2": {"distribution": "normal", "mean": 11.107766385077483, "std": 4.215038166162819}, "K3": {"distribution": "normal", "mean": 34.379003975891486, "std": 4.38534351582914}, "K4": {"distribution": "normal", "mean": 28.0898092038073, "std": 3.6402320064367104}, "K1": {"distribution": "normal", "mean": 35.786061638566565, "std": 3.2505846597636725}}, "compatibleConfigurations": ["K2", "K3", "K4", "K1"]}, "O12": {"estimatedTestTime": {"K2": {"distribution": "normal", "mean": 7.610187119997201, "std": 4.863484070327453}, "K3": {"distribution": "normal", "mean": 33.780777364768845, "std": 3.7089660877010076}, "K1": {"distribution": "normal", "mean": 45.885013213734155, "std": 3.2840564704760626}, "K4": {"distribution": "normal", "mean": 2.8977985650056457, "std": 2.5420038489909578}}, "compatibleConfigurations": ["K2", "K3", "K1", "K4"]}, "O13": {"estimatedTestTime": {"K2": {"distribution": "normal", "mean": 43.04941699943595, "std": 2.0806312281773045}, "K1": {"distribution": "normal", "mean": 37.42144755385969, "std": 2.8495516468690543}}, "compatibleConfigurations": ["K2", "K1"]}}}, "products": {"count": 5, "items": {"P1": {"index": 0, "arrival": 0, "quantity": 3, "duedate": 139.3435889268609, "operations": ["O1", "O11", "O10", "O9"], "dependencies": [[2, 0], [3, 1], [3, 2]]}, "P2": {"index": 1, "arrival": 48.57114417240312, "quantity": 3, "duedate": 124.05560434856393, "operations": ["O2", "O5", "O12"], "dependencies": [[2, 0], [2, 1]]}, "P3": {"index": 2, "arrival": 54.61553302175531, "quantity": 2, "duedate": 102.92056363988024, "operations": ["O8", "O12", "O7", "O10", "O11"], "dependencies": [[1, 0], [3, 0], [4, 0], [4, 2]]}, "P4": {"index": 3, "arrival": 69.8134394749777, "quantity": 2, "duedate": 116.5986794477804, "operations": ["O8", "O5", "O11", "O12"], "dependencies": [[1, 0], [2, 0], [3, 0]]}, "P5": {"index": 4, "arrival": 76.97511531584341, "quantity": 5, "duedate": 298.15245060289794, "operations": ["O10", "O2", "O5", "O1", "O4"], "dependencies": [[2, 0], [2, 1], [3, 2], [4, 0]]}}}}