{"configurations": {"count": 5, "items": {"K1": {"index": 0, "setupTimes": [0, 5, 3, 2, 0]}, "K2": {"index": 1, "setupTimes": [1, 0, 9, 6, 6]}, "K3": {"index": 2, "setupTimes": [4, 4, 0, 0, 7]}, "K4": {"index": 3, "setupTimes": [7, 8, 1, 0, 2]}, "K5": {"index": 4, "setupTimes": [7, 7, 8, 5, 0]}}}, "testers": {"count": 5, "items": {"T1": {"supportedConfigurations": ["K1", "K2"]}, "T2": {"supportedConfigurations": ["K5", "K3"]}, "T3": {"supportedConfigurations": ["K5", "K1"]}, "T4": {"supportedConfigurations": ["K4", "K1"]}, "T5": {"supportedConfigurations": ["K1", "K2"]}}}, "operations": {"count": 20, "items": {"O1": {"estimatedTestTime": {"K1": {"distribution": "normal", "mean": 35.3332867991383, "std": 4.102347255817531}, "K3": {"distribution": "normal", "mean": 12.883585204035597, "std": 4.936566103807799}, "K2": {"distribution": "normal", "mean": 6.155033955235316, "std": 3.5149004410661306}, "K4": {"distribution": "normal", "mean": 3.701358980372591, "std": 2.7251250495895176}, "K5": {"distribution": "normal", "mean": 32.302139578612646, "std": 3.637998196025616}}, "compatibleConfigurations": ["K1", "K3", "K2", "K4", "K5"]}, "O2": {"estimatedTestTime": {"K2": {"distribution": "normal", "mean": 45.03244764055128, "std": 4.69751411356016}, "K4": {"distribution": "normal", "mean": 5.821216787545255, "std": 2.9543711315394425}, "K1": {"distribution": "normal", "mean": 45.86828072616568, "std": 3.1050558093132046}, "K3": {"distribution": "normal", "mean": 36.88030618598038, "std": 2.112014861237003}, "K5": {"distribution": "normal", "mean": 16.07837977200524, "std": 3.9048164822068827}}, "compatibleConfigurations": ["K2", "K4", "K1", "K3", "K5"]}, "O3": {"estimatedTestTime": {"K1": {"distribution": "normal", "mean": 20.364914531389484, "std": 2.57282602309174}, "K4": {"distribution": "normal", "mean": 24.11471352856983, "std": 3.6473350327537246}, "K2": {"distribution": "normal", "mean": 24.936415833836158, "std": 2.208477779605655}, "K5": {"distribution": "normal", "mean": 30.01421012274, "std": 4.068169747604571}, "K3": {"distribution": "normal", "mean": 44.025242377468224, "std": 3.6126183931308455}}, "compatibleConfigurations": ["K1", "K4", "K2", "K5", "K3"]}, "O4": {"estimatedTestTime": {"K1": {"distribution": "normal", "mean": 31.802179531814613, "std": 2.131923276479239}, "K5": {"distribution": "normal", "mean": 12.124964217882875, "std": 3.0243355137268306}, "K4": {"distribution": "normal", "mean": 41.05287777518963, "std": 3.130381236003283}, "K2": {"distribution": "normal", "mean": 17.320212782328298, "std": 4.362915159865617}, "K3": {"distribution": "normal", "mean": 42.247750705326276, "std": 4.740645213225014}}, "compatibleConfigurations": ["K1", "K5", "K4", "K2", "K3"]}, "O5": {"estimatedTestTime": {"K4": {"distribution": "normal", "mean": 11.498623380121556, "std": 2.1744297647303363}, "K3": {"distribution": "normal", "mean": 19.64500513144825, "std": 3.8521640162764594}, "K1": {"distribution": "normal", "mean": 8.541407751719259, "std": 4.118731514409978}, "K5": {"distribution": "normal", "mean": 29.753665238795925, "std": 4.319439967997445}, "K2": {"distribution": "normal", "mean": 46.36696813024269, "std": 4.1021844447322655}}, "compatibleConfigurations": ["K4", "K3", "K1", "K5", "K2"]}, "O6": {"estimatedTestTime": {"K4": {"distribution": "normal", "mean": 4.15796811303329, "std": 4.4906090220886385}, "K2": {"distribution": "normal", "mean": 25.155617145584024, "std": 3.322296889441562}, "K5": {"distribution": "normal", "mean": 10.674862328551894, "std": 4.85111880193573}, "K1": {"distribution": "normal", "mean": 9.858683273454611, "std": 3.2754618005602287}, "K3": {"distribution": "normal", "mean": 42.16154122014285, "std": 4.333726768829843}}, "compatibleConfigurations": ["K4", "K2", "K5", "K1", "K3"]}, "O7": {"estimatedTestTime": {"K4": {"distribution": "normal", "mean": 34.160121619255314, "std": 4.3706769468341555}, "K3": {"distribution": "normal", "mean": 34.47080931034953, "std": 4.925886127389512}, "K1": {"distribution": "normal", "mean": 10.140893493201089, "std": 2.84860420360134}, "K5": {"distribution": "normal", "mean": 22.089538327455337, "std": 2.139449851274834}, "K2": {"distribution": "normal", "mean": 19.099965945866586, "std": 4.293213220713646}}, "compatibleConfigurations": ["K4", "K3", "K1", "K5", "K2"]}, "O8": {"estimatedTestTime": {"K5": {"distribution": "normal", "mean": 32.71926668390189, "std": 3.494071638307132}, "K4": {"distribution": "normal", "mean": 14.857119497871649, "std": 4.557911716328302}, "K2": {"distribution": "normal", "mean": 17.096688328564035, "std": 2.0768569996888475}, "K1": {"distribution": "normal", "mean": 11.220811960726657, "std": 2.748291808446147}, "K3": {"distribution": "normal", "mean": 17.617149594921482, "std": 2.3214394635417333}}, "compatibleConfigurations": ["K5", "K4", "K2", "K1", "K3"]}, "O9": {"estimatedTestTime": {"K2": {"distribution": "normal", "mean": 15.022712625339242, "std": 2.3115430571077282}, "K3": {"distribution": "normal", "mean": 12.37328980602668, "std": 3.059691046769391}, "K4": {"distribution": "normal", "mean": 9.193320693219189, "std": 3.4981371108241333}, "K1": {"distribution": "normal", "mean": 40.22616462004025, "std": 2.044662142686764}, "K5": {"distribution": "normal", "mean": 46.128995734429836, "std": 4.137506824875405}}, "compatibleConfigurations": ["K2", "K3", "K4", "K1", "K5"]}, "O10": {"estimatedTestTime": {"K5": {"distribution": "normal", "mean": 20.692133321237158, "std": 3.293077857949895}, "K3": {"distribution": "normal", "mean": 45.79867588072936, "std": 2.418336863746213}, "K2": {"distribution": "normal", "mean": 14.952815079891668, "std": 4.6137722924005224}, "K4": {"distribution": "normal", "mean": 17.381419825842784, "std": 2.0156797218069404}, "K1": {"distribution": "normal", "mean": 21.9877714365039, "std": 2.420172842015575}}, "compatibleConfigurations": ["K5", "K3", "K2", "K4", "K1"]}, "O11": {"estimatedTestTime": {"K1": {"distribution": "normal", "mean": 46.18042449367208, "std": 3.7987969690848367}, "K5": {"distribution": "normal", "mean": 32.52942911861797, "std": 4.509582903609013}, "K2": {"distribution": "normal", "mean": 40.280660289612364, "std": 2.696566470998116}, "K4": {"distribution": "normal", "mean": 27.3187810360428, "std": 3.678389146013794}, "K3": {"distribution": "normal", "mean": 40.21568782209522, "std": 4.152766306773294}}, "compatibleConfigurations": ["K1", "K5", "K2", "K4", "K3"]}, "O12": {"estimatedTestTime": {"K1": {"distribution": "normal", "mean": 2.236983577491385, "std": 2.4957508636690853}, "K3": {"distribution": "normal", "mean": 13.648433051785052, "std": 4.616588647850985}, "K5": {"distribution": "normal", "mean": 16.636203212226306, "std": 3.4969729223849337}, "K2": {"distribution": "normal", "mean": 9.325202932902082, "std": 4.1999044468505256}, "K4": {"distribution": "normal", "mean": 46.30021444202867, "std": 3.6998744364941967}}, "compatibleConfigurations": ["K1", "K3", "K5", "K2", "K4"]}, "O13": {"estimatedTestTime": {"K2": {"distribution": "normal", "mean": 9.788679959183934, "std": 2.4073412888717045}, "K5": {"distribution": "normal", "mean": 32.5450640833789, "std": 2.023876320824348}, "K1": {"distribution": "normal", "mean": 38.94922534067378, "std": 4.564226343407931}, "K4": {"distribution": "normal", "mean": 38.306283650738486, "std": 2.966672542497353}, "K3": {"distribution": "normal", "mean": 39.09763444626275, "std": 4.019970159901565}}, "compatibleConfigurations": ["K2", "K5", "K1", "K4", "K3"]}, "O14": {"estimatedTestTime": {"K3": {"distribution": "normal", "mean": 37.149861591814386, "std": 2.8005803916507137}, "K2": {"distribution": "normal", "mean": 7.32384888948593, "std": 4.155991373410443}, "K5": {"distribution": "normal", "mean": 28.461077875185943, "std": 3.300309356851618}, "K1": {"distribution": "normal", "mean": 6.848439230437828, "std": 4.699996676625343}, "K4": {"distribution": "normal", "mean": 29.72415194836589, "std": 4.964798362421466}},