{"configurations": {"count": 5, "items": {"K1": {"index": 0, "setupTimes": [0, 42, 45, 28, 28]}, "K2": {"index": 1, "setupTimes": [40, 0, 39, 42, 51]}, "K3": {"index": 2, "setupTimes": [4, 52, 0, 34, 3]}, "K4": {"index": 3, "setupTimes": [25, 3, 26, 0, 52]}, "K5": {"index": 4, "setupTimes": [52, 50, 58, 54, 0]}}}, "testers": {"count": 2, "items": {"T1": {"supportedConfigurations": ["K3", "K5", "K2", "K1", "K4"]}, "T2": {"supportedConfigurations": ["K5", "K2", "K3"]}}}, "operations": {"count": 14, "items": {"O1": {"estimatedTestTime": {"K1": {"distribution": "normal", "mean": 463.9910558234431, "std": 3.3925599271439655}, "K4": {"distribution": "normal", "mean": 65.39223687240127, "std": 3.0217003285011526}, "K2": {"distribution": "normal", "mean": 193.06804768910797, "std": 2.0093162743760784}, "K3": {"distribution": "normal", "mean": 228.21732980066344, "std": 3.8817503709339727}, "K5": {"distribution": "normal", "mean": 31.659666476764883, "std": 3.251301682003407}}, "compatibleConfigurations": ["K1", "K4", "K2", "K3", "K5"]}, "O2": {"estimatedTestTime": {"K3": {"distribution": "normal", "mean": 218.75273823634473, "std": 3.5455993906015975}, "K4": {"distribution": "normal", "mean": 58.21311813318716, "std": 3.3397963493728535}, "K2": {"distribution": "normal", "mean": 116.13820938269302, "std": 2.23724403168142}, "K1": {"distribution": "normal", "mean": 219.14346604372963, "std": 4.186368750609527}, "K5": {"distribution": "normal", "mean": 122.83622311308757, "std": 2.0457265673344738}}, "compatibleConfigurations": ["K3", "K4", "K2", "K1", "K5"]}, "O3": {"estimatedTestTime": {"K2": {"distribution": "normal", "mean": 361.1760758435862, "std": 4.316632526948418}, "K1": {"distribution": "normal", "mean": 321.1554349937252, "std": 2.240547367032674}, "K5": {"distribution": "normal", "mean": 293.91135962705744, "std": 4.215617219115333}, "K3": {"distribution": "normal", "mean": 385.09350228602364, "std": 3.383694038124694}}, "compatibleConfigurations": ["K2", "K1", "K5", "K3"]}, "O4": {"estimatedTestTime": {"K2": {"distribution": "normal", "mean": 192.1835168083151, "std": 3.701131906328245}, "K4": {"distribution": "normal", "mean": 439.57370567491773, "std": 4.693205504229785}, "K5": {"distribution": "normal", "mean": 480.2869198751591, "std": 2.2992738503646017}, "K1": {"distribution": "normal", "mean": 426.396393586493, "std": 3.201920243835896}}, "compatibleConfigurations": ["K2", "K4", "K5", "K1"]}, "O5": {"estimatedTestTime": {"K3": {"distribution": "normal", "mean": 398.1127662734925, "std": 2.9300384625621465}, "K5": {"distribution": "normal", "mean": 496.71478906077647, "std": 3.2760957384685283}, "K2": {"distribution": "normal", "mean": 112.26599426267842, "std": 4.245956057100772}}, "compatibleConfigurations": ["K3", "K5", "K2"]}, "O6": {"estimatedTestTime": {"K3": {"distribution": "normal", "mean": 174.9855190328155, "std": 2.9349336608385173}, "K1": {"distribution": "normal", "mean": 280.6288719074058, "std": 3.638076363559657}}, "compatibleConfigurations": ["K3", "K1"]}, "O7": {"estimatedTestTime": {"K2": {"distribution": "normal", "mean": 403.0936900477733, "std": 2.9579976613497765}, "K4": {"distribution": "normal", "mean": 152.89172969822448, "std": 4.90010414728542}}, "compatibleConfigurations": ["K2", "K4"]}, "O8": {"estimatedTestTime": {"K2": {"distribution": "normal", "mean": 67.96079102102601, "std": 4.381884246199417}, "K1": {"distribution": "normal", "mean": 229.61794742644773, "std": 4.304094592482555}, "K3": {"distribution": "normal", "mean": 426.7315426700506, "std": 4.480914656718536}, "K4": {"distribution": "normal", "mean": 123.73745372198924, "std": 2.575187847862364}}, "compatibleConfigurations": ["K2", "K1", "K3", "K4"]}, "O9": {"estimatedTestTime": {"K1": {"distribution": "normal", "mean": 359.6572874396854, "std": 4.009693324270332}, "K3": {"distribution": "normal", "mean": 28.396095242544014, "std": 2.532856392571672}, "K4": {"distribution": "normal", "mean": 30.473636646741667, "std": 2.8686818421060156}, "K2": {"distribution": "normal", "mean": 464.4088454133703, "std": 4.102462381713343}}, "compatibleConfigurations": ["K1", "K3", "K4", "K2"]}, "O10": {"estimatedTestTime": {"K1": {"distribution": "normal", "mean": 179.32387775676003, "std": 4.458388799711995}, "K3": {"distribution": "normal", "mean": 162.74306169902692, "std": 4.652605974702545}, "K2": {"distribution": "normal", "mean": 468.8360190602094, "std": 2.0121136653195744}, "K5": {"distribution": "normal", "mean": 450.3148583101598, "std": 2.7586884490174177}, "K4": {"distribution": "normal", "mean": 347.7231772174026, "std": 4.475251357473195}}, "compatibleConfigurations": ["K1", "K3", "K2", "K5", "K4"]}, "O11": {"estimatedTestTime": {"K2": {"distribution": "normal", "mean": 161.1069875026483, "std": 4.196536924311221}, "K1": {"distribution": "normal", "mean": 123.16116749728666, "std": 2.9001748909691565}, "K4": {"distribution": "normal", "mean": 337.65750553298386, "std": 4.431693619192392}, "K5": {"distribution": "normal", "mean": 179.13224097222812, "std": 2.9851681218527677}, "K3": {"distribution": "normal", "mean": 441.50223102509574, "std": 4.300240460061999}}, "compatibleConfigurations": ["K2", "K1", "K4", "K5", "K3"]}, "O12": {"estimatedTestTime": {"K4": {"distribution": "normal", "mean": 204.10117786633353, "std": 4.539978116172038}, "K2": {"distribution": "normal", "mean": 453.4987756109764, "std": 2.8364147804505055}, "K3": {"distribution": "normal", "mean": 162.16097158416946, "std": 2.4987977839074205}}, "compatibleConfigurations": ["K4", "K2", "K3"]}, "O13": {"estimatedTestTime": {"K5": {"distribution": "normal", "mean": 232.61847001987317, "std": 2.239245284665928}, "K3": {"distribution": "normal", "mean": 25.94748027679392, "std": 3.222936470889972}, "K2": {"distribution": "normal", "mean": 385.68231495691936, "std": 4.329050365206178}, "K4": {"distribution": "normal", "mean": 207.82845348713423, "std": 3.4656285627034418}, "K1": {"distribution": "normal", "mean": 305.5066081222851, "std": 3.6260630971787418}}, "compatibleConfigurations": ["K5", "K3", "K2", "K4", "K1"]}, "O14": {"estimatedTestTime": {"K3": {"distribution": "normal", "mean": 437.9258756851141, "std": 3.7286559309163074}, "K1": {"distribution": "normal", "mean": 269.90323143011733, "std": 4.743081139486209}}, "compatibleConfigurations": ["K3", "K1"]}}}, "products": {"count": 9, "items": {"P1": {"index": 0, "arrival": 0, "quantity": 4, "duedate": 2038.2985200588862, "operations": ["O6", "O8", "O1", "O5", "O10", "O2", "O9", "O11"], "dependencies": [[2, 0], [3, 1], [4, 3], [5, 4], [6, 2], [6, 3], [7, 1], [7, 3]]}, "P2": {"index": 1, "arrival": 72.98251906877404, "quantity": 2, "duedate": 1710.601605940807, "operations": ["O4", "O5", "O1", "O2", "O12", "O10", "O11", "O7", "O6"], "dependencies": [[2, 0], [4, 0], [4, 1], [4, 2], [5, 0], [5, 2], [5, 3], [6, 0], [6, 1], [6, 5], [7, 0], [7, 2], [7, 3], [7, 6], [8, 2], [8, 6], [8, 7]]}, "P3": {"index": 2, "arrival": 154.31431465191355, "quantity": 5, "duedate": 3347.2601369208037, "operations": ["O13", "O14", "O5", "O9", "O10", "O3", "O11", "O7", "O4"], "dependencies": [[1, 0], [3, 1], [4, 0], [4, 2], [5, 0], [5, 1], [6, 3], [6, 4], [6, 5], [7, 0], [7, 1], [7, 2], [7, 3], [7, 5], [8, 1], [8, 5]]}, "P4": {"index": 3, "arrival": 246.37319352449424, "quantity": 4, "duedate": 3256.2052338873236, "operations": ["O6", "O11", "O7", "O2", "O1", "O14", "O3", "O4", "O5", "O9", "O8", "O13", "O12"], "dependencies": [[2, 0], [2, 1], [3, 2], [5, 1], [6, 0], [6, 1], [6, 2], [6, 4], [7, 2], [8, 1], [8, 3], [8, 4], [8, 5], [9, 0], [9, 2], [9, 3], [9, 4], [9, 5], [9, 6], [9, 7], [10, 5], [10, 6], [10, 8], [11, 5], [11, 7], [11, 8], [12, 2], [12, 4], [12, 5], [12, 6], [12, 9], [12, 11]]}, "P5": {"index": 4, "arrival": 341.38181254962853, "quantity": 4, "duedate": 4303.186614525759, "operations": ["O10", "O11", "O1", "O3", "O7", "O14", "O12", "O9", "O2", "O4", "O8", "O6"],