{"configurations": {"count": 5, "items": {"K1": {"index": 0, "setupTimes": [0, 10, 10, 8, 4]}, "K2": {"index": 1, "setupTimes": [9, 0, 6, 5, 6]}, "K3": {"index": 2, "setupTimes": [1, 2, 0, 6, 7]}, "K4": {"index": 3, "setupTimes": [10, 6, 3, 0, 2]}, "K5": {"index": 4, "setupTimes": [8, 5, 5, 1, 0]}}}, "testers": {"count": 2, "items": {"T1": {"supportedConfigurations": ["K1", "K4", "K2"]}, "T2": {"supportedConfigurations": ["K3", "K4", "K2", "K1", "K5"]}}}, "operations": {"count": 11, "items": {"O1": {"estimatedTestTime": {"K4": {"distribution": "normal", "mean": 21.85366241435932, "std": 2.092154028604538}, "K3": {"distribution": "normal", "mean": 13.70731039800249, "std": 3.153324136715735}, "K2": {"distribution": "normal", "mean": 23.922064715245703, "std": 4.992558903654748}, "K5": {"distribution": "normal", "mean": 32.25745871301454, "std": 2.2350210028312416}}, "compatibleConfigurations": ["K4", "K3", "K2", "K5"]}, "O2": {"estimatedTestTime": {"K2": {"distribution": "normal", "mean": 15.781253974051573, "std": 2.2420289566236673}, "K1": {"distribution": "normal", "mean": 24.869786275279814, "std": 2.6036064846940903}, "K3": {"distribution": "normal", "mean": 45.322782037738776, "std": 3.750145579922493}, "K5": {"distribution": "normal", "mean": 20.403886042291337, "std": 3.2369839459082725}}, "compatibleConfigurations": ["K2", "K1", "K3", "K5"]}, "O3": {"estimatedTestTime": {"K5": {"distribution": "normal", "mean": 34.84652652239542, "std": 4.141826062336685}, "K4": {"distribution": "normal", "mean": 3.86231193855399, "std": 2.2854968836570593}, "K1": {"distribution": "normal", "mean": 24.574080650505508, "std": 4.922115373726939}, "K2": {"distribution": "normal", "mean": 43.85342963172877, "std": 4.265964180836353}}, "compatibleConfigurations": ["K5", "K4", "K1", "K2"]}, "O4": {"estimatedTestTime": {"K1": {"distribution": "normal", "mean": 39.572682367212494, "std": 4.305015730359516}, "K3": {"distribution": "normal", "mean": 19.72567264640839, "std": 2.9074666423110886}}, "compatibleConfigurations": ["K1", "K3"]}, "O5": {"estimatedTestTime": {"K5": {"distribution": "normal", "mean": 33.05799544599986, "std": 2.567708980301081}, "K4": {"distribution": "normal", "mean": 48.6359470257089, "std": 4.992371751795386}, "K2": {"distribution": "normal", "mean": 19.548784708719925, "std": 4.24025347735344}}, "compatibleConfigurations": ["K5", "K4", "K2"]}, "O6": {"estimatedTestTime": {"K1": {"distribution": "normal", "mean": 27.313798138553473, "std": 4.804403707100105}, "K3": {"distribution": "normal", "mean": 4.268978053283254, "std": 2.528376884367326}, "K5": {"distribution": "normal", "mean": 29.06691771775212, "std": 2.4205139504076074}}, "compatibleConfigurations": ["K1", "K3", "K5"]}, "O7": {"estimatedTestTime": {"K5": {"distribution": "normal", "mean": 10.038430467016083, "std": 3.0461074476554497}, "K1": {"distribution": "normal", "mean": 20.172919309349638, "std": 4.734099555584692}, "K4": {"distribution": "normal", "mean": 32.159055620793865, "std": 4.817028546287316}, "K2": {"distribution": "normal", "mean": 11.090868265022374, "std": 4.114846114878322}, "K3": {"distribution": "normal", "mean": 17.49722920180948, "std": 3.2199507349295278}}, "compatibleConfigurations": ["K5", "K1", "K4", "K2", "K3"]}, "O8": {"estimatedTestTime": {"K3": {"distribution": "normal", "mean": 29.627896778647035, "std": 3.90620397842413}, "K5": {"distribution": "normal", "mean": 28.918248635815335, "std": 2.5241893757973637}, "K1": {"distribution": "normal", "mean": 47.47837384439658, "std": 2.4684510691922337}, "K4": {"distribution": "normal", "mean": 48.81690088034242, "std": 4.120306349137653}}, "compatibleConfigurations": ["K3", "K5", "K1", "K4"]}, "O9": {"estimatedTestTime": {"K4": {"distribution": "normal", "mean": 35.93410440516698, "std": 2.4092647238931946}, "K5": {"distribution": "normal", "mean": 19.135282672059425, "std": 4.1197127161339235}}, "compatibleConfigurations": ["K4", "K5"]}, "O10": {"estimatedTestTime": {"K3": {"distribution": "normal", "mean": 25.648761142963068, "std": 2.7603243238667488}, "K1": {"distribution": "normal", "mean": 47.762323083855094, "std": 4.910354148037212}, "K4": {"distribution": "normal", "mean": 17.90618921341253, "std": 4.720222935390634}, "K2": {"distribution": "normal", "mean": 14.02269957784989, "std": 4.326644487398315}, "K5": {"distribution": "normal", "mean": 2.601377627573882, "std": 2.4112610150161955}}, "compatibleConfigurations": ["K3", "K1", "K4", "K2", "K5"]}, "O11": {"estimatedTestTime": {"K4": {"distribution": "normal", "mean": 30.376458203145834, "std": 4.557952808011212}, "K5": {"distribution": "normal", "mean": 4.168025796176497, "std": 2.0832052013239193}}, "compatibleConfigurations": ["K4", "K5"]}}}, "products": {"count": 3, "items": {"P1": {"index": 0, "arrival": 0, "quantity": 4, "duedate": 162.95556089446634, "operations": ["O11", "O10", "O3", "O8"], "dependencies": [[1, 0], [2, 1], [3, 1]]}, "P2": {"index": 1, "arrival": 28.895048177478255, "quantity": 5, "duedate": 189.34823813537545, "operations": ["O5", "O4", "O11", "O6"], "dependencies": [[1, 0], [2, 0], [3, 0]]}, "P3": {"index": 2, "arrival": 37.127519079521214, "quantity": 2, "duedate": 158.4615721579877, "operations": ["O9", "O8", "O5", "O10", "O7"], "dependencies": [[1, 0], [2, 1], [3, 2], [4, 1]]}}}}