{"configurations": {"count": 4, "items": {"K1": {"index": 0, "setupTimes": [0, 48, 39, 37]}, "K2": {"index": 1, "setupTimes": [55, 0, 7, 37]}, "K3": {"index": 2, "setupTimes": [53, 25, 0, 41]}, "K4": {"index": 3, "setupTimes": [12, 42, 12, 0]}}}, "testers": {"count": 4, "items": {"T1": {"supportedConfigurations": ["K1", "K2"]}, "T2": {"supportedConfigurations": ["K4", "K1", "K2"]}, "T3": {"supportedConfigurations": ["K3", "K4"]}, "T4": {"supportedConfigurations": ["K4", "K2"]}}}, "operations": {"count": 16, "items": {"O1": {"estimatedTestTime": {"K2": {"distribution": "normal", "mean": 226.2887161285117, "std": 3.115722102114474}, "K3": {"distribution": "normal", "mean": 149.7213005065583, "std": 4.572589399223156}}, "compatibleConfigurations": ["K2", "K3"]}, "O2": {"estimatedTestTime": {"K2": {"distribution": "normal", "mean": 216.41135187777613, "std": 3.5117445394797184}, "K1": {"distribution": "normal", "mean": 417.0937602519701, "std": 2.7550984080152254}, "K4": {"distribution": "normal", "mean": 397.65421478158373, "std": 2.5893209374125106}, "K3": {"distribution": "normal", "mean": 237.19988772417133, "std": 2.7074659484068153}}, "compatibleConfigurations": ["K2", "K1", "K4", "K3"]}, "O3": {"estimatedTestTime": {"K2": {"distribution": "normal", "mean": 452.95019944724044, "std": 3.098212738210513}, "K3": {"distribution": "normal", "mean": 478.1418225744739, "std": 3.8426938040941416}, "K1": {"distribution": "normal", "mean": 273.56979697756753, "std": 4.8327761617198846}, "K4": {"distribution": "normal", "mean": 144.87767032081447, "std": 4.138253010120663}}, "compatibleConfigurations": ["K2", "K3", "K1", "K4"]}, "O4": {"estimatedTestTime": {"K3": {"distribution": "normal", "mean": 69.53026953424047, "std": 4.659738048054137}, "K4": {"distribution": "normal", "mean": 492.3187747098943, "std": 4.100989984678204}}, "compatibleConfigurations": ["K3", "K4"]}, "O5": {"estimatedTestTime": {"K2": {"distribution": "normal", "mean": 342.968246910985, "std": 2.8992304963092272}, "K1": {"distribution": "normal", "mean": 421.5851032489533, "std": 2.8090993113066216}}, "compatibleConfigurations": ["K2", "K1"]}, "O6": {"estimatedTestTime": {"K3": {"distribution": "normal", "mean": 415.01469239751987, "std": 3.204098886830503}, "K1": {"distribution": "normal", "mean": 117.06626878206195, "std": 2.044751446161762}, "K2": {"distribution": "normal", "mean": 368.1216398934954, "std": 4.3844667448862165}, "K4": {"distribution": "normal", "mean": 390.46341604056056, "std": 3.0873686750957487}}, "compatibleConfigurations": ["K3", "K1", "K2", "K4"]}, "O7": {"estimatedTestTime": {"K4": {"distribution": "normal", "mean": 292.9435260241244, "std": 2.953647711887211}, "K2": {"distribution": "normal", "mean": 18.75051548026477, "std": 4.164360597948388}, "K3": {"distribution": "normal", "mean": 292.49097094525035, "std": 2.814919917283703}, "K1": {"distribution": "normal", "mean": 138.07185496360532, "std": 2.095553604791375}}, "compatibleConfigurations": ["K4", "K2", "K3", "K1"]}, "O8": {"estimatedTestTime": {"K2": {"distribution": "normal", "mean": 401.49310304553484, "std": 2.214658335827379}, "K3": {"distribution": "normal", "mean": 487.5587924314514, "std": 2.981111807542393}, "K1": {"distribution": "normal", "mean": 202.51946681449112, "std": 2.436963495055247}, "K4": {"distribution": "normal", "mean": 208.22282993099577, "std": 4.873602724918255}}, "compatibleConfigurations": ["K2", "K3", "K1", "K4"]}, "O9": {"estimatedTestTime": {"K4": {"distribution": "normal", "mean": 126.57880428576335, "std": 4.88274121543782}, "K1": {"distribution": "normal", "mean": 469.8087320379188, "std": 4.295665776021629}, "K2": {"distribution": "normal", "mean": 499.76181528911553, "std": 3.7709327520194895}, "K3": {"distribution": "normal", "mean": 244.01572680378877, "std": 3.9865915334571724}}, "compatibleConfigurations": ["K4", "K1", "K2", "K3"]}, "O10": {"estimatedTestTime": {"K3": {"distribution": "normal", "mean": 440.9665159185447, "std": 4.2381280069744545}, "K2": {"distribution": "normal", "mean": 113.38413725435763, "std": 4.162541849822405}, "K1": {"distribution": "normal", "mean": 385.6772995308026, "std": 2.6555260405799217}, "K4": {"distribution": "normal", "mean": 488.5482360588934, "std": 4.871532201764598}}, "compatibleConfigurations": ["K3", "K2", "K1", "K4"]}, "O11": {"estimatedTestTime": {"K4": {"distribution": "normal", "mean": 368.8007981734935, "std": 4.654087751751877}, "K1": {"distribution": "normal", "mean": 494.8108092197055, "std": 4.054317992496159}, "K2": {"distribution": "normal", "mean": 150.2176851505777, "std": 4.023581559439558}}, "compatibleConfigurations": ["K4", "K1", "K2"]}, "O12": {"estimatedTestTime": {"K2": {"distribution": "normal", "mean": 67.00145536392255, "std": 2.1006505377797398}, "K1": {"distribution": "normal", "mean": 210.80257557415317, "std": 2.0939963635164642}, "K4": {"distribution": "normal", "mean": 235.93721074324935, "std": 4.480142598373869}, "K3": {"distribution": "normal", "mean": 221.6759196059118, "std": 4.475022580358585}}, "compatibleConfigurations": ["K2", "K1", "K4", "K3"]}, "O13": {"estimatedTestTime": {"K1": {"distribution": "normal", "mean": 288.1767188574291, "std": 3.17986442899635}, "K4": {"distribution": "normal", "mean": 114.28934724433137, "std": 4.247737635309777}, "K3": {"distribution": "normal", "mean": 348.2549927539678, "std": 3.1252653618714734}, "K2": {"distribution": "normal", "mean": 455.78424130501094, "std": 3.6726091346459}}, "compatibleConfigurations": ["K1", "K4", "K3", "K2"]}, "O14": {"estimatedTestTime": {"K1": {"distribution": "normal", "mean": 343.0519568717258, "std": 3.668076563183635}, "K3": {"distribution": "normal", "mean": 415.1222177489437, "std": 4.851214538710209}, "K4": {"distribution": "normal", "mean": 276.66735444910125, "std": 4.156638357361187}}, "compatibleConfigurations": ["K1", "K3", "K4"]}, "O15": {"estimatedTestTime": {"K1": {"distribution": "normal", "mean": 471.9336146798334, "std": 4.371716232501835}, "K3": {"distribution": "normal", "mean": 53.319357822606875, "std": 3.759748025948617}, "K2": {"distribution": "normal", "mean": 496.102788712927, "std": 3.7117065219676024}}, "compatibleConfigurations": ["K1", "K3", "K2"]}, "O16": {"estimatedTestTime": {"K3": {"distribution": "normal", "mean": 349.1548775840631, "std": 3.142600719652032}, "K2": {"distribution": "normal", "mean": 487.79296078325757, "std": 2.091871450900463}, "K1": {"distribution": "normal", "mean": 314.1325903792658, "std": 3.4937983954642298}}, "compatibleConfigurations": ["K3", "K2", "K1"]}}}, "products": {"count": 8, "items": {"P1": {"index": 0, "arrival": 0, "quantity": 2, "duedate": 1566.6863796645334, "operations": ["O4", "O5", "O2", "O9", "O13", "O6", "O1", "O7", "O16", "O14", "O3", "O12", "O11"], "dependencies": [[2, 0], [3, 2], [4, 1], [4, 2], [6, 1], [6, 3], [7, 5], [8, 0], [8, 2], [9, 3], [10, 4], [10, 8], [10, 9], [10, 5], [11, 0], [11, 2], [11, 8], [11, 9], [12, 7]]}, "P2": {"index": 1, "arrival": 64.78590153191747, "quantity": 2, "duedate": 2186.821751858304, "operations": ["O1", "O10", "O4", "O9", "O2", "O7", "O11", "O15", "O5", "O16", "O8"], "dependencies": [[2, 0], [2, 1], [4, 2], [5, 0], [5, 2], [5, 3], [5, 4], [6, 0], [6, 5], [7, 0], [7, 1], [7, 4], [7, 5], [8, 0], [8, 3], [8, 4], [8, 6], [8, 7], [9, 0], [9, 1], [9, 4], [9, 6], [10, 1], [10, 2], [10, 3], [10, 6], [10, 9]]}, "P3": {"index": 2, "arrival": 163.2767873383467, "quantity": 3, "duedate": 1411.8052874376483, "operations": ["O11", "O10", "O4", "O13", "O16"], "dependencies": [[2, 0], [3, 1], [3, 2], [4, 3]]}, "P4": {"index": 3, "arrival": 242.36373114801245, "quantity": 4, "duedate": 1150.4250414047037, "operations": ["O16", "O3", "O4", "O2", "O15"], "dependencies": [[2, 1], [3, 2], [4, 0], [4, 2]]}, "P5": {"index": 4, "arrival": 313.0051877923586, "quantity": 5, "duedate": 1566.1021685535204, "operations": ["O2", "O15", "O16", "O4", "O5", "O8", "O12", "O9", "O13"],