{"configurations": {"count": 4, "items": {"K1": {"index": 0, "setupTimes": [0, 25, 22, 15]}, "K2": {"index": 1, "setupTimes": [25, 0, 21, 54]}, "K3": {"index": 2, "setupTimes": [42, 42, 0, 50]}, "K4": {"index": 3, "setupTimes": [11, 27, 49, 0]}}}, "testers": {"count": 2, "items": {"T1": {"supportedConfigurations": ["K1", "K3"]}, "T2": {"supportedConfigurations": ["K4", "K1", "K2"]}}}, "operations": {"count": 18, "items": {"O1": {"estimatedTestTime": {"K1": {"distribution": "normal", "mean": 15.386105127261894, "std": 4.971542619854204}, "K4": {"distribution": "normal", "mean": 390.6109362988678, "std": 4.4780849835437975}}, "compatibleConfigurations": ["K1", "K4"]}, "O2": {"estimatedTestTime": {"K2": {"distribution": "normal", "mean": 271.57675020521293, "std": 4.62877483602192}, "K4": {"distribution": "normal", "mean": 4.546676494030711, "std": 2.147041746750654}, "K1": {"distribution": "normal", "mean": 270.42685052947763, "std": 4.989789529277055}}, "compatibleConfigurations": ["K2", "K4", "K1"]}, "O3": {"estimatedTestTime": {"K3": {"distribution": "normal", "mean": 340.24417408771166, "std": 3.8252675231133013}, "K1": {"distribution": "normal", "mean": 163.67643839571417, "std": 4.2927689385147545}}, "compatibleConfigurations": ["K3", "K1"]}, "O4": {"estimatedTestTime": {"K3": {"distribution": "normal", "mean": 42.29511840743847, "std": 3.5557319267604734}, "K2": {"distribution": "normal", "mean": 112.60352301634421, "std": 2.082497539456833}, "K4": {"distribution": "normal", "mean": 88.52408359200379, "std": 4.773340877365902}}, "compatibleConfigurations": ["K3", "K2", "K4"]}, "O5": {"estimatedTestTime": {"K2": {"distribution": "normal", "mean": 183.14423979790052, "std": 4.363217532581698}, "K3": {"distribution": "normal", "mean": 343.005725472968, "std": 4.039062863322217}, "K4": {"distribution": "normal", "mean": 106.09384267000279, "std": 2.1532727892583208}, "K1": {"distribution": "normal", "mean": 299.5612533091785, "std": 4.996359268528247}}, "compatibleConfigurations": ["K2", "K3", "K4", "K1"]}, "O6": {"estimatedTestTime": {"K1": {"distribution": "normal", "mean": 404.7203046944402, "std": 2.8596098755283035}, "K3": {"distribution": "normal", "mean": 17.399924633768556, "std": 3.4911762129223085}, "K4": {"distribution": "normal", "mean": 361.5653298361445, "std": 3.095371174234673}}, "compatibleConfigurations": ["K1", "K3", "K4"]}, "O7": {"estimatedTestTime": {"K2": {"distribution": "normal", "mean": 272.61645777349275, "std": 4.002650446922443}, "K3": {"distribution": "normal", "mean": 157.2323601145528, "std": 4.988606100892347}}, "compatibleConfigurations": ["K2", "K3"]}, "O8": {"estimatedTestTime": {"K4": {"distribution": "normal", "mean": 193.3579706214739, "std": 4.163870584469091}, "K3": {"distribution": "normal", "mean": 483.96198843529044, "std": 3.9469838205705337}, "K2": {"distribution": "normal", "mean": 478.0600510098695, "std": 3.9051032024222816}}, "compatibleConfigurations": ["K4", "K3", "K2"]}, "O9": {"estimatedTestTime": {"K1": {"distribution": "normal", "mean": 486.10089408663896, "std": 4.490645024876931}, "K3": {"distribution": "normal", "mean": 101.74925918441171, "std": 4.564073969432832}}, "compatibleConfigurations": ["K1", "K3"]}, "O10": {"estimatedTestTime": {"K3": {"distribution": "normal", "mean": 260.9076182480123, "std": 4.59708128198767}, "K2": {"distribution": "normal", "mean": 103.89709192585902, "std": 2.1224570706717314}, "K1": {"distribution": "normal", "mean": 11.585971861269977, "std": 3.8789203985664096}}, "compatibleConfigurations": ["K3", "K2", "K1"]}, "O11": {"estimatedTestTime": {"K2": {"distribution": "normal", "mean": 270.49228769264914, "std": 3.248433339808819}, "K4": {"distribution": "normal", "mean": 249.9245981336454, "std": 3.7123520415197233}, "K1": {"distribution": "normal", "mean": 415.7405488689802, "std": 2.2894292837406542}}, "compatibleConfigurations": ["K2", "K4", "K1"]}, "O12": {"estimatedTestTime": {"K4": {"distribution": "normal", "mean": 164.99486440520897, "std": 4.806305377903714}, "K1": {"distribution": "normal", "mean": 387.07215243666127, "std": 3.8325262005344003}, "K3": {"distribution": "normal", "mean": 249.52937304001225, "std": 2.0449427097614326}, "K2": {"distribution": "normal", "mean": 427.34113786037926, "std": 2.6188374241630514}}, "compatibleConfigurations": ["K4", "K1", "K3", "K2"]}, "O13": {"estimatedTestTime": {"K1": {"distribution": "normal", "mean": 276.88656398006196, "std": 2.28381475733015}, "K2": {"distribution": "normal", "mean": 346.53302811490965, "std": 4.977094928882673}, "K3": {"distribution": "normal", "mean": 94.7452425843493, "std": 3.2879627147085575}}, "compatibleConfigurations": ["K1", "K2", "K3"]}, "O14": {"estimatedTestTime": {"K4": {"distribution": "normal", "mean": 90.81061303517276, "std": 3.7953318455059097}, "K3": {"distribution": "normal", "mean": 464.38552897194614, "std": 4.470884111847062}, "K1": {"distribution": "normal", "mean": 204.0679598346349, "std": 3.063077270312441}}, "compatibleConfigurations": ["K4", "K3", "K1"]}, "O15": {"estimatedTestTime": {"K2": {"distribution": "normal", "mean": 423.9650798698795, "std": 2.1788843444355153}, "K3": {"distribution": "normal", "mean": 3.8690719991311164, "std": 4.175874714170699}}, "compatibleConfigurations": ["K2", "K3"]}, "O16": {"estimatedTestTime": {"K4": {"distribution": "normal", "mean": 130.83607840413336, "std": 4.440455245544948}, "K2": {"distribution": "normal", "mean": 145.62440505818088, "std": 2.1922718112012527}, "K1": {"distribution": "normal", "mean": 176.27210257955045, "std": 3.5131486081208667}}, "compatibleConfigurations": ["K4", "K2", "K1"]}, "O17": {"estimatedTestTime": {"K2": {"distribution": "normal", "mean": 390.69585909177295, "std": 3.896586914261704}, "K4": {"distribution": "normal", "mean": 444.5829692337519, "std": 3.421268201774118}, "K3": {"distribution": "normal", "mean": 174.0924133288086, "std": 3.5307093923528043}, "K1": {"distribution": "normal", "mean": 230.575614674478, "std": 4.900161118063576}}, "compatibleConfigurations": ["K2", "K4", "K3", "K1"]}, "O18": {"estimatedTestTime": {"K4": {"distribution": "normal", "mean": 51.18176287124361, "std": 4.537422661932658}, "K3": {"distribution": "normal", "mean": 179.12968388814798, "std": 4.00523909384707}}, "compatibleConfigurations": ["K4", "K3"]}}}, "products": {"count": 9, "items": {"P1": {"index": 0, "arrival": 0, "quantity": 5, "duedate": 1826.8735297832745, "operations": ["O10", "O3", "O14", "O15", "O6", "O2", "O5", "O4", "O18"], "dependencies": [[2, 0], [3, 0], [3, 1], [4, 0], [4, 1], [6, 5], [7, 1], [7, 2], [7, 4], [7, 6], [8, 4], [8, 6], [8, 7]]}, "P2": {"index": 1, "arrival": 58.26698293101359, "quantity": 4, "duedate": 1762.2745929685072, "operations": ["O3", "O12", "O13", "O17", "O16", "O9", "O6"], "dependencies": [[2, 0], [3, 0], [3, 1], [4, 0], [5, 1], [6, 2], [6, 3], [6, 4]]}, "P3": {"index": 2, "arrival": 135.96335473815105, "quantity": 4, "duedate": 2629.4428423387376, "operations": ["O7", "O15", "O1", "O11", "O14", "O16", "O13", "O5", "O12"], "dependencies": [[2, 1], [3, 2], [5, 0], [6, 0], [6, 2], [6, 3], [7, 1], [8, 6], [8, 4]]}, "P4": {"index": 3, "arrival": 204.39763597894623, "quantity": 2, "duedate": 1786.0613488951917, "operations": ["O3", "O8", "O6", "O12", "O10", "O4", "O11", "O16", "O18", "O2", "O1", "O14", "O7"], "dependencies": [[2, 1], [3, 2], [6, 1], [6, 2], [6, 3], [6, 4], [7, 5], [8, 1], [8, 3], [8, 5], [8, 6], [9, 0], [10, 0], [10, 4], [10, 7], [11, 2], [11, 3], [11, 6], [11, 8], [11, 10], [12, 2], [12, 6], [12, 8]]}, "P5": {"index": 4, "arrival": 259.72072719498624, "quantity": 5, "duedate": 5881.176255099154, "operations": ["O15", "O12", "O2", "O6", "O13", "O5", "O8", "O17", "O14", "O11", "O9", "O7", "O18", "O16"],