{"configurations": {"count": 2, "items": {"K1": {"index": 0, "setupTimes": [0, 60]}, "K2": {"index": 1, "setupTimes": [21, 0]}}}, "testers": {"count": 2, "items": {"T1": {"supportedConfigurations": ["K2", "K1"]}, "T2": {"supportedConfigurations": ["K2", "K1"]}}}, "operations": {"count": 18, "items": {"O1": {"estimatedTestTime": {"K1": {"distribution": "normal", "mean": 330.6001657713096, "std": 4.319776538929325}, "K2": {"distribution": "normal", "mean": 468.1184589396906, "std": 3.762371317717335}}, "compatibleConfigurations": ["K1", "K2"]}, "O2": {"estimatedTestTime": {"K2": {"distribution": "normal", "mean": 13.754458460445953, "std": 3.1423394763831745}, "K1": {"distribution": "normal", "mean": 69.48518676686076, "std": 4.948964688793281}}, "compatibleConfigurations": ["K2", "K1"]}, "O3": {"estimatedTestTime": {"K1": {"distribution": "normal", "mean": 248.7943541195766, "std": 2.425895033387335}, "K2": {"distribution": "normal", "mean": 415.42152849851175, "std": 4.709590144625958}}, "compatibleConfigurations": ["K1", "K2"]}, "O4": {"estimatedTestTime": {"K1": {"distribution": "normal", "mean": 16.013710546135314, "std": 4.368270598979607}, "K2": {"distribution": "normal", "mean": 121.66133134232577, "std": 2.6119033833835177}}, "compatibleConfigurations": ["K1", "K2"]}, "O5": {"estimatedTestTime": {"K1": {"distribution": "normal", "mean": 245.31746554414494, "std": 4.589679754441209}, "K2": {"distribution": "normal", "mean": 490.5081309097072, "std": 2.6186158632385017}}, "compatibleConfigurations": ["K1", "K2"]}, "O6": {"estimatedTestTime": {"K1": {"distribution": "normal", "mean": 443.95102851110283, "std": 4.721045216498852}, "K2": {"distribution": "normal", "mean": 89.77905098401806, "std": 3.9759665430858107}}, "compatibleConfigurations": ["K1", "K2"]}, "O7": {"estimatedTestTime": {"K1": {"distribution": "normal", "mean": 11.983806326307835, "std": 2.4810770976917427}, "K2": {"distribution": "normal", "mean": 76.11667732869611, "std": 2.607872578397274}}, "compatibleConfigurations": ["K1", "K2"]}, "O8": {"estimatedTestTime": {"K1": {"distribution": "normal", "mean": 245.11465732209996, "std": 4.140912130618117}, "K2": {"distribution": "normal", "mean": 85.77325115175793, "std": 4.051487076587352}}, "compatibleConfigurations": ["K1", "K2"]}, "O9": {"estimatedTestTime": {"K2": {"distribution": "normal", "mean": 181.73687239879845, "std": 3.9257590280002117}, "K1": {"distribution": "normal", "mean": 492.61174371423283, "std": 3.4276511833944374}}, "compatibleConfigurations": ["K2", "K1"]}, "O10": {"estimatedTestTime": {"K1": {"distribution": "normal", "mean": 63.589845355088464, "std": 3.2505602279918717}, "K2": {"distribution": "normal", "mean": 312.31377236607676, "std": 2.371984441932984}}, "compatibleConfigurations": ["K1", "K2"]}, "O11": {"estimatedTestTime": {"K1": {"distribution": "normal", "mean": 416.53598326869826, "std": 2.724556394124191}, "K2": {"distribution": "normal", "mean": 39.58756698329361, "std": 4.8349547445928325}}, "compatibleConfigurations": ["K1", "K2"]}, "O12": {"estimatedTestTime": {"K1": {"distribution": "normal", "mean": 179.597110990717, "std": 4.999965136419435}, "K2": {"distribution": "normal", "mean": 215.30396488781668, "std": 3.8883182368759113}}, "compatibleConfigurations": ["K1", "K2"]}, "O13": {"estimatedTestTime": {"K1": {"distribution": "normal", "mean": 307.2257829925222, "std": 2.9964478862874646}, "K2": {"distribution": "normal", "mean": 140.39369927683364, "std": 3.3488947379454443}}, "compatibleConfigurations": ["K1", "K2"]}, "O14": {"estimatedTestTime": {"K1": {"distribution": "normal", "mean": 425.8704355394239, "std": 3.8775688259585204}, "K2": {"distribution": "normal", "mean": 441.97241414230405, "std": 4.9456648430193795}}, "compatibleConfigurations": ["K1", "K2"]}, "O15": {"estimatedTestTime": {"K2": {"distribution": "normal", "mean": 349.03272829982757, "std": 4.923020864861609}, "K1": {"distribution": "normal", "mean": 440.4370799433423, "std": 4.052380570483443}}, "compatibleConfigurations": ["K2", "K1"]}, "O16": {"estimatedTestTime": {"K2": {"distribution": "normal", "mean": 29.16680313205085, "std": 4.058236484879952}, "K1": {"distribution": "normal", "mean": 308.59367964507743, "std": 2.6542816056458243}}, "compatibleConfigurations": ["K2", "K1"]}, "O17": {"estimatedTestTime": {"K2": {"distribution": "normal", "mean": 252.276871959606, "std": 4.188537569812064}, "K1": {"distribution": "normal", "mean": 497.4515176422639, "std": 4.191779482317203}}, "compatibleConfigurations": ["K2", "K1"]}, "O18": {"estimatedTestTime": {"K1": {"distribution": "normal", "mean": 391.66949502453355, "std": 3.3903956504401775}, "K2": {"distribution": "normal", "mean": 382.90235486567724, "std": 4.171256083931915}}, "compatibleConfigurations": ["K1", "K2"]}}}, "products": {"count": 7, "items": {"P1": {"index": 0, "arrival": 0, "quantity": 5, "duedate": 5204.944892958125, "operations": ["O18", "O4", "O14", "O3", "O15", "O11", "O8", "O16", "O13", "O10", "O17", "O12", "O1"], "dependencies": [[3, 0], [3, 2], [4, 0], [4, 2], [5, 3], [5, 4], [6, 1], [6, 4], [6, 5], [7, 0], [7, 2], [7, 6], [8, 2], [8, 6], [8, 7], [9, 1], [9, 2], [9, 3], [9, 4], [9, 5], [9, 7], [10, 0], [10, 1], [10, 3], [10, 7], [10, 9], [11, 0], [11, 1], [11, 3], [11, 9], [11, 10], [12, 3], [12, 7], [12, 8]]}, "P2": {"index": 1, "arrival": 78.33372389818379, "quantity": 3, "duedate": 2231.46342733644, "operations": ["O8", "O17", "O13", "O2", "O16", "O3", "O1", "O5", "O14", "O15", "O9", "O10", "O12", "O6", "O7"], "dependencies": [[2, 1], [3, 0], [4, 2], [4, 3], [5, 0], [5, 1], [5, 3], [6, 0], [6, 1], [6, 2], [6, 4], [7, 3], [8, 3], [9, 3], [9, 4], [9, 8], [10, 5], [10, 7], [10, 9], [11, 0], [11, 1], [11, 7], [12, 1], [12, 2], [12, 5], [13, 0], [13, 2], [13, 4], [13, 7], [14, 0], [14, 3], [14, 5], [14, 7], [14, 13]]}, "P3": {"index": 2, "arrival": 134.51428720403692, "quantity": 5, "duedate": 5542.220171198484, "operations": ["O10", "O12", "O7", "O3", "O11", "O1", "O16", "O4", "O17", "O15", "O13", "O2", "O8", "O9"], "dependencies": [[1, 0], [2, 1], [3, 2], [4, 2], [4, 3], [5, 1], [5, 3], [6, 0], [6, 1], [6, 2], [6, 5], [7, 0], [7, 2], [7, 4], [8, 1], [8, 4], [8, 5], [9, 1], [9, 2], [9, 3], [9, 5], [9, 6], [9, 7], [10, 0], [10, 2], [10, 7], [11, 1], [11, 5], [11, 9], [12, 0], [12, 1], [12, 2], [12, 5], [12, 7], [12, 8], [12, 9], [12, 10], [13, 2], [13, 3], [13, 4], [13, 6], [13, 10], [13, 12]]}, "P4": {"index": 3, "arrival": 196.39167232199483, "quantity": 5, "duedate": 4105.676807637588, "operations": ["O6", "O1", "O16", "O12", "O10", "O11", "O5", "O8", "O3", "O2", "O7", "O14", "O18"], "dependencies": [[1, 0], [3, 1], [4, 2], [5, 0], [5, 2], [8, 1], [8, 3], [8, 6], [9, 0], [9, 3], [9, 7], [9, 8], [10, 0], [10, 5], [10, 8], [11, 3], [11, 4], [11, 8], [12, 1], [12, 6], [12, 8], [12, 9]]}, "P5": {"index": 4, "arrival": 274.7998303909652, "quantity": 3, "duedate": 2133.5165900422226, "operations": ["O10", "O16", "O11", "O9", "O15", "O8", "O1", "O13", "O6", "O5", "O18"], "dependencies": [[1, 0], [4, 0], [4, 1], [4, 2], [5, 0], [5, 3], [6, 0], [6, 5], [7, 3], [8, 1], [8, 2], [8, 3], [8, 5], [8, 6], [8, 7], [9, 3], [9, 5], [9, 7], [10, 1], [10, 4], [10, 5], [10, 6], [10, 9]]}, "P6": {"index": 5, "arrival": 353.00634009128305, "quantity": 3, "duedate": 2522.214474157028, "operations": ["O4", "O3", "O16", "O13", "O2", "O10", "O12", "O9", "O5", "O14", "O1"], "dependencies": [[2, 0], [2, 1], [4, 0], [4, 1], [5, 1], [5, 3], [5, 4], [6, 0], [6, 1], [6, 2], [7, 0], [7, 2], [7, 4], [7, 6], [8, 3], [9, 1], [9, 2], [9, 5], [9, 6], [10, 0], [10, 1], [10, 5], [10, 9]]}, "P7": {"index": 6, "arrival": 444.8938571628872, "quantity": 2, "duedate": 1575.7816572557865, "operations": ["O11", "O13", "O7", "O8", "O12", "O17", "O10", "O2", "O4", "O9", "O15"], "dependencies": [[3, 0], [3, 1], [3, 2], [4, 0], [5, 2], [5, 3], [6, 0], [6, 2], [6, 3], [7, 2], [7, 3], [7, 5], [7, 6], [8, 1], [8, 2], [8, 6], [9, 2], [10, 2], [10, 4], [10, 5], [10, 7], [10, 8]]}}}}