{"configurations": {"count": 2, "items": {"K1": {"index": 0, "setupTimes": [0, 32]}, "K2": {"index": 1, "setupTimes": [23, 0]}}}, "testers": {"count": 5, "items": {"T1": {"supportedConfigurations": ["K1", "K2"]}, "T2": {"supportedConfigurations": ["K1", "K2"]}, "T3": {"supportedConfigurations": ["K1", "K2"]}, "T4": {"supportedConfigurations": ["K2", "K1"]}, "T5": {"supportedConfigurations": ["K1", "K2"]}}}, "operations": {"count": 20, "items": {"O1": {"estimatedTestTime": {"K1": {"distribution": "normal", "mean": 440.9907609320154, "std": 2.485766192206358}, "K2": {"distribution": "normal", "mean": 134.48748874929578, "std": 3.5368818362418537}}, "compatibleConfigurations": ["K1", "K2"]}, "O2": {"estimatedTestTime": {"K1": {"distribution": "normal", "mean": 144.1397766244682, "std": 4.2769104430992355}, "K2": {"distribution": "normal", "mean": 244.66226153527583, "std": 4.172532100204651}}, "compatibleConfigurations": ["K1", "K2"]}, "O3": {"estimatedTestTime": {"K1": {"distribution": "normal", "mean": 145.55356354468444, "std": 4.184497870387374}, "K2": {"distribution": "normal", "mean": 169.48072552149014, "std": 2.085271284201437}}, "compatibleConfigurations": ["K1", "K2"]}, "O4": {"estimatedTestTime": {"K2": {"distribution": "normal", "mean": 362.27481737457833, "std": 4.591716591390445}, "K1": {"distribution": "normal", "mean": 175.2000751411796, "std": 2.8770873087792586}}, "compatibleConfigurations": ["K2", "K1"]}, "O5": {"estimatedTestTime": {"K2": {"distribution": "normal", "mean": 406.10438250896607, "std": 4.448482181674215}, "K1": {"distribution": "normal", "mean": 301.24769800335605, "std": 2.176731385709214}}, "compatibleConfigurations": ["K2", "K1"]}, "O6": {"estimatedTestTime": {"K1": {"distribution": "normal", "mean": 210.18311661009145, "std": 2.1434543948596385}, "K2": {"distribution": "normal", "mean": 31.09716685163959, "std": 3.1360575881398565}}, "compatibleConfigurations": ["K1", "K2"]}, "O7": {"estimatedTestTime": {"K2": {"distribution": "normal", "mean": 426.7838073130322, "std": 4.310519912622068}, "K1": {"distribution": "normal", "mean": 177.2110637020965, "std": 2.8952265098629786}}, "compatibleConfigurations": ["K2", "K1"]}, "O8": {"estimatedTestTime": {"K2": {"distribution": "normal", "mean": 89.66296361212234, "std": 3.305771888905865}, "K1": {"distribution": "normal", "mean": 320.7301614385862, "std": 4.638240837606267}}, "compatibleConfigurations": ["K2", "K1"]}, "O9": {"estimatedTestTime": {"K1": {"distribution": "normal", "mean": 167.528731504763, "std": 2.0960394354486898}, "K2": {"distribution": "normal", "mean": 294.8949055389181, "std": 2.745102293272354}}, "compatibleConfigurations": ["K1", "K2"]}, "O10": {"estimatedTestTime": {"K1": {"distribution": "normal", "mean": 130.21483506880926, "std": 2.1540622259185493}, "K2": {"distribution": "normal", "mean": 93.8202843895155, "std": 4.978430987770755}}, "compatibleConfigurations": ["K1", "K2"]}, "O11": {"estimatedTestTime": {"K2": {"distribution": "normal", "mean": 438.4391664688388, "std": 4.677498203255084}, "K1": {"distribution": "normal", "mean": 116.32543610278421, "std": 2.8352509602387834}}, "compatibleConfigurations": ["K2", "K1"]}, "O12": {"estimatedTestTime": {"K1": {"distribution": "normal", "mean": 29.1891964824841, "std": 2.6524370264957398}, "K2": {"distribution": "normal", "mean": 396.73118229937523, "std": 4.605395784562722}}, "compatibleConfigurations": ["K1", "K2"]}, "O13": {"estimatedTestTime": {"K1": {"distribution": "normal", "mean": 264.50121571066853, "std": 3.0551476414911027}, "K2": {"distribution": "normal", "mean": 305.1784241634457, "std": 2.325742804742681}}, "compatibleConfigurations": ["K1", "K2"]}, "O14": {"estimatedTestTime": {"K2": {"distribution": "normal", "mean": 493.6265882141098, "std": 4.2677549975216005}, "K1": {"distribution": "normal", "mean": 472.8375091633871, "std": 3.4337403243747415}}, "compatibleConfigurations": ["K2", "K1"]}, "O15": {"estimatedTestTime": {"K1": {"distribution": "normal", "mean": 145.54850367480282, "std": 4.979736029313234}, "K2": {"distribution": "normal", "mean": 332.7563371766971, "std": 4.851490883275838}}, "compatibleConfigurations": ["K1", "K2"]}, "O16": {"estimatedTestTime": {"K1": {"distribution": "normal", "mean": 309.78588737049324, "std": 3.737472251784027}, "K2": {"distribution": "normal", "mean": 20.81432755223677, "std": 4.930641841103721}}, "compatibleConfigurations": ["K1", "K2"]}, "O17": {"estimatedTestTime": {"K2": {"distribution": "normal", "mean": 187.32694782926092, "std": 3.846502518730417}, "K1": {"distribution": "normal", "mean": 402.20962133399956, "std": 4.743212490552818}}, "compatibleConfigurations": ["K2", "K1"]}, "O18": {"estimatedTestTime": {"K2": {"distribution": "normal", "mean": 34.33504151538233, "std": 2.639354645742737}, "K1": {"distribution": "normal", "mean": 277.4108481357124, "std": 2.1217745536885384}}, "compatibleConfigurations": ["K2", "K1"]}, "O19": {"estimatedTestTime": {"K2": {"distribution": "normal", "mean": 362.4102084353559, "std": 2.948460038902254}, "K1": {"distribution": "normal", "mean": 80.93486957005503, "std": 2.5009456664315377}}, "compatibleConfigurations": ["K2", "K1"]}, "O20": {"estimatedTestTime": {"K2": {"distribution": "normal", "mean": 120.94926565138427, "std": 3.351996881091906}, "K1": {"distribution": "normal", "mean": 171.0627224847702, "std": 2.4354071669967916}}, "compatibleConfigurations": ["K2", "K1"]}}}, "products": {"count": 5, "items": {"P1": {"index": 0, "arrival": 0, "quantity": 5, "duedate": 1622.2251030037858, "operations": ["O9", "O12", "O18", "O15", "O6", "O19", "O7", "O16", "O11", "O2", "O8", "O1", "O10", "O4", "O17"], "dependencies": [[1, 0], [2, 1], [3, 0], [5, 2], [6, 5], [7, 1], [7, 5], [8, 4], [8, 5], [9, 7], [10, 0], [10, 2], [10, 8], [11, 4], [11, 5], [11, 6], [11, 7], [12, 5], [12, 7], [12, 10], [13, 2], [13, 6], [13, 7], [14, 2], [14, 4], [14, 10], [14, 11]]}, "P2": {"index": 1, "arrival": 88.60563563455064, "quantity": 3, "duedate": 1188.0785878330294, "operations": ["O13", "O6", "O11", "O17", "O10", "O3", "O1", "O8", "O20", "O12"], "dependencies": [[2, 1], [3, 1], [4, 2], [6, 0], [6, 4], [6, 5], [7, 0], [7, 3], [7, 6], [8, 3], [8, 5], [8, 7], [9, 2], [9, 5]]}, "P3": {"index": 2, "arrival": 139.54234227497102, "quantity": 2, "duedate": 1686.2930484504334, "operations": ["O9", "O7", "O18", "O14", "O17", "O1", "O15", "O3", "O19", "O2", "O20"], "dependencies": [[1, 0], [3, 1], [4, 1], [4, 2], [4, 3], [5, 0], [5, 2], [6, 3], [6, 4], [7, 1], [7, 3], [7, 4], [8, 3], [9, 0], [9, 1], [9, 2], [9, 4], [10, 2], [10, 3], [10, 7], [10, 8], [10, 9]]}, "P4": {"index": 3, "arrival": 205.96557241904657, "quantity": 2, "duedate": 1459.2183972030566, "operations": ["O12", "O2", "O13", "O9", "O17", "O5", "O4", "O7", "O18", "O11", "O20"], "dependencies": [[2, 0], [3, 0], [3, 2], [4, 2], [5, 0], [6, 4], [7, 2], [7, 3], [8, 0], [8, 3], [8, 4], [8, 7], [8, 1], [9, 2], [9, 3], [10, 0], [10, 7], [10, 8], [10, 9]]}, "P5": {"index": 4, "arrival": 296.2190962072759, "quantity": 3, "duedate": 1867.717413766412, "operations": ["O9", "O4", "O13", "O15", "O11", "O16", "O1", "O14", "O17", "O8", "O20", "O19", "O7", "O12"], "dependencies": [[1, 0], [2, 0], [3, 1], [3, 2], [5, 3], [6, 2], [6, 3], [6, 4], [7, 1], [7, 2], [8, 4], [8, 5], [9, 6], [10, 0], [10, 1], [10, 2], [10, 3], [10, 5], [10, 6], [11, 3], [11, 5], [11, 7], [11, 9], [12, 0], [12, 1], [12, 5], [12, 8], [12, 10], [13, 1], [13, 2], [13, 6], [13, 7], [13, 11]]}}}}