{"configurations": {"count": 3, "items": {"K1": {"index": 0, "setupTimes": [0, 52, 39]}, "K2": {"index": 1, "setupTimes": [7, 0, 25]}, "K3": {"index": 2, "setupTimes": [44, 21, 0]}}}, "testers": {"count": 4, "items": {"T1": {"supportedConfigurations": ["K3", "K2"]}, "T2": {"supportedConfigurations": ["K2", "K3"]}, "T3": {"supportedConfigurations": ["K2", "K1", "K3"]}, "T4": {"supportedConfigurations": ["K2", "K3"]}}}, "operations": {"count": 14, "items": {"O1": {"estimatedTestTime": {"K3": {"distribution": "normal", "mean": 493.1981834067601, "std": 4.389870423554644}, "K2": {"distribution": "normal", "mean": 443.69299704135904, "std": 2.6145577038546595}, "K1": {"distribution": "normal", "mean": 381.99625064723847, "std": 3.834665318820656}}, "compatibleConfigurations": ["K3", "K2", "K1"]}, "O2": {"estimatedTestTime": {"K1": {"distribution": "normal", "mean": 8.262373619185288, "std": 3.291551891358761}, "K3": {"distribution": "normal", "mean": 486.5047984020477, "std": 4.279164893196738}, "K2": {"distribution": "normal", "mean": 79.51706145828227, "std": 4.214137777808945}}, "compatibleConfigurations": ["K1", "K3", "K2"]}, "O3": {"estimatedTestTime": {"K2": {"distribution": "normal", "mean": 152.9124933719197, "std": 3.9949003398835456}, "K1": {"distribution": "normal", "mean": 185.04129380520405, "std": 3.6870991635997155}, "K3": {"distribution": "normal", "mean": 136.43427103553174, "std": 2.923129244210198}}, "compatibleConfigurations": ["K2", "K1", "K3"]}, "O4": {"estimatedTestTime": {"K2": {"distribution": "normal", "mean": 289.1518436086599, "std": 4.104155022659604}, "K3": {"distribution": "normal", "mean": 489.3993223214296, "std": 4.983502193590751}}, "compatibleConfigurations": ["K2", "K3"]}, "O5": {"estimatedTestTime": {"K1": {"distribution": "normal", "mean": 89.4894772738824, "std": 4.539761161461465}, "K2": {"distribution": "normal", "mean": 188.89588274890625, "std": 3.153178579867385}}, "compatibleConfigurations": ["K1", "K2"]}, "O6": {"estimatedTestTime": {"K1": {"distribution": "normal", "mean": 431.1364248302553, "std": 4.402857296255126}, "K3": {"distribution": "normal", "mean": 215.91964228170855, "std": 2.6180830832334694}, "K2": {"distribution": "normal", "mean": 192.1341426326241, "std": 3.014462164456313}}, "compatibleConfigurations": ["K1", "K3", "K2"]}, "O7": {"estimatedTestTime": {"K3": {"distribution": "normal", "mean": 130.72950277929138, "std": 3.3788569855131856}, "K1": {"distribution": "normal", "mean": 118.92673673654267, "std": 3.0920827141467293}}, "compatibleConfigurations": ["K3", "K1"]}, "O8": {"estimatedTestTime": {"K2": {"distribution": "normal", "mean": 421.22748509061046, "std": 3.246212374653318}, "K3": {"distribution": "normal", "mean": 61.86655913644825, "std": 3.867494331489814}}, "compatibleConfigurations": ["K2", "K3"]}, "O9": {"estimatedTestTime": {"K2": {"distribution": "normal", "mean": 377.40114014262144, "std": 3.402621439828332}, "K3": {"distribution": "normal", "mean": 486.3799868797146, "std": 3.4045331063782505}, "K1": {"distribution": "normal", "mean": 178.43378955835954, "std": 2.0558704958379614}}, "compatibleConfigurations": ["K2", "K3", "K1"]}, "O10": {"estimatedTestTime": {"K1": {"distribution": "normal", "mean": 104.83510390746356, "std": 2.7214969030503933}, "K3": {"distribution": "normal", "mean": 475.7426837156202, "std": 4.474754386549432}}, "compatibleConfigurations": ["K1", "K3"]}, "O11": {"estimatedTestTime": {"K2": {"distribution": "normal", "mean": 466.6058193022498, "std": 3.140450745778204}, "K3": {"distribution": "normal", "mean": 215.92793831039702, "std": 3.7194320968718504}, "K1": {"distribution": "normal", "mean": 462.2312573947871, "std": 3.489194197085445}}, "compatibleConfigurations": ["K2", "K3", "K1"]}, "O12": {"estimatedTestTime": {"K3": {"distribution": "normal", "mean": 114.34138609802409, "std": 4.489654199627306}, "K2": {"distribution": "normal", "mean": 187.57309924657557, "std": 3.2529455475924833}, "K1": {"distribution": "normal", "mean": 360.54724187667534, "std": 3.175948027993946}}, "compatibleConfigurations": ["K3", "K2", "K1"]}, "O13": {"estimatedTestTime": {"K3": {"distribution": "normal", "mean": 140.7958793393987, "std": 4.667410047911232}, "K1": {"distribution": "normal", "mean": 236.6515394499912, "std": 4.255172406995247}}, "compatibleConfigurations": ["K3", "K1"]}, "O14": {"estimatedTestTime": {"K1": {"distribution": "normal", "mean": 213.22251263498745, "std": 2.4671676623254415}, "K2": {"distribution": "normal", "mean": 478.76919513672294, "std": 4.4983492674858025}}, "compatibleConfigurations": ["K1", "K2"]}}}, "products": {"count": 2, "items": {"P1": {"index": 0, "arrival": 0, "quantity": 5, "duedate": 1487.2747130297464, "operations": ["O7", "O14", "O6", "O3", "O8", "O2", "O9", "O13", "O1", "O4", "O5"], "dependencies": [[1, 0], [3, 0], [4, 0], [4, 3], [5, 3], [6, 0], [6, 2], [6, 3], [6, 5], [7, 1], [7, 3], [7, 5], [9, 0], [9, 1], [9, 5], [9, 7], [9, 8], [10, 0], [10, 4], [10, 5], [10, 7], [10, 9]]}, "P2": {"index": 1, "arrival": 77.58828020984699, "quantity": 5, "duedate": 2631.468583643497, "operations": ["O9", "O6", "O10", "O2", "O7", "O12", "O5", "O11", "O4", "O14", "O3"], "dependencies": [[1, 0], [2, 0], [2, 1], [3, 2], [4, 3], [5, 0], [5, 1], [6, 0], [6, 2], [6, 3], [6, 4], [7, 1], [7, 4], [7, 6], [8, 0], [8, 3], [8, 4], [8, 5], [9, 0], [9, 3], [9, 7], [10, 2], [10, 3], [10, 4], [10, 6], [10, 7], [10, 8]]}}}}