{"configurations": {"count": 2, "items": {"K1": {"index": 0, "setupTimes": [0, 28]}, "K2": {"index": 1, "setupTimes": [9, 0]}}}, "testers": {"count": 4, "items": {"T1": {"supportedConfigurations": ["K1", "K2"]}, "T2": {"supportedConfigurations": ["K1", "K2"]}, "T3": {"supportedConfigurations": ["K1", "K2"]}, "T4": {"supportedConfigurations": ["K1", "K2"]}}}, "operations": {"count": 13, "items": {"O1": {"estimatedTestTime": {"K2": {"distribution": "normal", "mean": 471.74354816335534, "std": 2.676265563267716}, "K1": {"distribution": "normal", "mean": 289.31308025319044, "std": 3.490069160725579}}, "compatibleConfigurations": ["K2", "K1"]}, "O2": {"estimatedTestTime": {"K1": {"distribution": "normal", "mean": 191.66740438228925, "std": 3.6776836427335833}, "K2": {"distribution": "normal", "mean": 428.10365698481826, "std": 4.182011395163087}}, "compatibleConfigurations": ["K1", "K2"]}, "O3": {"estimatedTestTime": {"K2": {"distribution": "normal", "mean": 85.04597152420665, "std": 2.5462160816737445}, "K1": {"distribution": "normal", "mean": 247.610911776609, "std": 2.3071817155365}}, "compatibleConfigurations": ["K2", "K1"]}, "O4": {"estimatedTestTime": {"K1": {"distribution": "normal", "mean": 149.49953679654166, "std": 3.2297153333812902}, "K2": {"distribution": "normal", "mean": 473.8808939033498, "std": 3.3130216429660986}}, "compatibleConfigurations": ["K1", "K2"]}, "O5": {"estimatedTestTime": {"K2": {"distribution": "normal", "mean": 425.94092874774213, "std": 4.922060850041923}, "K1": {"distribution": "normal", "mean": 33.526148293603555, "std": 3.4901864125739297}}, "compatibleConfigurations": ["K2", "K1"]}, "O6": {"estimatedTestTime": {"K1": {"distribution": "normal", "mean": 297.50663753160455, "std": 3.8832078158927508}, "K2": {"distribution": "normal", "mean": 56.218680398800736, "std": 4.4620836925142076}}, "compatibleConfigurations": ["K1", "K2"]}, "O7": {"estimatedTestTime": {"K2": {"distribution": "normal", "mean": 443.9942516346369, "std": 2.2432704700154904}, "K1": {"distribution": "normal", "mean": 15.012912420146971, "std": 3.769191270120017}}, "compatibleConfigurations": ["K2", "K1"]}, "O8": {"estimatedTestTime": {"K2": {"distribution": "normal", "mean": 115.67216488431846, "std": 4.22288813297202}, "K1": {"distribution": "normal", "mean": 223.9352468116908, "std": 3.0101390479839734}}, "compatibleConfigurations": ["K2", "K1"]}, "O9": {"estimatedTestTime": {"K2": {"distribution": "normal", "mean": 397.127992110579, "std": 2.7246913530613606}, "K1": {"distribution": "normal", "mean": 470.3206825615195, "std": 4.44314029734037}}, "compatibleConfigurations": ["K2", "K1"]}, "O10": {"estimatedTestTime": {"K2": {"distribution": "normal", "mean": 422.1576818708171, "std": 4.985093235565432}, "K1": {"distribution": "normal", "mean": 297.0435668023073, "std": 4.881456831975489}}, "compatibleConfigurations": ["K2", "K1"]}, "O11": {"estimatedTestTime": {"K2": {"distribution": "normal", "mean": 470.6770276088268, "std": 2.723935636223394}, "K1": {"distribution": "normal", "mean": 40.10469038926118, "std": 3.8902778955967907}}, "compatibleConfigurations": ["K2", "K1"]}, "O12": {"estimatedTestTime": {"K2": {"distribution": "normal", "mean": 275.4907092682911, "std": 3.515256283630775}, "K1": {"distribution": "normal", "mean": 386.9446265115273, "std": 4.9467188598967615}}, "compatibleConfigurations": ["K2", "K1"]}, "O13": {"estimatedTestTime": {"K2": {"distribution": "normal", "mean": 465.81848077634976, "std": 4.151579101981174}, "K1": {"distribution": "normal", "mean": 205.85671314908973, "std": 4.11120056182209}}, "compatibleConfigurations": ["K2", "K1"]}}}, "products": {"count": 4, "items": {"P1": {"index": 0, "arrival": 0, "quantity": 5, "duedate": 1657.4546842113234, "operations": ["O13", "O2", "O5", "O7", "O3", "O9", "O4", "O10", "O6", "O11"], "dependencies": [[1, 0], [3, 1], [4, 0], [4, 1], [5, 1], [5, 4], [6, 2], [7, 0], [7, 1], [7, 4], [7, 6], [8, 1], [8, 4], [8, 5], [8, 7], [9, 1], [9, 4], [9, 7]]}, "P2": {"index": 1, "arrival": 89.08475763009878, "quantity": 3, "duedate": 697.176020234455, "operations": ["O7", "O12", "O1", "O13", "O4", "O8"], "dependencies": [[3, 1], [4, 0], [5, 1], [5, 2], [5, 0]]}, "P3": {"index": 2, "arrival": 146.91862767538055, "quantity": 3, "duedate": 1561.7665840104219, "operations": ["O1", "O9", "O12", "O10", "O8", "O2", "O4", "O11", "O5"], "dependencies": [[1, 0], [3, 2], [4, 0], [4, 1], [5, 0], [5, 2], [5, 3], [6, 1], [6, 2], [6, 4], [6, 5], [7, 1], [7, 5], [8, 5], [8, 6]]}, "P4": {"index": 3, "arrival": 241.274728223564, "quantity": 5, "duedate": 1838.6240509896516, "operations": ["O9", "O11", "O8", "O5", "O3", "O2", "O12"], "dependencies": [[1, 0], [3, 1], [3, 2], [4, 0], [4, 3], [5, 4], [6, 0], [6, 1]]}}}}