{"configurations": {"count": 2, "items": {"K1": {"index": 0, "setupTimes": [0, 19]}, "K2": {"index": 1, "setupTimes": [11, 0]}}}, "testers": {"count": 3, "items": {"T1": {"supportedConfigurations": ["K2", "K1"]}, "T2": {"supportedConfigurations": ["K1", "K2"]}, "T3": {"supportedConfigurations": ["K1", "K2"]}}}, "operations": {"count": 20, "items": {"O1": {"estimatedTestTime": {"K2": {"distribution": "normal", "mean": 247.9014760210178, "std": 2.8504425656337884}, "K1": {"distribution": "normal", "mean": 306.38250114011475, "std": 2.660272481542175}}, "compatibleConfigurations": ["K2", "K1"]}, "O2": {"estimatedTestTime": {"K2": {"distribution": "normal", "mean": 3.3956336602291315, "std": 4.064278525247213}, "K1": {"distribution": "normal", "mean": 476.7731586025919, "std": 2.9538338627039256}}, "compatibleConfigurations": ["K2", "K1"]}, "O3": {"estimatedTestTime": {"K1": {"distribution": "normal", "mean": 136.09432800456577, "std": 4.1020398430087734}, "K2": {"distribution": "normal", "mean": 307.3369248096949, "std": 2.0261683948678098}}, "compatibleConfigurations": ["K1", "K2"]}, "O4": {"estimatedTestTime": {"K2": {"distribution": "normal", "mean": 215.78978920318758, "std": 4.602052190728755}, "K1": {"distribution": "normal", "mean": 416.1817987144252, "std": 2.5806878141348384}}, "compatibleConfigurations": ["K2", "K1"]}, "O5": {"estimatedTestTime": {"K1": {"distribution": "normal", "mean": 65.83398135172945, "std": 2.420405136586304}, "K2": {"distribution": "normal", "mean": 496.08057085777057, "std": 3.5687774935417345}}, "compatibleConfigurations": ["K1", "K2"]}, "O6": {"estimatedTestTime": {"K2": {"distribution": "normal", "mean": 261.0056502889345, "std": 4.392620515922518}, "K1": {"distribution": "normal", "mean": 359.1020516399212, "std": 2.803625111138072}}, "compatibleConfigurations": ["K2", "K1"]}, "O7": {"estimatedTestTime": {"K2": {"distribution": "normal", "mean": 22.30117536524303, "std": 3.5082069445400674}, "K1": {"distribution": "normal", "mean": 270.0708118354727, "std": 4.819513366375377}}, "compatibleConfigurations": ["K2", "K1"]}, "O8": {"estimatedTestTime": {"K1": {"distribution": "normal", "mean": 113.11623084955936, "std": 3.3742900410908954}, "K2": {"distribution": "normal", "mean": 208.30605510734415, "std": 4.858344867475724}}, "compatibleConfigurations": ["K1", "K2"]}, "O9": {"estimatedTestTime": {"K1": {"distribution": "normal", "mean": 136.29593886797318, "std": 4.021794212692091}, "K2": {"distribution": "normal", "mean": 124.29621535586845, "std": 2.7455308521821413}}, "compatibleConfigurations": ["K1", "K2"]}, "O10": {"estimatedTestTime": {"K1": {"distribution": "normal", "mean": 311.91116291507973, "std": 3.6459922521869763}, "K2": {"distribution": "normal", "mean": 376.8691001982081, "std": 3.584539017387486}}, "compatibleConfigurations": ["K1", "K2"]}, "O11": {"estimatedTestTime": {"K1": {"distribution": "normal", "mean": 137.55194247462816, "std": 2.9540739251450807}, "K2": {"distribution": "normal", "mean": 288.517683755866, "std": 3.145301759397407}}, "compatibleConfigurations": ["K1", "K2"]}, "O12": {"estimatedTestTime": {"K2": {"distribution": "normal", "mean": 249.80404381713493, "std": 2.222342704186833}, "K1": {"distribution": "normal", "mean": 91.39335087536882, "std": 2.6201954370730625}}, "compatibleConfigurations": ["K2", "K1"]}, "O13": {"estimatedTestTime": {"K2": {"distribution": "normal", "mean": 473.5874750727843, "std": 4.955976135387779}, "K1": {"distribution": "normal", "mean": 2.573835539153109, "std": 4.718254115352737}}, "compatibleConfigurations": ["K2", "K1"]}, "O14": {"estimatedTestTime": {"K1": {"distribution": "normal", "mean": 370.2425010193952, "std": 4.021802840987801}, "K2": {"distribution": "normal", "mean": 401.6373230651851, "std": 3.7339914661984035}}, "compatibleConfigurations": ["K1", "K2"]}, "O15": {"estimatedTestTime": {"K2": {"distribution": "normal", "mean": 197.5232428738583, "std": 3.35247606738381}, "K1": {"distribution": "normal", "mean": 91.1088713103232, "std": 4.388770941813444}}, "compatibleConfigurations": ["K2", "K1"]}, "O16": {"estimatedTestTime": {"K1": {"distribution": "normal", "mean": 296.0274843747017, "std": 4.764335735771312}, "K2": {"distribution": "normal", "mean": 183.26557641623364, "std": 3.9515481733278564}}, "compatibleConfigurations": ["K1", "K2"]}, "O17": {"estimatedTestTime": {"K2": {"distribution": "normal", "mean": 294.5219717688124, "std": 3.122312422358894}, "K1": {"distribution": "normal", "mean": 46.060218504842176, "std": 2.256003804125832}}, "compatibleConfigurations": ["K2", "K1"]}, "O18": {"estimatedTestTime": {"K2": {"distribution": "normal", "mean": 377.91546459234837, "std": 4.613504943086623}, "K1": {"distribution": "normal", "mean": 4.930762375388239, "std": 2.680928960095899}}, "compatibleConfigurations": ["K2", "K1"]}, "O19": {"estimatedTestTime": {"K2": {"distribution": "normal", "mean": 162.0670534034561, "std": 4.589838283682856}, "K1": {"distribution": "normal", "mean": 325.62968042660447, "std": 2.7901754482565773}}, "compatibleConfigurations": ["K2", "K1"]}, "O20": {"estimatedTestTime": {"K2": {"distribution": "normal", "mean": 477.32713888064796, "std": 3.1350464006092627}, "K1": {"distribution": "normal", "mean": 454.2138269389232, "std": 3.3947644485820057}}, "compatibleConfigurations": ["K2", "K1"]}}}, "products": {"count": 5, "items": {"P1": {"index": 0, "arrival": 0, "quantity": 5, "duedate": 1775.2372570403963, "operations": ["O5", "O10", "O11", "O2", "O19", "O9", "O20"], "dependencies": [[2, 1], [4, 0], [4, 2], [5, 0], [5, 1], [5, 2], [5, 3], [6, 0], [6, 5]]}, "P2": {"index": 1, "arrival": 92.81813939106408, "quantity": 4, "duedate": 1308.0119917148781, "operations": ["O15", "O7", "O2", "O14", "O18", "O20"], "dependencies": [[2, 1], [3, 1], [4, 1], [5, 0], [5, 3]]}, "P3": {"index": 2, "arrival": 180.0761585508963, "quantity": 3, "duedate": 2211.998898149923, "operations": ["O18", "O13", "O20", "O12", "O2", "O19", "O3", "O9", "O10", "O6", "O5", "O15", "O11", "O14", "O8"], "dependencies": [[1, 0], [2, 0], [2, 1], [3, 0], [3, 1], [4, 1], [4, 2], [5, 1], [6, 1], [6, 3], [6, 4], [7, 5], [7, 6], [8, 0], [8, 4], [8, 6], [8, 7], [9, 0], [9, 1], [9, 5], [9, 6], [9, 7], [10, 0], [10, 2], [10, 3], [10, 5], [10, 7], [11, 3], [11, 5], [11, 6], [12, 1], [12, 3], [13, 5], [13, 7], [13, 8], [13, 9], [13, 10], [13, 11], [13, 12], [14, 1], [14, 5], [14, 6], [14, 7], [14, 12]]}, "P4": {"index": 3, "arrival": 271.46270628404375, "quantity": 3, "duedate": 1814.6443144831712, "operations": ["O3", "O8", "O14", "O7", "O17", "O16", "O11", "O2", "O20", "O1", "O10", "O12"], "dependencies": [[2, 1], [3, 0], [3, 1], [4, 0], [5, 1], [5, 2], [5, 3], [5, 4], [6, 2], [6, 3], [7, 2], [7, 3], [7, 4], [7, 6], [8, 0], [8, 2], [8, 4], [8, 5], [8, 6], [9, 1], [9, 5], [9, 6], [9, 7], [9, 8], [10, 2], [10, 4], [11, 1], [11, 2], [11, 3], [11, 4], [11, 9]]}, "P5": {"index": 4, "arrival": 327.2797036409589, "quantity": 2, "duedate": 1411.9136308530103, "operations": ["O1", "O15", "O17", "O8", "O7", "O2", "O20", "O4", "O12", "O16", "O10"], "dependencies": [[1, 0], [4, 1], [6, 0], [6, 1], [6, 2], [6, 4], [7, 3], [8, 0], [8, 1], [8, 2], [8, 6], [9, 0], [9, 1], [10, 1], [10, 3], [10, 5]]}}}}