{"configurations": {"count": 5, "items": {"K1": {"index": 0, "setupTimes": [0, 5, 5, 5, 5]}, "K2": {"index": 1, "setupTimes": [5, 0, 5, 5, 5]}, "K3": {"index": 2, "setupTimes": [5, 5, 0, 5, 5]}, "K4": {"index": 3, "setupTimes": [5, 5, 5, 0, 5]}, "K5": {"index": 4, "setupTimes": [5, 5, 5, 5, 0]}}}, "testers": {"count": 5, "items": {"T1": {"supportedConfigurations": ["K3", "K5"]}, "T2": {"supportedConfigurations": ["K4", "K5"]}, "T3": {"supportedConfigurations": ["K2", "K1"]}, "T4": {"supportedConfigurations": ["K4", "K5"]}, "T5": {"supportedConfigurations": ["K3", "K1"]}}}, "operations": {"count": 15, "items": {"O1": {"estimatedTestTime": {"K3": {"distribution": "normal", "mean": 41.1611981981087, "std": 4.878878173800764}, "K4": {"distribution": "normal", "mean": 32.75477400710304, "std": 4.764065886738993}, "K2": {"distribution": "normal", "mean": 31.856907319394214, "std": 2.655755306663454}, "K1": {"distribution": "normal", "mean": 25.932463051266794, "std": 2.1832870888527443}, "K5": {"distribution": "normal", "mean": 15.094017305878218, "std": 2.0221896101296353}}, "compatibleConfigurations": ["K3", "K4", "K2", "K1", "K5"]}, "O2": {"estimatedTestTime": {"K2": {"distribution": "normal", "mean": 31.917152939272622, "std": 2.165746769313354}, "K5": {"distribution": "normal", "mean": 17.630867012587707, "std": 4.136431562703182}, "K3": {"distribution": "normal", "mean": 44.559260214838524, "std": 2.6329711571673267}, "K4": {"distribution": "normal", "mean": 33.94472006538637, "std": 4.629387113695101}, "K1": {"distribution": "normal", "mean": 48.88430673070454, "std": 2.8196185747965217}}, "compatibleConfigurations": ["K2", "K5", "K3", "K4", "K1"]}, "O3": {"estimatedTestTime": {"K1": {"distribution": "normal", "mean": 37.99472555702231, "std": 2.257721552722172}, "K4": {"distribution": "normal", "mean": 35.23342788025829, "std": 2.9432916993919434}, "K3": {"distribution": "normal", "mean": 35.915622919160164, "std": 2.2017125304118195}, "K5": {"distribution": "normal", "mean": 12.056778078245648, "std": 4.584800816435875}, "K2": {"distribution": "normal", "mean": 23.45661222809698, "std": 2.981443133829254}}, "compatibleConfigurations": ["K1", "K4", "K3", "K5", "K2"]}, "O4": {"estimatedTestTime": {"K5": {"distribution": "normal", "mean": 26.49485651528291, "std": 4.835277478689711}, "K4": {"distribution": "normal", "mean": 39.21039809788033, "std": 3.1165789873338694}, "K3": {"distribution": "normal", "mean": 23.955093850873745, "std": 3.102392692686405}, "K2": {"distribution": "normal", "mean": 14.984077242496136, "std": 3.0163795203938726}, "K1": {"distribution": "normal", "mean": 36.534229097221605, "std": 4.905946243550382}}, "compatibleConfigurations": ["K5", "K4", "K3", "K2", "K1"]}, "O5": {"estimatedTestTime": {"K3": {"distribution": "normal", "mean": 18.68466615115606, "std": 3.147326362884365}, "K5": {"distribution": "normal", "mean": 10.937203860298101, "std": 4.350082211585914}, "K4": {"distribution": "normal", "mean": 34.990918523618305, "std": 4.791363860121816}, "K2": {"distribution": "normal", "mean": 18.44899575303867, "std": 2.2450486046743325}, "K1": {"distribution": "normal", "mean": 33.5681043636627, "std": 4.141439485739136}}, "compatibleConfigurations": ["K3", "K5", "K4", "K2", "K1"]}, "O6": {"estimatedTestTime": {"K5": {"distribution": "normal", "mean": 9.348443026757995, "std": 2.6150500764886746}, "K2": {"distribution": "normal", "mean": 35.744426292719865, "std": 2.6617879437970537}, "K1": {"distribution": "normal", "mean": 4.073894154731166, "std": 4.090960733995195}, "K3": {"distribution": "normal", "mean": 19.378404298877598, "std": 3.777338253219047}, "K4": {"distribution": "normal", "mean": 23.20373134706295, "std": 2.7558937468241718}}, "compatibleConfigurations": ["K5", "K2", "K1", "K3", "K4"]}, "O7": {"estimatedTestTime": {"K4": {"distribution": "normal", "mean": 11.89112207317289, "std": 4.991551832896789}, "K5": {"distribution": "normal", "mean": 21.726413813518086, "std": 3.7273181936468194}, "K2": {"distribution": "normal", "mean": 8.135447137327196, "std": 2.5832676978230205}, "K1": {"distribution": "normal", "mean": 8.791636788636511, "std": 4.350023938482611}, "K3": {"distribution": "normal", "mean": 5.271332577157121, "std": 2.073868059757669}}, "compatibleConfigurations": ["K4", "K5", "K2", "K1", "K3"]}, "O8": {"estimatedTestTime": {"K1": {"distribution": "normal", "mean": 7.82282161914819, "std": 4.088647625666725}, "K2": {"distribution": "normal", "mean": 48.333208398121016, "std": 4.140744363607038}, "K4": {"distribution": "normal", "mean": 3.8554465684091177, "std": 2.0766371418537286}, "K3": {"distribution": "normal", "mean": 41.12839558882374, "std": 2.9881701736711386}, "K5": {"distribution": "normal", "mean": 19.50715814333222, "std": 3.00164818186712}}, "compatibleConfigurations": ["K1", "K2", "K4", "K3", "K5"]}, "O9": {"estimatedTestTime": {"K3": {"distribution": "normal", "mean": 31.133218484105694, "std": 4.728163448463616}, "K4": {"distribution": "normal", "mean": 40.90615111419265, "std": 4.707691263133553}, "K1": {"distribution": "normal", "mean": 44.66758792718869, "std": 3.5835166005752654}, "K2": {"distribution": "normal", "mean": 4.390040073037646, "std": 2.104943396445735}, "K5": {"distribution": "normal", "mean": 2.0305758204596334, "std": 4.3386377637088085}}, "compatibleConfigurations": ["K3", "K4", "K1", "K2", "K5"]}, "O10": {"estimatedTestTime": {"K1": {"distribution": "normal", "mean": 6.987482104823037, "std": 2.381616572314758}, "K2": {"distribution": "normal", "mean": 41.23358303042014, "std": 4.185852392043605}, "K4": {"distribution": "normal", "mean": 11.517987008210861, "std": 4.207021619892551}, "K3": {"distribution": "normal", "mean": 13.365440447303895, "std": 3.7633166824175985}, "K5": {"distribution": "normal", "mean": 16.038492665289027, "std": 4.49054685719844}}, "compatibleConfigurations": ["K1", "K2", "K4", "K3", "K5"]}, "O11": {"estimatedTestTime": {"K1": {"distribution": "normal", "mean": 2.0242670090946238, "std": 2.723685381417386}, "K4": {"distribution": "normal", "mean": 33.295933421808, "std": 4.806019871160046}, "K3": {"distribution": "normal", "mean": 33.621634734018954, "std": 3.240882995856555}, "K5": {"distribution": "normal", "mean": 47.79034426646926, "std": 2.817497035915288}, "K2": {"distribution": "normal", "mean": 36.30627149710793, "std": 2.408897786718871}}, "compatibleConfigurations": ["K1", "K4", "K3", "K5", "K2"]}, "O12": {"estimatedTestTime": {"K2": {"distribution": "normal", "mean": 46.49895357357592, "std": 2.8889637777820347}, "K4": {"distribution": "normal", "mean": 20.151057796685787, "std": 3.024890601985695}, "K5": {"distribution": "normal", "mean": 20.004672262866702, "std": 2.302523927084756}, "K1": {"distribution": "normal", "mean": 12.692032954950374, "std": 3.577118662815662}, "K3": {"distribution": "normal", "mean": 13.077258030849062, "std": 2.9566048911891367}}, "compatibleConfigurations": ["K2", "K4", "K5", "K1", "K3"]}, "O13": {"estimatedTestTime": {"K1": {"distribution": "normal", "mean": 13.15308363798466, "std": 3.834148325363607}, "K3": {"distribution": "normal", "mean": 30.365885518793668, "std": 2.5456591654947456}, "K4": {"distribution": "normal", "mean": 5.648281622492114, "std": 3.7515282523301066}, "K2": {"distribution": "normal", "mean": 6.556234064960853, "std": 3.221550527926458}, "K5": {"distribution": "normal", "mean": 7.018746753758753, "std": 4.517901654410942}}, "compatibleConfigurations": ["K1", "K3", "K4", "K2", "K5"]}, "O14": {"estimatedTestTime": {"K5": {"distribution": "normal", "mean": 17.336541162372285, "std": 3.756647793578429}, "K3": {"distribution": "normal", "mean": 40.23272243667908, "std": 2.0361879477456406}, "K1": {"distribution": "normal", "mean": 13.77195844396847, "std": 2.2155534541921}, "K2": {"distribution": "normal", "mean": 23.450300043946655, "std": 2.5772333832230574}, "K4": {"distribution": "normal", "mean": 8.595654720285664, "std": 2.528644825056251}},