{"configurations": {"count": 2, "items": {"K1": {"index": 0, "setupTimes": [0, 14]}, "K2": {"index": 1, "setupTimes": [18, 0]}}}, "testers": {"count": 2, "items": {"T1": {"supportedConfigurations": ["K2", "K1"]}, "T2": {"supportedConfigurations": ["K1", "K2"]}}}, "operations": {"count": 14, "items": {"O1": {"estimatedTestTime": {"K2": {"distribution": "normal", "mean": 388.3823131707093, "std": 2.7789717337948323}, "K1": {"distribution": "normal", "mean": 186.20298834235646, "std": 4.883846108136369}}, "compatibleConfigurations": ["K2", "K1"]}, "O2": {"estimatedTestTime": {"K2": {"distribution": "normal", "mean": 130.84486468393987, "std": 4.285718287917}, "K1": {"distribution": "normal", "mean": 247.34207031378153, "std": 2.225448685626924}}, "compatibleConfigurations": ["K2", "K1"]}, "O3": {"estimatedTestTime": {"K1": {"distribution": "normal", "mean": 5.575865992682687, "std": 2.64214474615087}, "K2": {"distribution": "normal", "mean": 194.91364778316364, "std": 2.4446434761758598}}, "compatibleConfigurations": ["K1", "K2"]}, "O4": {"estimatedTestTime": {"K2": {"distribution": "normal", "mean": 216.82097533846292, "std": 4.14618138926196}, "K1": {"distribution": "normal", "mean": 103.38390880304071, "std": 3.297280868827652}}, "compatibleConfigurations": ["K2", "K1"]}, "O5": {"estimatedTestTime": {"K1": {"distribution": "normal", "mean": 337.66802171964565, "std": 2.2716881948460887}, "K2": {"distribution": "normal", "mean": 176.3805088465777, "std": 4.889731880172111}}, "compatibleConfigurations": ["K1", "K2"]}, "O6": {"estimatedTestTime": {"K1": {"distribution": "normal", "mean": 307.5629455259349, "std": 4.981992098107464}, "K2": {"distribution": "normal", "mean": 83.34100530272048, "std": 2.778964892668178}}, "compatibleConfigurations": ["K1", "K2"]}, "O7": {"estimatedTestTime": {"K2": {"distribution": "normal", "mean": 316.7347259744592, "std": 2.705535294862396}, "K1": {"distribution": "normal", "mean": 396.14115436893036, "std": 2.021378403043551}}, "compatibleConfigurations": ["K2", "K1"]}, "O8": {"estimatedTestTime": {"K2": {"distribution": "normal", "mean": 51.58689148397257, "std": 4.17162668894962}, "K1": {"distribution": "normal", "mean": 297.06913255325935, "std": 3.1292860350006357}}, "compatibleConfigurations": ["K2", "K1"]}, "O9": {"estimatedTestTime": {"K1": {"distribution": "normal", "mean": 453.5258436890146, "std": 4.8469764956026475}, "K2": {"distribution": "normal", "mean": 319.0233695936763, "std": 3.363332369012763}}, "compatibleConfigurations": ["K1", "K2"]}, "O10": {"estimatedTestTime": {"K2": {"distribution": "normal", "mean": 415.83982928589745, "std": 4.46607279789804}, "K1": {"distribution": "normal", "mean": 478.05171037220504, "std": 4.512759907560845}}, "compatibleConfigurations": ["K2", "K1"]}, "O11": {"estimatedTestTime": {"K2": {"distribution": "normal", "mean": 499.5159430310396, "std": 4.296871112136693}, "K1": {"distribution": "normal", "mean": 430.75825618515165, "std": 4.141941276245667}}, "compatibleConfigurations": ["K2", "K1"]}, "O12": {"estimatedTestTime": {"K1": {"distribution": "normal", "mean": 345.20607219944327, "std": 2.093440758832336}, "K2": {"distribution": "normal", "mean": 91.92801633118908, "std": 3.095408245980538}}, "compatibleConfigurations": ["K1", "K2"]}, "O13": {"estimatedTestTime": {"K2": {"distribution": "normal", "mean": 100.93425463221628, "std": 2.20708792973719}, "K1": {"distribution": "normal", "mean": 83.56547209865789, "std": 2.5137522115311723}}, "compatibleConfigurations": ["K2", "K1"]}, "O14": {"estimatedTestTime": {"K1": {"distribution": "normal", "mean": 316.88369470175866, "std": 4.971168602281532}, "K2": {"distribution": "normal", "mean": 382.4645363929273, "std": 3.5399725506218296}}, "compatibleConfigurations": ["K1", "K2"]}}}, "products": {"count": 2, "items": {"P1": {"index": 0, "arrival": 0, "quantity": 5, "duedate": 4773.838809207272, "operations": ["O8", "O13", "O6", "O9", "O12", "O7", "O14", "O2", "O10", "O5", "O4", "O11", "O1"], "dependencies": [[1, 0], [2, 0], [3, 2], [4, 0], [4, 1], [4, 2], [4, 3], [5, 0], [5, 2], [6, 1], [6, 2], [6, 4], [7, 0], [7, 2], [7, 3], [7, 6], [8, 3], [8, 5], [9, 0], [9, 1], [9, 2], [9, 3], [9, 4], [9, 7], [9, 8], [10, 0], [10, 3], [10, 7], [11, 1], [11, 8], [12, 0], [12, 1], [12, 8], [12, 9], [12, 11]]}, "P2": {"index": 1, "arrival": 82.17416654981928, "quantity": 5, "duedate": 2412.1273415886853, "operations": ["O10", "O12", "O6", "O8", "O14"], "dependencies": [[1, 0], [2, 1], [3, 1], [4, 1]]}}}}