{"configurations": {"count": 2, "items": {"K1": {"index": 0, "setupTimes": [0, 24]}, "K2": {"index": 1, "setupTimes": [37, 0]}}}, "testers": {"count": 2, "items": {"T1": {"supportedConfigurations": ["K2", "K1"]}, "T2": {"supportedConfigurations": ["K1", "K2"]}}}, "operations": {"count": 19, "items": {"O1": {"estimatedTestTime": {"K1": {"distribution": "normal", "mean": 489.2647649589686, "std": 3.6455140387156324}, "K2": {"distribution": "normal", "mean": 428.75034086157723, "std": 3.226866549409422}}, "compatibleConfigurations": ["K1", "K2"]}, "O2": {"estimatedTestTime": {"K2": {"distribution": "normal", "mean": 13.061885647095645, "std": 4.191285263520283}, "K1": {"distribution": "normal", "mean": 488.63681072750046, "std": 4.230348336316423}}, "compatibleConfigurations": ["K2", "K1"]}, "O3": {"estimatedTestTime": {"K1": {"distribution": "normal", "mean": 83.22124132735026, "std": 3.647533231621309}, "K2": {"distribution": "normal", "mean": 78.10762363607127, "std": 3.105719224928644}}, "compatibleConfigurations": ["K1", "K2"]}, "O4": {"estimatedTestTime": {"K2": {"distribution": "normal", "mean": 242.36037196355818, "std": 3.491320683690569}, "K1": {"distribution": "normal", "mean": 168.7098679093891, "std": 2.0170651947219356}}, "compatibleConfigurations": ["K2", "K1"]}, "O5": {"estimatedTestTime": {"K1": {"distribution": "normal", "mean": 465.3052968029978, "std": 2.4431049157796503}, "K2": {"distribution": "normal", "mean": 327.37518615366173, "std": 4.292248794219487}}, "compatibleConfigurations": ["K1", "K2"]}, "O6": {"estimatedTestTime": {"K2": {"distribution": "normal", "mean": 405.7757937623172, "std": 3.296588869950885}, "K1": {"distribution": "normal", "mean": 277.75082646520735, "std": 3.67908129850895}}, "compatibleConfigurations": ["K2", "K1"]}, "O7": {"estimatedTestTime": {"K2": {"distribution": "normal", "mean": 221.35976722810784, "std": 4.190612596860801}, "K1": {"distribution": "normal", "mean": 49.64706373182137, "std": 3.5057761089596666}}, "compatibleConfigurations": ["K2", "K1"]}, "O8": {"estimatedTestTime": {"K1": {"distribution": "normal", "mean": 90.15882201024624, "std": 2.4716768291409728}, "K2": {"distribution": "normal", "mean": 339.5699917351558, "std": 2.798161566446529}}, "compatibleConfigurations": ["K1", "K2"]}, "O9": {"estimatedTestTime": {"K2": {"distribution": "normal", "mean": 127.94629723376696, "std": 4.950038891273513}, "K1": {"distribution": "normal", "mean": 356.84329760127264, "std": 3.7053643305263275}}, "compatibleConfigurations": ["K2", "K1"]}, "O10": {"estimatedTestTime": {"K1": {"distribution": "normal", "mean": 323.43411173535293, "std": 4.262308023919015}, "K2": {"distribution": "normal", "mean": 299.80116369489906, "std": 2.976080977315496}}, "compatibleConfigurations": ["K1", "K2"]}, "O11": {"estimatedTestTime": {"K2": {"distribution": "normal", "mean": 218.33007568559398, "std": 3.7256897330886276}, "K1": {"distribution": "normal", "mean": 433.30836697726124, "std": 2.5265318167656385}}, "compatibleConfigurations": ["K2", "K1"]}, "O12": {"estimatedTestTime": {"K2": {"distribution": "normal", "mean": 228.71906175880366, "std": 2.098279920229671}, "K1": {"distribution": "normal", "mean": 28.962510714261473, "std": 3.239648479652586}}, "compatibleConfigurations": ["K2", "K1"]}, "O13": {"estimatedTestTime": {"K2": {"distribution": "normal", "mean": 227.94254563771042, "std": 4.812655961663166}, "K1": {"distribution": "normal", "mean": 38.61109510474531, "std": 2.547018377528855}}, "compatibleConfigurations": ["K2", "K1"]}, "O14": {"estimatedTestTime": {"K2": {"distribution": "normal", "mean": 353.1083452373997, "std": 3.2165374212404365}, "K1": {"distribution": "normal", "mean": 63.75648228529507, "std": 4.711031727415824}}, "compatibleConfigurations": ["K2", "K1"]}, "O15": {"estimatedTestTime": {"K1": {"distribution": "normal", "mean": 323.7612676540737, "std": 2.154400795346953}, "K2": {"distribution": "normal", "mean": 191.960542289019, "std": 2.6775027828516893}}, "compatibleConfigurations": ["K1", "K2"]}, "O16": {"estimatedTestTime": {"K1": {"distribution": "normal", "mean": 219.04744060773086, "std": 4.654521030143}, "K2": {"distribution": "normal", "mean": 461.3276952763658, "std": 4.762627651881918}}, "compatibleConfigurations": ["K1", "K2"]}, "O17": {"estimatedTestTime": {"K1": {"distribution": "normal", "mean": 453.61017507794236, "std": 3.9087609987340484}, "K2": {"distribution": "normal", "mean": 280.3220308847751, "std": 3.9941905830306847}}, "compatibleConfigurations": ["K1", "K2"]}, "O18": {"estimatedTestTime": {"K2": {"distribution": "normal", "mean": 50.72249129379333, "std": 2.530733617409489}, "K1": {"distribution": "normal", "mean": 446.415009164142, "std": 2.334946895571093}}, "compatibleConfigurations": ["K2", "K1"]}, "O19": {"estimatedTestTime": {"K2": {"distribution": "normal", "mean": 421.292693171186, "std": 4.094992315703885}, "K1": {"distribution": "normal", "mean": 38.16849202659473, "std": 3.3148198528906003}}, "compatibleConfigurations": ["K2", "K1"]}}}, "products": {"count": 6, "items": {"P1": {"index": 0, "arrival": 0, "quantity": 3, "duedate": 1168.8470814711873, "operations": ["O19", "O2", "O16", "O18", "O6"], "dependencies": [[1, 0], [3, 0], [4, 2], [4, 3]]}, "P2": {"index": 1, "arrival": 90.1403267533025, "quantity": 2, "duedate": 1403.083328838134, "operations": ["O8", "O2", "O11", "O18", "O7", "O13", "O14", "O19", "O17", "O15", "O16", "O9"], "dependencies": [[1, 0], [2, 0], [3, 0], [4, 0], [4, 1], [4, 3], [5, 1], [6, 0], [6, 1], [6, 2], [6, 3], [6, 5], [7, 1], [7, 6], [8, 0], [8, 3], [8, 4], [9, 0], [9, 2], [9, 3], [9, 8], [10, 0], [10, 1], [10, 3], [10, 4], [10, 7], [10, 8], [11, 2], [11, 3], [11, 4], [11, 6], [11, 8]]}, "P3": {"index": 2, "arrival": 146.9261221484147, "quantity": 4, "duedate": 4204.673882339844, "operations": ["O6", "O16", "O2", "O9", "O10", "O1", "O19", "O7", "O3", "O4", "O13", "O14", "O11"], "dependencies": [[1, 0], [2, 0], [2, 1], [3, 1], [3, 2], [4, 1], [4, 2], [5, 0], [6, 1], [6, 2], [6, 3], [7, 1], [7, 3], [7, 4], [8, 1], [8, 3], [8, 7], [9, 1], [9, 4], [9, 6], [9, 8], [10, 1], [10, 3], [10, 4], [10, 9], [11, 2], [11, 3], [11, 6], [11, 8], [12, 0], [12, 1], [12, 8], [12, 9], [12, 10], [12, 11]]}, "P4": {"index": 3, "arrival": 232.53316724699118, "quantity": 5, "duedate": 4517.280633335095, "operations": ["O9", "O4", "O13", "O11", "O8", "O1", "O14", "O6", "O17", "O18", "O2", "O10", "O5", "O3", "O19"], "dependencies": [[2, 1], [4, 3], [5, 2], [6, 2], [6, 3], [6, 0], [7, 3], [7, 6], [8, 1], [8, 2], [8, 4], [8, 5], [8, 6], [9, 5], [10, 1], [10, 2], [10, 5], [10, 8], [11, 5], [11, 10], [13, 3], [13, 4], [13, 6], [13, 9], [13, 11], [14, 4], [14, 6], [14, 7], [14, 8], [14, 9], [14, 12]]}, "P5": {"index": 4, "arrival": 298.15843472823445, "quantity": 2, "duedate": 1325.3772088140802, "operations": ["O14", "O5", "O3", "O2", "O12", "O19", "O17", "O15", "O9"], "dependencies": [[1, 0], [3, 1], [4, 0], [4, 1], [4, 2], [5, 2], [5, 4], [6, 4], [7, 0], [7, 3], [7, 4], [8, 1]]}, "P6": {"index": 5, "arrival": 376.558207886676, "quantity": 4, "duedate": 2764.4358316290964, "operations": ["O9", "O19", "O18", "O16", "O3", "O12", "O11", "O6", "O13"], "dependencies": [[1, 0], [2, 0], [2, 1], [4, 2], [5, 2], [5, 3], [5, 4], [6, 2], [6, 5], [7, 1], [8, 0], [8, 2]]}}}}