{"configurations": {"count": 5, "items": {"K1": {"index": 0, "setupTimes": [0, 5, 5, 5, 5]}, "K2": {"index": 1, "setupTimes": [5, 0, 5, 5, 5]}, "K3": {"index": 2, "setupTimes": [5, 5, 0, 5, 5]}, "K4": {"index": 3, "setupTimes": [5, 5, 5, 0, 5]}, "K5": {"index": 4, "setupTimes": [5, 5, 5, 5, 0]}}}, "testers": {"count": 5, "items": {"T1": {"supportedConfigurations": ["K3", "K1"]}, "T2": {"supportedConfigurations": ["K3", "K4"]}, "T3": {"supportedConfigurations": ["K4", "K1"]}, "T4": {"supportedConfigurations": ["K1", "K4", "K5"]}, "T5": {"supportedConfigurations": ["K1", "K2"]}}}, "operations": {"count": 15, "items": {"O1": {"estimatedTestTime": {"K1": {"distribution": "normal", "mean": 41.3637416095671, "std": 2.9145115465343103}, "K5": {"distribution": "normal", "mean": 28.02094431642167, "std": 3.443112383755186}, "K3": {"distribution": "normal", "mean": 38.05874815868867, "std": 4.283635103709892}, "K4": {"distribution": "normal", "mean": 37.93798786059415, "std": 3.8137659430321564}, "K2": {"distribution": "normal", "mean": 43.8913517173758, "std": 4.3272647842594765}}, "compatibleConfigurations": ["K1", "K5", "K3", "K4", "K2"]}, "O2": {"estimatedTestTime": {"K3": {"distribution": "normal", "mean": 22.01832490099884, "std": 2.5377181200636105}, "K5": {"distribution": "normal", "mean": 25.991309860297243, "std": 4.919363022397777}, "K2": {"distribution": "normal", "mean": 49.07479715033871, "std": 2.904314553391302}, "K4": {"distribution": "normal", "mean": 29.770946134888618, "std": 2.563023154564631}, "K1": {"distribution": "normal", "mean": 13.413154065974817, "std": 2.247856887202764}}, "compatibleConfigurations": ["K3", "K5", "K2", "K4", "K1"]}, "O3": {"estimatedTestTime": {"K2": {"distribution": "normal", "mean": 22.71772518536411, "std": 2.9841584519009654}, "K1": {"distribution": "normal", "mean": 20.8053079026078, "std": 3.301641641293792}, "K3": {"distribution": "normal", "mean": 45.624994676558224, "std": 4.283677174727429}, "K5": {"distribution": "normal", "mean": 28.861498571898764, "std": 3.485809643562222}, "K4": {"distribution": "normal", "mean": 17.00737266955717, "std": 2.183039805965266}}, "compatibleConfigurations": ["K2", "K1", "K3", "K5", "K4"]}, "O4": {"estimatedTestTime": {"K5": {"distribution": "normal", "mean": 42.89380366074927, "std": 2.320489987026609}, "K2": {"distribution": "normal", "mean": 36.813303291563216, "std": 2.747280859723065}, "K3": {"distribution": "normal", "mean": 21.455499478749907, "std": 2.7659843676688487}, "K1": {"distribution": "normal", "mean": 44.485443031720635, "std": 3.993166537120116}, "K4": {"distribution": "normal", "mean": 2.7158526305254203, "std": 2.420364109097331}}, "compatibleConfigurations": ["K5", "K2", "K3", "K1", "K4"]}, "O5": {"estimatedTestTime": {"K1": {"distribution": "normal", "mean": 38.08715953900229, "std": 3.143855373812362}, "K4": {"distribution": "normal", "mean": 19.046839638448343, "std": 3.884402876989208}, "K5": {"distribution": "normal", "mean": 49.634652401627946, "std": 3.496908712211378}, "K3": {"distribution": "normal", "mean": 35.82247615464563, "std": 3.1201881702615197}, "K2": {"distribution": "normal", "mean": 32.72952916750852, "std": 3.828204236231911}}, "compatibleConfigurations": ["K1", "K4", "K5", "K3", "K2"]}, "O6": {"estimatedTestTime": {"K4": {"distribution": "normal", "mean": 23.912973912941126, "std": 2.9854865206853898}, "K2": {"distribution": "normal", "mean": 2.6227635660182305, "std": 2.6920675783948687}, "K1": {"distribution": "normal", "mean": 23.726077211589228, "std": 4.898095074134718}, "K5": {"distribution": "normal", "mean": 37.951676710593205, "std": 3.6830818938472696}, "K3": {"distribution": "normal", "mean": 16.743344982200426, "std": 3.1476966138332}}, "compatibleConfigurations": ["K4", "K2", "K1", "K5", "K3"]}, "O7": {"estimatedTestTime": {"K2": {"distribution": "normal", "mean": 24.54513738696651, "std": 2.1835475974382037}, "K3": {"distribution": "normal", "mean": 40.39463808716598, "std": 4.207237204315437}, "K5": {"distribution": "normal", "mean": 31.920332241626937, "std": 2.7420274722671705}, "K4": {"distribution": "normal", "mean": 4.525528619071386, "std": 2.2687097963898215}, "K1": {"distribution": "normal", "mean": 38.12324411687611, "std": 3.8960191172117593}}, "compatibleConfigurations": ["K2", "K3", "K5", "K4", "K1"]}, "O8": {"estimatedTestTime": {"K3": {"distribution": "normal", "mean": 6.1985627572259006, "std": 3.9167414715997246}, "K4": {"distribution": "normal", "mean": 4.060726768406115, "std": 4.882948980020343}, "K2": {"distribution": "normal", "mean": 49.528780614496384, "std": 3.9979393240703214}, "K1": {"distribution": "normal", "mean": 6.816446690839477, "std": 3.677198358769631}, "K5": {"distribution": "normal", "mean": 8.281931561401338, "std": 3.321074312250789}}, "compatibleConfigurations": ["K3", "K4", "K2", "K1", "K5"]}, "O9": {"estimatedTestTime": {"K4": {"distribution": "normal", "mean": 23.423366053203985, "std": 4.601276749178979}, "K5": {"distribution": "normal", "mean": 21.28420884453957, "std": 2.296049708778545}, "K1": {"distribution": "normal", "mean": 49.0465120416613, "std": 2.6410865635394813}, "K3": {"distribution": "normal", "mean": 20.399503641833856, "std": 3.124081501144314}, "K2": {"distribution": "normal", "mean": 8.341884807698422, "std": 4.663892663317165}}, "compatibleConfigurations": ["K4", "K5", "K1", "K3", "K2"]}, "O10": {"estimatedTestTime": {"K3": {"distribution": "normal", "mean": 36.43193391079116, "std": 2.193784263947274}, "K5": {"distribution": "normal", "mean": 22.760544571481987, "std": 3.3724702790726404}, "K1": {"distribution": "normal", "mean": 28.699258943217792, "std": 4.708518499435704}, "K4": {"distribution": "normal", "mean": 10.2191953176943, "std": 2.490500506335938}, "K2": {"distribution": "normal", "mean": 19.71063810362697, "std": 2.510657683680728}}, "compatibleConfigurations": ["K3", "K5", "K1", "K4", "K2"]}, "O11": {"estimatedTestTime": {"K1": {"distribution": "normal", "mean": 7.846502026736831, "std": 2.599379936703428}, "K4": {"distribution": "normal", "mean": 24.080053992535298, "std": 2.9720956766452296}, "K5": {"distribution": "normal", "mean": 25.30077695807693, "std": 4.316432954550306}, "K3": {"distribution": "normal", "mean": 42.09827368504266, "std": 3.6111058050027287}, "K2": {"distribution": "normal", "mean": 21.845059857006568, "std": 2.402732480794432}}, "compatibleConfigurations": ["K1", "K4", "K5", "K3", "K2"]}, "O12": {"estimatedTestTime": {"K4": {"distribution": "normal", "mean": 34.377196866470186, "std": 2.3132167837505344}, "K3": {"distribution": "normal", "mean": 47.07660881318295, "std": 4.1360646702859665}, "K2": {"distribution": "normal", "mean": 31.73601184558099, "std": 4.086835828631395}, "K5": {"distribution": "normal", "mean": 17.61310590302479, "std": 3.0833488372158726}, "K1": {"distribution": "normal", "mean": 10.094413877290473, "std": 4.730331576255786}}, "compatibleConfigurations": ["K4", "K3", "K2", "K5", "K1"]}, "O13": {"estimatedTestTime": {"K1": {"distribution": "normal", "mean": 35.02298982533261, "std": 4.500955590257766}, "K2": {"distribution": "normal", "mean": 23.238708110495544, "std": 2.7921351910997014}, "K4": {"distribution": "normal", "mean": 3.241004652072677, "std": 4.366133807270389}, "K3": {"distribution": "normal", "mean": 47.29833403395273, "std": 4.9521084586775626}, "K5": {"distribution": "normal", "mean": 27.593081649111703, "std": 3.006950961127043}}, "compatibleConfigurations": ["K1", "K2", "K4", "K3", "K5"]}, "O14": {"estimatedTestTime": {"K5": {"distribution": "normal", "mean": 13.217185189895618, "std": 3.148292143744056}, "K2": {"distribution": "normal", "mean": 33.63515738078113, "std": 4.714528660320811}, "K3": {"distribution": "normal", "mean": 28.907049821751222, "std": 2.174355838375056}, "K1": {"distribution": "normal", "mean": 42.92835800534723, "std": 2.1086230415989724}, "K4": {"distribution": "normal", "mean": 20.108230417611452, "std": 3.024580194405976}},