{"configurations": {"count": 2, "items": {"K1": {"index": 0, "setupTimes": [0, 1]}, "K2": {"index": 1, "setupTimes": [6, 0]}}}, "testers": {"count": 4, "items": {"T1": {"supportedConfigurations": ["K1", "K2"]}, "T2": {"supportedConfigurations": ["K2", "K1"]}, "T3": {"supportedConfigurations": ["K1", "K2"]}, "T4": {"supportedConfigurations": ["K1", "K2"]}}}, "operations": {"count": 20, "items": {"O1": {"estimatedTestTime": {"K2": {"distribution": "normal", "mean": 16.155333504842528, "std": 2.0412544178962153}, "K1": {"distribution": "normal", "mean": 35.239811760186214, "std": 3.9546933240004436}}, "compatibleConfigurations": ["K2", "K1"]}, "O2": {"estimatedTestTime": {"K2": {"distribution": "normal", "mean": 46.851388249979024, "std": 4.272590555276393}, "K1": {"distribution": "normal", "mean": 28.588516934851956, "std": 4.951678737517156}}, "compatibleConfigurations": ["K2", "K1"]}, "O3": {"estimatedTestTime": {"K1": {"distribution": "normal", "mean": 3.1868694614270368, "std": 2.6519899470272503}, "K2": {"distribution": "normal", "mean": 2.284606577832214, "std": 4.484254837735797}}, "compatibleConfigurations": ["K1", "K2"]}, "O4": {"estimatedTestTime": {"K2": {"distribution": "normal", "mean": 2.715505717889277, "std": 2.7576839706446123}, "K1": {"distribution": "normal", "mean": 14.530599386559173, "std": 2.3288416892760964}}, "compatibleConfigurations": ["K2", "K1"]}, "O5": {"estimatedTestTime": {"K2": {"distribution": "normal", "mean": 21.258162749542283, "std": 3.514687631454099}, "K1": {"distribution": "normal", "mean": 7.833768853180443, "std": 4.40537219982224}}, "compatibleConfigurations": ["K2", "K1"]}, "O6": {"estimatedTestTime": {"K2": {"distribution": "normal", "mean": 29.630680425692105, "std": 4.20486624790035}, "K1": {"distribution": "normal", "mean": 43.796750797536774, "std": 2.634069375649375}}, "compatibleConfigurations": ["K2", "K1"]}, "O7": {"estimatedTestTime": {"K2": {"distribution": "normal", "mean": 21.93823721557848, "std": 4.545273463247055}, "K1": {"distribution": "normal", "mean": 34.30419222941029, "std": 4.197981421976382}}, "compatibleConfigurations": ["K2", "K1"]}, "O8": {"estimatedTestTime": {"K2": {"distribution": "normal", "mean": 30.928495911193274, "std": 4.787406785272179}, "K1": {"distribution": "normal", "mean": 25.739940835253716, "std": 3.188454711151663}}, "compatibleConfigurations": ["K2", "K1"]}, "O9": {"estimatedTestTime": {"K2": {"distribution": "normal", "mean": 29.804073947195384, "std": 3.427979186967439}, "K1": {"distribution": "normal", "mean": 45.63444859153806, "std": 2.6759859537379604}}, "compatibleConfigurations": ["K2", "K1"]}, "O10": {"estimatedTestTime": {"K1": {"distribution": "normal", "mean": 45.36174001572203, "std": 4.565762793632546}, "K2": {"distribution": "normal", "mean": 47.28336710261692, "std": 4.119822447068594}}, "compatibleConfigurations": ["K1", "K2"]}, "O11": {"estimatedTestTime": {"K1": {"distribution": "normal", "mean": 31.347611603749897, "std": 4.546466555467727}, "K2": {"distribution": "normal", "mean": 36.726789694544166, "std": 4.9974284903093675}}, "compatibleConfigurations": ["K1", "K2"]}, "O12": {"estimatedTestTime": {"K1": {"distribution": "normal", "mean": 12.580577720063289, "std": 3.0714535903878457}, "K2": {"distribution": "normal", "mean": 44.20297887419482, "std": 4.7531810714226195}}, "compatibleConfigurations": ["K1", "K2"]}, "O13": {"estimatedTestTime": {"K2": {"distribution": "normal", "mean": 45.512193452926624, "std": 2.9896115040464135}, "K1": {"distribution": "normal", "mean": 33.07577563267722, "std": 2.5922977107706195}}, "compatibleConfigurations": ["K2", "K1"]}, "O14": {"estimatedTestTime": {"K1": {"distribution": "normal", "mean": 48.41312223554119, "std": 3.5420593975365904}, "K2": {"distribution": "normal", "mean": 7.382682571695881, "std": 4.496197420799739}}, "compatibleConfigurations": ["K1", "K2"]}, "O15": {"estimatedTestTime": {"K1": {"distribution": "normal", "mean": 22.994422305455537, "std": 4.650218239484473}, "K2": {"distribution": "normal", "mean": 19.387041524158764, "std": 2.965002064698515}}, "compatibleConfigurations": ["K1", "K2"]}, "O16": {"estimatedTestTime": {"K2": {"distribution": "normal", "mean": 39.245030384879215, "std": 2.0628083164540345}, "K1": {"distribution": "normal", "mean": 10.233025284682162, "std": 4.7316914606458855}}, "compatibleConfigurations": ["K2", "K1"]}, "O17": {"estimatedTestTime": {"K2": {"distribution": "normal", "mean": 23.81446032775822, "std": 2.007932644887543}, "K1": {"distribution": "normal", "mean": 33.63040928662978, "std": 4.937475513909705}}, "compatibleConfigurations": ["K2", "K1"]}, "O18": {"estimatedTestTime": {"K2": {"distribution": "normal", "mean": 20.53459130735199, "std": 4.983380507433868}, "K1": {"distribution": "normal", "mean": 41.97537268499831, "std": 4.788732017451063}}, "compatibleConfigurations": ["K2", "K1"]}, "O19": {"estimatedTestTime": {"K1": {"distribution": "normal", "mean": 21.672647022996408, "std": 2.1494019500772827}, "K2": {"distribution": "normal", "mean": 3.1864137736718803, "std": 4.103810649806558}}, "compatibleConfigurations": ["K1", "K2"]}, "O20": {"estimatedTestTime": {"K1": {"distribution": "normal", "mean": 36.82435503576808, "std": 3.5147171602462333}, "K2": {"distribution": "normal", "mean": 18.377705154317646, "std": 3.213542656731632}}, "compatibleConfigurations": ["K1", "K2"]}}}, "products": {"count": 2, "items": {"P1": {"index": 0, "arrival": 0, "quantity": 5, "duedate": 79.19439146757539, "operations": ["O20", "O13", "O4", "O3", "O14"], "dependencies": [[1, 0], [3, 2], [4, 0], [4, 3]]}, "P2": {"index": 1, "arrival": 39.60363118130816, "quantity": 3, "duedate": 121.4216553424486, "operations": ["O16", "O9", "O20", "O15"], "dependencies": [[1, 0], [2, 1], [3, 1]]}}}}