{"configurations": {"count": 3, "items": {"K1": {"index": 0, "setupTimes": [0, 7, 0]}, "K2": {"index": 1, "setupTimes": [8, 0, 3]}, "K3": {"index": 2, "setupTimes": [4, 8, 0]}}}, "testers": {"count": 5, "items": {"T1": {"supportedConfigurations": ["K3", "K2"]}, "T2": {"supportedConfigurations": ["K2", "K1"]}, "T3": {"supportedConfigurations": ["K2", "K3"]}, "T4": {"supportedConfigurations": ["K3", "K1", "K2"]}, "T5": {"supportedConfigurations": ["K3", "K1"]}}}, "operations": {"count": 10, "items": {"O1": {"estimatedTestTime": {"K2": {"distribution": "normal", "mean": 48.94260214935967, "std": 3.3743964475736417}, "K3": {"distribution": "normal", "mean": 38.46115452311935, "std": 3.3066719307328265}, "K1": {"distribution": "normal", "mean": 7.851023332285756, "std": 4.085794206860747}}, "compatibleConfigurations": ["K2", "K3", "K1"]}, "O2": {"estimatedTestTime": {"K3": {"distribution": "normal", "mean": 47.3533044340768, "std": 4.575600222566511}, "K1": {"distribution": "normal", "mean": 29.34585607032129, "std": 3.1419789180167497}}, "compatibleConfigurations": ["K3", "K1"]}, "O3": {"estimatedTestTime": {"K1": {"distribution": "normal", "mean": 17.092647512561772, "std": 3.265913363621615}, "K2": {"distribution": "normal", "mean": 49.41169729131182, "std": 2.048025858861064}}, "compatibleConfigurations": ["K1", "K2"]}, "O4": {"estimatedTestTime": {"K2": {"distribution": "normal", "mean": 16.979907478224504, "std": 2.7810953377025838}, "K1": {"distribution": "normal", "mean": 2.289481172738828, "std": 3.2309830211183534}}, "compatibleConfigurations": ["K2", "K1"]}, "O5": {"estimatedTestTime": {"K2": {"distribution": "normal", "mean": 3.5750637104573695, "std": 4.7053731561425245}, "K3": {"distribution": "normal", "mean": 34.26423215871092, "std": 2.574290249974454}, "K1": {"distribution": "normal", "mean": 21.631843479554426, "std": 2.142290259159751}}, "compatibleConfigurations": ["K2", "K3", "K1"]}, "O6": {"estimatedTestTime": {"K3": {"distribution": "normal", "mean": 39.1218055836683, "std": 4.700884564817161}, "K2": {"distribution": "normal", "mean": 43.06474328196738, "std": 2.379522075429203}}, "compatibleConfigurations": ["K3", "K2"]}, "O7": {"estimatedTestTime": {"K3": {"distribution": "normal", "mean": 48.31097950332648, "std": 4.281671853123853}, "K1": {"distribution": "normal", "mean": 39.76542858565367, "std": 3.4647944078945825}, "K2": {"distribution": "normal", "mean": 28.68688808410716, "std": 4.28230147391792}}, "compatibleConfigurations": ["K3", "K1", "K2"]}, "O8": {"estimatedTestTime": {"K3": {"distribution": "normal", "mean": 14.753690183942929, "std": 4.929070748826557}, "K1": {"distribution": "normal", "mean": 9.57059685869756, "std": 3.1435557306574404}}, "compatibleConfigurations": ["K3", "K1"]}, "O9": {"estimatedTestTime": {"K1": {"distribution": "normal", "mean": 2.405394083071828, "std": 2.7993149824786787}, "K3": {"distribution": "normal", "mean": 6.549235365240445, "std": 4.912028664101227}}, "compatibleConfigurations": ["K1", "K3"]}, "O10": {"estimatedTestTime": {"K1": {"distribution": "normal", "mean": 32.67253977748975, "std": 2.592817651895603}, "K3": {"distribution": "normal", "mean": 37.773657805154514, "std": 4.1855023119715895}, "K2": {"distribution": "normal", "mean": 34.11057819781336, "std": 4.0875061810175195}}, "compatibleConfigurations": ["K1", "K3", "K2"]}}}, "products": {"count": 3, "items": {"P1": {"index": 0, "arrival": 0, "quantity": 4, "duedate": 39.50653841348364, "operations": ["O9", "O3"], "dependencies": [[1, 0]]}, "P2": {"index": 1, "arrival": 48.017735761473865, "quantity": 3, "duedate": 88.95421981239727, "operations": ["O10", "O4"], "dependencies": [[1, 0]]}, "P3": {"index": 2, "arrival": 61.39221026052901, "quantity": 5, "duedate": 130.64660031338144, "operations": ["O2", "O9", "O7"], "dependencies": [[2, 0], [2, 1]]}}}}