{"configurations": {"count": 5, "items": {"K1": {"index": 0, "setupTimes": [0, 10, 12, 37, 36]}, "K2": {"index": 1, "setupTimes": [34, 0, 14, 13, 10]}, "K3": {"index": 2, "setupTimes": [40, 40, 0, 50, 37]}, "K4": {"index": 3, "setupTimes": [44, 45, 43, 0, 2]}, "K5": {"index": 4, "setupTimes": [25, 31, 25, 58, 0]}}}, "testers": {"count": 5, "items": {"T1": {"supportedConfigurations": ["K5", "K1", "K3"]}, "T2": {"supportedConfigurations": ["K4", "K3", "K5"]}, "T3": {"supportedConfigurations": ["K2", "K4"]}, "T4": {"supportedConfigurations": ["K1", "K5"]}, "T5": {"supportedConfigurations": ["K4", "K2", "K1", "K5", "K3"]}}}, "operations": {"count": 11, "items": {"O1": {"estimatedTestTime": {"K1": {"distribution": "normal", "mean": 485.148525707554, "std": 3.6505908885073453}, "K2": {"distribution": "normal", "mean": 22.479081274086525, "std": 4.583978976793894}, "K4": {"distribution": "normal", "mean": 104.63225347755643, "std": 4.186615695337483}}, "compatibleConfigurations": ["K1", "K2", "K4"]}, "O2": {"estimatedTestTime": {"K1": {"distribution": "normal", "mean": 169.4207306739632, "std": 4.065012739395747}, "K5": {"distribution": "normal", "mean": 475.9028694715661, "std": 3.599295758427181}}, "compatibleConfigurations": ["K1", "K5"]}, "O3": {"estimatedTestTime": {"K4": {"distribution": "normal", "mean": 423.55929572929824, "std": 2.5979112962029394}, "K5": {"distribution": "normal", "mean": 200.1330979930579, "std": 3.3484627166752725}, "K3": {"distribution": "normal", "mean": 278.3816202553875, "std": 3.3535180405216685}}, "compatibleConfigurations": ["K4", "K5", "K3"]}, "O4": {"estimatedTestTime": {"K1": {"distribution": "normal", "mean": 120.97099358249518, "std": 3.2805422571761316}, "K3": {"distribution": "normal", "mean": 281.6228642737206, "std": 4.866576298455906}, "K2": {"distribution": "normal", "mean": 157.76488240642644, "std": 4.070551895400431}, "K5": {"distribution": "normal", "mean": 426.9295116223862, "std": 2.5153566118871584}, "K4": {"distribution": "normal", "mean": 175.5344798895131, "std": 2.230651256775691}}, "compatibleConfigurations": ["K1", "K3", "K2", "K5", "K4"]}, "O5": {"estimatedTestTime": {"K5": {"distribution": "normal", "mean": 96.7731389752967, "std": 4.186530985398691}, "K2": {"distribution": "normal", "mean": 340.29976542801086, "std": 4.991365318415522}, "K1": {"distribution": "normal", "mean": 6.377165897232562, "std": 2.9010299249069225}, "K3": {"distribution": "normal", "mean": 331.9526098075667, "std": 2.8625405451335952}, "K4": {"distribution": "normal", "mean": 472.23068612350625, "std": 4.252132804359553}}, "compatibleConfigurations": ["K5", "K2", "K1", "K3", "K4"]}, "O6": {"estimatedTestTime": {"K4": {"distribution": "normal", "mean": 293.8875446334462, "std": 4.460954224849974}, "K5": {"distribution": "normal", "mean": 81.75016404703115, "std": 2.5371717377951546}, "K2": {"distribution": "normal", "mean": 163.17536159823572, "std": 2.8529872472617175}}, "compatibleConfigurations": ["K4", "K5", "K2"]}, "O7": {"estimatedTestTime": {"K3": {"distribution": "normal", "mean": 373.7417711475987, "std": 2.991009410328513}, "K5": {"distribution": "normal", "mean": 224.68421089774998, "std": 4.566097769237188}, "K2": {"distribution": "normal", "mean": 465.75150065182015, "std": 2.5154926761536416}, "K4": {"distribution": "normal", "mean": 61.97723406433987, "std": 4.973145552448198}}, "compatibleConfigurations": ["K3", "K5", "K2", "K4"]}, "O8": {"estimatedTestTime": {"K2": {"distribution": "normal", "mean": 357.4232655328123, "std": 2.9489520313177193}, "K4": {"distribution": "normal", "mean": 152.80308401489128, "std": 2.486220362049324}, "K1": {"distribution": "normal", "mean": 184.9621568429242, "std": 3.90640506546883}}, "compatibleConfigurations": ["K2", "K4", "K1"]}, "O9": {"estimatedTestTime": {"K5": {"distribution": "normal", "mean": 147.8971684576371, "std": 2.3834287633845896}, "K2": {"distribution": "normal", "mean": 344.94548796627777, "std": 2.4478294287912687}}, "compatibleConfigurations": ["K5", "K2"]}, "O10": {"estimatedTestTime": {"K4": {"distribution": "normal", "mean": 316.74546489986244, "std": 2.845369903693826}, "K3": {"distribution": "normal", "mean": 282.79113044940294, "std": 2.543196669949192}, "K5": {"distribution": "normal", "mean": 206.81718229884098, "std": 2.8079976301038965}}, "compatibleConfigurations": ["K4", "K3", "K5"]}, "O11": {"estimatedTestTime": {"K4": {"distribution": "normal", "mean": 131.56035518629696, "std": 4.216192244548926}, "K2": {"distribution": "normal", "mean": 10.285453035407784, "std": 3.5203933215238328}}, "compatibleConfigurations": ["K4", "K2"]}}}, "products": {"count": 10, "items": {"P1": {"index": 0, "arrival": 0, "quantity": 5, "duedate": 1546.137079949309, "operations": ["O2", "O9", "O7", "O5", "O1", "O10", "O11", "O8", "O3", "O6"], "dependencies": [[1, 0], [3, 1], [3, 2], [5, 3], [6, 2], [6, 3], [7, 0], [7, 4], [8, 2], [8, 5], [9, 4], [9, 6], [9, 8]]}, "P2": {"index": 1, "arrival": 80.82173408148199, "quantity": 3, "duedate": 1820.554598760402, "operations": ["O8", "O10", "O5", "O6", "O3", "O4", "O2", "O1", "O11", "O9"], "dependencies": [[2, 0], [2, 1], [3, 1], [3, 2], [4, 1], [4, 3], [5, 0], [5, 1], [5, 3], [5, 4], [6, 4], [7, 2], [7, 3], [7, 5], [7, 6], [8, 7], [9, 5], [9, 6], [9, 7]]}, "P3": {"index": 2, "arrival": 149.74333572294518, "quantity": 5, "duedate": 874.1483598724946, "operations": ["O1", "O3", "O4", "O2", "O5", "O11", "O7", "O9"], "dependencies": [[1, 0], [3, 0], [4, 2], [5, 3], [5, 4], [6, 0], [7, 1], [7, 4], [7, 6]]}, "P4": {"index": 3, "arrival": 203.6001494596629, "quantity": 3, "duedate": 853.3561795502914, "operations": ["O7", "O6", "O2", "O3", "O10", "O11"], "dependencies": [[2, 0], [3, 1], [3, 0], [5, 4], [5, 2]]}, "P5": {"index": 4, "arrival": 270.18363472511487, "quantity": 2, "duedate": 931.9124307028146, "operations": ["O11", "O5", "O1", "O10", "O6", "O9"], "dependencies": [[2, 1], [3, 0], [3, 1], [4, 1], [5, 2]]}, "P6": {"index": 5, "arrival": 329.9659683068975, "quantity": 5, "duedate": 1072.7794077613967, "operations": ["O7", "O6", "O11", "O10", "O4"], "dependencies": [[2, 0], [3, 0], [3, 1], [4, 3]]}, "P7": {"index": 6, "arrival": 394.31772386541485, "quantity": 3, "duedate": 963.3637757376846, "operations": ["O9", "O6", "O2", "O1", "O3", "O11"], "dependencies": [[1, 0], [3, 2], [4, 0], [4, 2], [5, 3]]}, "P8": {"index": 7, "arrival": 447.6179972392095, "quantity": 5, "duedate": 1083.8402809299846, "operations": ["O1", "O6", "O10", "O3", "O5", "O2"], "dependencies": [[1, 0], [3, 0], [3, 1], [3, 2], [5, 0], [5, 2], [5, 4]]}, "P9": {"index": 8, "arrival": 508.31640823582956, "quantity": 4, "duedate": 1318.456748485452, "operations": ["O9", "O4", "O3", "O11", "O1", "O8", "O5", "O6", "O2", "O7", "O10"], "dependencies": [[3, 0], [4, 2], [5, 0], [5, 3], [6, 2], [6, 3], [7, 1], [7, 2], [8, 0], [8, 4], [8, 5], [8, 7], [9, 1], [9, 2], [10, 2], [10, 4], [10, 5]]}, "P10": {"index": 9, "arrival": 583.120604930387, "quantity": 5, "duedate": 1926.4029260633715, "operations": ["O2", "O10", "O7", "O9", "O8", "O6", "O3", "O1", "O11", "O5"], "dependencies": [[2, 1], [3, 0], [3, 2], [4, 2], [5, 0], [5, 4], [6, 1], [6, 2], [7, 0], [7, 1], [7, 4], [7, 5], [7, 6], [8, 0], [8, 5], [8, 6], [9, 0], [9, 5], [9, 7]]}}}}