{"configurations": {"count": 5, "items": {"K1": {"index": 0, "setupTimes": [0, 6, 10, 2, 4]}, "K2": {"index": 1, "setupTimes": [10, 0, 9, 4, 3]}, "K3": {"index": 2, "setupTimes": [6, 4, 0, 4, 4]}, "K4": {"index": 3, "setupTimes": [5, 2, 4, 0, 0]}, "K5": {"index": 4, "setupTimes": [9, 2, 7, 10, 0]}}}, "testers": {"count": 3, "items": {"T1": {"supportedConfigurations": ["K4", "K5", "K1"]}, "T2": {"supportedConfigurations": ["K2", "K3", "K1", "K5", "K4"]}, "T3": {"supportedConfigurations": ["K4", "K1", "K3"]}}}, "operations": {"count": 11, "items": {"O1": {"estimatedTestTime": {"K4": {"distribution": "normal", "mean": 22.598037478653296, "std": 3.632630366536676}, "K1": {"distribution": "normal", "mean": 47.68179802595898, "std": 4.618209653202868}}, "compatibleConfigurations": ["K4", "K1"]}, "O2": {"estimatedTestTime": {"K2": {"distribution": "normal", "mean": 11.708677900026574, "std": 3.9364809592216883}, "K5": {"distribution": "normal", "mean": 20.15241808694154, "std": 4.358833939151069}, "K3": {"distribution": "normal", "mean": 42.333127773595194, "std": 4.208324646570491}, "K4": {"distribution": "normal", "mean": 18.91373635255067, "std": 4.339703850932122}}, "compatibleConfigurations": ["K2", "K5", "K3", "K4"]}, "O3": {"estimatedTestTime": {"K2": {"distribution": "normal", "mean": 43.09786021358674, "std": 3.966376775508044}, "K4": {"distribution": "normal", "mean": 24.904889952102213, "std": 4.872230803158486}}, "compatibleConfigurations": ["K2", "K4"]}, "O4": {"estimatedTestTime": {"K5": {"distribution": "normal", "mean": 48.11080666934093, "std": 4.81971698493007}, "K1": {"distribution": "normal", "mean": 5.641701363457285, "std": 4.143097290552928}}, "compatibleConfigurations": ["K5", "K1"]}, "O5": {"estimatedTestTime": {"K3": {"distribution": "normal", "mean": 31.584185375239286, "std": 4.354643550806991}, "K5": {"distribution": "normal", "mean": 3.4111637609504033, "std": 4.234693771578949}, "K4": {"distribution": "normal", "mean": 28.358105089815414, "std": 3.132171158349854}}, "compatibleConfigurations": ["K3", "K5", "K4"]}, "O6": {"estimatedTestTime": {"K4": {"distribution": "normal", "mean": 33.326586138762465, "std": 4.648722282603994}, "K1": {"distribution": "normal", "mean": 6.053732919707551, "std": 4.3520204061512295}, "K2": {"distribution": "normal", "mean": 44.62505207531276, "std": 2.008436001199582}, "K5": {"distribution": "normal", "mean": 20.3984569822875, "std": 4.3221850537245805}, "K3": {"distribution": "normal", "mean": 10.017657673232314, "std": 3.0016458074648624}}, "compatibleConfigurations": ["K4", "K1", "K2", "K5", "K3"]}, "O7": {"estimatedTestTime": {"K5": {"distribution": "normal", "mean": 48.06581334741863, "std": 4.790596252066207}, "K2": {"distribution": "normal", "mean": 16.43770940423211, "std": 2.827966988470017}, "K1": {"distribution": "normal", "mean": 35.297139783054185, "std": 4.5329682590948215}, "K4": {"distribution": "normal", "mean": 15.978856965689822, "std": 3.481659526325422}, "K3": {"distribution": "normal", "mean": 36.37163705223655, "std": 4.946035750874572}}, "compatibleConfigurations": ["K5", "K2", "K1", "K4", "K3"]}, "O8": {"estimatedTestTime": {"K3": {"distribution": "normal", "mean": 4.349870525757121, "std": 4.090997582080661}, "K4": {"distribution": "normal", "mean": 12.691637387052966, "std": 2.5753497037697035}, "K1": {"distribution": "normal", "mean": 26.613934755147667, "std": 4.20608685187185}, "K5": {"distribution": "normal", "mean": 22.81921409876699, "std": 2.0871513895526568}}, "compatibleConfigurations": ["K3", "K4", "K1", "K5"]}, "O9": {"estimatedTestTime": {"K3": {"distribution": "normal", "mean": 46.87656943775046, "std": 4.041994284039009}, "K4": {"distribution": "normal", "mean": 28.776581746034246, "std": 2.261922088489274}, "K5": {"distribution": "normal", "mean": 10.091563400832033, "std": 3.7266376015484775}, "K1": {"distribution": "normal", "mean": 48.7571448679173, "std": 4.854527412388947}, "K2": {"distribution": "normal", "mean": 17.282656072219652, "std": 4.4110623142060765}}, "compatibleConfigurations": ["K3", "K4", "K5", "K1", "K2"]}, "O10": {"estimatedTestTime": {"K2": {"distribution": "normal", "mean": 38.653767402989956, "std": 2.128477340001885}, "K1": {"distribution": "normal", "mean": 40.905895455884135, "std": 3.6386368882661815}, "K3": {"distribution": "normal", "mean": 25.891694215780767, "std": 4.745527114064542}, "K4": {"distribution": "normal", "mean": 28.265822524054432, "std": 3.60962600751758}, "K5": {"distribution": "normal", "mean": 31.722092443770272, "std": 2.334732323989059}}, "compatibleConfigurations": ["K2", "K1", "K3", "K4", "K5"]}, "O11": {"estimatedTestTime": {"K4": {"distribution": "normal", "mean": 35.03754846846803, "std": 3.7715622902771293}, "K5": {"distribution": "normal", "mean": 16.933092605940047, "std": 3.511078575963514}, "K1": {"distribution": "normal", "mean": 44.435319822749754, "std": 4.088529100496073}, "K3": {"distribution": "normal", "mean": 32.72189099816607, "std": 3.1479257288618268}, "K2": {"distribution": "normal", "mean": 6.562747031598576, "std": 3.3258500509724027}}, "compatibleConfigurations": ["K4", "K5", "K1", "K3", "K2"]}}}, "products": {"count": 2, "items": {"P1": {"index": 0, "arrival": 0, "quantity": 5, "duedate": 93.08583200820713, "operations": ["O8", "O2", "O7"], "dependencies": [[2, 1], [2, 0]]}, "P2": {"index": 1, "arrival": 49.39720410677897, "quantity": 5, "duedate": 139.27904439877648, "operations": ["O11", "O4"], "dependencies": [[1, 0]]}}}}