{"configurations": {"count": 3, "items": {"K1": {"index": 0, "setupTimes": [0, 9, 9]}, "K2": {"index": 1, "setupTimes": [9, 0, 10]}, "K3": {"index": 2, "setupTimes": [3, 7, 0]}}}, "testers": {"count": 3, "items": {"T1": {"supportedConfigurations": ["K1", "K2"]}, "T2": {"supportedConfigurations": ["K1", "K2"]}, "T3": {"supportedConfigurations": ["K1", "K3"]}}}, "operations": {"count": 12, "items": {"O1": {"estimatedTestTime": {"K1": {"distribution": "normal", "mean": 47.485467712609406, "std": 4.057967130687523}, "K3": {"distribution": "normal", "mean": 4.220741061328223, "std": 4.266634205063438}}, "compatibleConfigurations": ["K1", "K3"]}, "O2": {"estimatedTestTime": {"K2": {"distribution": "normal", "mean": 14.940123435621961, "std": 2.9744901561907215}, "K1": {"distribution": "normal", "mean": 4.0290996380690505, "std": 2.440228898147528}, "K3": {"distribution": "normal", "mean": 42.58778429336549, "std": 4.400422641011671}}, "compatibleConfigurations": ["K2", "K1", "K3"]}, "O3": {"estimatedTestTime": {"K3": {"distribution": "normal", "mean": 28.159105816008044, "std": 4.31833756721498}, "K2": {"distribution": "normal", "mean": 14.419535112755867, "std": 4.168442225304466}, "K1": {"distribution": "normal", "mean": 15.669566803485287, "std": 2.745530073816005}}, "compatibleConfigurations": ["K3", "K2", "K1"]}, "O4": {"estimatedTestTime": {"K2": {"distribution": "normal", "mean": 5.9571416382086735, "std": 4.0620002913465605}, "K3": {"distribution": "normal", "mean": 7.998643102497876, "std": 4.0149476230553445}, "K1": {"distribution": "normal", "mean": 49.63845424649038, "std": 2.99285387109608}}, "compatibleConfigurations": ["K2", "K3", "K1"]}, "O5": {"estimatedTestTime": {"K2": {"distribution": "normal", "mean": 7.020368717282841, "std": 2.8435710242825234}, "K1": {"distribution": "normal", "mean": 6.664903397600133, "std": 4.376503955351767}, "K3": {"distribution": "normal", "mean": 46.199191154697736, "std": 3.9848538323702933}}, "compatibleConfigurations": ["K2", "K1", "K3"]}, "O6": {"estimatedTestTime": {"K1": {"distribution": "normal", "mean": 4.348078682631154, "std": 3.8267447816972613}, "K3": {"distribution": "normal", "mean": 48.12568270176173, "std": 4.191272320204576}, "K2": {"distribution": "normal", "mean": 13.448849057650984, "std": 4.906057379492662}}, "compatibleConfigurations": ["K1", "K3", "K2"]}, "O7": {"estimatedTestTime": {"K2": {"distribution": "normal", "mean": 15.836174007178048, "std": 3.8919530014629196}, "K3": {"distribution": "normal", "mean": 12.30921058934382, "std": 2.869349661213395}}, "compatibleConfigurations": ["K2", "K3"]}, "O8": {"estimatedTestTime": {"K2": {"distribution": "normal", "mean": 47.17699172587866, "std": 3.526734581110264}, "K3": {"distribution": "normal", "mean": 34.16120000190074, "std": 4.073982146386054}}, "compatibleConfigurations": ["K2", "K3"]}, "O9": {"estimatedTestTime": {"K1": {"distribution": "normal", "mean": 49.43997896618448, "std": 3.7998099071625644}, "K3": {"distribution": "normal", "mean": 49.88505202232777, "std": 2.9234023492939984}, "K2": {"distribution": "normal", "mean": 11.177032749632113, "std": 3.3984768931811846}}, "compatibleConfigurations": ["K1", "K3", "K2"]}, "O10": {"estimatedTestTime": {"K3": {"distribution": "normal", "mean": 12.898920470333017, "std": 2.6377440846505613}, "K1": {"distribution": "normal", "mean": 49.51397889373979, "std": 2.1178303060677814}, "K2": {"distribution": "normal", "mean": 22.082339456480117, "std": 4.492119467719895}}, "compatibleConfigurations": ["K3", "K1", "K2"]}, "O11": {"estimatedTestTime": {"K1": {"distribution": "normal", "mean": 38.77978203544079, "std": 3.49547615375534}, "K2": {"distribution": "normal", "mean": 19.895486433694444, "std": 3.6442274086685753}}, "compatibleConfigurations": ["K1", "K2"]}, "O12": {"estimatedTestTime": {"K1": {"distribution": "normal", "mean": 15.712194183154754, "std": 3.3417044934343996}, "K2": {"distribution": "normal", "mean": 13.968739948834731, "std": 2.922149478375598}, "K3": {"distribution": "normal", "mean": 20.04094781761178, "std": 4.988606901577213}}, "compatibleConfigurations": ["K1", "K2", "K3"]}}}, "products": {"count": 2, "items": {"P1": {"index": 0, "arrival": 0, "quantity": 2, "duedate": 53.82684334232496, "operations": ["O4", "O3", "O10"], "dependencies": [[1, 0], [2, 0]]}, "P2": {"index": 1, "arrival": 44.76386627526129, "quantity": 5, "duedate": 147.71475612345077, "operations": ["O3", "O5", "O12"], "dependencies": [[1, 0], [2, 1]]}}}}