{"configurations": {"count": 2, "items": {"K1": {"index": 0, "setupTimes": [0, 53]}, "K2": {"index": 1, "setupTimes": [60, 0]}}}, "testers": {"count": 2, "items": {"T1": {"supportedConfigurations": ["K1", "K2"]}, "T2": {"supportedConfigurations": ["K1", "K2"]}}}, "operations": {"count": 10, "items": {"O1": {"estimatedTestTime": {"K1": {"distribution": "normal", "mean": 29.11248221816645, "std": 3.1904607013260593}, "K2": {"distribution": "normal", "mean": 438.62520523528644, "std": 2.364115877584113}}, "compatibleConfigurations": ["K1", "K2"]}, "O2": {"estimatedTestTime": {"K1": {"distribution": "normal", "mean": 488.80834547137596, "std": 3.3514189345846024}, "K2": {"distribution": "normal", "mean": 308.9917831465346, "std": 2.424801795167112}}, "compatibleConfigurations": ["K1", "K2"]}, "O3": {"estimatedTestTime": {"K2": {"distribution": "normal", "mean": 68.44302093592475, "std": 3.472877558652008}, "K1": {"distribution": "normal", "mean": 303.5013529493167, "std": 2.6151463912394344}}, "compatibleConfigurations": ["K2", "K1"]}, "O4": {"estimatedTestTime": {"K2": {"distribution": "normal", "mean": 133.47283665458008, "std": 2.9307848062088944}, "K1": {"distribution": "normal", "mean": 300.9665774675489, "std": 3.8085174936080155}}, "compatibleConfigurations": ["K2", "K1"]}, "O5": {"estimatedTestTime": {"K1": {"distribution": "normal", "mean": 140.0457222038786, "std": 3.0720484976334106}, "K2": {"distribution": "normal", "mean": 165.23980271184607, "std": 3.5209652730257206}}, "compatibleConfigurations": ["K1", "K2"]}, "O6": {"estimatedTestTime": {"K2": {"distribution": "normal", "mean": 39.40486923223207, "std": 3.7360569848771874}, "K1": {"distribution": "normal", "mean": 481.6818453520295, "std": 2.1534051787889035}}, "compatibleConfigurations": ["K2", "K1"]}, "O7": {"estimatedTestTime": {"K2": {"distribution": "normal", "mean": 5.952246866802461, "std": 3.7031157434822473}, "K1": {"distribution": "normal", "mean": 418.03477139263583, "std": 4.567699581490642}}, "compatibleConfigurations": ["K2", "K1"]}, "O8": {"estimatedTestTime": {"K1": {"distribution": "normal", "mean": 408.82016398976117, "std": 3.8698294803677538}, "K2": {"distribution": "normal", "mean": 114.00776711674428, "std": 3.4170843247068587}}, "compatibleConfigurations": ["K1", "K2"]}, "O9": {"estimatedTestTime": {"K2": {"distribution": "normal", "mean": 407.7706899153343, "std": 2.233516782006258}, "K1": {"distribution": "normal", "mean": 250.3895847399299, "std": 2.067997138739067}}, "compatibleConfigurations": ["K2", "K1"]}, "O10": {"estimatedTestTime": {"K1": {"distribution": "normal", "mean": 344.26894824277537, "std": 4.509307325530777}, "K2": {"distribution": "normal", "mean": 177.79349382029622, "std": 4.993016573612766}}, "compatibleConfigurations": ["K1", "K2"]}}}, "products": {"count": 8, "items": {"P1": {"index": 0, "arrival": 0, "quantity": 3, "duedate": 1470.9910021340713, "operations": ["O10", "O4", "O6", "O9", "O8", "O1", "O5"], "dependencies": [[3, 0], [3, 2], [4, 1], [5, 3], [6, 1], [6, 2], [6, 3], [6, 5]]}, "P2": {"index": 1, "arrival": 89.62792567597634, "quantity": 4, "duedate": 2640.2445052941466, "operations": ["O8", "O6", "O3", "O5", "O9", "O10", "O4", "O1", "O7"], "dependencies": [[1, 0], [3, 1], [4, 0], [5, 2], [5, 4], [6, 1], [6, 2], [6, 5], [7, 2], [7, 4], [8, 0], [8, 1], [8, 3], [8, 4], [8, 6]]}, "P3": {"index": 2, "arrival": 144.61930188726623, "quantity": 3, "duedate": 1798.998994309737, "operations": ["O9", "O5", "O1", "O2", "O3", "O4", "O8", "O6", "O10"], "dependencies": [[2, 1], [3, 1], [3, 2], [4, 0], [4, 1], [4, 2], [5, 0], [5, 3], [6, 4], [7, 4], [8, 4], [8, 6]]}, "P4": {"index": 3, "arrival": 199.98385188006552, "quantity": 4, "duedate": 1546.8156202379014, "operations": ["O9", "O3", "O8", "O6", "O5"], "dependencies": [[1, 0], [3, 2], [4, 3], [4, 0]]}, "P5": {"index": 4, "arrival": 251.78178766398716, "quantity": 4, "duedate": 2702.192379294067, "operations": ["O8", "O1", "O5", "O6", "O3", "O4", "O2", "O10"], "dependencies": [[1, 0], [3, 0], [3, 1], [4, 1], [5, 0], [5, 2], [5, 3], [6, 0], [6, 1], [6, 4], [7, 1], [7, 4], [7, 5]]}, "P6": {"index": 5, "arrival": 345.43886354381146, "quantity": 5, "duedate": 2404.8652898264318, "operations": ["O6", "O3", "O2", "O1", "O5", "O10", "O4", "O8", "O7"], "dependencies": [[2, 1], [4, 0], [4, 1], [5, 0], [5, 2], [6, 3], [7, 0], [8, 0], [8, 3], [8, 6]]}, "P7": {"index": 6, "arrival": 440.84560676461734, "quantity": 4, "duedate": 2280.639327742121, "operations": ["O5", "O1", "O6", "O7", "O9", "O8", "O3", "O2"], "dependencies": [[2, 0], [4, 1], [5, 3], [6, 0], [6, 5], [7, 1], [7, 2], [7, 4]]}, "P8": {"index": 7, "arrival": 516.922220646911, "quantity": 2, "duedate": 1721.1614173412506, "operations": ["O9", "O6", "O5", "O1", "O4", "O3", "O8", "O2", "O7"], "dependencies": [[1, 0], [3, 0], [4, 1], [4, 2], [4, 3], [5, 0], [5, 4], [6, 1], [6, 3], [6, 5], [7, 2], [7, 3], [8, 2]]}}}}