{"configurations": {"count": 5, "items": {"K1": {"index": 0, "setupTimes": [0, 5, 5, 5, 5]}, "K2": {"index": 1, "setupTimes": [5, 0, 5, 5, 5]}, "K3": {"index": 2, "setupTimes": [5, 5, 0, 5, 5]}, "K4": {"index": 3, "setupTimes": [5, 5, 5, 0, 5]}, "K5": {"index": 4, "setupTimes": [5, 5, 5, 5, 0]}}}, "testers": {"count": 5, "items": {"T1": {"supportedConfigurations": ["K1", "K2"]}, "T2": {"supportedConfigurations": ["K4", "K2"]}, "T3": {"supportedConfigurations": ["K1", "K4"]}, "T4": {"supportedConfigurations": ["K2", "K1"]}, "T5": {"supportedConfigurations": ["K5", "K3"]}}}, "operations": {"count": 15, "items": {"O1": {"estimatedTestTime": {"K3": {"distribution": "normal", "mean": 33.269514651319156, "std": 4.603350764576443}, "K4": {"distribution": "normal", "mean": 46.05040137726873, "std": 4.70296984108565}, "K5": {"distribution": "normal", "mean": 9.764913375564518, "std": 3.470583266290012}, "K1": {"distribution": "normal", "mean": 37.140869967712206, "std": 4.14739042171268}, "K2": {"distribution": "normal", "mean": 42.49572162224308, "std": 3.295042562982662}}, "compatibleConfigurations": ["K3", "K4", "K5", "K1", "K2"]}, "O2": {"estimatedTestTime": {"K3": {"distribution": "normal", "mean": 17.889674140884168, "std": 4.853023755996072}, "K2": {"distribution": "normal", "mean": 14.95651943105838, "std": 2.0041921080912988}, "K1": {"distribution": "normal", "mean": 36.53178007831796, "std": 2.245244940215617}, "K4": {"distribution": "normal", "mean": 7.871332758568382, "std": 3.2949745108457393}, "K5": {"distribution": "normal", "mean": 44.55276561131332, "std": 4.444406904782315}}, "compatibleConfigurations": ["K3", "K2", "K1", "K4", "K5"]}, "O3": {"estimatedTestTime": {"K5": {"distribution": "normal", "mean": 45.63704339187473, "std": 2.2510873089411962}, "K1": {"distribution": "normal", "mean": 7.87248133971117, "std": 2.778200144149861}, "K4": {"distribution": "normal", "mean": 13.563366978461325, "std": 2.1962481817922375}, "K3": {"distribution": "normal", "mean": 5.7985548151667, "std": 4.782800331865478}, "K2": {"distribution": "normal", "mean": 40.54735370888068, "std": 3.9680897585755917}}, "compatibleConfigurations": ["K5", "K1", "K4", "K3", "K2"]}, "O4": {"estimatedTestTime": {"K5": {"distribution": "normal", "mean": 2.202185707386361, "std": 4.354085715930298}, "K3": {"distribution": "normal", "mean": 18.48347559918845, "std": 4.9576313866893615}, "K1": {"distribution": "normal", "mean": 14.966833926908086, "std": 3.5332424609358055}, "K2": {"distribution": "normal", "mean": 46.405781234923786, "std": 3.5660065678963964}, "K4": {"distribution": "normal", "mean": 26.679910145935708, "std": 4.089555928916454}}, "compatibleConfigurations": ["K5", "K3", "K1", "K2", "K4"]}, "O5": {"estimatedTestTime": {"K3": {"distribution": "normal", "mean": 38.94766783828073, "std": 4.833688414324886}, "K2": {"distribution": "normal", "mean": 21.362369126141992, "std": 3.487831166137517}, "K1": {"distribution": "normal", "mean": 35.13382098920818, "std": 4.800932709454544}, "K5": {"distribution": "normal", "mean": 30.712551444119036, "std": 3.110349121198724}, "K4": {"distribution": "normal", "mean": 43.59499657055342, "std": 4.464841625859059}}, "compatibleConfigurations": ["K3", "K2", "K1", "K5", "K4"]}, "O6": {"estimatedTestTime": {"K4": {"distribution": "normal", "mean": 39.03511351648168, "std": 2.4055232819411594}, "K5": {"distribution": "normal", "mean": 20.513651211979223, "std": 3.863069979443017}, "K1": {"distribution": "normal", "mean": 27.07286459516056, "std": 2.6441849808930518}, "K2": {"distribution": "normal", "mean": 8.637333740280734, "std": 4.981631336850961}, "K3": {"distribution": "normal", "mean": 8.77018541622854, "std": 4.114226239653589}}, "compatibleConfigurations": ["K4", "K5", "K1", "K2", "K3"]}, "O7": {"estimatedTestTime": {"K5": {"distribution": "normal", "mean": 10.694015140525574, "std": 2.9813512972718716}, "K3": {"distribution": "normal", "mean": 41.09922149107861, "std": 3.8429390676639654}, "K1": {"distribution": "normal", "mean": 22.350636467981808, "std": 3.0855052413462762}, "K4": {"distribution": "normal", "mean": 30.983140759133953, "std": 3.2417356129744026}, "K2": {"distribution": "normal", "mean": 26.742291207974098, "std": 2.6503435467640726}}, "compatibleConfigurations": ["K5", "K3", "K1", "K4", "K2"]}, "O8": {"estimatedTestTime": {"K2": {"distribution": "normal", "mean": 41.57486633487386, "std": 3.9500632294344045}, "K3": {"distribution": "normal", "mean": 28.742691023931698, "std": 2.620680743217001}, "K1": {"distribution": "normal", "mean": 37.91352220470909, "std": 2.8295730991829258}, "K5": {"distribution": "normal", "mean": 22.127831677488807, "std": 3.541288987148759}, "K4": {"distribution": "normal", "mean": 21.94377767855514, "std": 4.612686484760571}}, "compatibleConfigurations": ["K2", "K3", "K1", "K5", "K4"]}, "O9": {"estimatedTestTime": {"K4": {"distribution": "normal", "mean": 2.7118282224597667, "std": 2.688976437938359}, "K5": {"distribution": "normal", "mean": 34.82480173759852, "std": 4.394504089745315}, "K1": {"distribution": "normal", "mean": 18.810765823660866, "std": 3.3916331682431133}, "K2": {"distribution": "normal", "mean": 9.858321987842011, "std": 3.7681898012525443}, "K3": {"distribution": "normal", "mean": 34.27248749920389, "std": 4.779823470276769}}, "compatibleConfigurations": ["K4", "K5", "K1", "K2", "K3"]}, "O10": {"estimatedTestTime": {"K4": {"distribution": "normal", "mean": 7.661736324529281, "std": 2.7634195946185947}, "K5": {"distribution": "normal", "mean": 9.37992208040463, "std": 4.881568937402244}, "K1": {"distribution": "normal", "mean": 6.7470123085235105, "std": 2.7362702974220827}, "K2": {"distribution": "normal", "mean": 9.91206755838807, "std": 4.190717321855648}, "K3": {"distribution": "normal", "mean": 24.07620919028428, "std": 4.776380556128851}}, "compatibleConfigurations": ["K4", "K5", "K1", "K2", "K3"]}, "O11": {"estimatedTestTime": {"K3": {"distribution": "normal", "mean": 19.754910935988242, "std": 2.5681602251185267}, "K2": {"distribution": "normal", "mean": 4.503448192741432, "std": 3.841856102166955}, "K5": {"distribution": "normal", "mean": 40.10286266533938, "std": 4.9706442261304575}, "K1": {"distribution": "normal", "mean": 43.1680234033253, "std": 4.913092306736718}, "K4": {"distribution": "normal", "mean": 11.3751070201844, "std": 4.084204903472628}}, "compatibleConfigurations": ["K3", "K2", "K5", "K1", "K4"]}, "O12": {"estimatedTestTime": {"K2": {"distribution": "normal", "mean": 4.742481420842859, "std": 2.729790516203505}, "K5": {"distribution": "normal", "mean": 40.863727962241, "std": 2.909709066682762}, "K1": {"distribution": "normal", "mean": 10.385852282786319, "std": 3.735139881848324}, "K3": {"distribution": "normal", "mean": 22.723842199265974, "std": 3.227056574949532}, "K4": {"distribution": "normal", "mean": 44.17872233376951, "std": 4.4108373181129785}}, "compatibleConfigurations": ["K2", "K5", "K1", "K3", "K4"]}, "O13": {"estimatedTestTime": {"K2": {"distribution": "normal", "mean": 24.350264342779973, "std": 2.0456147779468186}, "K4": {"distribution": "normal", "mean": 22.783049809965142, "std": 2.6775449628243595}, "K5": {"distribution": "normal", "mean": 8.497819574581444, "std": 2.820471037992566}, "K1": {"distribution": "normal", "mean": 5.477300334499832, "std": 4.068922721146686}, "K3": {"distribution": "normal", "mean": 2.1732661825358033, "std": 4.59623377956083}}, "compatibleConfigurations": ["K2", "K4", "K5", "K1", "K3"]}, "O14": {"estimatedTestTime": {"K4": {"distribution": "normal", "mean": 32.091112135563904, "std": 4.196771727593788}, "K3": {"distribution": "normal", "mean": 2.569744376495091, "std": 2.184821083464424}, "K1": {"distribution": "normal", "mean": 15.79595276411761, "std": 2.8360594342132104}, "K5": {"distribution": "normal", "mean": 4.8637566353486505, "std": 4.410428205512899}, "K2": {"distribution": "normal", "mean": 28.478784502240803, "std": 2.0936641198625727}},