{"configurations": {"count": 5, "items": {"K1": {"index": 0, "setupTimes": [0, 5, 5, 5, 5]}, "K2": {"index": 1, "setupTimes": [5, 0, 5, 5, 5]}, "K3": {"index": 2, "setupTimes": [5, 5, 0, 5, 5]}, "K4": {"index": 3, "setupTimes": [5, 5, 5, 0, 5]}, "K5": {"index": 4, "setupTimes": [5, 5, 5, 5, 0]}}}, "testers": {"count": 5, "items": {"T1": {"supportedConfigurations": ["K2", "K4"]}, "T2": {"supportedConfigurations": ["K1", "K2"]}, "T3": {"supportedConfigurations": ["K1", "K4", "K5"]}, "T4": {"supportedConfigurations": ["K3", "K1"]}, "T5": {"supportedConfigurations": ["K1", "K3"]}}}, "operations": {"count": 15, "items": {"O1": {"estimatedTestTime": {"K3": {"distribution": "normal", "mean": 4.448744563952895, "std": 3.1562308778501227}, "K5": {"distribution": "normal", "mean": 13.812352567184556, "std": 4.89226372403852}, "K1": {"distribution": "normal", "mean": 24.03482375894091, "std": 2.544540707701347}, "K2": {"distribution": "normal", "mean": 9.221264921790478, "std": 3.367649003552819}, "K4": {"distribution": "normal", "mean": 29.763192285916183, "std": 4.0838185010999695}}, "compatibleConfigurations": ["K3", "K5", "K1", "K2", "K4"]}, "O2": {"estimatedTestTime": {"K3": {"distribution": "normal", "mean": 42.88429544949738, "std": 2.884455277319802}, "K4": {"distribution": "normal", "mean": 7.4889904255040936, "std": 3.457476056312188}, "K2": {"distribution": "normal", "mean": 47.78246758914426, "std": 4.000843079259852}, "K5": {"distribution": "normal", "mean": 44.614075129096115, "std": 3.162944879011765}, "K1": {"distribution": "normal", "mean": 32.97195782569534, "std": 4.566335317754641}}, "compatibleConfigurations": ["K3", "K4", "K2", "K5", "K1"]}, "O3": {"estimatedTestTime": {"K3": {"distribution": "normal", "mean": 39.764298083362235, "std": 2.021276357079285}, "K2": {"distribution": "normal", "mean": 48.70802267141714, "std": 2.7741189451842017}, "K4": {"distribution": "normal", "mean": 42.20627481755902, "std": 4.397485924297949}, "K1": {"distribution": "normal", "mean": 39.171980895705175, "std": 4.376543302509235}, "K5": {"distribution": "normal", "mean": 5.551537964530237, "std": 2.1899125383506277}}, "compatibleConfigurations": ["K3", "K2", "K4", "K1", "K5"]}, "O4": {"estimatedTestTime": {"K3": {"distribution": "normal", "mean": 20.317176471023217, "std": 3.0893617050927764}, "K4": {"distribution": "normal", "mean": 2.604103204566538, "std": 3.385171421623812}, "K5": {"distribution": "normal", "mean": 16.141718571043068, "std": 2.8097366636896814}, "K2": {"distribution": "normal", "mean": 33.59391706722288, "std": 2.090810593973781}, "K1": {"distribution": "normal", "mean": 5.883872172238476, "std": 2.3545260959416128}}, "compatibleConfigurations": ["K3", "K4", "K5", "K2", "K1"]}, "O5": {"estimatedTestTime": {"K2": {"distribution": "normal", "mean": 35.096093574165714, "std": 2.536663405983978}, "K1": {"distribution": "normal", "mean": 4.093310654631518, "std": 4.147892965013244}, "K5": {"distribution": "normal", "mean": 38.121389750930064, "std": 3.0110291068410713}, "K4": {"distribution": "normal", "mean": 31.435399332088977, "std": 2.8020907571758302}, "K3": {"distribution": "normal", "mean": 44.02629200029437, "std": 2.935790426916012}}, "compatibleConfigurations": ["K2", "K1", "K5", "K4", "K3"]}, "O6": {"estimatedTestTime": {"K2": {"distribution": "normal", "mean": 40.701436354321714, "std": 2.457170866269276}, "K4": {"distribution": "normal", "mean": 29.63057157254667, "std": 4.898987611607124}, "K3": {"distribution": "normal", "mean": 21.394051643199163, "std": 4.429084050885265}, "K1": {"distribution": "normal", "mean": 12.927188224508443, "std": 3.297674828897078}, "K5": {"distribution": "normal", "mean": 25.053701049669677, "std": 2.4099946113778152}}, "compatibleConfigurations": ["K2", "K4", "K3", "K1", "K5"]}, "O7": {"estimatedTestTime": {"K4": {"distribution": "normal", "mean": 26.897498450629282, "std": 2.1844593799216967}, "K3": {"distribution": "normal", "mean": 26.221730144548292, "std": 4.555199989605718}, "K1": {"distribution": "normal", "mean": 13.919945526080713, "std": 4.766185784723295}, "K2": {"distribution": "normal", "mean": 9.952283237691123, "std": 3.7775853777556136}, "K5": {"distribution": "normal", "mean": 5.978082650142513, "std": 2.936135067445046}}, "compatibleConfigurations": ["K4", "K3", "K1", "K2", "K5"]}, "O8": {"estimatedTestTime": {"K4": {"distribution": "normal", "mean": 30.082188070319717, "std": 4.62405050683657}, "K3": {"distribution": "normal", "mean": 34.58174922536473, "std": 3.933379132603778}, "K5": {"distribution": "normal", "mean": 37.799929746975245, "std": 4.355914810157129}, "K2": {"distribution": "normal", "mean": 15.955842145507859, "std": 4.50434391549854}, "K1": {"distribution": "normal", "mean": 46.948054283914416, "std": 3.3699374579533297}}, "compatibleConfigurations": ["K4", "K3", "K5", "K2", "K1"]}, "O9": {"estimatedTestTime": {"K2": {"distribution": "normal", "mean": 31.41424164905591, "std": 3.3150674732348704}, "K5": {"distribution": "normal", "mean": 12.146855777276679, "std": 4.718585783727963}, "K4": {"distribution": "normal", "mean": 36.497447577035345, "std": 3.6337120397209612}, "K1": {"distribution": "normal", "mean": 25.45772637797927, "std": 4.372858791059009}, "K3": {"distribution": "normal", "mean": 26.059454967744465, "std": 3.9299455942210817}}, "compatibleConfigurations": ["K2", "K5", "K4", "K1", "K3"]}, "O10": {"estimatedTestTime": {"K5": {"distribution": "normal", "mean": 9.775232323499958, "std": 2.366405360337347}, "K1": {"distribution": "normal", "mean": 36.15669599246307, "std": 3.776315148009908}, "K3": {"distribution": "normal", "mean": 4.632279241482522, "std": 4.720806123607931}, "K2": {"distribution": "normal", "mean": 40.47754502986944, "std": 4.820660533714264}, "K4": {"distribution": "normal", "mean": 46.19516926642372, "std": 2.7660181572164864}}, "compatibleConfigurations": ["K5", "K1", "K3", "K2", "K4"]}, "O11": {"estimatedTestTime": {"K1": {"distribution": "normal", "mean": 16.64180050004189, "std": 2.552332542669613}, "K5": {"distribution": "normal", "mean": 8.703885723604072, "std": 2.1174980131353083}, "K3": {"distribution": "normal", "mean": 12.799020279592435, "std": 4.153185407978706}, "K4": {"distribution": "normal", "mean": 23.66998922774419, "std": 3.684638329896389}, "K2": {"distribution": "normal", "mean": 2.075811902160682, "std": 2.037105674069065}}, "compatibleConfigurations": ["K1", "K5", "K3", "K4", "K2"]}, "O12": {"estimatedTestTime": {"K4": {"distribution": "normal", "mean": 7.761388959206593, "std": 2.3845815358605558}, "K2": {"distribution": "normal", "mean": 46.26742762275499, "std": 3.8421921380055757}, "K3": {"distribution": "normal", "mean": 9.253387568090332, "std": 4.196930478889001}, "K1": {"distribution": "normal", "mean": 42.07975868967267, "std": 4.090709424880206}, "K5": {"distribution": "normal", "mean": 36.21909033264313, "std": 3.7257549417268834}}, "compatibleConfigurations": ["K4", "K2", "K3", "K1", "K5"]}, "O13": {"estimatedTestTime": {"K5": {"distribution": "normal", "mean": 25.571352165759976, "std": 2.9777097257401275}, "K1": {"distribution": "normal", "mean": 40.97807410234719, "std": 2.578961122107155}, "K4": {"distribution": "normal", "mean": 28.11485693889709, "std": 4.459505185722155}, "K2": {"distribution": "normal", "mean": 36.70462556312186, "std": 2.3854439877790234}, "K3": {"distribution": "normal", "mean": 32.82025802142874, "std": 2.8972444499384027}}, "compatibleConfigurations": ["K5", "K1", "K4", "K2", "K3"]}, "O14": {"estimatedTestTime": {"K2": {"distribution": "normal", "mean": 2.9182464224591556, "std": 4.114472325407245}, "K1": {"distribution": "normal", "mean": 30.78791282385354, "std": 2.255215842889983}, "K5": {"distribution": "normal", "mean": 2.8266610787746895, "std": 4.251332156139915}, "K4": {"distribution": "normal", "mean": 48.356979035300604, "std": 2.57485081850189}, "K3": {"distribution": "normal", "mean": 44.19283819698956, "std": 4.0069765776428214}},