{"configurations": {"count": 3, "items": {"K1": {"index": 0, "setupTimes": [0, 2, 8]}, "K2": {"index": 1, "setupTimes": [0, 0, 7]}, "K3": {"index": 2, "setupTimes": [7, 2, 0]}}}, "testers": {"count": 5, "items": {"T1": {"supportedConfigurations": ["K1", "K3"]}, "T2": {"supportedConfigurations": ["K1", "K3"]}, "T3": {"supportedConfigurations": ["K2", "K1", "K3"]}, "T4": {"supportedConfigurations": ["K2", "K1", "K3"]}, "T5": {"supportedConfigurations": ["K3", "K1", "K2"]}}}, "operations": {"count": 14, "items": {"O1": {"estimatedTestTime": {"K3": {"distribution": "normal", "mean": 7.955447417622715, "std": 4.750013468632968}, "K1": {"distribution": "normal", "mean": 49.85213120594275, "std": 4.699589413737071}}, "compatibleConfigurations": ["K3", "K1"]}, "O2": {"estimatedTestTime": {"K2": {"distribution": "normal", "mean": 20.02855627719792, "std": 3.0283476386937127}, "K1": {"distribution": "normal", "mean": 17.066477508790747, "std": 2.3712212480659103}}, "compatibleConfigurations": ["K2", "K1"]}, "O3": {"estimatedTestTime": {"K2": {"distribution": "normal", "mean": 19.787761311792185, "std": 2.70953859960188}, "K3": {"distribution": "normal", "mean": 25.42298718960261, "std": 2.2954951442970977}, "K1": {"distribution": "normal", "mean": 10.870086630148805, "std": 2.9263426208212477}}, "compatibleConfigurations": ["K2", "K3", "K1"]}, "O4": {"estimatedTestTime": {"K3": {"distribution": "normal", "mean": 33.06073588044413, "std": 2.6389273827916107}, "K1": {"distribution": "normal", "mean": 11.879680545791063, "std": 2.221217978838198}}, "compatibleConfigurations": ["K3", "K1"]}, "O5": {"estimatedTestTime": {"K1": {"distribution": "normal", "mean": 5.108556282473609, "std": 2.4647600252667603}, "K2": {"distribution": "normal", "mean": 20.587407067348803, "std": 4.207392629932014}, "K3": {"distribution": "normal", "mean": 30.457858647739613, "std": 4.526048043043616}}, "compatibleConfigurations": ["K1", "K2", "K3"]}, "O6": {"estimatedTestTime": {"K3": {"distribution": "normal", "mean": 32.63724390305961, "std": 2.1783161659679093}, "K1": {"distribution": "normal", "mean": 17.241446110657208, "std": 3.9506313110496776}}, "compatibleConfigurations": ["K3", "K1"]}, "O7": {"estimatedTestTime": {"K3": {"distribution": "normal", "mean": 35.29297070032193, "std": 3.049625076043927}, "K1": {"distribution": "normal", "mean": 2.1729968205192556, "std": 3.25394546147446}, "K2": {"distribution": "normal", "mean": 29.288819220637187, "std": 3.062561017325179}}, "compatibleConfigurations": ["K3", "K1", "K2"]}, "O8": {"estimatedTestTime": {"K3": {"distribution": "normal", "mean": 6.268401194070966, "std": 3.741566804947836}, "K1": {"distribution": "normal", "mean": 21.717667233110404, "std": 4.844016691267483}}, "compatibleConfigurations": ["K3", "K1"]}, "O9": {"estimatedTestTime": {"K3": {"distribution": "normal", "mean": 42.095508580183214, "std": 4.940438975122529}, "K1": {"distribution": "normal", "mean": 39.71524001058854, "std": 2.933856095046779}, "K2": {"distribution": "normal", "mean": 48.0887200885619, "std": 3.8643409562394955}}, "compatibleConfigurations": ["K3", "K1", "K2"]}, "O10": {"estimatedTestTime": {"K3": {"distribution": "normal", "mean": 35.856641476084896, "std": 4.833229543155046}, "K2": {"distribution": "normal", "mean": 12.208271226452146, "std": 3.435286992320885}, "K1": {"distribution": "normal", "mean": 38.23240655861151, "std": 4.172161878524776}}, "compatibleConfigurations": ["K3", "K2", "K1"]}, "O11": {"estimatedTestTime": {"K3": {"distribution": "normal", "mean": 36.55613735080623, "std": 2.9821726799813506}, "K2": {"distribution": "normal", "mean": 39.5307005212973, "std": 2.5798422238838623}, "K1": {"distribution": "normal", "mean": 23.57658923744174, "std": 4.975270141563289}}, "compatibleConfigurations": ["K3", "K2", "K1"]}, "O12": {"estimatedTestTime": {"K1": {"distribution": "normal", "mean": 13.491354680792508, "std": 2.1584469359491134}, "K3": {"distribution": "normal", "mean": 17.889082507818586, "std": 4.261212134642898}, "K2": {"distribution": "normal", "mean": 45.346071137269824, "std": 4.610525508902635}}, "compatibleConfigurations": ["K1", "K3", "K2"]}, "O13": {"estimatedTestTime": {"K1": {"distribution": "normal", "mean": 44.13642443878326, "std": 3.2286986663024573}, "K3": {"distribution": "normal", "mean": 23.7678145331653, "std": 3.7435867205310904}, "K2": {"distribution": "normal", "mean": 47.21183638987395, "std": 2.0188504391388573}}, "compatibleConfigurations": ["K1", "K3", "K2"]}, "O14": {"estimatedTestTime": {"K3": {"distribution": "normal", "mean": 6.20096451106831, "std": 3.842563331210749}, "K2": {"distribution": "normal", "mean": 22.861563318362684, "std": 2.7570640861313}, "K1": {"distribution": "normal", "mean": 32.183279129798926, "std": 2.083651840313557}}, "compatibleConfigurations": ["K3", "K2", "K1"]}}}, "products": {"count": 5, "items": {"P1": {"index": 0, "arrival": 0, "quantity": 2, "duedate": 58.10856469631573, "operations": ["O13", "O14"], "dependencies": [[1, 0]]}, "P2": {"index": 1, "arrival": 42.908198387602894, "quantity": 3, "duedate": 105.48262965881527, "operations": ["O9", "O6"], "dependencies": [[1, 0]]}, "P3": {"index": 2, "arrival": 77.49355792341197, "quantity": 3, "duedate": 114.60491983252994, "operations": ["O2", "O12"], "dependencies": [[1, 0]]}, "P4": {"index": 3, "arrival": 111.18976163015253, "quantity": 2, "duedate": 223.81765171671148, "operations": ["O9", "O12", "O11", "O3", "O13"], "dependencies": [[1, 0], [2, 1], [3, 1], [4, 3]]}, "P5": {"index": 4, "arrival": 151.97262411601534, "quantity": 5, "duedate": 209.49089712874127, "operations": ["O14", "O1", "O11", "O2"], "dependencies": [[2, 0], [3, 1], [3, 2]]}}}}