{"configurations": {"count": 4, "items": {"K1": {"index": 0, "setupTimes": [0, 6, 7, 8]}, "K2": {"index": 1, "setupTimes": [10, 0, 1, 9]}, "K3": {"index": 2, "setupTimes": [6, 6, 0, 9]}, "K4": {"index": 3, "setupTimes": [9, 0, 7, 0]}}}, "testers": {"count": 4, "items": {"T1": {"supportedConfigurations": ["K3", "K1", "K4", "K2"]}, "T2": {"supportedConfigurations": ["K1", "K2", "K4", "K3"]}, "T3": {"supportedConfigurations": ["K4", "K1"]}, "T4": {"supportedConfigurations": ["K3", "K2", "K4", "K1"]}}}, "operations": {"count": 14, "items": {"O1": {"estimatedTestTime": {"K4": {"distribution": "normal", "mean": 49.22399817290221, "std": 3.290218095882778}, "K3": {"distribution": "normal", "mean": 13.044954699536119, "std": 4.699190347293683}, "K1": {"distribution": "normal", "mean": 22.224840386031815, "std": 4.936982764529311}}, "compatibleConfigurations": ["K4", "K3", "K1"]}, "O2": {"estimatedTestTime": {"K2": {"distribution": "normal", "mean": 35.13583019083804, "std": 4.351955101744973}, "K1": {"distribution": "normal", "mean": 4.881550897665537, "std": 3.0101220337811454}, "K3": {"distribution": "normal", "mean": 2.2002676186251424, "std": 4.755594760118079}, "K4": {"distribution": "normal", "mean": 40.57469115465031, "std": 4.430155451066007}}, "compatibleConfigurations": ["K2", "K1", "K3", "K4"]}, "O3": {"estimatedTestTime": {"K3": {"distribution": "normal", "mean": 15.416489160916656, "std": 3.338565255234657}, "K4": {"distribution": "normal", "mean": 35.637149898163024, "std": 3.9574612785853582}, "K2": {"distribution": "normal", "mean": 45.06511641349523, "std": 3.5001126135989304}, "K1": {"distribution": "normal", "mean": 46.857978396627985, "std": 3.6586034952875512}}, "compatibleConfigurations": ["K3", "K4", "K2", "K1"]}, "O4": {"estimatedTestTime": {"K3": {"distribution": "normal", "mean": 46.92010192398837, "std": 4.611610223958796}, "K1": {"distribution": "normal", "mean": 15.011814578435796, "std": 3.504090935196443}, "K2": {"distribution": "normal", "mean": 21.80419205800574, "std": 3.764138293730693}, "K4": {"distribution": "normal", "mean": 6.404916421057834, "std": 2.091870765696117}}, "compatibleConfigurations": ["K3", "K1", "K2", "K4"]}, "O5": {"estimatedTestTime": {"K4": {"distribution": "normal", "mean": 13.370312623975488, "std": 3.1308432931343324}, "K2": {"distribution": "normal", "mean": 6.282041547535663, "std": 3.430393275516228}, "K1": {"distribution": "normal", "mean": 23.17123817299017, "std": 4.705546421933285}}, "compatibleConfigurations": ["K4", "K2", "K1"]}, "O6": {"estimatedTestTime": {"K3": {"distribution": "normal", "mean": 24.937060633725736, "std": 3.54112987371665}, "K4": {"distribution": "normal", "mean": 13.293677675373043, "std": 3.8244835148189322}, "K1": {"distribution": "normal", "mean": 6.803036472759413, "std": 3.835453387975014}}, "compatibleConfigurations": ["K3", "K4", "K1"]}, "O7": {"estimatedTestTime": {"K2": {"distribution": "normal", "mean": 10.487810101956814, "std": 2.0099546218945674}, "K3": {"distribution": "normal", "mean": 45.592981597949866, "std": 2.609798385558456}, "K4": {"distribution": "normal", "mean": 16.747597138530097, "std": 2.382647815229901}, "K1": {"distribution": "normal", "mean": 7.495391211404776, "std": 3.39376763291369}}, "compatibleConfigurations": ["K2", "K3", "K4", "K1"]}, "O8": {"estimatedTestTime": {"K2": {"distribution": "normal", "mean": 23.768841783509316, "std": 2.9906259464045934}, "K1": {"distribution": "normal", "mean": 49.59165342151675, "std": 3.390092347544364}}, "compatibleConfigurations": ["K2", "K1"]}, "O9": {"estimatedTestTime": {"K2": {"distribution": "normal", "mean": 45.41967647751338, "std": 4.307790107249831}, "K4": {"distribution": "normal", "mean": 28.15720726625451, "std": 3.7504887272529555}, "K3": {"distribution": "normal", "mean": 9.276059839985983, "std": 2.9151333137402977}}, "compatibleConfigurations": ["K2", "K4", "K3"]}, "O10": {"estimatedTestTime": {"K4": {"distribution": "normal", "mean": 16.353585208225855, "std": 4.335508233861003}, "K1": {"distribution": "normal", "mean": 27.237193659517544, "std": 3.3032472676206184}}, "compatibleConfigurations": ["K4", "K1"]}, "O11": {"estimatedTestTime": {"K2": {"distribution": "normal", "mean": 24.195203112476626, "std": 4.1044703033758525}, "K1": {"distribution": "normal", "mean": 8.48673475212393, "std": 4.961756672127762}, "K3": {"distribution": "normal", "mean": 22.426930705066894, "std": 2.818024381801438}, "K4": {"distribution": "normal", "mean": 20.523783860807427, "std": 2.1606327705539674}}, "compatibleConfigurations": ["K2", "K1", "K3", "K4"]}, "O12": {"estimatedTestTime": {"K3": {"distribution": "normal", "mean": 24.628821878586635, "std": 3.1581547342954446}, "K4": {"distribution": "normal", "mean": 41.88649957216371, "std": 3.837654946952146}, "K2": {"distribution": "normal", "mean": 42.79869954170574, "std": 4.100147577087206}, "K1": {"distribution": "normal", "mean": 22.146989367601208, "std": 4.334194394668771}}, "compatibleConfigurations": ["K3", "K4", "K2", "K1"]}, "O13": {"estimatedTestTime": {"K3": {"distribution": "normal", "mean": 42.0845682608514, "std": 3.4012282142206285}, "K4": {"distribution": "normal", "mean": 43.977880712152505, "std": 4.204804421291165}}, "compatibleConfigurations": ["K3", "K4"]}, "O14": {"estimatedTestTime": {"K2": {"distribution": "normal", "mean": 46.26255368995184, "std": 4.861852626665021}, "K4": {"distribution": "normal", "mean": 37.12570695561114, "std": 2.3323703846974286}, "K1": {"distribution": "normal", "mean": 3.3405194416383175, "std": 4.899952581271542}, "K3": {"distribution": "normal", "mean": 24.03607342762789, "std": 4.101057554123961}}, "compatibleConfigurations": ["K2", "K4", "K1", "K3"]}}}, "products": {"count": 2, "items": {"P1": {"index": 0, "arrival": 0, "quantity": 2, "duedate": 127.09122152844307, "operations": ["O9", "O3", "O8", "O2", "O10"], "dependencies": [[1, 0], [2, 1], [3, 2], [4, 2]]}, "P2": {"index": 1, "arrival": 20.56692354044966, "quantity": 3, "duedate": 95.89337625368076, "operations": ["O1", "O2", "O4"], "dependencies": [[1, 0], [2, 1]]}}}}