{"configurations": {"count": 4, "items": {"K1": {"index": 0, "setupTimes": [0, 4, 8, 9]}, "K2": {"index": 1, "setupTimes": [10, 0, 2, 6]}, "K3": {"index": 2, "setupTimes": [2, 2, 0, 2]}, "K4": {"index": 3, "setupTimes": [6, 0, 2, 0]}}}, "testers": {"count": 5, "items": {"T1": {"supportedConfigurations": ["K4", "K2"]}, "T2": {"supportedConfigurations": ["K2", "K4", "K3"]}, "T3": {"supportedConfigurations": ["K1", "K3"]}, "T4": {"supportedConfigurations": ["K4", "K3", "K2", "K1"]}, "T5": {"supportedConfigurations": ["K4", "K2", "K3", "K1"]}}}, "operations": {"count": 10, "items": {"O1": {"estimatedTestTime": {"K4": {"distribution": "normal", "mean": 25.50844129143279, "std": 3.919407209193872}, "K2": {"distribution": "normal", "mean": 38.50492460668627, "std": 4.948271875698578}, "K1": {"distribution": "normal", "mean": 44.69315821696667, "std": 3.857603897823771}}, "compatibleConfigurations": ["K4", "K2", "K1"]}, "O2": {"estimatedTestTime": {"K2": {"distribution": "normal", "mean": 40.43972495003089, "std": 4.17546343441895}, "K4": {"distribution": "normal", "mean": 17.253877225801794, "std": 4.385963981228638}, "K1": {"distribution": "normal", "mean": 35.13378214431046, "std": 3.687652666121047}}, "compatibleConfigurations": ["K2", "K4", "K1"]}, "O3": {"estimatedTestTime": {"K2": {"distribution": "normal", "mean": 4.3127873053396915, "std": 3.406044213816219}, "K4": {"distribution": "normal", "mean": 22.74565755199275, "std": 2.245026408704646}, "K1": {"distribution": "normal", "mean": 10.767212287412836, "std": 4.21266803609059}, "K3": {"distribution": "normal", "mean": 48.589476073926235, "std": 4.655716223708179}}, "compatibleConfigurations": ["K2", "K4", "K1", "K3"]}, "O4": {"estimatedTestTime": {"K1": {"distribution": "normal", "mean": 47.50803308264885, "std": 4.500503653030778}, "K3": {"distribution": "normal", "mean": 28.968226753800028, "std": 3.317901241861086}, "K2": {"distribution": "normal", "mean": 23.566039127318216, "std": 4.986477756564463}, "K4": {"distribution": "normal", "mean": 34.33424501691522, "std": 3.159860332113523}}, "compatibleConfigurations": ["K1", "K3", "K2", "K4"]}, "O5": {"estimatedTestTime": {"K2": {"distribution": "normal", "mean": 30.753942904009293, "std": 4.346008850475069}, "K3": {"distribution": "normal", "mean": 35.54660829482102, "std": 2.0843317284115255}}, "compatibleConfigurations": ["K2", "K3"]}, "O6": {"estimatedTestTime": {"K4": {"distribution": "normal", "mean": 9.905260730991005, "std": 3.937654020024546}, "K3": {"distribution": "normal", "mean": 14.682681576726207, "std": 4.035135769542183}, "K2": {"distribution": "normal", "mean": 10.302352793024697, "std": 4.085513627118993}, "K1": {"distribution": "normal", "mean": 12.614132301395477, "std": 4.046190883134956}}, "compatibleConfigurations": ["K4", "K3", "K2", "K1"]}, "O7": {"estimatedTestTime": {"K4": {"distribution": "normal", "mean": 27.693474348187365, "std": 3.46311767014446}, "K2": {"distribution": "normal", "mean": 36.425158055378546, "std": 3.3703628675131334}, "K3": {"distribution": "normal", "mean": 33.03431306215914, "std": 4.0286031861734575}}, "compatibleConfigurations": ["K4", "K2", "K3"]}, "O8": {"estimatedTestTime": {"K4": {"distribution": "normal", "mean": 44.89284932907133, "std": 3.3782936477452936}, "K1": {"distribution": "normal", "mean": 15.90619562815485, "std": 3.4816617070259452}}, "compatibleConfigurations": ["K4", "K1"]}, "O9": {"estimatedTestTime": {"K2": {"distribution": "normal", "mean": 22.07285575141529, "std": 4.022450669891448}, "K1": {"distribution": "normal", "mean": 43.57087109466628, "std": 4.485296603692958}, "K4": {"distribution": "normal", "mean": 33.239625551801524, "std": 2.050968777369147}, "K3": {"distribution": "normal", "mean": 17.530595327815114, "std": 3.5822833759416466}}, "compatibleConfigurations": ["K2", "K1", "K4", "K3"]}, "O10": {"estimatedTestTime": {"K4": {"distribution": "normal", "mean": 44.797692689153685, "std": 2.3875571688823722}, "K1": {"distribution": "normal", "mean": 27.614763020319465, "std": 3.934699553438025}, "K3": {"distribution": "normal", "mean": 2.968593396364019, "std": 3.385002573854072}}, "compatibleConfigurations": ["K4", "K1", "K3"]}}}, "products": {"count": 4, "items": {"P1": {"index": 0, "arrival": 0, "quantity": 4, "duedate": 93.25551991747325, "operations": ["O8", "O7", "O10", "O5", "O9"], "dependencies": [[3, 0], [3, 1], [4, 2], [4, 3]]}, "P2": {"index": 1, "arrival": 28.638342903234665, "quantity": 5, "duedate": 115.88200446135554, "operations": ["O7", "O1", "O3"], "dependencies": [[1, 0], [2, 1]]}, "P3": {"index": 2, "arrival": 77.43793667753906, "quantity": 2, "duedate": 119.50084640979179, "operations": ["O6", "O1"], "dependencies": [[1, 0]]}, "P4": {"index": 3, "arrival": 88.86611729885817, "quantity": 3, "duedate": 141.97479109576707, "operations": ["O3", "O2", "O8"], "dependencies": [[2, 1], [2, 0]]}}}}