{"configurations": {"count": 5, "items": {"K1": {"index": 0, "setupTimes": [0, 5, 5, 5, 5]}, "K2": {"index": 1, "setupTimes": [5, 0, 5, 5, 5]}, "K3": {"index": 2, "setupTimes": [5, 5, 0, 5, 5]}, "K4": {"index": 3, "setupTimes": [5, 5, 5, 0, 5]}, "K5": {"index": 4, "setupTimes": [5, 5, 5, 5, 0]}}}, "testers": {"count": 5, "items": {"T1": {"supportedConfigurations": ["K2", "K1"]}, "T2": {"supportedConfigurations": ["K5", "K2", "K3"]}, "T3": {"supportedConfigurations": ["K4", "K5"]}, "T4": {"supportedConfigurations": ["K4", "K2"]}, "T5": {"supportedConfigurations": ["K2", "K5"]}}}, "operations": {"count": 15, "items": {"O1": {"estimatedTestTime": {"K1": {"distribution": "normal", "mean": 49.073807626347374, "std": 4.870508020245342}, "K2": {"distribution": "normal", "mean": 28.334191399549375, "std": 2.7101631093801424}, "K5": {"distribution": "normal", "mean": 3.2275150212615014, "std": 2.1627619220400813}, "K4": {"distribution": "normal", "mean": 46.253530577549625, "std": 2.7494101263970885}, "K3": {"distribution": "normal", "mean": 14.876425893714897, "std": 4.464356040144979}}, "compatibleConfigurations": ["K1", "K2", "K5", "K4", "K3"]}, "O2": {"estimatedTestTime": {"K3": {"distribution": "normal", "mean": 23.39387451300555, "std": 2.8002637957758423}, "K5": {"distribution": "normal", "mean": 12.168849197812788, "std": 4.387456516468564}, "K2": {"distribution": "normal", "mean": 41.931933123552845, "std": 3.7811368636306657}, "K1": {"distribution": "normal", "mean": 28.842893894985238, "std": 2.981391933826248}, "K4": {"distribution": "normal", "mean": 30.050927626985803, "std": 4.897868652243986}}, "compatibleConfigurations": ["K3", "K5", "K2", "K1", "K4"]}, "O3": {"estimatedTestTime": {"K1": {"distribution": "normal", "mean": 25.799338086939898, "std": 3.3570274736521495}, "K2": {"distribution": "normal", "mean": 45.7445906040323, "std": 3.574412047802737}, "K3": {"distribution": "normal", "mean": 48.12405945543896, "std": 3.1188524824206683}, "K5": {"distribution": "normal", "mean": 40.0904950213295, "std": 4.081282855746171}, "K4": {"distribution": "normal", "mean": 20.30542547464789, "std": 4.572077919631278}}, "compatibleConfigurations": ["K1", "K2", "K3", "K5", "K4"]}, "O4": {"estimatedTestTime": {"K1": {"distribution": "normal", "mean": 10.718803831567124, "std": 3.0305976408754565}, "K2": {"distribution": "normal", "mean": 36.47043039926493, "std": 4.6698447308897}, "K4": {"distribution": "normal", "mean": 6.715105661299477, "std": 2.7107070885230513}, "K3": {"distribution": "normal", "mean": 45.90135267804982, "std": 2.9934727239358154}, "K5": {"distribution": "normal", "mean": 6.948773785774339, "std": 2.331004878585635}}, "compatibleConfigurations": ["K1", "K2", "K4", "K3", "K5"]}, "O5": {"estimatedTestTime": {"K1": {"distribution": "normal", "mean": 22.06999832038364, "std": 3.2951000335360727}, "K5": {"distribution": "normal", "mean": 4.8429334156702755, "std": 4.72244461716432}, "K4": {"distribution": "normal", "mean": 45.241073908215604, "std": 2.8225810006426055}, "K3": {"distribution": "normal", "mean": 27.860433489439266, "std": 2.0017486908026303}, "K2": {"distribution": "normal", "mean": 45.785037511421315, "std": 3.181189373055961}}, "compatibleConfigurations": ["K1", "K5", "K4", "K3", "K2"]}, "O6": {"estimatedTestTime": {"K5": {"distribution": "normal", "mean": 33.547457197108045, "std": 4.323777083784491}, "K3": {"distribution": "normal", "mean": 44.12397484645824, "std": 2.9309602602092917}, "K4": {"distribution": "normal", "mean": 28.8707248508573, "std": 2.2320275161230025}, "K2": {"distribution": "normal", "mean": 19.879406809473362, "std": 4.264679079928973}, "K1": {"distribution": "normal", "mean": 23.22905890239307, "std": 3.61121967145181}}, "compatibleConfigurations": ["K5", "K3", "K4", "K2", "K1"]}, "O7": {"estimatedTestTime": {"K1": {"distribution": "normal", "mean": 39.66535859343446, "std": 3.978813763219778}, "K3": {"distribution": "normal", "mean": 16.802688949007972, "std": 3.814860877968396}, "K2": {"distribution": "normal", "mean": 9.319733394591172, "std": 3.67982961445363}, "K4": {"distribution": "normal", "mean": 22.117535100469034, "std": 2.4827952127492194}, "K5": {"distribution": "normal", "mean": 28.713973900204714, "std": 3.7636818118996715}}, "compatibleConfigurations": ["K1", "K3", "K2", "K4", "K5"]}, "O8": {"estimatedTestTime": {"K1": {"distribution": "normal", "mean": 47.82968705128163, "std": 2.1741446980732584}, "K4": {"distribution": "normal", "mean": 47.94584841042056, "std": 2.5342489462682565}, "K5": {"distribution": "normal", "mean": 3.0858853128031356, "std": 3.1173570629417515}, "K2": {"distribution": "normal", "mean": 45.99436106918248, "std": 2.813150267393815}, "K3": {"distribution": "normal", "mean": 26.55743553548584, "std": 2.17377606493399}}, "compatibleConfigurations": ["K1", "K4", "K5", "K2", "K3"]}, "O9": {"estimatedTestTime": {"K5": {"distribution": "normal", "mean": 26.340647474598256, "std": 2.417734650153033}, "K1": {"distribution": "normal", "mean": 38.747645855438165, "std": 2.6212059880516057}, "K4": {"distribution": "normal", "mean": 45.60687566178872, "std": 2.8754613847319686}, "K2": {"distribution": "normal", "mean": 32.829608317137605, "std": 4.821064773466911}, "K3": {"distribution": "normal", "mean": 34.99651448663398, "std": 3.0291485879800546}}, "compatibleConfigurations": ["K5", "K1", "K4", "K2", "K3"]}, "O10": {"estimatedTestTime": {"K2": {"distribution": "normal", "mean": 2.275011646160415, "std": 3.26828867173924}, "K5": {"distribution": "normal", "mean": 11.411739320551773, "std": 2.0836683224712766}, "K1": {"distribution": "normal", "mean": 16.26198836075558, "std": 4.999912980104206}, "K4": {"distribution": "normal", "mean": 8.285837548239325, "std": 3.2804275336822983}, "K3": {"distribution": "normal", "mean": 3.749130299306225, "std": 4.397815949945764}}, "compatibleConfigurations": ["K2", "K5", "K1", "K4", "K3"]}, "O11": {"estimatedTestTime": {"K2": {"distribution": "normal", "mean": 34.350720462565434, "std": 4.205786541100918}, "K3": {"distribution": "normal", "mean": 9.850725735203582, "std": 2.340287295538255}, "K4": {"distribution": "normal", "mean": 9.86282151588169, "std": 4.480820614134572}, "K1": {"distribution": "normal", "mean": 21.884455830860254, "std": 2.0830564363009065}, "K5": {"distribution": "normal", "mean": 33.786157286774554, "std": 4.53678770328249}}, "compatibleConfigurations": ["K2", "K3", "K4", "K1", "K5"]}, "O12": {"estimatedTestTime": {"K2": {"distribution": "normal", "mean": 47.165261858827726, "std": 2.3577170673124095}, "K1": {"distribution": "normal", "mean": 22.508817402376195, "std": 2.616374173474795}, "K3": {"distribution": "normal", "mean": 48.11702682556037, "std": 4.974990022289774}, "K5": {"distribution": "normal", "mean": 13.805223468091809, "std": 2.678736037997066}, "K4": {"distribution": "normal", "mean": 47.811436527508505, "std": 2.446356467295589}}, "compatibleConfigurations": ["K2", "K1", "K3", "K5", "K4"]}, "O13": {"estimatedTestTime": {"K3": {"distribution": "normal", "mean": 10.169880292326667, "std": 2.2064843263220526}, "K5": {"distribution": "normal", "mean": 41.57033268654337, "std": 2.8619413542275054}, "K1": {"distribution": "normal", "mean": 38.29334084238999, "std": 3.5676489749000284}, "K4": {"distribution": "normal", "mean": 32.229894576575425, "std": 4.056841345745029}, "K2": {"distribution": "normal", "mean": 13.348914887553516, "std": 4.777468782150791}}, "compatibleConfigurations": ["K3", "K5", "K1", "K4", "K2"]}, "O14": {"estimatedTestTime": {"K1": {"distribution": "normal", "mean": 36.579747887042316, "std": 2.547679281479563}, "K4": {"distribution": "normal", "mean": 37.2117534478996, "std": 4.320615433189442}, "K2": {"distribution": "normal", "mean": 17.788224458960617, "std": 3.7878592663009862}, "K3": {"distribution": "normal", "mean": 43.27487471034854, "std": 4.023404433231542}, "K5": {"distribution": "normal", "mean": 43.35535261576168, "std": 4.973995762027224}},