{"configurations": {"count": 5, "items": {"K1": {"index": 0, "setupTimes": [0, 5, 5, 5, 5]}, "K2": {"index": 1, "setupTimes": [5, 0, 5, 5, 5]}, "K3": {"index": 2, "setupTimes": [5, 5, 0, 5, 5]}, "K4": {"index": 3, "setupTimes": [5, 5, 5, 0, 5]}, "K5": {"index": 4, "setupTimes": [5, 5, 5, 5, 0]}}}, "testers": {"count": 5, "items": {"T1": {"supportedConfigurations": ["K3", "K5"]}, "T2": {"supportedConfigurations": ["K1", "K5"]}, "T3": {"supportedConfigurations": ["K4", "K1"]}, "T4": {"supportedConfigurations": ["K2", "K5"]}, "T5": {"supportedConfigurations": ["K5", "K4"]}}}, "operations": {"count": 15, "items": {"O1": {"estimatedTestTime": {"K2": {"distribution": "normal", "mean": 42.610182732435135, "std": 4.852844495971404}, "K3": {"distribution": "normal", "mean": 45.23316936704167, "std": 3.871565940225148}, "K4": {"distribution": "normal", "mean": 8.268342351136248, "std": 2.60233619125404}, "K1": {"distribution": "normal", "mean": 39.66737982078656, "std": 4.8168293119601735}, "K5": {"distribution": "normal", "mean": 44.515607476132004, "std": 2.4405613528671197}}, "compatibleConfigurations": ["K2", "K3", "K4", "K1", "K5"]}, "O2": {"estimatedTestTime": {"K2": {"distribution": "normal", "mean": 6.571166660497756, "std": 2.4067278975179405}, "K5": {"distribution": "normal", "mean": 18.370886405939796, "std": 4.542774224432262}, "K4": {"distribution": "normal", "mean": 33.88218890339232, "std": 4.62902119711794}, "K1": {"distribution": "normal", "mean": 37.321740064229544, "std": 2.317031566769737}, "K3": {"distribution": "normal", "mean": 15.74015437591733, "std": 3.0955461702674976}}, "compatibleConfigurations": ["K2", "K5", "K4", "K1", "K3"]}, "O3": {"estimatedTestTime": {"K1": {"distribution": "normal", "mean": 11.934600283890292, "std": 4.922990239924681}, "K3": {"distribution": "normal", "mean": 3.0210092951247933, "std": 3.919927010904296}, "K4": {"distribution": "normal", "mean": 45.16023875363856, "std": 3.1989431085827436}, "K2": {"distribution": "normal", "mean": 14.909640678210087, "std": 4.45843915565734}, "K5": {"distribution": "normal", "mean": 34.798636216529964, "std": 3.3555582447971406}}, "compatibleConfigurations": ["K1", "K3", "K4", "K2", "K5"]}, "O4": {"estimatedTestTime": {"K5": {"distribution": "normal", "mean": 5.874680171207647, "std": 2.7720537995933237}, "K4": {"distribution": "normal", "mean": 41.45434158918089, "std": 2.6197868555866184}, "K2": {"distribution": "normal", "mean": 9.234414391307439, "std": 3.650544142740698}, "K1": {"distribution": "normal", "mean": 31.625670261264347, "std": 2.728716629086866}, "K3": {"distribution": "normal", "mean": 38.870405696203534, "std": 4.51239420559474}}, "compatibleConfigurations": ["K5", "K4", "K2", "K1", "K3"]}, "O5": {"estimatedTestTime": {"K5": {"distribution": "normal", "mean": 23.72363814190245, "std": 4.710070466972133}, "K2": {"distribution": "normal", "mean": 27.72018710010593, "std": 2.0399536694526357}, "K4": {"distribution": "normal", "mean": 24.05779551740782, "std": 4.164526643538522}, "K1": {"distribution": "normal", "mean": 28.44832480174136, "std": 4.017395782790484}, "K3": {"distribution": "normal", "mean": 44.574319147070874, "std": 2.030136381328488}}, "compatibleConfigurations": ["K5", "K2", "K4", "K1", "K3"]}, "O6": {"estimatedTestTime": {"K2": {"distribution": "normal", "mean": 28.529405068385486, "std": 3.6408969083038927}, "K1": {"distribution": "normal", "mean": 23.860595732130925, "std": 4.754114599785995}, "K4": {"distribution": "normal", "mean": 13.20034816054574, "std": 4.47557362777881}, "K3": {"distribution": "normal", "mean": 40.19937516591012, "std": 4.326015954609855}, "K5": {"distribution": "normal", "mean": 15.246373807859081, "std": 4.267326062198775}}, "compatibleConfigurations": ["K2", "K1", "K4", "K3", "K5"]}, "O7": {"estimatedTestTime": {"K5": {"distribution": "normal", "mean": 36.23347088408092, "std": 3.4279695317537775}, "K4": {"distribution": "normal", "mean": 26.59144373724797, "std": 4.361006418630614}, "K1": {"distribution": "normal", "mean": 29.47627395888705, "std": 3.5849285059877714}, "K3": {"distribution": "normal", "mean": 20.96524653707622, "std": 4.445996580808741}, "K2": {"distribution": "normal", "mean": 42.69242179498771, "std": 4.4359202582158215}}, "compatibleConfigurations": ["K5", "K4", "K1", "K3", "K2"]}, "O8": {"estimatedTestTime": {"K5": {"distribution": "normal", "mean": 34.44716130570542, "std": 4.194345932714743}, "K4": {"distribution": "normal", "mean": 30.479428409726697, "std": 2.0259021845633445}, "K3": {"distribution": "normal", "mean": 45.931442946971096, "std": 4.407264118803467}, "K2": {"distribution": "normal", "mean": 5.581716706218284, "std": 2.7346709331486303}, "K1": {"distribution": "normal", "mean": 36.26179401026186, "std": 4.177249555879349}}, "compatibleConfigurations": ["K5", "K4", "K3", "K2", "K1"]}, "O9": {"estimatedTestTime": {"K1": {"distribution": "normal", "mean": 43.91127438984982, "std": 2.851443680028626}, "K4": {"distribution": "normal", "mean": 20.283549935096516, "std": 3.3289670510762}, "K5": {"distribution": "normal", "mean": 44.673080828996866, "std": 2.888509202215775}, "K2": {"distribution": "normal", "mean": 15.351780802252533, "std": 4.96533543331792}, "K3": {"distribution": "normal", "mean": 45.75156563301524, "std": 3.0469521847944634}}, "compatibleConfigurations": ["K1", "K4", "K5", "K2", "K3"]}, "O10": {"estimatedTestTime": {"K5": {"distribution": "normal", "mean": 19.083517111722173, "std": 3.231248047767166}, "K3": {"distribution": "normal", "mean": 38.8831739936134, "std": 2.816088076158577}, "K1": {"distribution": "normal", "mean": 29.631365012729102, "std": 2.1137970079759345}, "K4": {"distribution": "normal", "mean": 18.740283904951973, "std": 4.86486710177269}, "K2": {"distribution": "normal", "mean": 28.056551333284716, "std": 3.033970752224122}}, "compatibleConfigurations": ["K5", "K3", "K1", "K4", "K2"]}, "O11": {"estimatedTestTime": {"K3": {"distribution": "normal", "mean": 41.407088889668245, "std": 3.2783269327366042}, "K1": {"distribution": "normal", "mean": 45.35507227680397, "std": 4.444883315672218}, "K2": {"distribution": "normal", "mean": 2.401333681055773, "std": 2.567641396221088}, "K4": {"distribution": "normal", "mean": 14.122610022198963, "std": 2.0278107999100277}, "K5": {"distribution": "normal", "mean": 44.84235216625295, "std": 3.2778446979401674}}, "compatibleConfigurations": ["K3", "K1", "K2", "K4", "K5"]}, "O12": {"estimatedTestTime": {"K2": {"distribution": "normal", "mean": 20.074628158447084, "std": 2.9112683179104373}, "K4": {"distribution": "normal", "mean": 21.076227898829124, "std": 3.9008233644931165}, "K3": {"distribution": "normal", "mean": 31.573504471913516, "std": 2.237333944310511}, "K5": {"distribution": "normal", "mean": 28.112730037981844, "std": 2.8236115880338373}, "K1": {"distribution": "normal", "mean": 44.804904832685565, "std": 2.6085942615756283}}, "compatibleConfigurations": ["K2", "K4", "K3", "K5", "K1"]}, "O13": {"estimatedTestTime": {"K4": {"distribution": "normal", "mean": 5.993418829629073, "std": 3.0161860048258626}, "K1": {"distribution": "normal", "mean": 7.8081807877204525, "std": 4.119335882139542}, "K3": {"distribution": "normal", "mean": 20.633434377720338, "std": 2.580314021581253}, "K5": {"distribution": "normal", "mean": 32.078080830070654, "std": 2.6110549789957336}, "K2": {"distribution": "normal", "mean": 23.82600226085213, "std": 3.922053474971325}}, "compatibleConfigurations": ["K4", "K1", "K3", "K5", "K2"]}, "O14": {"estimatedTestTime": {"K2": {"distribution": "normal", "mean": 34.748727181821295, "std": 2.1562788683262055}, "K3": {"distribution": "normal", "mean": 20.84242334661198, "std": 2.76157661209302}, "K1": {"distribution": "normal", "mean": 7.535907196253156, "std": 2.68706210505752}, "K4": {"distribution": "normal", "mean": 29.3112464929101, "std": 3.6290857014851934}, "K5": {"distribution": "normal", "mean": 19.02355006094427, "std": 4.113568283786948}},