{"configurations": {"count": 4, "items": {"K1": {"index": 0, "setupTimes": [0, 59, 5, 53]}, "K2": {"index": 1, "setupTimes": [19, 0, 9, 59]}, "K3": {"index": 2, "setupTimes": [40, 3, 0, 30]}, "K4": {"index": 3, "setupTimes": [31, 56, 33, 0]}}}, "testers": {"count": 2, "items": {"T1": {"supportedConfigurations": ["K2", "K3", "K4"]}, "T2": {"supportedConfigurations": ["K2", "K3", "K1"]}}}, "operations": {"count": 11, "items": {"O1": {"estimatedTestTime": {"K2": {"distribution": "normal", "mean": 338.03876271234407, "std": 4.663919470806748}, "K4": {"distribution": "normal", "mean": 300.53532621762025, "std": 2.574213241973566}, "K1": {"distribution": "normal", "mean": 206.0621238246465, "std": 4.315154504204754}}, "compatibleConfigurations": ["K2", "K4", "K1"]}, "O2": {"estimatedTestTime": {"K4": {"distribution": "normal", "mean": 253.47434688212206, "std": 3.6160435876917916}, "K3": {"distribution": "normal", "mean": 129.8425558818379, "std": 3.2861649232199053}, "K1": {"distribution": "normal", "mean": 28.466910950503504, "std": 4.02503569091386}, "K2": {"distribution": "normal", "mean": 324.99252549290253, "std": 2.2167455250779735}}, "compatibleConfigurations": ["K4", "K3", "K1", "K2"]}, "O3": {"estimatedTestTime": {"K1": {"distribution": "normal", "mean": 231.01274097328022, "std": 3.372601769721966}, "K2": {"distribution": "normal", "mean": 322.6277234064996, "std": 4.41334663670617}, "K4": {"distribution": "normal", "mean": 401.77937672339266, "std": 4.7150689155708685}, "K3": {"distribution": "normal", "mean": 475.0817127741799, "std": 2.9355556999728623}}, "compatibleConfigurations": ["K1", "K2", "K4", "K3"]}, "O4": {"estimatedTestTime": {"K2": {"distribution": "normal", "mean": 297.3463681305265, "std": 4.3265767079239215}, "K4": {"distribution": "normal", "mean": 69.60249845124264, "std": 4.7360568331095845}, "K3": {"distribution": "normal", "mean": 360.01505198017816, "std": 2.4535739813090434}, "K1": {"distribution": "normal", "mean": 86.33316331301207, "std": 4.624250571922044}}, "compatibleConfigurations": ["K2", "K4", "K3", "K1"]}, "O5": {"estimatedTestTime": {"K2": {"distribution": "normal", "mean": 413.26374868363837, "std": 4.232175865749117}, "K4": {"distribution": "normal", "mean": 423.61216695221566, "std": 4.600433648625001}, "K1": {"distribution": "normal", "mean": 411.5386527990732, "std": 3.341913508781586}}, "compatibleConfigurations": ["K2", "K4", "K1"]}, "O6": {"estimatedTestTime": {"K3": {"distribution": "normal", "mean": 207.87580964718862, "std": 4.1225901490525345}, "K2": {"distribution": "normal", "mean": 18.462742637493136, "std": 3.4138515178765436}, "K4": {"distribution": "normal", "mean": 68.88622081131102, "std": 3.063328691712131}}, "compatibleConfigurations": ["K3", "K2", "K4"]}, "O7": {"estimatedTestTime": {"K3": {"distribution": "normal", "mean": 244.28981363571157, "std": 3.4701941332473267}, "K2": {"distribution": "normal", "mean": 317.45390785115626, "std": 3.9872000191014605}, "K1": {"distribution": "normal", "mean": 286.95513393021895, "std": 4.386337492436759}, "K4": {"distribution": "normal", "mean": 229.00878146148787, "std": 3.9712444897867085}}, "compatibleConfigurations": ["K3", "K2", "K1", "K4"]}, "O8": {"estimatedTestTime": {"K1": {"distribution": "normal", "mean": 289.5313526506733, "std": 3.8841289280160067}, "K4": {"distribution": "normal", "mean": 190.70262866243263, "std": 4.243460899013607}}, "compatibleConfigurations": ["K1", "K4"]}, "O9": {"estimatedTestTime": {"K3": {"distribution": "normal", "mean": 339.67195169724573, "std": 2.6748517075255833}, "K4": {"distribution": "normal", "mean": 30.021160857452895, "std": 4.101863570664972}}, "compatibleConfigurations": ["K3", "K4"]}, "O10": {"estimatedTestTime": {"K1": {"distribution": "normal", "mean": 453.4172906977201, "std": 2.0541378750963966}, "K4": {"distribution": "normal", "mean": 254.57186331722247, "std": 3.991430146270732}, "K3": {"distribution": "normal", "mean": 80.9687168978041, "std": 3.377190816513552}}, "compatibleConfigurations": ["K1", "K4", "K3"]}, "O11": {"estimatedTestTime": {"K3": {"distribution": "normal", "mean": 267.3309718754065, "std": 3.479577404401654}, "K1": {"distribution": "normal", "mean": 393.17557235967536, "std": 4.411812275677015}, "K2": {"distribution": "normal", "mean": 142.2589301414914, "std": 2.502125969134983}, "K4": {"distribution": "normal", "mean": 320.3159276526681, "std": 2.6225876735061227}}, "compatibleConfigurations": ["K3", "K1", "K2", "K4"]}}}, "products": {"count": 7, "items": {"P1": {"index": 0, "arrival": 0, "quantity": 5, "duedate": 1604.5898305020414, "operations": ["O3", "O5", "O6", "O11", "O9"], "dependencies": [[2, 0], [3, 0], [4, 1], [4, 2]]}, "P2": {"index": 1, "arrival": 72.03693205072491, "quantity": 3, "duedate": 2063.020766429792, "operations": ["O10", "O2", "O8", "O7", "O6", "O3", "O5", "O1", "O11", "O9", "O4"], "dependencies": [[3, 1], [3, 2], [4, 1], [4, 2], [4, 3], [5, 1], [5, 3], [6, 0], [7, 1], [8, 1], [8, 3], [8, 5], [8, 6], [9, 5], [9, 6], [9, 7], [9, 8], [10, 4], [10, 6], [10, 7], [10, 8]]}, "P3": {"index": 2, "arrival": 124.39527893798888, "quantity": 4, "duedate": 3272.9564240152963, "operations": ["O6", "O3", "O10", "O9", "O1", "O5", "O4", "O8", "O2", "O11", "O7"], "dependencies": [[1, 0], [2, 1], [3, 0], [3, 1], [4, 2], [5, 3], [6, 1], [6, 2], [6, 3], [7, 0], [7, 4], [7, 5], [8, 5], [9, 2], [9, 4], [9, 5], [9, 6], [10, 5], [10, 8], [10, 9]]}, "P4": {"index": 3, "arrival": 222.21626541871439, "quantity": 3, "duedate": 1942.6793056335275, "operations": ["O3", "O8", "O7", "O6", "O10", "O4"], "dependencies": [[1, 0], [3, 1], [3, 2], [4, 3], [5, 3], [5, 4]]}, "P5": {"index": 4, "arrival": 321.97323629949756, "quantity": 4, "duedate": 2762.4514377399314, "operations": ["O8", "O4", "O6", "O1", "O5", "O2", "O10", "O7", "O11"], "dependencies": [[3, 1], [3, 2], [4, 2], [5, 0], [5, 1], [5, 2], [5, 3], [5, 4], [7, 3], [7, 5], [8, 1], [8, 4], [8, 6], [8, 7]]}, "P6": {"index": 5, "arrival": 389.24990400086097, "quantity": 4, "duedate": 2263.2582824326228, "operations": ["O1", "O10", "O2", "O5", "O8", "O6", "O4", "O3"], "dependencies": [[2, 0], [4, 1], [5, 0], [5, 4], [6, 0], [6, 3], [6, 4], [7, 5]]}, "P7": {"index": 6, "arrival": 447.96422207327055, "quantity": 4, "duedate": 4761.090101552629, "operations": ["O5", "O4", "O10", "O6", "O11", "O3", "O8", "O1", "O7", "O9"], "dependencies": [[1, 0], [2, 0], [2, 1], [3, 0], [4, 2], [4, 3], [5, 1], [5, 4], [6, 1], [6, 2], [6, 3], [6, 5], [7, 0], [7, 6], [8, 1], [8, 2], [8, 3], [8, 4], [8, 6], [9, 0], [9, 4], [9, 8]]}}}}