{"configurations": {"count": 3, "items": {"K1": {"index": 0, "setupTimes": [0, 7, 2]}, "K2": {"index": 1, "setupTimes": [0, 0, 1]}, "K3": {"index": 2, "setupTimes": [5, 1, 0]}}}, "testers": {"count": 2, "items": {"T1": {"supportedConfigurations": ["K1", "K2"]}, "T2": {"supportedConfigurations": ["K3", "K1"]}}}, "operations": {"count": 18, "items": {"O1": {"estimatedTestTime": {"K3": {"distribution": "normal", "mean": 6.91282483049207, "std": 2.683387602294322}, "K1": {"distribution": "normal", "mean": 31.83398915474703, "std": 3.567675141082477}}, "compatibleConfigurations": ["K3", "K1"]}, "O2": {"estimatedTestTime": {"K2": {"distribution": "normal", "mean": 45.948410051201634, "std": 3.2139642719331514}, "K3": {"distribution": "normal", "mean": 32.18405644633376, "std": 4.505570133958248}}, "compatibleConfigurations": ["K2", "K3"]}, "O3": {"estimatedTestTime": {"K3": {"distribution": "normal", "mean": 2.897523403561115, "std": 2.053348623722711}, "K1": {"distribution": "normal", "mean": 30.896598864390477, "std": 4.714521196819908}, "K2": {"distribution": "normal", "mean": 11.018096997409359, "std": 4.343852371746833}}, "compatibleConfigurations": ["K3", "K1", "K2"]}, "O4": {"estimatedTestTime": {"K3": {"distribution": "normal", "mean": 37.24495509081791, "std": 4.05726044422574}, "K1": {"distribution": "normal", "mean": 11.450861747429043, "std": 4.573263625487881}}, "compatibleConfigurations": ["K3", "K1"]}, "O5": {"estimatedTestTime": {"K2": {"distribution": "normal", "mean": 41.910458017087564, "std": 2.8600258095255375}, "K1": {"distribution": "normal", "mean": 21.02744613293075, "std": 4.717078307587341}, "K3": {"distribution": "normal", "mean": 29.30693314391054, "std": 3.3865246312737995}}, "compatibleConfigurations": ["K2", "K1", "K3"]}, "O6": {"estimatedTestTime": {"K2": {"distribution": "normal", "mean": 40.61191792751961, "std": 3.355083666725489}, "K1": {"distribution": "normal", "mean": 13.195209095651046, "std": 2.36266685531525}, "K3": {"distribution": "normal", "mean": 40.66129464227475, "std": 3.508712861838416}}, "compatibleConfigurations": ["K2", "K1", "K3"]}, "O7": {"estimatedTestTime": {"K3": {"distribution": "normal", "mean": 39.60558406999504, "std": 2.9438030472014383}, "K2": {"distribution": "normal", "mean": 46.86852799479778, "std": 3.760167914114557}}, "compatibleConfigurations": ["K3", "K2"]}, "O8": {"estimatedTestTime": {"K3": {"distribution": "normal", "mean": 36.727367361362084, "std": 2.822955498728425}, "K1": {"distribution": "normal", "mean": 19.983444953848007, "std": 3.570828289649821}, "K2": {"distribution": "normal", "mean": 14.771745912008718, "std": 4.453949102843197}}, "compatibleConfigurations": ["K3", "K1", "K2"]}, "O9": {"estimatedTestTime": {"K1": {"distribution": "normal", "mean": 45.462621799287156, "std": 4.324250150405244}, "K2": {"distribution": "normal", "mean": 29.671215548526707, "std": 3.3815826532083504}, "K3": {"distribution": "normal", "mean": 2.7462729582310743, "std": 3.523832452689848}}, "compatibleConfigurations": ["K1", "K2", "K3"]}, "O10": {"estimatedTestTime": {"K3": {"distribution": "normal", "mean": 36.7841291167307, "std": 2.6328983847553245}, "K1": {"distribution": "normal", "mean": 11.176435595144628, "std": 4.352578795595239}}, "compatibleConfigurations": ["K3", "K1"]}, "O11": {"estimatedTestTime": {"K1": {"distribution": "normal", "mean": 41.65162155831088, "std": 4.763049852398936}, "K3": {"distribution": "normal", "mean": 35.33549059103653, "std": 4.582591145786612}, "K2": {"distribution": "normal", "mean": 39.16624876663967, "std": 2.973073481140554}}, "compatibleConfigurations": ["K1", "K3", "K2"]}, "O12": {"estimatedTestTime": {"K3": {"distribution": "normal", "mean": 31.2187068710261, "std": 2.300684887801869}, "K1": {"distribution": "normal", "mean": 46.119609031911786, "std": 4.632846379330706}, "K2": {"distribution": "normal", "mean": 17.9716643364248, "std": 4.662831739493895}}, "compatibleConfigurations": ["K3", "K1", "K2"]}, "O13": {"estimatedTestTime": {"K1": {"distribution": "normal", "mean": 6.297026222792724, "std": 3.881211568478904}, "K3": {"distribution": "normal", "mean": 36.56365586063475, "std": 4.702483856872403}, "K2": {"distribution": "normal", "mean": 24.159074983054644, "std": 4.047802432340706}}, "compatibleConfigurations": ["K1", "K3", "K2"]}, "O14": {"estimatedTestTime": {"K3": {"distribution": "normal", "mean": 14.169561146604366, "std": 3.199917627229408}, "K1": {"distribution": "normal", "mean": 26.323471766765373, "std": 2.9649596204737603}}, "compatibleConfigurations": ["K3", "K1"]}, "O15": {"estimatedTestTime": {"K3": {"distribution": "normal", "mean": 6.2541153506417935, "std": 4.057700872439799}, "K1": {"distribution": "normal", "mean": 25.52867825423929, "std": 3.8686407421505353}, "K2": {"distribution": "normal", "mean": 41.304465599416915, "std": 4.504101676126606}}, "compatibleConfigurations": ["K3", "K1", "K2"]}, "O16": {"estimatedTestTime": {"K2": {"distribution": "normal", "mean": 31.76224981243412, "std": 3.0993726908152697}, "K1": {"distribution": "normal", "mean": 21.357351877666332, "std": 3.8011132110196444}}, "compatibleConfigurations": ["K2", "K1"]}, "O17": {"estimatedTestTime": {"K3": {"distribution": "normal", "mean": 2.6318528241615127, "std": 3.6309736771256547}, "K2": {"distribution": "normal", "mean": 17.375077629439645, "std": 4.293014237978775}, "K1": {"distribution": "normal", "mean": 3.108241934882331, "std": 2.9603734245178006}}, "compatibleConfigurations": ["K3", "K2", "K1"]}, "O18": {"estimatedTestTime": {"K3": {"distribution": "normal", "mean": 41.50417919231841, "std": 4.921321436453715}, "K1": {"distribution": "normal", "mean": 27.13256177459558, "std": 2.021809180268094}, "K2": {"distribution": "normal", "mean": 25.374865946375184, "std": 2.5713231930295666}}, "compatibleConfigurations": ["K3", "K1", "K2"]}}}, "products": {"count": 4, "items": {"P1": {"index": 0, "arrival": 0, "quantity": 4, "duedate": 136.35255429292096, "operations": ["O15", "O1", "O4", "O9", "O2"], "dependencies": [[1, 0], [2, 1], [3, 1], [4, 0]]}, "P2": {"index": 1, "arrival": 15.168702220754598, "quantity": 4, "duedate": 251.0454940486354, "operations": ["O7", "O18", "O15", "O16", "O8"], "dependencies": [[1, 0], [2, 1], [3, 2], [4, 1]]}, "P3": {"index": 2, "arrival": 22.964033233136565, "quantity": 2, "duedate": 75.87493274435487, "operations": ["O18", "O16"], "dependencies": [[1, 0]]}, "P4": {"index": 3, "arrival": 45.26861446787922, "quantity": 5, "duedate": 161.86322359286842, "operations": ["O8", "O10", "O16"], "dependencies": [[1, 0], [2, 0]]}}}}