{"configurations": {"count": 3, "items": {"K1": {"index": 0, "setupTimes": [0, 5, 3]}, "K2": {"index": 1, "setupTimes": [8, 0, 7]}, "K3": {"index": 2, "setupTimes": [6, 2, 0]}}}, "testers": {"count": 4, "items": {"T1": {"supportedConfigurations": ["K3", "K1"]}, "T2": {"supportedConfigurations": ["K1", "K2", "K3"]}, "T3": {"supportedConfigurations": ["K3", "K1", "K2"]}, "T4": {"supportedConfigurations": ["K2", "K3"]}}}, "operations": {"count": 17, "items": {"O1": {"estimatedTestTime": {"K3": {"distribution": "normal", "mean": 37.82502999980105, "std": 3.3854516695977326}, "K1": {"distribution": "normal", "mean": 42.35078941266613, "std": 2.209361770100699}, "K2": {"distribution": "normal", "mean": 33.419353568796495, "std": 3.7937741310972495}}, "compatibleConfigurations": ["K3", "K1", "K2"]}, "O2": {"estimatedTestTime": {"K1": {"distribution": "normal", "mean": 27.860863244445603, "std": 3.1553669160614035}, "K2": {"distribution": "normal", "mean": 20.741206451852978, "std": 4.547217527915965}, "K3": {"distribution": "normal", "mean": 19.412073482521375, "std": 4.317546373249541}}, "compatibleConfigurations": ["K1", "K2", "K3"]}, "O3": {"estimatedTestTime": {"K3": {"distribution": "normal", "mean": 27.131055769981394, "std": 3.563473066700094}, "K2": {"distribution": "normal", "mean": 45.602095339063446, "std": 2.7588935127187226}}, "compatibleConfigurations": ["K3", "K2"]}, "O4": {"estimatedTestTime": {"K3": {"distribution": "normal", "mean": 34.82666175778542, "std": 3.0076367775970003}, "K1": {"distribution": "normal", "mean": 5.484928275756284, "std": 3.862143059879394}}, "compatibleConfigurations": ["K3", "K1"]}, "O5": {"estimatedTestTime": {"K1": {"distribution": "normal", "mean": 32.78892174298174, "std": 2.0888207727255095}, "K3": {"distribution": "normal", "mean": 35.33344144657791, "std": 4.003894682700523}}, "compatibleConfigurations": ["K1", "K3"]}, "O6": {"estimatedTestTime": {"K2": {"distribution": "normal", "mean": 29.053947986544053, "std": 4.242189087806096}, "K3": {"distribution": "normal", "mean": 18.025128061123212, "std": 3.314371043745439}, "K1": {"distribution": "normal", "mean": 20.635983287328113, "std": 3.44418697619232}}, "compatibleConfigurations": ["K2", "K3", "K1"]}, "O7": {"estimatedTestTime": {"K3": {"distribution": "normal", "mean": 37.0866121316799, "std": 4.735472399901411}, "K1": {"distribution": "normal", "mean": 44.890058624866406, "std": 2.688445506519892}, "K2": {"distribution": "normal", "mean": 6.976729925792775, "std": 2.0674236452221857}}, "compatibleConfigurations": ["K3", "K1", "K2"]}, "O8": {"estimatedTestTime": {"K3": {"distribution": "normal", "mean": 24.542210629019507, "std": 4.929810934283306}, "K2": {"distribution": "normal", "mean": 36.096709055594964, "std": 3.1086165343909453}}, "compatibleConfigurations": ["K3", "K2"]}, "O9": {"estimatedTestTime": {"K3": {"distribution": "normal", "mean": 4.4420270303600145, "std": 4.755618107666061}, "K1": {"distribution": "normal", "mean": 24.34015167429684, "std": 3.264335818687424}}, "compatibleConfigurations": ["K3", "K1"]}, "O10": {"estimatedTestTime": {"K1": {"distribution": "normal", "mean": 19.73606612681179, "std": 4.795690343526614}, "K2": {"distribution": "normal", "mean": 46.71770897783529, "std": 2.8389439301867734}}, "compatibleConfigurations": ["K1", "K2"]}, "O11": {"estimatedTestTime": {"K3": {"distribution": "normal", "mean": 4.8584906958874825, "std": 4.16051370291974}, "K1": {"distribution": "normal", "mean": 24.65345034672331, "std": 3.610109432296187}}, "compatibleConfigurations": ["K3", "K1"]}, "O12": {"estimatedTestTime": {"K2": {"distribution": "normal", "mean": 34.21784719062495, "std": 2.1842693621881595}, "K3": {"distribution": "normal", "mean": 34.564426372800554, "std": 3.522229360696101}}, "compatibleConfigurations": ["K2", "K3"]}, "O13": {"estimatedTestTime": {"K3": {"distribution": "normal", "mean": 20.12918736001955, "std": 2.595051918492464}, "K2": {"distribution": "normal", "mean": 35.51810995297639, "std": 4.108338809610776}}, "compatibleConfigurations": ["K3", "K2"]}, "O14": {"estimatedTestTime": {"K2": {"distribution": "normal", "mean": 46.09066013491964, "std": 2.860615666479248}, "K3": {"distribution": "normal", "mean": 23.625478060843644, "std": 2.194651510964294}}, "compatibleConfigurations": ["K2", "K3"]}, "O15": {"estimatedTestTime": {"K3": {"distribution": "normal", "mean": 36.3030187145476, "std": 2.9652673727572623}, "K1": {"distribution": "normal", "mean": 19.373154414211903, "std": 3.2778065174880906}, "K2": {"distribution": "normal", "mean": 13.632669043386812, "std": 2.027816529125438}}, "compatibleConfigurations": ["K3", "K1", "K2"]}, "O16": {"estimatedTestTime": {"K1": {"distribution": "normal", "mean": 6.199835890271, "std": 3.0583633859867234}, "K2": {"distribution": "normal", "mean": 22.816238685743407, "std": 2.473637764460978}, "K3": {"distribution": "normal", "mean": 43.35435786356767, "std": 4.360191228901488}}, "compatibleConfigurations": ["K1", "K2", "K3"]}, "O17": {"estimatedTestTime": {"K1": {"distribution": "normal", "mean": 31.182896803712254, "std": 4.209900035604186}, "K2": {"distribution": "normal", "mean": 14.919583115046178, "std": 4.120964782524457}, "K3": {"distribution": "normal", "mean": 26.800773492884275, "std": 2.2682636234928415}}, "compatibleConfigurations": ["K1", "K2", "K3"]}}}, "products": {"count": 3, "items": {"P1": {"index": 0, "arrival": 0, "quantity": 4, "duedate": 67.91606575245561, "operations": ["O8", "O13", "O11", "O1"], "dependencies": [[2, 0], [2, 1], [3, 0]]}, "P2": {"index": 1, "arrival": 27.99269775158929, "quantity": 5, "duedate": 108.20500576692163, "operations": ["O5", "O10"], "dependencies": [[1, 0]]}, "P3": {"index": 2, "arrival": 54.139510466553844, "quantity": 5, "duedate": 162.19284797586684, "operations": ["O5", "O4", "O1"], "dependencies": [[1, 0], [2, 1]]}}}}