{"configurations": {"count": 4, "items": {"K1": {"index": 0, "setupTimes": [0, 13, 42, 29]}, "K2": {"index": 1, "setupTimes": [44, 0, 48, 17]}, "K3": {"index": 2, "setupTimes": [54, 14, 0, 26]}, "K4": {"index": 3, "setupTimes": [54, 22, 25, 0]}}}, "testers": {"count": 5, "items": {"T1": {"supportedConfigurations": ["K3", "K2"]}, "T2": {"supportedConfigurations": ["K2", "K3"]}, "T3": {"supportedConfigurations": ["K4", "K2"]}, "T4": {"supportedConfigurations": ["K2", "K3", "K4", "K1"]}, "T5": {"supportedConfigurations": ["K2", "K4"]}}}, "operations": {"count": 15, "items": {"O1": {"estimatedTestTime": {"K3": {"distribution": "normal", "mean": 484.6286275505069, "std": 3.6265163800595306}, "K2": {"distribution": "normal", "mean": 158.42262283250943, "std": 3.745836812234417}, "K4": {"distribution": "normal", "mean": 261.68526716924725, "std": 2.8572395469338128}}, "compatibleConfigurations": ["K3", "K2", "K4"]}, "O2": {"estimatedTestTime": {"K3": {"distribution": "normal", "mean": 208.99322208719815, "std": 4.6802046651099385}, "K1": {"distribution": "normal", "mean": 111.76432364621502, "std": 2.323689068970997}}, "compatibleConfigurations": ["K3", "K1"]}, "O3": {"estimatedTestTime": {"K1": {"distribution": "normal", "mean": 113.17484668391465, "std": 3.5202770392303213}, "K4": {"distribution": "normal", "mean": 353.8442315178928, "std": 4.9092359134985255}, "K2": {"distribution": "normal", "mean": 84.99415703071698, "std": 4.702337258468736}}, "compatibleConfigurations": ["K1", "K4", "K2"]}, "O4": {"estimatedTestTime": {"K2": {"distribution": "normal", "mean": 89.06094972492363, "std": 2.282589078832106}, "K1": {"distribution": "normal", "mean": 163.7499476920163, "std": 4.973011159649341}, "K3": {"distribution": "normal", "mean": 277.9672385885942, "std": 2.5480094463467955}}, "compatibleConfigurations": ["K2", "K1", "K3"]}, "O5": {"estimatedTestTime": {"K2": {"distribution": "normal", "mean": 39.20688708392119, "std": 3.1743790320416703}, "K3": {"distribution": "normal", "mean": 131.80207053308763, "std": 4.641473535694123}, "K1": {"distribution": "normal", "mean": 348.6887185723659, "std": 4.02194247074123}, "K4": {"distribution": "normal", "mean": 378.6977704553619, "std": 4.505835309876269}}, "compatibleConfigurations": ["K2", "K3", "K1", "K4"]}, "O6": {"estimatedTestTime": {"K1": {"distribution": "normal", "mean": 190.54003482612805, "std": 2.0393378545035223}, "K2": {"distribution": "normal", "mean": 66.64239894188667, "std": 4.864351654532985}}, "compatibleConfigurations": ["K1", "K2"]}, "O7": {"estimatedTestTime": {"K3": {"distribution": "normal", "mean": 210.44729985984262, "std": 2.934134127103741}, "K4": {"distribution": "normal", "mean": 7.41655169944115, "std": 4.961682795684906}}, "compatibleConfigurations": ["K3", "K4"]}, "O8": {"estimatedTestTime": {"K2": {"distribution": "normal", "mean": 84.63236624424447, "std": 2.842484717504326}, "K3": {"distribution": "normal", "mean": 288.01478507658993, "std": 3.911836330565575}}, "compatibleConfigurations": ["K2", "K3"]}, "O9": {"estimatedTestTime": {"K3": {"distribution": "normal", "mean": 289.93363397332763, "std": 2.302906371904684}, "K2": {"distribution": "normal", "mean": 430.1676722542167, "std": 2.5915667935322033}, "K4": {"distribution": "normal", "mean": 230.0525673504601, "std": 2.6189327025083258}}, "compatibleConfigurations": ["K3", "K2", "K4"]}, "O10": {"estimatedTestTime": {"K4": {"distribution": "normal", "mean": 159.3054062738682, "std": 3.202412564328497}, "K1": {"distribution": "normal", "mean": 238.9570486851622, "std": 2.7468528592884223}, "K2": {"distribution": "normal", "mean": 228.81405772058423, "std": 4.912929170109958}}, "compatibleConfigurations": ["K4", "K1", "K2"]}, "O11": {"estimatedTestTime": {"K2": {"distribution": "normal", "mean": 394.10111681685515, "std": 2.6767499599768287}, "K4": {"distribution": "normal", "mean": 232.6758101734649, "std": 4.854138338596471}, "K1": {"distribution": "normal", "mean": 119.86434832793884, "std": 4.723076343351368}, "K3": {"distribution": "normal", "mean": 443.9842709068156, "std": 2.6565281169947017}}, "compatibleConfigurations": ["K2", "K4", "K1", "K3"]}, "O12": {"estimatedTestTime": {"K3": {"distribution": "normal", "mean": 305.0000954879832, "std": 2.0919771896263377}, "K2": {"distribution": "normal", "mean": 58.56454755863031, "std": 2.6489931609110116}, "K1": {"distribution": "normal", "mean": 397.8642358750213, "std": 2.701412752221801}, "K4": {"distribution": "normal", "mean": 376.2686534503252, "std": 3.123312000199333}}, "compatibleConfigurations": ["K3", "K2", "K1", "K4"]}, "O13": {"estimatedTestTime": {"K4": {"distribution": "normal", "mean": 244.89741780945187, "std": 4.569266130741568}, "K3": {"distribution": "normal", "mean": 316.3352927316473, "std": 2.6969349426798517}, "K1": {"distribution": "normal", "mean": 378.49414806496947, "std": 4.31669689245507}, "K2": {"distribution": "normal", "mean": 439.01687026352, "std": 3.796478827492708}}, "compatibleConfigurations": ["K4", "K3", "K1", "K2"]}, "O14": {"estimatedTestTime": {"K4": {"distribution": "normal", "mean": 168.3287688012421, "std": 4.556476921862006}, "K1": {"distribution": "normal", "mean": 354.89567099718283, "std": 2.247511823388884}, "K3": {"distribution": "normal", "mean": 164.00183922287425, "std": 2.882894094284569}}, "compatibleConfigurations": ["K4", "K1", "K3"]}, "O15": {"estimatedTestTime": {"K1": {"distribution": "normal", "mean": 358.76676501823044, "std": 3.9247090158006843}, "K3": {"distribution": "normal", "mean": 47.00135236090455, "std": 2.6887745081538776}, "K4": {"distribution": "normal", "mean": 317.3616566170807, "std": 4.013587663200374}}, "compatibleConfigurations": ["K1", "K3", "K4"]}}}, "products": {"count": 6, "items": {"P1": {"index": 0, "arrival": 0, "quantity": 2, "duedate": 897.3093294663432, "operations": ["O8", "O9", "O10", "O7", "O2", "O1", "O12", "O13", "O6", "O11", "O3", "O4"], "dependencies": [[3, 0], [3, 1], [5, 0], [5, 3], [6, 0], [6, 4], [7, 0], [7, 1], [7, 3], [8, 7], [9, 0], [10, 1], [10, 3], [10, 4], [10, 6], [10, 9], [11, 2], [11, 4], [11, 6], [11, 10]]}, "P2": {"index": 1, "arrival": 86.25941564342054, "quantity": 3, "duedate": 595.6525899563642, "operations": ["O10", "O2", "O8", "O15", "O9"], "dependencies": [[3, 1], [3, 2], [4, 2], [4, 0]]}, "P3": {"index": 2, "arrival": 138.525021166151, "quantity": 2, "duedate": 816.7203986888566, "operations": ["O5", "O4", "O9", "O7", "O10", "O13", "O1", "O3"], "dependencies": [[1, 0], [6, 4], [7, 0], [7, 2], [7, 3], [7, 6], [7, 5]]}, "P4": {"index": 3, "arrival": 197.80465043183972, "quantity": 3, "duedate": 877.3291267484827, "operations": ["O14", "O5", "O7", "O11", "O9", "O8", "O2", "O10"], "dependencies": [[3, 0], [3, 1], [3, 2], [4, 0], [5, 1], [6, 4], [7, 0]]}, "P5": {"index": 4, "arrival": 270.9986329877088, "quantity": 4, "duedate": 1787.5720605136878, "operations": ["O15", "O13", "O2", "O6", "O12", "O7", "O14", "O9", "O3", "O5", "O1"], "dependencies": [[1, 0], [2, 1], [4, 0], [4, 2], [4, 3], [5, 0], [5, 4], [6, 1], [6, 3], [6, 4], [8, 5], [9, 2], [9, 6], [9, 7], [9, 8], [10, 5]]}, "P6": {"index": 5, "arrival": 352.6343358437497, "quantity": 4, "duedate": 813.779136835068, "operations": ["O13", "O6", "O7", "O5", "O2"], "dependencies": [[2, 1], [3, 1], [4, 2], [4, 0]]}}}}