{"configurations": {"count": 4, "items": {"K1": {"index": 0, "setupTimes": [0, 35, 2, 56]}, "K2": {"index": 1, "setupTimes": [55, 0, 35, 9]}, "K3": {"index": 2, "setupTimes": [8, 22, 0, 49]}, "K4": {"index": 3, "setupTimes": [6, 33, 36, 0]}}}, "testers": {"count": 5, "items": {"T1": {"supportedConfigurations": ["K1", "K2", "K4", "K3"]}, "T2": {"supportedConfigurations": ["K2", "K4", "K1"]}, "T3": {"supportedConfigurations": ["K2", "K1", "K3", "K4"]}, "T4": {"supportedConfigurations": ["K4", "K1", "K2", "K3"]}, "T5": {"supportedConfigurations": ["K3", "K1", "K2"]}}}, "operations": {"count": 14, "items": {"O1": {"estimatedTestTime": {"K2": {"distribution": "normal", "mean": 205.89144344811473, "std": 4.301669703899749}, "K3": {"distribution": "normal", "mean": 489.4962252344357, "std": 2.39347042079614}}, "compatibleConfigurations": ["K2", "K3"]}, "O2": {"estimatedTestTime": {"K1": {"distribution": "normal", "mean": 151.84646176710297, "std": 4.567917444078582}, "K4": {"distribution": "normal", "mean": 49.3437442699074, "std": 4.484957759608477}, "K3": {"distribution": "normal", "mean": 271.13363420351067, "std": 2.602273138387527}, "K2": {"distribution": "normal", "mean": 198.96458941341876, "std": 3.1135534731895347}}, "compatibleConfigurations": ["K1", "K4", "K3", "K2"]}, "O3": {"estimatedTestTime": {"K3": {"distribution": "normal", "mean": 492.7124038166122, "std": 2.6855948539077836}, "K1": {"distribution": "normal", "mean": 299.4203288469111, "std": 2.6345517707100043}, "K2": {"distribution": "normal", "mean": 455.99236091557543, "std": 2.0029812944696324}}, "compatibleConfigurations": ["K3", "K1", "K2"]}, "O4": {"estimatedTestTime": {"K2": {"distribution": "normal", "mean": 25.27839152028324, "std": 4.000431629006782}, "K3": {"distribution": "normal", "mean": 99.85377214835441, "std": 4.363823616703159}}, "compatibleConfigurations": ["K2", "K3"]}, "O5": {"estimatedTestTime": {"K2": {"distribution": "normal", "mean": 423.78808311368675, "std": 2.5906848164663376}, "K3": {"distribution": "normal", "mean": 439.307740176898, "std": 4.815845954911897}, "K1": {"distribution": "normal", "mean": 66.79929352506232, "std": 4.188177549673712}}, "compatibleConfigurations": ["K2", "K3", "K1"]}, "O6": {"estimatedTestTime": {"K3": {"distribution": "normal", "mean": 170.75676073641927, "std": 3.3780198074777257}, "K2": {"distribution": "normal", "mean": 253.1955312783841, "std": 4.700510573139523}}, "compatibleConfigurations": ["K3", "K2"]}, "O7": {"estimatedTestTime": {"K2": {"distribution": "normal", "mean": 282.0325370288876, "std": 3.4043172292991506}, "K3": {"distribution": "normal", "mean": 222.6808892766766, "std": 2.9523888206539994}}, "compatibleConfigurations": ["K2", "K3"]}, "O8": {"estimatedTestTime": {"K1": {"distribution": "normal", "mean": 446.0022478190061, "std": 4.639255969111254}, "K2": {"distribution": "normal", "mean": 102.42069667463444, "std": 4.81415247921794}, "K4": {"distribution": "normal", "mean": 53.847112275383935, "std": 4.849760510397759}, "K3": {"distribution": "normal", "mean": 344.0836437861097, "std": 2.9495366846814663}}, "compatibleConfigurations": ["K1", "K2", "K4", "K3"]}, "O9": {"estimatedTestTime": {"K2": {"distribution": "normal", "mean": 323.91193841036267, "std": 3.665285144873603}, "K1": {"distribution": "normal", "mean": 406.8259404865649, "std": 2.3153923095845865}}, "compatibleConfigurations": ["K2", "K1"]}, "O10": {"estimatedTestTime": {"K3": {"distribution": "normal", "mean": 128.4755338115932, "std": 2.612929250872955}, "K1": {"distribution": "normal", "mean": 487.80389914450075, "std": 4.2078573953343}, "K4": {"distribution": "normal", "mean": 193.80297559066076, "std": 2.371178913278922}, "K2": {"distribution": "normal", "mean": 91.58729345325203, "std": 2.8282054517222432}}, "compatibleConfigurations": ["K3", "K1", "K4", "K2"]}, "O11": {"estimatedTestTime": {"K4": {"distribution": "normal", "mean": 120.43720289882819, "std": 2.5208804741797635}, "K3": {"distribution": "normal", "mean": 435.48606758182456, "std": 3.2953713148170145}}, "compatibleConfigurations": ["K4", "K3"]}, "O12": {"estimatedTestTime": {"K3": {"distribution": "normal", "mean": 321.934807749417, "std": 4.218480899355807}, "K4": {"distribution": "normal", "mean": 26.45786758475029, "std": 4.785362086868291}}, "compatibleConfigurations": ["K3", "K4"]}, "O13": {"estimatedTestTime": {"K4": {"distribution": "normal", "mean": 389.68200633859846, "std": 4.4615160377767795}, "K3": {"distribution": "normal", "mean": 277.61413542854535, "std": 4.834326432759748}, "K2": {"distribution": "normal", "mean": 245.2425702336488, "std": 3.4544194822605037}}, "compatibleConfigurations": ["K4", "K3", "K2"]}, "O14": {"estimatedTestTime": {"K1": {"distribution": "normal", "mean": 200.91888958913162, "std": 3.690673163037967}, "K3": {"distribution": "normal", "mean": 213.57883409889047, "std": 4.158937370142448}, "K4": {"distribution": "normal", "mean": 291.3037399128827, "std": 2.3530312754008316}}, "compatibleConfigurations": ["K1", "K3", "K4"]}}}, "products": {"count": 2, "items": {"P1": {"index": 0, "arrival": 0, "quantity": 5, "duedate": 900.1617580995738, "operations": ["O9", "O12", "O5", "O3", "O7", "O14", "O4"], "dependencies": [[1, 0], [2, 1], [4, 0], [4, 1], [4, 3], [5, 1], [6, 1], [6, 2], [6, 3]]}, "P2": {"index": 1, "arrival": 86.23035810598506, "quantity": 5, "duedate": 1847.2263043634066, "operations": ["O6", "O8", "O13", "O1", "O4", "O3", "O5", "O2", "O9", "O11"], "dependencies": [[2, 0], [2, 1], [3, 2], [4, 0], [5, 0], [5, 4], [6, 0], [6, 2], [6, 5], [7, 1], [7, 2], [7, 4], [7, 6], [8, 3], [8, 7], [9, 1], [9, 4], [9, 7], [9, 8]]}}}}