{"configurations": {"count": 5, "items": {"K1": {"index": 0, "setupTimes": [0, 23, 17, 58, 60]}, "K2": {"index": 1, "setupTimes": [37, 0, 16, 52, 16]}, "K3": {"index": 2, "setupTimes": [15, 48, 0, 14, 40]}, "K4": {"index": 3, "setupTimes": [8, 7, 7, 0, 14]}, "K5": {"index": 4, "setupTimes": [30, 47, 15, 6, 0]}}}, "testers": {"count": 3, "items": {"T1": {"supportedConfigurations": ["K5", "K3"]}, "T2": {"supportedConfigurations": ["K2", "K5"]}, "T3": {"supportedConfigurations": ["K4", "K3", "K1"]}}}, "operations": {"count": 19, "items": {"O1": {"estimatedTestTime": {"K1": {"distribution": "normal", "mean": 141.89857904845934, "std": 4.702475752331813}, "K3": {"distribution": "normal", "mean": 239.5218893601653, "std": 2.8159207239623902}, "K2": {"distribution": "normal", "mean": 482.44693842354127, "std": 3.4806235624250528}}, "compatibleConfigurations": ["K1", "K3", "K2"]}, "O2": {"estimatedTestTime": {"K5": {"distribution": "normal", "mean": 94.08150856651092, "std": 2.6021586952851727}, "K4": {"distribution": "normal", "mean": 81.15866723665884, "std": 2.4519799258118633}, "K3": {"distribution": "normal", "mean": 445.614557215382, "std": 2.078075326600681}}, "compatibleConfigurations": ["K5", "K4", "K3"]}, "O3": {"estimatedTestTime": {"K3": {"distribution": "normal", "mean": 497.05918245572065, "std": 2.7917467905627316}, "K4": {"distribution": "normal", "mean": 164.1249974911046, "std": 4.94774549990281}, "K5": {"distribution": "normal", "mean": 379.2744854374966, "std": 4.2231917897865685}, "K1": {"distribution": "normal", "mean": 64.72502640840236, "std": 2.9693506484193195}}, "compatibleConfigurations": ["K3", "K4", "K5", "K1"]}, "O4": {"estimatedTestTime": {"K4": {"distribution": "normal", "mean": 467.46395791932986, "std": 2.566726150703512}, "K3": {"distribution": "normal", "mean": 345.8458471233274, "std": 4.307500587487919}, "K1": {"distribution": "normal", "mean": 457.9205749691192, "std": 2.953548304469983}, "K5": {"distribution": "normal", "mean": 476.56967145522356, "std": 2.377412565370806}}, "compatibleConfigurations": ["K4", "K3", "K1", "K5"]}, "O5": {"estimatedTestTime": {"K1": {"distribution": "normal", "mean": 159.44864793820554, "std": 3.729764018298669}, "K3": {"distribution": "normal", "mean": 366.7647237193237, "std": 4.402882190543507}}, "compatibleConfigurations": ["K1", "K3"]}, "O6": {"estimatedTestTime": {"K2": {"distribution": "normal", "mean": 325.70503433257153, "std": 3.277477917603565}, "K3": {"distribution": "normal", "mean": 194.18566091546137, "std": 2.093015969024785}, "K5": {"distribution": "normal", "mean": 254.03317771280402, "std": 2.472792348400292}, "K4": {"distribution": "normal", "mean": 213.7713992884227, "std": 3.0213703680503596}, "K1": {"distribution": "normal", "mean": 327.1191536378618, "std": 4.035319224433941}}, "compatibleConfigurations": ["K2", "K3", "K5", "K4", "K1"]}, "O7": {"estimatedTestTime": {"K5": {"distribution": "normal", "mean": 19.168811193899728, "std": 2.9578829400187923}, "K3": {"distribution": "normal", "mean": 118.28548704933934, "std": 3.5917646677977735}, "K4": {"distribution": "normal", "mean": 495.8913690319151, "std": 3.972454456320477}, "K1": {"distribution": "normal", "mean": 490.9954565690365, "std": 3.713427740888011}, "K2": {"distribution": "normal", "mean": 91.93289789596068, "std": 4.332346474051428}}, "compatibleConfigurations": ["K5", "K3", "K4", "K1", "K2"]}, "O8": {"estimatedTestTime": {"K3": {"distribution": "normal", "mean": 358.79058226237447, "std": 4.191708257509775}, "K1": {"distribution": "normal", "mean": 150.75785876976374, "std": 4.414317004650455}, "K5": {"distribution": "normal", "mean": 333.03041843454116, "std": 4.748154435930971}, "K4": {"distribution": "normal", "mean": 167.20546262281246, "std": 3.8860875226594285}, "K2": {"distribution": "normal", "mean": 460.71180837558586, "std": 2.2811355069271286}}, "compatibleConfigurations": ["K3", "K1", "K5", "K4", "K2"]}, "O9": {"estimatedTestTime": {"K4": {"distribution": "normal", "mean": 145.21163586760753, "std": 3.05675238235042}, "K3": {"distribution": "normal", "mean": 499.77407594395845, "std": 4.551625192168016}, "K2": {"distribution": "normal", "mean": 444.5616588250186, "std": 2.8997539500515748}}, "compatibleConfigurations": ["K4", "K3", "K2"]}, "O10": {"estimatedTestTime": {"K5": {"distribution": "normal", "mean": 163.79577454331636, "std": 4.19704337375598}, "K4": {"distribution": "normal", "mean": 395.3946615806775, "std": 2.1684480966534756}, "K3": {"distribution": "normal", "mean": 22.14315670102738, "std": 2.055091903838662}}, "compatibleConfigurations": ["K5", "K4", "K3"]}, "O11": {"estimatedTestTime": {"K5": {"distribution": "normal", "mean": 332.2775447560736, "std": 4.2953637705191365}, "K3": {"distribution": "normal", "mean": 434.8381370640305, "std": 4.944228789327427}, "K2": {"distribution": "normal", "mean": 10.929106600385499, "std": 4.115895977947568}, "K1": {"distribution": "normal", "mean": 108.83930664415917, "std": 3.441440078220808}, "K4": {"distribution": "normal", "mean": 391.9311809596549, "std": 3.7079923121535465}}, "compatibleConfigurations": ["K5", "K3", "K2", "K1", "K4"]}, "O12": {"estimatedTestTime": {"K5": {"distribution": "normal", "mean": 64.19477254612626, "std": 3.0453730019330054}, "K3": {"distribution": "normal", "mean": 73.3996111102671, "std": 4.610014984869458}, "K1": {"distribution": "normal", "mean": 489.6449242620484, "std": 2.709464542234986}, "K4": {"distribution": "normal", "mean": 407.4791125309725, "std": 4.459724469403399}, "K2": {"distribution": "normal", "mean": 38.89616447957021, "std": 4.504200491856057}}, "compatibleConfigurations": ["K5", "K3", "K1", "K4", "K2"]}, "O13": {"estimatedTestTime": {"K1": {"distribution": "normal", "mean": 99.76363938379714, "std": 4.550067503618797}, "K2": {"distribution": "normal", "mean": 98.74203179974322, "std": 4.24125093109557}, "K3": {"distribution": "normal", "mean": 373.5084432962543, "std": 4.29640413363637}, "K4": {"distribution": "normal", "mean": 229.82616777124977, "std": 4.48964876073369}, "K5": {"distribution": "normal", "mean": 129.07203965271452, "std": 2.7487022967353325}}, "compatibleConfigurations": ["K1", "K2", "K3", "K4", "K5"]}, "O14": {"estimatedTestTime": {"K5": {"distribution": "normal", "mean": 315.39881338415574, "std": 4.112302462695012}, "K2": {"distribution": "normal", "mean": 11.803793053655465, "std": 4.812654154684353}, "K1": {"distribution": "normal", "mean": 341.045442961741, "std": 3.4766572654578303}}, "compatibleConfigurations": ["K5", "K2", "K1"]}, "O15": {"estimatedTestTime": {"K4": {"distribution": "normal", "mean": 97.58191670719738, "std": 3.1220946633904005}, "K2": {"distribution": "normal", "mean": 276.10730829787036, "std": 2.592719461995208}, "K3": {"distribution": "normal", "mean": 69.10964512160923, "std": 4.18404336860692}, "K1": {"distribution": "normal", "mean": 108.60814979948498, "std": 3.364896111828337}}, "compatibleConfigurations": ["K4", "K2", "K3", "K1"]}, "O16": {"estimatedTestTime": {"K3": {"distribution": "normal", "mean": 15.694435013211297, "std": 2.434999901032747}, "K5": {"distribution": "normal", "mean": 460.51334721774856, "std": 3.6325687261584183}}, "compatibleConfigurations": ["K3", "K5"]}, "O17": {"estimatedTestTime": {"K3": {"distribution": "normal", "mean": 394.3105897560335, "std": 2.868633898275983}, "K5": {"distribution": "normal", "mean": 7.005397310435716, "std": 4.412216621245638}, "K2": {"distribution": "normal", "mean": 151.68625327891718, "std": 3.1410805539647813}, "K1": {"distribution": "normal", "mean": 207.83589226989122, "std": 3.8325189155747696}}, "compatibleConfigurations": ["K3", "K5", "K2", "K1"]}, "O18": {"estimatedTestTime": {"K2": {"distribution": "normal", "mean": 124.51923497390158, "std": 4.093332980144407}, "K3": {"distribution": "normal", "mean": 444.61011127180706, "std": 4.98615321352254}, "K5": {"distribution": "normal", "mean": 85.7704573798364, "std": 3.9356510852467492}},