{"configurations": {"count": 3, "items": {"K1": {"index": 0, "setupTimes": [0, 57, 30]}, "K2": {"index": 1, "setupTimes": [60, 0, 9]}, "K3": {"index": 2, "setupTimes": [49, 6, 0]}}}, "testers": {"count": 4, "items": {"T1": {"supportedConfigurations": ["K3", "K1", "K2"]}, "T2": {"supportedConfigurations": ["K3", "K2"]}, "T3": {"supportedConfigurations": ["K1", "K2"]}, "T4": {"supportedConfigurations": ["K3", "K1"]}}}, "operations": {"count": 18, "items": {"O1": {"estimatedTestTime": {"K3": {"distribution": "normal", "mean": 68.82122968524472, "std": 3.474596350927898}, "K1": {"distribution": "normal", "mean": 161.23732227437648, "std": 4.70522385960193}, "K2": {"distribution": "normal", "mean": 384.5147037890653, "std": 4.192979483828028}}, "compatibleConfigurations": ["K3", "K1", "K2"]}, "O2": {"estimatedTestTime": {"K1": {"distribution": "normal", "mean": 301.23614238967707, "std": 3.9071383812432368}, "K2": {"distribution": "normal", "mean": 280.31315309091065, "std": 2.9624965744801353}}, "compatibleConfigurations": ["K1", "K2"]}, "O3": {"estimatedTestTime": {"K1": {"distribution": "normal", "mean": 34.60112888743042, "std": 3.7194357594599667}, "K2": {"distribution": "normal", "mean": 320.58341274562383, "std": 2.7954159409198427}, "K3": {"distribution": "normal", "mean": 371.7918018652184, "std": 2.431928104108283}}, "compatibleConfigurations": ["K1", "K2", "K3"]}, "O4": {"estimatedTestTime": {"K1": {"distribution": "normal", "mean": 69.37336967076305, "std": 3.956948462091769}, "K2": {"distribution": "normal", "mean": 347.43884752369655, "std": 4.0165539580685845}, "K3": {"distribution": "normal", "mean": 134.27547508446523, "std": 2.943366787637936}}, "compatibleConfigurations": ["K1", "K2", "K3"]}, "O5": {"estimatedTestTime": {"K2": {"distribution": "normal", "mean": 318.1877120463374, "std": 3.900605348889537}, "K1": {"distribution": "normal", "mean": 76.2940023307871, "std": 4.567791036978059}}, "compatibleConfigurations": ["K2", "K1"]}, "O6": {"estimatedTestTime": {"K1": {"distribution": "normal", "mean": 17.310791390326763, "std": 4.973480204921994}, "K3": {"distribution": "normal", "mean": 337.8579268952226, "std": 4.753225331141103}, "K2": {"distribution": "normal", "mean": 377.27158965800226, "std": 2.241980709799855}}, "compatibleConfigurations": ["K1", "K3", "K2"]}, "O7": {"estimatedTestTime": {"K1": {"distribution": "normal", "mean": 475.5061858312204, "std": 4.564182594332197}, "K2": {"distribution": "normal", "mean": 249.86912214764644, "std": 4.592131998716981}}, "compatibleConfigurations": ["K1", "K2"]}, "O8": {"estimatedTestTime": {"K3": {"distribution": "normal", "mean": 299.8563255146179, "std": 4.399914947451764}, "K2": {"distribution": "normal", "mean": 400.53827194244366, "std": 3.7659331898223813}}, "compatibleConfigurations": ["K3", "K2"]}, "O9": {"estimatedTestTime": {"K3": {"distribution": "normal", "mean": 108.4054079164848, "std": 4.7024861702781475}, "K1": {"distribution": "normal", "mean": 87.55364437555015, "std": 3.5138296198030106}, "K2": {"distribution": "normal", "mean": 100.9023125520976, "std": 2.234855925007526}}, "compatibleConfigurations": ["K3", "K1", "K2"]}, "O10": {"estimatedTestTime": {"K2": {"distribution": "normal", "mean": 68.68417845566611, "std": 2.2120481024676235}, "K3": {"distribution": "normal", "mean": 224.99788747252163, "std": 4.302817198969041}}, "compatibleConfigurations": ["K2", "K3"]}, "O11": {"estimatedTestTime": {"K2": {"distribution": "normal", "mean": 120.95658390307983, "std": 3.0704660620668793}, "K1": {"distribution": "normal", "mean": 283.52525206806536, "std": 4.074257224202116}, "K3": {"distribution": "normal", "mean": 373.48746171380384, "std": 4.077798388285437}}, "compatibleConfigurations": ["K2", "K1", "K3"]}, "O12": {"estimatedTestTime": {"K2": {"distribution": "normal", "mean": 394.03562077252457, "std": 4.84715277991031}, "K1": {"distribution": "normal", "mean": 479.5416649458387, "std": 2.7750647807424884}}, "compatibleConfigurations": ["K2", "K1"]}, "O13": {"estimatedTestTime": {"K3": {"distribution": "normal", "mean": 261.4818308453334, "std": 4.7728948730503316}, "K1": {"distribution": "normal", "mean": 54.57230863096272, "std": 3.698927565498235}}, "compatibleConfigurations": ["K3", "K1"]}, "O14": {"estimatedTestTime": {"K1": {"distribution": "normal", "mean": 341.4638394797255, "std": 3.4538589615219792}, "K2": {"distribution": "normal", "mean": 71.4934087473975, "std": 4.86246205395053}}, "compatibleConfigurations": ["K1", "K2"]}, "O15": {"estimatedTestTime": {"K1": {"distribution": "normal", "mean": 45.748629908471656, "std": 3.7736596934296194}, "K3": {"distribution": "normal", "mean": 308.80608661363203, "std": 2.973844758138371}, "K2": {"distribution": "normal", "mean": 194.91198262401832, "std": 3.8357414915678314}}, "compatibleConfigurations": ["K1", "K3", "K2"]}, "O16": {"estimatedTestTime": {"K3": {"distribution": "normal", "mean": 373.8318999657784, "std": 3.9947439918693215}, "K2": {"distribution": "normal", "mean": 189.47729997353207, "std": 4.784869480220714}, "K1": {"distribution": "normal", "mean": 21.757923757036565, "std": 2.6454493655790303}}, "compatibleConfigurations": ["K3", "K2", "K1"]}, "O17": {"estimatedTestTime": {"K2": {"distribution": "normal", "mean": 214.9199067786872, "std": 2.2513258560570817}, "K3": {"distribution": "normal", "mean": 397.91873359048714, "std": 4.347868106846523}}, "compatibleConfigurations": ["K2", "K3"]}, "O18": {"estimatedTestTime": {"K3": {"distribution": "normal", "mean": 240.85425549638293, "std": 2.266042795906959}, "K1": {"distribution": "normal", "mean": 26.43896475543754, "std": 2.5442533728971837}, "K2": {"distribution": "normal", "mean": 188.27979303665242, "std": 4.074725289624686}}, "compatibleConfigurations": ["K3", "K1", "K2"]}}}, "products": {"count": 5, "items": {"P1": {"index": 0, "arrival": 0, "quantity": 3, "duedate": 806.4596112904297, "operations": ["O3", "O2", "O13", "O12", "O14", "O16", "O6", "O10", "O5"], "dependencies": [[1, 0], [3, 0], [4, 0], [4, 1], [5, 1], [6, 0], [6, 2], [7, 1], [7, 2], [7, 3], [7, 6], [8, 0], [8, 1], [8, 6]]}, "P2": {"index": 1, "arrival": 95.53166965749988, "quantity": 4, "duedate": 1136.2522656267151, "operations": ["O7", "O13", "O9", "O18", "O8", "O15", "O17", "O6"], "dependencies": [[1, 0], [2, 0], [2, 1], [3, 0], [4, 0], [5, 0], [5, 2], [6, 3], [7, 0], [7, 4], [7, 5], [7, 6]]}, "P3": {"index": 2, "arrival": 176.16698219546197, "quantity": 3, "duedate": 1123.1097779318252, "operations": ["O12", "O3", "O8", "O6", "O10", "O9", "O11"], "dependencies": [[2, 1], [3, 2], [4, 3], [4, 0], [5, 2], [6, 1]]}, "P4": {"index": 3, "arrival": 250.61413105815978, "quantity": 5, "duedate": 1552.8276623788151, "operations": ["O6", "O15", "O10", "O13", "O12", "O2", "O4"], "dependencies": [[1, 0], [2, 0], [3, 1], [4, 2], [5, 3], [6, 5]]}, "P5": {"index": 4, "arrival": 350.5391848421336, "quantity": 2, "duedate": 1835.3636079329688, "operations": ["O3", "O6", "O5", "O17", "O10", "O12", "O13", "O7", "O14", "O4"], "dependencies": [[1, 0], [3, 1], [3, 2], [4, 1], [4, 3], [5, 1], [6, 0], [6, 3], [7, 3], [8, 2], [8, 4], [8, 6], [8, 7], [9, 2], [9, 3], [9, 6], [9, 8]]}}}}