{"configurations": {"count": 5, "items": {"K1": {"index": 0, "setupTimes": [0, 1, 1, 0, 6]}, "K2": {"index": 1, "setupTimes": [4, 0, 4, 1, 10]}, "K3": {"index": 2, "setupTimes": [9, 4, 0, 2, 2]}, "K4": {"index": 3, "setupTimes": [4, 0, 3, 0, 10]}, "K5": {"index": 4, "setupTimes": [4, 5, 9, 0, 0]}}}, "testers": {"count": 5, "items": {"T1": {"supportedConfigurations": ["K5", "K4", "K2"]}, "T2": {"supportedConfigurations": ["K4", "K5", "K2", "K1"]}, "T3": {"supportedConfigurations": ["K1", "K4", "K5", "K3"]}, "T4": {"supportedConfigurations": ["K2", "K5"]}, "T5": {"supportedConfigurations": ["K1", "K4", "K5"]}}}, "operations": {"count": 19, "items": {"O1": {"estimatedTestTime": {"K5": {"distribution": "normal", "mean": 28.026240328076078, "std": 2.5923189976258367}, "K1": {"distribution": "normal", "mean": 5.710027791629045, "std": 4.263665814336072}, "K2": {"distribution": "normal", "mean": 36.580671498950565, "std": 2.77018872226755}}, "compatibleConfigurations": ["K5", "K1", "K2"]}, "O2": {"estimatedTestTime": {"K3": {"distribution": "normal", "mean": 10.380621848563639, "std": 3.5284521495498966}, "K2": {"distribution": "normal", "mean": 14.540950513259183, "std": 4.36377735714445}, "K1": {"distribution": "normal", "mean": 31.815786387619887, "std": 4.872500258097064}, "K4": {"distribution": "normal", "mean": 5.906500966343954, "std": 2.4206121778960417}}, "compatibleConfigurations": ["K3", "K2", "K1", "K4"]}, "O3": {"estimatedTestTime": {"K2": {"distribution": "normal", "mean": 44.985836215126724, "std": 2.9255972080129427}, "K5": {"distribution": "normal", "mean": 19.990107258163775, "std": 2.2439298475637868}, "K1": {"distribution": "normal", "mean": 16.56252902248451, "std": 4.73932554280936}, "K4": {"distribution": "normal", "mean": 43.08772090023366, "std": 2.6055217342303796}}, "compatibleConfigurations": ["K2", "K5", "K1", "K4"]}, "O4": {"estimatedTestTime": {"K3": {"distribution": "normal", "mean": 35.36110748681415, "std": 4.8154188657330526}, "K5": {"distribution": "normal", "mean": 10.725640101301153, "std": 3.4257344653162276}}, "compatibleConfigurations": ["K3", "K5"]}, "O5": {"estimatedTestTime": {"K4": {"distribution": "normal", "mean": 37.70527966256314, "std": 3.30227554782737}, "K5": {"distribution": "normal", "mean": 39.234105727381085, "std": 3.5950970281074404}, "K3": {"distribution": "normal", "mean": 4.370697408184959, "std": 2.6991801738197356}, "K2": {"distribution": "normal", "mean": 22.854685304307864, "std": 3.6852938386182217}}, "compatibleConfigurations": ["K4", "K5", "K3", "K2"]}, "O6": {"estimatedTestTime": {"K2": {"distribution": "normal", "mean": 2.582579969818621, "std": 4.806799592979095}, "K5": {"distribution": "normal", "mean": 24.684551318780542, "std": 4.165251826526465}, "K3": {"distribution": "normal", "mean": 23.744832827297614, "std": 2.2329414323001187}}, "compatibleConfigurations": ["K2", "K5", "K3"]}, "O7": {"estimatedTestTime": {"K2": {"distribution": "normal", "mean": 22.394406702214702, "std": 2.388658267311924}, "K4": {"distribution": "normal", "mean": 30.6931927426485, "std": 2.8121513690070787}, "K1": {"distribution": "normal", "mean": 42.11238554590363, "std": 2.317920156281239}, "K5": {"distribution": "normal", "mean": 13.97603422159379, "std": 3.326741533543891}, "K3": {"distribution": "normal", "mean": 35.947709115845626, "std": 4.55244544349085}}, "compatibleConfigurations": ["K2", "K4", "K1", "K5", "K3"]}, "O8": {"estimatedTestTime": {"K3": {"distribution": "normal", "mean": 3.2055371605602954, "std": 4.881163457992727}, "K2": {"distribution": "normal", "mean": 8.837896135310341, "std": 3.0665316453295963}, "K4": {"distribution": "normal", "mean": 35.041755729436545, "std": 2.212260889302633}, "K5": {"distribution": "normal", "mean": 30.11053673951852, "std": 3.2910086710812037}}, "compatibleConfigurations": ["K3", "K2", "K4", "K5"]}, "O9": {"estimatedTestTime": {"K2": {"distribution": "normal", "mean": 11.267187892228177, "std": 2.209789916998901}, "K1": {"distribution": "normal", "mean": 32.99572142225981, "std": 2.4718562591216533}}, "compatibleConfigurations": ["K2", "K1"]}, "O10": {"estimatedTestTime": {"K1": {"distribution": "normal", "mean": 43.11319311439567, "std": 3.096318960151404}, "K4": {"distribution": "normal", "mean": 12.783802408837103, "std": 2.0420175236371625}, "K3": {"distribution": "normal", "mean": 30.103549733323945, "std": 4.870130669809534}}, "compatibleConfigurations": ["K1", "K4", "K3"]}, "O11": {"estimatedTestTime": {"K2": {"distribution": "normal", "mean": 17.505748452497567, "std": 3.6729303273795932}, "K1": {"distribution": "normal", "mean": 17.51688904018287, "std": 2.9295965878251726}, "K3": {"distribution": "normal", "mean": 41.58548211004409, "std": 3.503877026968949}, "K4": {"distribution": "normal", "mean": 29.87648437166759, "std": 2.7640802327759335}, "K5": {"distribution": "normal", "mean": 20.325961582895182, "std": 2.506175440963883}}, "compatibleConfigurations": ["K2", "K1", "K3", "K4", "K5"]}, "O12": {"estimatedTestTime": {"K1": {"distribution": "normal", "mean": 46.02960534290786, "std": 3.8903074880628763}, "K2": {"distribution": "normal", "mean": 7.064038767733281, "std": 4.312924940432759}, "K3": {"distribution": "normal", "mean": 40.78154034600121, "std": 2.21703754844432}, "K5": {"distribution": "normal", "mean": 27.02622399701883, "std": 3.140648320247771}, "K4": {"distribution": "normal", "mean": 35.22889815499835, "std": 2.0917895388570136}}, "compatibleConfigurations": ["K1", "K2", "K3", "K5", "K4"]}, "O13": {"estimatedTestTime": {"K4": {"distribution": "normal", "mean": 22.102616092948686, "std": 2.159073321092258}, "K3": {"distribution": "normal", "mean": 33.083806947596194, "std": 3.9714243455733875}, "K2": {"distribution": "normal", "mean": 21.73854205859852, "std": 3.7481661358090097}}, "compatibleConfigurations": ["K4", "K3", "K2"]}, "O14": {"estimatedTestTime": {"K4": {"distribution": "normal", "mean": 2.1957443002025574, "std": 2.208029965892464}, "K3": {"distribution": "normal", "mean": 48.08565882632047, "std": 4.742375900159115}}, "compatibleConfigurations": ["K4", "K3"]}, "O15": {"estimatedTestTime": {"K3": {"distribution": "normal", "mean": 38.15946999526953, "std": 4.345689747412827}, "K5": {"distribution": "normal", "mean": 32.57531881027032, "std": 2.9604403692203407}}, "compatibleConfigurations": ["K3", "K5"]}, "O16": {"estimatedTestTime": {"K4": {"distribution": "normal", "mean": 4.296450833698163, "std": 4.260144696134538}, "K3": {"distribution": "normal", "mean": 7.572536430179657, "std": 4.216817957784768}}, "compatibleConfigurations": ["K4", "K3"]}, "O17": {"estimatedTestTime": {"K5": {"distribution": "normal", "mean": 48.041668309146814, "std": 2.7716115244783155}, "K1": {"distribution": "normal", "mean": 9.9225930429887, "std": 4.210128014797473}, "K2": {"distribution": "normal", "mean": 16.943505736300107, "std": 2.354543290021169}, "K4": {"distribution": "normal", "mean": 46.999560190511694, "std": 4.448194943564971}}, "compatibleConfigurations": ["K5", "K1", "K2", "K4"]}, "O18": {"estimatedTestTime": {"K3": {"distribution": "normal", "mean": 35.04072154197438, "std": 4.3394729681317}, "K5": {"distribution": "normal", "mean": 43.022027729275905, "std": 2.0667785420569427}, "K1": {"distribution": "normal", "mean": 39.46497942741398, "std": 4.495965832011047}, "K2": {"distribution": "normal", "mean": 24.04958464254088, "std": 2.8682920527668316}, "K4": {"distribution": "normal", "mean": 45.573941104684216, "std": 4.61415019608896}}, "compatibleConfigurations": ["K3", "K5", "K1", "K2", "K4"]}, "O19": {"estimatedTestTime": {"K3": {"distribution": "normal", "mean": 12.649405161401486, "std": 2.833849365463614}, "K4": {"distribution": "normal", "mean": 24.41271296932932, "std": 3.4619917883820976}}, "compatibleConfigurations": ["K3", "K4"]}}}, "products": {"count": 2, "items": {"P1": {"index": 0, "arrival": 0, "quantity": 2, "duedate": 65.49749689933722, "operations": ["O18", "O7"], "dependencies": [[1, 0]]},