{"configurations": {"count": 3, "items": {"K1": {"index": 0, "setupTimes": [0, 23, 56]}, "K2": {"index": 1, "setupTimes": [9, 0, 21]}, "K3": {"index": 2, "setupTimes": [36, 19, 0]}}}, "testers": {"count": 2, "items": {"T1": {"supportedConfigurations": ["K1", "K2", "K3"]}, "T2": {"supportedConfigurations": ["K2", "K1"]}}}, "operations": {"count": 13, "items": {"O1": {"estimatedTestTime": {"K1": {"distribution": "normal", "mean": 111.76725228254377, "std": 4.3894465634754285}, "K3": {"distribution": "normal", "mean": 60.64032716374719, "std": 2.247312564878822}}, "compatibleConfigurations": ["K1", "K3"]}, "O2": {"estimatedTestTime": {"K3": {"distribution": "normal", "mean": 316.9062498400286, "std": 4.396053981486626}, "K1": {"distribution": "normal", "mean": 237.48792818770247, "std": 4.963832246406739}}, "compatibleConfigurations": ["K3", "K1"]}, "O3": {"estimatedTestTime": {"K1": {"distribution": "normal", "mean": 9.733579299076625, "std": 3.7351577060768433}, "K3": {"distribution": "normal", "mean": 393.1000499463497, "std": 3.2000573166604296}, "K2": {"distribution": "normal", "mean": 84.32906355642842, "std": 2.787603836318107}}, "compatibleConfigurations": ["K1", "K3", "K2"]}, "O4": {"estimatedTestTime": {"K1": {"distribution": "normal", "mean": 114.08037804099851, "std": 4.892497513698125}, "K3": {"distribution": "normal", "mean": 210.01593079118572, "std": 4.243338834267287}, "K2": {"distribution": "normal", "mean": 305.48911318077677, "std": 2.0000773132381235}}, "compatibleConfigurations": ["K1", "K3", "K2"]}, "O5": {"estimatedTestTime": {"K3": {"distribution": "normal", "mean": 230.5528656464629, "std": 3.3044790235071746}, "K2": {"distribution": "normal", "mean": 471.1243127603612, "std": 4.082463630123669}}, "compatibleConfigurations": ["K3", "K2"]}, "O6": {"estimatedTestTime": {"K1": {"distribution": "normal", "mean": 480.0921165365085, "std": 4.241212223007113}, "K2": {"distribution": "normal", "mean": 236.8778587977484, "std": 4.433927703890997}}, "compatibleConfigurations": ["K1", "K2"]}, "O7": {"estimatedTestTime": {"K1": {"distribution": "normal", "mean": 228.2055865060999, "std": 4.677848007506048}, "K3": {"distribution": "normal", "mean": 42.063093155463186, "std": 3.640251383876205}, "K2": {"distribution": "normal", "mean": 20.92221358202143, "std": 4.657203289538234}}, "compatibleConfigurations": ["K1", "K3", "K2"]}, "O8": {"estimatedTestTime": {"K3": {"distribution": "normal", "mean": 102.29665229372695, "std": 2.7613657419113817}, "K1": {"distribution": "normal", "mean": 88.07095376783037, "std": 3.192539583260353}}, "compatibleConfigurations": ["K3", "K1"]}, "O9": {"estimatedTestTime": {"K2": {"distribution": "normal", "mean": 187.41364999245852, "std": 4.697267046213356}, "K1": {"distribution": "normal", "mean": 203.73041183855563, "std": 3.740471492025352}, "K3": {"distribution": "normal", "mean": 86.57274800174521, "std": 3.74283486821548}}, "compatibleConfigurations": ["K2", "K1", "K3"]}, "O10": {"estimatedTestTime": {"K3": {"distribution": "normal", "mean": 208.1661202834049, "std": 3.473246895960231}, "K2": {"distribution": "normal", "mean": 191.88903101480886, "std": 4.200572516189229}}, "compatibleConfigurations": ["K3", "K2"]}, "O11": {"estimatedTestTime": {"K2": {"distribution": "normal", "mean": 81.03840349936881, "std": 3.777868098461718}, "K3": {"distribution": "normal", "mean": 239.4493283015756, "std": 3.261824350200696}}, "compatibleConfigurations": ["K2", "K3"]}, "O12": {"estimatedTestTime": {"K3": {"distribution": "normal", "mean": 139.52184210358635, "std": 3.322367910125594}, "K1": {"distribution": "normal", "mean": 388.21160853014743, "std": 3.9610354527664002}}, "compatibleConfigurations": ["K3", "K1"]}, "O13": {"estimatedTestTime": {"K2": {"distribution": "normal", "mean": 90.70480462741307, "std": 2.2269655326539493}, "K1": {"distribution": "normal", "mean": 275.96698215337483, "std": 3.7653242680733974}, "K3": {"distribution": "normal", "mean": 380.7585907569235, "std": 3.4920682934937473}}, "compatibleConfigurations": ["K2", "K1", "K3"]}}}, "products": {"count": 6, "items": {"P1": {"index": 0, "arrival": 0, "quantity": 5, "duedate": 2522.27006306009, "operations": ["O9", "O4", "O6", "O10", "O3", "O7", "O5", "O11", "O13", "O8", "O2", "O1"], "dependencies": [[1, 0], [2, 0], [4, 0], [5, 0], [5, 1], [6, 4], [6, 5], [7, 0], [7, 1], [7, 2], [8, 2], [8, 3], [9, 7], [10, 0], [10, 3], [10, 4], [10, 8], [11, 2]]}, "P2": {"index": 1, "arrival": 87.36889261169992, "quantity": 2, "duedate": 1373.9580269037751, "operations": ["O12", "O5", "O8", "O2", "O11", "O4", "O9", "O6", "O10", "O3", "O13", "O7"], "dependencies": [[3, 0], [5, 0], [5, 1], [5, 2], [5, 3], [6, 2], [6, 5], [7, 1], [7, 2], [8, 4], [9, 2], [9, 5], [9, 6], [10, 0], [10, 1], [10, 2], [10, 8], [10, 9], [11, 3], [11, 7]]}, "P3": {"index": 2, "arrival": 156.94779333637416, "quantity": 2, "duedate": 1146.604178159494, "operations": ["O9", "O11", "O2", "O7", "O6", "O3", "O12", "O8", "O10", "O4"], "dependencies": [[1, 0], [3, 0], [5, 3], [5, 4], [6, 0], [6, 2], [6, 4], [6, 5], [7, 0], [7, 1], [7, 2], [7, 4], [7, 5], [8, 1], [8, 7], [9, 0], [9, 1], [9, 4], [9, 7], [9, 8]]}, "P4": {"index": 3, "arrival": 216.05141264021188, "quantity": 4, "duedate": 2469.956162698498, "operations": ["O12", "O11", "O4", "O6", "O5", "O8", "O13"], "dependencies": [[1, 0], [2, 0], [3, 2], [4, 2], [5, 4], [6, 3], [6, 4], [6, 5]]}, "P5": {"index": 4, "arrival": 285.10101602465045, "quantity": 4, "duedate": 2021.740193455082, "operations": ["O1", "O10", "O11", "O4", "O13", "O6", "O9", "O3"], "dependencies": [[2, 0], [3, 0], [4, 0], [4, 3], [5, 4], [6, 1], [6, 4], [7, 2], [7, 4], [7, 6]]}, "P6": {"index": 5, "arrival": 356.1684695823992, "quantity": 4, "duedate": 2553.32944355262, "operations": ["O13", "O12", "O4", "O7", "O3", "O2", "O5", "O11"], "dependencies": [[2, 1], [3, 0], [3, 1], [4, 2], [5, 0], [5, 3], [6, 0], [6, 1], [6, 4], [6, 5], [7, 6]]}}}}