{"configurations": {"count": 5, "items": {"K1": {"index": 0, "setupTimes": [0, 10, 6, 4, 6]}, "K2": {"index": 1, "setupTimes": [5, 0, 5, 9, 3]}, "K3": {"index": 2, "setupTimes": [7, 2, 0, 3, 3]}, "K4": {"index": 3, "setupTimes": [1, 5, 1, 0, 0]}, "K5": {"index": 4, "setupTimes": [6, 3, 7, 1, 0]}}}, "testers": {"count": 5, "items": {"T1": {"supportedConfigurations": ["K5", "K3", "K1", "K2", "K4"]}, "T2": {"supportedConfigurations": ["K1", "K4"]}, "T3": {"supportedConfigurations": ["K3", "K1", "K2", "K5", "K4"]}, "T4": {"supportedConfigurations": ["K5", "K1", "K3", "K4", "K2"]}, "T5": {"supportedConfigurations": ["K4", "K3"]}}}, "operations": {"count": 20, "items": {"O1": {"estimatedTestTime": {"K5": {"distribution": "normal", "mean": 34.95330982246341, "std": 3.0968114070991386}, "K2": {"distribution": "normal", "mean": 39.79147366334625, "std": 2.1135069641751674}, "K1": {"distribution": "normal", "mean": 27.14834257279847, "std": 2.157706394175291}, "K3": {"distribution": "normal", "mean": 3.9419696763859715, "std": 4.555997990181614}, "K4": {"distribution": "normal", "mean": 33.621939934367774, "std": 4.917211475787783}}, "compatibleConfigurations": ["K5", "K2", "K1", "K3", "K4"]}, "O2": {"estimatedTestTime": {"K3": {"distribution": "normal", "mean": 49.73376445437907, "std": 2.055279313125971}, "K5": {"distribution": "normal", "mean": 7.487038645536293, "std": 4.6578575247746885}, "K2": {"distribution": "normal", "mean": 40.65405178291677, "std": 4.873719772454624}}, "compatibleConfigurations": ["K3", "K5", "K2"]}, "O3": {"estimatedTestTime": {"K3": {"distribution": "normal", "mean": 43.27032070277443, "std": 2.895016116979819}, "K4": {"distribution": "normal", "mean": 20.39593016209096, "std": 3.6943348095463557}, "K2": {"distribution": "normal", "mean": 33.97892193583691, "std": 3.702123467735139}, "K1": {"distribution": "normal", "mean": 42.1800077613214, "std": 3.852719928545409}, "K5": {"distribution": "normal", "mean": 47.895584525630504, "std": 2.05925696115925}}, "compatibleConfigurations": ["K3", "K4", "K2", "K1", "K5"]}, "O4": {"estimatedTestTime": {"K5": {"distribution": "normal", "mean": 9.99409818235096, "std": 4.743492562589822}, "K3": {"distribution": "normal", "mean": 40.735501812879505, "std": 2.701123648816715}, "K1": {"distribution": "normal", "mean": 47.446182567206364, "std": 4.127402978873948}}, "compatibleConfigurations": ["K5", "K3", "K1"]}, "O5": {"estimatedTestTime": {"K2": {"distribution": "normal", "mean": 46.69458920097655, "std": 4.824482569763951}, "K4": {"distribution": "normal", "mean": 40.124955333355686, "std": 4.834242267543971}, "K3": {"distribution": "normal", "mean": 26.826199712900774, "std": 3.853501062252482}}, "compatibleConfigurations": ["K2", "K4", "K3"]}, "O6": {"estimatedTestTime": {"K1": {"distribution": "normal", "mean": 6.440069509642928, "std": 4.024768424833706}, "K5": {"distribution": "normal", "mean": 27.090691890614735, "std": 3.0052207806021145}, "K3": {"distribution": "normal", "mean": 28.729754393113765, "std": 4.053424728423817}, "K2": {"distribution": "normal", "mean": 13.311511336519457, "std": 4.777537749688901}, "K4": {"distribution": "normal", "mean": 49.3784550536964, "std": 3.550825345813645}}, "compatibleConfigurations": ["K1", "K5", "K3", "K2", "K4"]}, "O7": {"estimatedTestTime": {"K2": {"distribution": "normal", "mean": 38.11713813951006, "std": 2.0725081655152637}, "K5": {"distribution": "normal", "mean": 5.208811436426695, "std": 2.391380557974934}, "K3": {"distribution": "normal", "mean": 29.0425521524327, "std": 2.82318677917056}}, "compatibleConfigurations": ["K2", "K5", "K3"]}, "O8": {"estimatedTestTime": {"K4": {"distribution": "normal", "mean": 27.898091913328116, "std": 3.8950245419561753}, "K3": {"distribution": "normal", "mean": 46.500891707646645, "std": 2.0502763498962153}, "K5": {"distribution": "normal", "mean": 43.95840983335786, "std": 4.167389135677138}, "K1": {"distribution": "normal", "mean": 42.32986989962521, "std": 3.7917056391208304}, "K2": {"distribution": "normal", "mean": 3.627225967156688, "std": 2.378656919949069}}, "compatibleConfigurations": ["K4", "K3", "K5", "K1", "K2"]}, "O9": {"estimatedTestTime": {"K4": {"distribution": "normal", "mean": 44.493916832613195, "std": 4.7612271290992005}, "K3": {"distribution": "normal", "mean": 21.40956997341577, "std": 3.203324989804633}, "K2": {"distribution": "normal", "mean": 28.09289015230993, "std": 3.5609123152753455}, "K1": {"distribution": "normal", "mean": 7.999570212227908, "std": 4.052692408338358}, "K5": {"distribution": "normal", "mean": 8.509988719821534, "std": 4.4367947408998045}}, "compatibleConfigurations": ["K4", "K3", "K2", "K1", "K5"]}, "O10": {"estimatedTestTime": {"K1": {"distribution": "normal", "mean": 9.674599700442915, "std": 3.71865640259516}, "K4": {"distribution": "normal", "mean": 7.120453809378546, "std": 3.618137896984306}, "K5": {"distribution": "normal", "mean": 45.60079447409994, "std": 4.156065386335982}, "K2": {"distribution": "normal", "mean": 12.058050349032845, "std": 2.4514900742686896}}, "compatibleConfigurations": ["K1", "K4", "K5", "K2"]}, "O11": {"estimatedTestTime": {"K1": {"distribution": "normal", "mean": 17.744629202586857, "std": 3.9332704214567866}, "K2": {"distribution": "normal", "mean": 43.91403539579767, "std": 3.982493089578241}, "K4": {"distribution": "normal", "mean": 17.99706658108112, "std": 4.340319860899881}, "K5": {"distribution": "normal", "mean": 4.0071424397891064, "std": 3.305956987726204}}, "compatibleConfigurations": ["K1", "K2", "K4", "K5"]}, "O12": {"estimatedTestTime": {"K2": {"distribution": "normal", "mean": 43.09937054698119, "std": 4.302977719934008}, "K4": {"distribution": "normal", "mean": 4.73706743753282, "std": 2.468319240853419}}, "compatibleConfigurations": ["K2", "K4"]}, "O13": {"estimatedTestTime": {"K5": {"distribution": "normal", "mean": 13.263069413643985, "std": 3.0684688237792024}, "K1": {"distribution": "normal", "mean": 15.605032895319365, "std": 4.548095710159817}}, "compatibleConfigurations": ["K5", "K1"]}, "O14": {"estimatedTestTime": {"K5": {"distribution": "normal", "mean": 2.3916311017133776, "std": 4.671418252255366}, "K4": {"distribution": "normal", "mean": 49.31329261681309, "std": 3.0029697533199498}, "K2": {"distribution": "normal", "mean": 47.62531874500957, "std": 4.952060475264581}, "K1": {"distribution": "normal", "mean": 43.688816229098734, "std": 4.22590251268767}, "K3": {"distribution": "normal", "mean": 43.17321481922212, "std": 3.542524428147376}}, "compatibleConfigurations": ["K5", "K4", "K2", "K1", "K3"]}, "O15": {"estimatedTestTime": {"K3": {"distribution": "normal", "mean": 16.414499372210727, "std": 2.458095419319663}, "K1": {"distribution": "normal", "mean": 41.391065854205976, "std": 4.31578355472298}, "K2": {"distribution": "normal", "mean": 49.959996587020235, "std": 3.5847217941895546}, "K4": {"distribution": "normal", "mean": 10.193380416365502, "std": 3.375370673906283}, "K5": {"distribution": "normal", "mean": 25.808806648644605, "std": 2.568643000202046}}, "compatibleConfigurations": ["K3", "K1", "K2", "K4", "K5"]}, "O16": {"estimatedTestTime": {"K5": {"distribution": "normal", "mean": 8.308273239637826, "std": 4.914066569998291}, "K2": {"distribution": "normal", "mean": 43.270134340953696, "std": 4.275152916071591}, "K3": {"distribution": "normal", "mean": 32.16964694171098, "std": 4.083214531609085}, "K1": {"distribution": "normal", "mean": 46.74876360396974, "std": 2.5477943114183543}}, "compatibleConfigurations": ["K5", "K2", "K3", "K1"]}, "O17": {"estimatedTestTime": {"K5": {"distribution": "normal", "mean": 4.222698601845005, "std": 2.7845770330504753}, "K4": {"distribution": "normal", "mean": 2.775304262070497, "std": 4.937097309617144}, "K3": {"distribution": "normal", "mean": 43.77177827547509, "std": 2.0210097585592015}, "K2": {"distribution": "normal", "mean": 11.422887252202742, "std": 4.845064481617195}, "K1": {"distribution": "normal", "mean": 39.48763314318555,