{"configurations": {"count": 5, "items": {"K1": {"index": 0, "setupTimes": [0, 8, 2, 10, 2]}, "K2": {"index": 1, "setupTimes": [4, 0, 9, 3, 2]}, "K3": {"index": 2, "setupTimes": [0, 8, 0, 4, 2]}, "K4": {"index": 3, "setupTimes": [2, 8, 0, 0, 9]}, "K5": {"index": 4, "setupTimes": [2, 0, 2, 4, 0]}}}, "testers": {"count": 5, "items": {"T1": {"supportedConfigurations": ["K3", "K2"]}, "T2": {"supportedConfigurations": ["K5", "K4"]}, "T3": {"supportedConfigurations": ["K3", "K2"]}, "T4": {"supportedConfigurations": ["K1", "K3"]}, "T5": {"supportedConfigurations": ["K4", "K3"]}}}, "operations": {"count": 20, "items": {"O1": {"estimatedTestTime": {"K3": {"distribution": "normal", "mean": 41.20195080998673, "std": 2.610737918914962}, "K4": {"distribution": "normal", "mean": 16.376529214750157, "std": 4.596182405498296}, "K5": {"distribution": "normal", "mean": 11.623081582085828, "std": 3.417264166457941}, "K1": {"distribution": "normal", "mean": 16.241856738484472, "std": 2.653087281721493}, "K2": {"distribution": "normal", "mean": 12.480157968428346, "std": 3.324912385905165}}, "compatibleConfigurations": ["K3", "K4", "K5", "K1", "K2"]}, "O2": {"estimatedTestTime": {"K3": {"distribution": "normal", "mean": 11.45634082718168, "std": 3.06896451503237}, "K2": {"distribution": "normal", "mean": 24.3261816132896, "std": 2.994892330534176}, "K5": {"distribution": "normal", "mean": 24.323466281232783, "std": 4.025174250393841}, "K4": {"distribution": "normal", "mean": 38.43165110064365, "std": 4.225525389233577}, "K1": {"distribution": "normal", "mean": 41.57978981468262, "std": 4.544818359420931}}, "compatibleConfigurations": ["K3", "K2", "K5", "K4", "K1"]}, "O3": {"estimatedTestTime": {"K3": {"distribution": "normal", "mean": 33.79448964458189, "std": 4.1394867840327265}, "K2": {"distribution": "normal", "mean": 7.359493654394674, "std": 3.0338442142267117}, "K1": {"distribution": "normal", "mean": 29.09640152930926, "std": 3.621134083757568}, "K5": {"distribution": "normal", "mean": 28.363855844262098, "std": 2.91656301746991}, "K4": {"distribution": "normal", "mean": 18.716639140625798, "std": 4.262657122407715}}, "compatibleConfigurations": ["K3", "K2", "K1", "K5", "K4"]}, "O4": {"estimatedTestTime": {"K4": {"distribution": "normal", "mean": 4.835879108118894, "std": 3.769492619872736}, "K5": {"distribution": "normal", "mean": 43.28955793467563, "std": 3.4761791286197035}, "K2": {"distribution": "normal", "mean": 20.49854768691519, "std": 3.112883525528317}, "K1": {"distribution": "normal", "mean": 29.434887766296526, "std": 4.061137163381632}, "K3": {"distribution": "normal", "mean": 12.089872888551918, "std": 4.134689790480034}}, "compatibleConfigurations": ["K4", "K5", "K2", "K1", "K3"]}, "O5": {"estimatedTestTime": {"K4": {"distribution": "normal", "mean": 7.3382272751471245, "std": 4.158211347901693}, "K2": {"distribution": "normal", "mean": 8.854330174180161, "std": 4.348441689166371}, "K3": {"distribution": "normal", "mean": 4.502936994270726, "std": 4.162507881525748}, "K5": {"distribution": "normal", "mean": 34.514214697402515, "std": 4.042644902326285}, "K1": {"distribution": "normal", "mean": 35.863870263547376, "std": 3.7177273219579736}}, "compatibleConfigurations": ["K4", "K2", "K3", "K5", "K1"]}, "O6": {"estimatedTestTime": {"K2": {"distribution": "normal", "mean": 4.950697292817244, "std": 3.0870303571033557}, "K3": {"distribution": "normal", "mean": 12.935651649516757, "std": 2.641379936720992}, "K1": {"distribution": "normal", "mean": 28.10822607440126, "std": 2.1221821111211447}, "K5": {"distribution": "normal", "mean": 13.902449298628902, "std": 3.1708113529418656}, "K4": {"distribution": "normal", "mean": 37.25087216981015, "std": 4.235841522415624}}, "compatibleConfigurations": ["K2", "K3", "K1", "K5", "K4"]}, "O7": {"estimatedTestTime": {"K1": {"distribution": "normal", "mean": 14.055744947649053, "std": 2.545576289113576}, "K4": {"distribution": "normal", "mean": 31.43246951607582, "std": 4.7903864666561145}, "K2": {"distribution": "normal", "mean": 14.73184561530058, "std": 3.033750981214692}, "K3": {"distribution": "normal", "mean": 39.930610051293144, "std": 3.388947675762386}, "K5": {"distribution": "normal", "mean": 15.436538275905098, "std": 2.5886674127053046}}, "compatibleConfigurations": ["K1", "K4", "K2", "K3", "K5"]}, "O8": {"estimatedTestTime": {"K2": {"distribution": "normal", "mean": 35.27278712742442, "std": 2.5606321750224517}, "K1": {"distribution": "normal", "mean": 45.15204758792953, "std": 2.909588444887586}, "K3": {"distribution": "normal", "mean": 14.06825849355013, "std": 4.016683266606537}, "K5": {"distribution": "normal", "mean": 17.055285265339528, "std": 2.6378148817642453}, "K4": {"distribution": "normal", "mean": 33.666185937532106, "std": 4.41929371570314}}, "compatibleConfigurations": ["K2", "K1", "K3", "K5", "K4"]}, "O9": {"estimatedTestTime": {"K1": {"distribution": "normal", "mean": 21.695350798781963, "std": 4.060501888406273}, "K3": {"distribution": "normal", "mean": 8.257684500710027, "std": 2.3222286646164685}, "K2": {"distribution": "normal", "mean": 3.5958854894215193, "std": 4.003406660210254}, "K4": {"distribution": "normal", "mean": 36.627237861334095, "std": 2.0842376148293753}, "K5": {"distribution": "normal", "mean": 4.6868350650778865, "std": 3.051714810455042}}, "compatibleConfigurations": ["K1", "K3", "K2", "K4", "K5"]}, "O10": {"estimatedTestTime": {"K5": {"distribution": "normal", "mean": 4.7030689804192, "std": 4.865678309939222}, "K1": {"distribution": "normal", "mean": 39.22906786365437, "std": 2.9814283752565958}, "K2": {"distribution": "normal", "mean": 23.65244773479778, "std": 3.001662258026423}, "K3": {"distribution": "normal", "mean": 47.45554881583952, "std": 4.5933095509313215}, "K4": {"distribution": "normal", "mean": 42.64949288816649, "std": 4.780160301154338}}, "compatibleConfigurations": ["K5", "K1", "K2", "K3", "K4"]}, "O11": {"estimatedTestTime": {"K2": {"distribution": "normal", "mean": 24.48657310510939, "std": 2.933740840059488}, "K1": {"distribution": "normal", "mean": 16.316851425527496, "std": 4.574883522487243}, "K5": {"distribution": "normal", "mean": 25.417982284647145, "std": 2.676283964588046}, "K4": {"distribution": "normal", "mean": 24.74504761533254, "std": 4.829678004354982}, "K3": {"distribution": "normal", "mean": 18.729907107048398, "std": 4.462063955772354}}, "compatibleConfigurations": ["K2", "K1", "K5", "K4", "K3"]}, "O12": {"estimatedTestTime": {"K4": {"distribution": "normal", "mean": 38.82285860201507, "std": 4.261305890723172}, "K2": {"distribution": "normal", "mean": 26.335242425922647, "std": 4.87248488426249}, "K3": {"distribution": "normal", "mean": 12.939672766213958, "std": 2.491613076399619}, "K1": {"distribution": "normal", "mean": 6.122315049332869, "std": 3.869884445841688}, "K5": {"distribution": "normal", "mean": 43.181704960003756, "std": 3.818351012236878}}, "compatibleConfigurations": ["K4", "K2", "K3", "K1", "K5"]}, "O13": {"estimatedTestTime": {"K1": {"distribution": "normal", "mean": 47.23277855401389, "std": 2.6561033680464314}, "K4": {"distribution": "normal", "mean": 42.20833902160422, "std": 4.444279761695134}, "K2": {"distribution": "normal", "mean": 36.3279965809115, "std": 2.7179396986082383}, "K5": {"distribution": "normal", "mean": 5.247303414780381, "std": 4.881874277308762}, "K3": {"distribution": "normal", "mean": 48.77510641541611, "std": 4.616969625579246}}, "compatibleConfigurations": ["K1", "K4", "K2", "K5", "K3"]}, "O14": {"estimatedTestTime": {"K1": {"distribution": "normal", "mean": 18.06000608810833, "std": 3.9880906010489916}, "K2": {"distribution": "normal", "mean": 26.14291877849984, "std": 4.106922123894963}, "K4": {"distribution": "normal", "mean": 44.00426120416805, "std": 4.380164552116391}, "K3": {"distribution": "normal", "mean": 42.47928221139047, "std": 4.822815335064713}, "K5": {"distribution": "normal", "mean": 28.522304386862597, "std": 3.821558122629056}},