{"configurations": {"count": 5, "items": {"K1": {"index": 0, "setupTimes": [0, 5, 5, 5, 5]}, "K2": {"index": 1, "setupTimes": [5, 0, 5, 5, 5]}, "K3": {"index": 2, "setupTimes": [5, 5, 0, 5, 5]}, "K4": {"index": 3, "setupTimes": [5, 5, 5, 0, 5]}, "K5": {"index": 4, "setupTimes": [5, 5, 5, 5, 0]}}}, "testers": {"count": 5, "items": {"T1": {"supportedConfigurations": ["K3", "K4", "K2"]}, "T2": {"supportedConfigurations": ["K5", "K3"]}, "T3": {"supportedConfigurations": ["K5", "K1"]}, "T4": {"supportedConfigurations": ["K3", "K4"]}, "T5": {"supportedConfigurations": ["K3", "K1"]}}}, "operations": {"count": 15, "items": {"O1": {"estimatedTestTime": {"K1": {"distribution": "normal", "mean": 45.808470567700176, "std": 3.439654974941601}, "K5": {"distribution": "normal", "mean": 26.261619236408432, "std": 3.298013864233505}, "K3": {"distribution": "normal", "mean": 16.976751005286047, "std": 2.041343713660622}, "K2": {"distribution": "normal", "mean": 31.138778159107552, "std": 2.218753576432831}, "K4": {"distribution": "normal", "mean": 22.841812641155784, "std": 2.217879414607488}}, "compatibleConfigurations": ["K1", "K5", "K3", "K2", "K4"]}, "O2": {"estimatedTestTime": {"K1": {"distribution": "normal", "mean": 15.426918794561788, "std": 3.9063834075724553}, "K4": {"distribution": "normal", "mean": 30.10350621657799, "std": 3.4361200385903907}, "K2": {"distribution": "normal", "mean": 25.108193691341036, "std": 2.5947136651234914}, "K5": {"distribution": "normal", "mean": 30.522238049017005, "std": 2.9915475285831414}, "K3": {"distribution": "normal", "mean": 33.67881679969464, "std": 4.422686096615395}}, "compatibleConfigurations": ["K1", "K4", "K2", "K5", "K3"]}, "O3": {"estimatedTestTime": {"K4": {"distribution": "normal", "mean": 38.331373521367915, "std": 2.428641149918594}, "K5": {"distribution": "normal", "mean": 40.97651239795374, "std": 3.715566105870469}, "K1": {"distribution": "normal", "mean": 38.87234911288754, "std": 4.957043415560965}, "K2": {"distribution": "normal", "mean": 34.49298706022028, "std": 3.8408276625015114}, "K3": {"distribution": "normal", "mean": 48.8336719866742, "std": 4.894713565568716}}, "compatibleConfigurations": ["K4", "K5", "K1", "K2", "K3"]}, "O4": {"estimatedTestTime": {"K3": {"distribution": "normal", "mean": 45.56205378503465, "std": 2.753293313923205}, "K5": {"distribution": "normal", "mean": 30.902979888482356, "std": 2.2859116863920104}, "K1": {"distribution": "normal", "mean": 11.760747558958583, "std": 4.396598102309289}, "K2": {"distribution": "normal", "mean": 21.189940647654275, "std": 4.017871489726257}, "K4": {"distribution": "normal", "mean": 7.813519464418697, "std": 2.3593491410791017}}, "compatibleConfigurations": ["K3", "K5", "K1", "K2", "K4"]}, "O5": {"estimatedTestTime": {"K2": {"distribution": "normal", "mean": 2.2152650144300132, "std": 2.8690306208763463}, "K3": {"distribution": "normal", "mean": 45.02217917932635, "std": 2.143359448847417}, "K5": {"distribution": "normal", "mean": 46.31119364447103, "std": 3.799392408045596}, "K1": {"distribution": "normal", "mean": 31.799566471995423, "std": 2.502901177345227}, "K4": {"distribution": "normal", "mean": 23.19689888835012, "std": 4.026490218550171}}, "compatibleConfigurations": ["K2", "K3", "K5", "K1", "K4"]}, "O6": {"estimatedTestTime": {"K2": {"distribution": "normal", "mean": 21.160077023527926, "std": 3.0686011132252933}, "K1": {"distribution": "normal", "mean": 22.555685068798873, "std": 3.3142361542070033}, "K4": {"distribution": "normal", "mean": 43.72738395181405, "std": 4.211396871816177}, "K5": {"distribution": "normal", "mean": 38.30246127169676, "std": 3.3905174629851675}, "K3": {"distribution": "normal", "mean": 31.236114351159024, "std": 2.430088664897209}}, "compatibleConfigurations": ["K2", "K1", "K4", "K5", "K3"]}, "O7": {"estimatedTestTime": {"K3": {"distribution": "normal", "mean": 49.29051780998484, "std": 3.8664850718611694}, "K1": {"distribution": "normal", "mean": 39.87732026687523, "std": 4.259989017677445}, "K4": {"distribution": "normal", "mean": 2.779372137195729, "std": 3.3020341203009242}, "K5": {"distribution": "normal", "mean": 40.84407030995534, "std": 4.2117621127215745}, "K2": {"distribution": "normal", "mean": 15.043908358387426, "std": 4.580073159244512}}, "compatibleConfigurations": ["K3", "K1", "K4", "K5", "K2"]}, "O8": {"estimatedTestTime": {"K3": {"distribution": "normal", "mean": 30.967528578781497, "std": 4.1727582201793885}, "K5": {"distribution": "normal", "mean": 6.555229309912294, "std": 2.9088590751463315}, "K1": {"distribution": "normal", "mean": 43.52775052987704, "std": 3.941141022508292}, "K2": {"distribution": "normal", "mean": 3.0077052904339165, "std": 4.756658035008433}, "K4": {"distribution": "normal", "mean": 5.275956533378068, "std": 4.334787080278975}}, "compatibleConfigurations": ["K3", "K5", "K1", "K2", "K4"]}, "O9": {"estimatedTestTime": {"K1": {"distribution": "normal", "mean": 19.53670581364979, "std": 4.0669776771794}, "K4": {"distribution": "normal", "mean": 36.652182045182045, "std": 4.7639207399590635}, "K3": {"distribution": "normal", "mean": 25.481177264873143, "std": 2.192717335634871}, "K5": {"distribution": "normal", "mean": 21.67134260232799, "std": 3.999912412963426}, "K2": {"distribution": "normal", "mean": 18.447993882688174, "std": 3.677209563473187}}, "compatibleConfigurations": ["K1", "K4", "K3", "K5", "K2"]}, "O10": {"estimatedTestTime": {"K3": {"distribution": "normal", "mean": 11.352682652173199, "std": 3.422660005249502}, "K2": {"distribution": "normal", "mean": 15.517934292952262, "std": 4.92278764799419}, "K1": {"distribution": "normal", "mean": 4.268606614189723, "std": 2.8737074540978043}, "K5": {"distribution": "normal", "mean": 20.503170208243503, "std": 3.725983946803236}, "K4": {"distribution": "normal", "mean": 44.48904905668752, "std": 3.729781571614894}}, "compatibleConfigurations": ["K3", "K2", "K1", "K5", "K4"]}, "O11": {"estimatedTestTime": {"K2": {"distribution": "normal", "mean": 47.97785097186055, "std": 2.7650313574322016}, "K1": {"distribution": "normal", "mean": 22.80851397969033, "std": 2.5237861421089582}, "K5": {"distribution": "normal", "mean": 46.536566438775814, "std": 4.0855076807672255}, "K4": {"distribution": "normal", "mean": 20.05729023737082, "std": 3.0756468015466583}, "K3": {"distribution": "normal", "mean": 22.689737191899805, "std": 2.3105108910623304}}, "compatibleConfigurations": ["K2", "K1", "K5", "K4", "K3"]}, "O12": {"estimatedTestTime": {"K5": {"distribution": "normal", "mean": 47.68129079644402, "std": 2.689587594626512}, "K4": {"distribution": "normal", "mean": 39.57491549625281, "std": 4.860345889624738}, "K3": {"distribution": "normal", "mean": 36.64726638253191, "std": 2.2840974424366416}, "K1": {"distribution": "normal", "mean": 17.279262917487742, "std": 2.5565231364378174}, "K2": {"distribution": "normal", "mean": 45.80033890930771, "std": 2.032427945341796}}, "compatibleConfigurations": ["K5", "K4", "K3", "K1", "K2"]}, "O13": {"estimatedTestTime": {"K5": {"distribution": "normal", "mean": 39.81355848924461, "std": 3.3992149328106915}, "K2": {"distribution": "normal", "mean": 46.935177620937594, "std": 4.476780888956557}, "K4": {"distribution": "normal", "mean": 22.27383837332401, "std": 2.291818444857939}, "K3": {"distribution": "normal", "mean": 49.68268898450482, "std": 2.6567995160486446}, "K1": {"distribution": "normal", "mean": 13.64340651810147, "std": 4.456702956179072}}, "compatibleConfigurations": ["K5", "K2", "K4", "K3", "K1"]}, "O14": {"estimatedTestTime": {"K5": {"distribution": "normal", "mean": 8.060638359128879, "std": 4.962587496167173}, "K4": {"distribution": "normal", "mean": 40.34445496399801, "std": 3.8900749568040696}, "K2": {"distribution": "normal", "mean": 28.092253131399325, "std": 3.8135983161933793}, "K3": {"distribution": "normal", "mean": 48.845584487658186, "std": 2.111977137084916}, "K1": {"distribution": "normal", "mean": 32.50370145846308, "std": 3.524053002132596}},