{"configurations": {"count": 5, "items": {"K1": {"index": 0, "setupTimes": [0, 5, 5, 5, 5]}, "K2": {"index": 1, "setupTimes": [5, 0, 5, 5, 5]}, "K3": {"index": 2, "setupTimes": [5, 5, 0, 5, 5]}, "K4": {"index": 3, "setupTimes": [5, 5, 5, 0, 5]}, "K5": {"index": 4, "setupTimes": [5, 5, 5, 5, 0]}}}, "testers": {"count": 5, "items": {"T1": {"supportedConfigurations": ["K1", "K3"]}, "T2": {"supportedConfigurations": ["K3", "K2"]}, "T3": {"supportedConfigurations": ["K1", "K2", "K4"]}, "T4": {"supportedConfigurations": ["K1", "K3"]}, "T5": {"supportedConfigurations": ["K2", "K5"]}}}, "operations": {"count": 15, "items": {"O1": {"estimatedTestTime": {"K4": {"distribution": "normal", "mean": 36.181612675256446, "std": 2.949161958770082}, "K2": {"distribution": "normal", "mean": 44.92783232331146, "std": 2.1639252182933673}, "K5": {"distribution": "normal", "mean": 22.596391288361133, "std": 3.7124257757194297}, "K3": {"distribution": "normal", "mean": 48.228498150914504, "std": 3.457283925684837}, "K1": {"distribution": "normal", "mean": 21.917586571897402, "std": 4.508739729212658}}, "compatibleConfigurations": ["K4", "K2", "K5", "K3", "K1"]}, "O2": {"estimatedTestTime": {"K1": {"distribution": "normal", "mean": 15.975711034772047, "std": 3.3485327707088874}, "K3": {"distribution": "normal", "mean": 46.36614162319094, "std": 4.433114930712678}, "K5": {"distribution": "normal", "mean": 31.74487977527059, "std": 3.4679497633201817}, "K4": {"distribution": "normal", "mean": 39.33576725098406, "std": 2.2579307322386457}, "K2": {"distribution": "normal", "mean": 27.260931725684248, "std": 3.9820491921805896}}, "compatibleConfigurations": ["K1", "K3", "K5", "K4", "K2"]}, "O3": {"estimatedTestTime": {"K4": {"distribution": "normal", "mean": 5.973196217876151, "std": 2.843076798569217}, "K2": {"distribution": "normal", "mean": 13.890369657506923, "std": 3.3833415024046922}, "K1": {"distribution": "normal", "mean": 43.07775840818654, "std": 2.003108885841335}, "K3": {"distribution": "normal", "mean": 34.92344579543295, "std": 2.877706664896422}, "K5": {"distribution": "normal", "mean": 6.757949346570353, "std": 2.1831469628854494}}, "compatibleConfigurations": ["K4", "K2", "K1", "K3", "K5"]}, "O4": {"estimatedTestTime": {"K2": {"distribution": "normal", "mean": 9.384775490798704, "std": 2.462641599504291}, "K3": {"distribution": "normal", "mean": 49.45778430615147, "std": 4.382063427769077}, "K1": {"distribution": "normal", "mean": 12.07111442327309, "std": 2.2598484335252467}, "K4": {"distribution": "normal", "mean": 15.459899088295566, "std": 3.466023201971955}, "K5": {"distribution": "normal", "mean": 27.351762498614214, "std": 2.3343290264943155}}, "compatibleConfigurations": ["K2", "K3", "K1", "K4", "K5"]}, "O5": {"estimatedTestTime": {"K1": {"distribution": "normal", "mean": 39.01040824295318, "std": 3.2006887913782913}, "K4": {"distribution": "normal", "mean": 29.72707136485429, "std": 3.2907562743074035}, "K5": {"distribution": "normal", "mean": 29.727835191561866, "std": 3.7480360921664833}, "K3": {"distribution": "normal", "mean": 7.231303074651976, "std": 4.319315484195489}, "K2": {"distribution": "normal", "mean": 31.49919705769205, "std": 2.979776787174502}}, "compatibleConfigurations": ["K1", "K4", "K5", "K3", "K2"]}, "O6": {"estimatedTestTime": {"K1": {"distribution": "normal", "mean": 13.414395674535513, "std": 3.382120869787705}, "K5": {"distribution": "normal", "mean": 45.387947212701256, "std": 3.9146432618794087}, "K3": {"distribution": "normal", "mean": 35.44804443100501, "std": 3.6674464753004967}, "K2": {"distribution": "normal", "mean": 46.61798125499526, "std": 2.9417754656865895}, "K4": {"distribution": "normal", "mean": 8.921815668801473, "std": 3.272380508008502}}, "compatibleConfigurations": ["K1", "K5", "K3", "K2", "K4"]}, "O7": {"estimatedTestTime": {"K2": {"distribution": "normal", "mean": 5.6047803334119966, "std": 3.5577510228091516}, "K5": {"distribution": "normal", "mean": 39.116961170236735, "std": 3.6012582630297967}, "K1": {"distribution": "normal", "mean": 14.69693894289102, "std": 2.391723015205503}, "K4": {"distribution": "normal", "mean": 11.748706990381121, "std": 2.576704132506701}, "K3": {"distribution": "normal", "mean": 3.844518951799783, "std": 4.62703746587792}}, "compatibleConfigurations": ["K2", "K5", "K1", "K4", "K3"]}, "O8": {"estimatedTestTime": {"K4": {"distribution": "normal", "mean": 29.870284243925788, "std": 3.6828930680526413}, "K3": {"distribution": "normal", "mean": 25.381458571420325, "std": 2.464046509374401}, "K1": {"distribution": "normal", "mean": 21.019535467030913, "std": 3.0055469909861063}, "K2": {"distribution": "normal", "mean": 44.4475607131386, "std": 2.312167111650229}, "K5": {"distribution": "normal", "mean": 46.675703939893815, "std": 3.9718692375266365}}, "compatibleConfigurations": ["K4", "K3", "K1", "K2", "K5"]}, "O9": {"estimatedTestTime": {"K3": {"distribution": "normal", "mean": 26.754317774404438, "std": 3.6367182700585965}, "K4": {"distribution": "normal", "mean": 35.33978767005819, "std": 2.328006682817374}, "K2": {"distribution": "normal", "mean": 21.101467499094724, "std": 2.9274465798885987}, "K1": {"distribution": "normal", "mean": 19.151350405768024, "std": 2.7734358033497153}, "K5": {"distribution": "normal", "mean": 35.457667253939505, "std": 3.4940963031880776}}, "compatibleConfigurations": ["K3", "K4", "K2", "K1", "K5"]}, "O10": {"estimatedTestTime": {"K1": {"distribution": "normal", "mean": 37.2445147989872, "std": 3.676014716610884}, "K5": {"distribution": "normal", "mean": 21.90563158976912, "std": 4.960190820436722}, "K4": {"distribution": "normal", "mean": 14.01741793960625, "std": 3.6589300681612382}, "K2": {"distribution": "normal", "mean": 6.314818622241415, "std": 3.723780311152805}, "K3": {"distribution": "normal", "mean": 39.19930757489551, "std": 2.766986250145576}}, "compatibleConfigurations": ["K1", "K5", "K4", "K2", "K3"]}, "O11": {"estimatedTestTime": {"K5": {"distribution": "normal", "mean": 16.68536895348417, "std": 4.1828090902410215}, "K1": {"distribution": "normal", "mean": 8.365796882710931, "std": 4.70230478838608}, "K4": {"distribution": "normal", "mean": 43.39813855355504, "std": 3.439196917011672}, "K2": {"distribution": "normal", "mean": 8.15678485775906, "std": 3.1477736092459465}, "K3": {"distribution": "normal", "mean": 39.37413496115903, "std": 2.9537382119019666}}, "compatibleConfigurations": ["K5", "K1", "K4", "K2", "K3"]}, "O12": {"estimatedTestTime": {"K4": {"distribution": "normal", "mean": 12.12028697356709, "std": 2.442775832225965}, "K2": {"distribution": "normal", "mean": 34.48000592163192, "std": 2.312481409040987}, "K5": {"distribution": "normal", "mean": 20.327439686374323, "std": 2.633034536999454}, "K1": {"distribution": "normal", "mean": 45.629093902793684, "std": 3.97717531952368}, "K3": {"distribution": "normal", "mean": 14.583771317378718, "std": 2.8487280998400175}}, "compatibleConfigurations": ["K4", "K2", "K5", "K1", "K3"]}, "O13": {"estimatedTestTime": {"K1": {"distribution": "normal", "mean": 39.39340413859551, "std": 3.566379252275059}, "K3": {"distribution": "normal", "mean": 21.871389167315893, "std": 4.256516153811159}, "K2": {"distribution": "normal", "mean": 13.856269062868556, "std": 4.403016428619712}, "K4": {"distribution": "normal", "mean": 48.56760752419462, "std": 3.6238666307235077}, "K5": {"distribution": "normal", "mean": 15.61063970224346, "std": 2.4083751551325143}}, "compatibleConfigurations": ["K1", "K3", "K2", "K4", "K5"]}, "O14": {"estimatedTestTime": {"K3": {"distribution": "normal", "mean": 6.19749463461285, "std": 2.8207811146786437}, "K2": {"distribution": "normal", "mean": 44.072607039259516, "std": 4.813143961189054}, "K4": {"distribution": "normal", "mean": 8.309848390127856, "std": 2.901811796658944}, "K5": {"distribution": "normal", "mean": 10.557178453882207, "std": 2.1958605852903474}, "K1": {"distribution": "normal", "mean": 16.165660526619533, "std": 3.5562598068028666}},