{"configurations": {"count": 2, "items": {"K1": {"index": 0, "setupTimes": [0, 60]}, "K2": {"index": 1, "setupTimes": [44, 0]}}}, "testers": {"count": 2, "items": {"T1": {"supportedConfigurations": ["K1", "K2"]}, "T2": {"supportedConfigurations": ["K1", "K2"]}}}, "operations": {"count": 14, "items": {"O1": {"estimatedTestTime": {"K2": {"distribution": "normal", "mean": 423.7030396963916, "std": 3.9214665371450907}, "K1": {"distribution": "normal", "mean": 82.7930140150759, "std": 4.820462630819907}}, "compatibleConfigurations": ["K2", "K1"]}, "O2": {"estimatedTestTime": {"K1": {"distribution": "normal", "mean": 387.5729365306218, "std": 4.373021834359701}, "K2": {"distribution": "normal", "mean": 226.95491899689455, "std": 4.386642070078672}}, "compatibleConfigurations": ["K1", "K2"]}, "O3": {"estimatedTestTime": {"K2": {"distribution": "normal", "mean": 151.27326301972604, "std": 4.717747538018596}, "K1": {"distribution": "normal", "mean": 446.8971593571698, "std": 4.8276256335720555}}, "compatibleConfigurations": ["K2", "K1"]}, "O4": {"estimatedTestTime": {"K1": {"distribution": "normal", "mean": 298.29684071528743, "std": 4.904634971107797}, "K2": {"distribution": "normal", "mean": 60.24812565579469, "std": 3.6279027875790146}}, "compatibleConfigurations": ["K1", "K2"]}, "O5": {"estimatedTestTime": {"K2": {"distribution": "normal", "mean": 467.74481096982026, "std": 3.7412467304547126}, "K1": {"distribution": "normal", "mean": 168.97255773778642, "std": 2.8648760954099517}}, "compatibleConfigurations": ["K2", "K1"]}, "O6": {"estimatedTestTime": {"K2": {"distribution": "normal", "mean": 277.0516890907346, "std": 4.496258800575275}, "K1": {"distribution": "normal", "mean": 151.2894133498779, "std": 3.3016258207220286}}, "compatibleConfigurations": ["K2", "K1"]}, "O7": {"estimatedTestTime": {"K2": {"distribution": "normal", "mean": 68.78606481506452, "std": 4.381032266962036}, "K1": {"distribution": "normal", "mean": 185.1638423636264, "std": 4.855665112349728}}, "compatibleConfigurations": ["K2", "K1"]}, "O8": {"estimatedTestTime": {"K1": {"distribution": "normal", "mean": 150.1133678170312, "std": 2.064148411899804}, "K2": {"distribution": "normal", "mean": 359.56557343486384, "std": 4.4094849926194195}}, "compatibleConfigurations": ["K1", "K2"]}, "O9": {"estimatedTestTime": {"K1": {"distribution": "normal", "mean": 193.26492511280256, "std": 2.6258807850941275}, "K2": {"distribution": "normal", "mean": 373.1386120103653, "std": 4.2836500774348485}}, "compatibleConfigurations": ["K1", "K2"]}, "O10": {"estimatedTestTime": {"K2": {"distribution": "normal", "mean": 31.21798792023694, "std": 2.3804199040332064}, "K1": {"distribution": "normal", "mean": 391.9821523799617, "std": 3.518498811057368}}, "compatibleConfigurations": ["K2", "K1"]}, "O11": {"estimatedTestTime": {"K2": {"distribution": "normal", "mean": 78.58443796051603, "std": 4.108184629076344}, "K1": {"distribution": "normal", "mean": 109.22796411515928, "std": 2.518656070263181}}, "compatibleConfigurations": ["K2", "K1"]}, "O12": {"estimatedTestTime": {"K2": {"distribution": "normal", "mean": 345.21252687319674, "std": 4.614191572457566}, "K1": {"distribution": "normal", "mean": 269.99228539332955, "std": 2.0190867804466373}}, "compatibleConfigurations": ["K2", "K1"]}, "O13": {"estimatedTestTime": {"K1": {"distribution": "normal", "mean": 159.47858166969166, "std": 2.3397710540631644}, "K2": {"distribution": "normal", "mean": 14.749650836448154, "std": 4.371238193888523}}, "compatibleConfigurations": ["K1", "K2"]}, "O14": {"estimatedTestTime": {"K2": {"distribution": "normal", "mean": 349.61271441216195, "std": 3.3931293137150766}, "K1": {"distribution": "normal", "mean": 252.85365567674566, "std": 2.3515941376726395}}, "compatibleConfigurations": ["K2", "K1"]}}}, "products": {"count": 8, "items": {"P1": {"index": 0, "arrival": 0, "quantity": 5, "duedate": 3722.485457520966, "operations": ["O11", "O13", "O5", "O4", "O6", "O9", "O3", "O10", "O2", "O7", "O12", "O14"], "dependencies": [[4, 1], [5, 3], [5, 4], [6, 2], [6, 5], [7, 3], [7, 4], [8, 1], [8, 2], [8, 5], [8, 6], [8, 7], [9, 1], [9, 6], [9, 7], [10, 0], [10, 1], [10, 3], [10, 5], [10, 7], [10, 8], [11, 2], [11, 3], [11, 4], [11, 7], [11, 8]]}, "P2": {"index": 1, "arrival": 88.02601412527308, "quantity": 3, "duedate": 2027.249912972204, "operations": ["O11", "O12", "O1", "O8", "O3", "O13", "O7", "O14", "O4", "O5", "O2", "O10"], "dependencies": [[1, 0], [3, 2], [4, 2], [5, 0], [5, 2], [6, 4], [7, 3], [7, 5], [8, 1], [8, 3], [8, 5], [9, 0], [9, 1], [9, 3], [9, 6], [9, 8], [10, 2], [10, 8], [10, 9], [11, 0], [11, 3], [11, 7]]}, "P3": {"index": 2, "arrival": 183.11068329912337, "quantity": 3, "duedate": 1445.533710206491, "operations": ["O3", "O1", "O6", "O9", "O13", "O5"], "dependencies": [[1, 0], [2, 0], [3, 1], [5, 4], [5, 1]]}, "P4": {"index": 3, "arrival": 271.1127434069127, "quantity": 3, "duedate": 1950.7378796282837, "operations": ["O1", "O10", "O13", "O4", "O9", "O3", "O5", "O8"], "dependencies": [[1, 0], [2, 0], [2, 1], [3, 2], [4, 2], [5, 1], [5, 4], [6, 0], [6, 1], [7, 1], [7, 2]]}, "P5": {"index": 4, "arrival": 369.13812824684123, "quantity": 4, "duedate": 2930.0351262730837, "operations": ["O13", "O8", "O10", "O12", "O11", "O1", "O14", "O9", "O6"], "dependencies": [[1, 0], [2, 0], [2, 1], [3, 0], [4, 0], [4, 3], [5, 4], [6, 1], [6, 3], [6, 4], [7, 3], [7, 6], [8, 2], [8, 4], [8, 5], [8, 7]]}, "P6": {"index": 5, "arrival": 433.4896575626963, "quantity": 5, "duedate": 5030.023703134376, "operations": ["O7", "O8", "O9", "O6", "O2", "O10", "O4", "O12", "O3", "O13", "O1", "O14", "O11", "O5"], "dependencies": [[2, 1], [3, 1], [4, 1], [5, 4], [6, 5], [7, 1], [7, 2], [7, 3], [7, 4], [7, 6], [8, 0], [8, 3], [9, 0], [9, 1], [9, 3], [9, 4], [9, 8], [10, 1], [10, 3], [10, 4], [10, 8], [10, 9], [11, 1], [11, 2], [11, 5], [11, 7], [11, 8], [11, 9], [12, 0], [12, 1], [12, 6], [12, 8], [12, 11], [13, 1], [13, 3], [13, 6], [13, 9], [13, 11]]}, "P7": {"index": 6, "arrival": 531.6736395084486, "quantity": 5, "duedate": 2450.868661416878, "operations": ["O10", "O2", "O6", "O9", "O14"], "dependencies": [[3, 0], [3, 2], [4, 1], [4, 3]]}, "P8": {"index": 7, "arrival": 617.6954766535704, "quantity": 5, "duedate": 2370.630593623862, "operations": ["O9", "O7", "O14", "O1", "O3", "O5", "O11"], "dependencies": [[1, 0], [4, 2], [5, 1], [5, 3], [6, 0], [6, 1], [6, 2], [6, 3], [6, 4]]}}}}