{"configurations": {"count": 3, "items": {"K1": {"index": 0, "setupTimes": [0, 5, 2]}, "K2": {"index": 1, "setupTimes": [9, 0, 6]}, "K3": {"index": 2, "setupTimes": [4, 7, 0]}}}, "testers": {"count": 4, "items": {"T1": {"supportedConfigurations": ["K1", "K2"]}, "T2": {"supportedConfigurations": ["K1", "K3"]}, "T3": {"supportedConfigurations": ["K3", "K1", "K2"]}, "T4": {"supportedConfigurations": ["K1", "K3", "K2"]}}}, "operations": {"count": 15, "items": {"O1": {"estimatedTestTime": {"K1": {"distribution": "normal", "mean": 48.105026218408604, "std": 2.5321960889951947}, "K2": {"distribution": "normal", "mean": 49.849808276163884, "std": 3.5964468682954154}, "K3": {"distribution": "normal", "mean": 48.29261472455155, "std": 3.2452572293639674}}, "compatibleConfigurations": ["K1", "K2", "K3"]}, "O2": {"estimatedTestTime": {"K2": {"distribution": "normal", "mean": 23.8545034862558, "std": 4.452917046145856}, "K3": {"distribution": "normal", "mean": 14.535323854517047, "std": 2.316459588321477}, "K1": {"distribution": "normal", "mean": 8.122755678070966, "std": 2.903874702732679}}, "compatibleConfigurations": ["K2", "K3", "K1"]}, "O3": {"estimatedTestTime": {"K1": {"distribution": "normal", "mean": 44.174400508925316, "std": 3.2070810462245007}, "K2": {"distribution": "normal", "mean": 47.57794905113391, "std": 4.7606879842686025}}, "compatibleConfigurations": ["K1", "K2"]}, "O4": {"estimatedTestTime": {"K2": {"distribution": "normal", "mean": 6.024853742670931, "std": 3.718115225216843}, "K3": {"distribution": "normal", "mean": 47.079904165460185, "std": 3.9015615580939498}, "K1": {"distribution": "normal", "mean": 23.33921550093254, "std": 3.5894024931457804}}, "compatibleConfigurations": ["K2", "K3", "K1"]}, "O5": {"estimatedTestTime": {"K1": {"distribution": "normal", "mean": 17.0790828056142, "std": 2.6883120754860985}, "K2": {"distribution": "normal", "mean": 14.03908988189582, "std": 2.12167035343109}}, "compatibleConfigurations": ["K1", "K2"]}, "O6": {"estimatedTestTime": {"K3": {"distribution": "normal", "mean": 23.083095822125877, "std": 4.514853037776863}, "K2": {"distribution": "normal", "mean": 5.39473723006982, "std": 2.1115860820706507}, "K1": {"distribution": "normal", "mean": 10.398196966781173, "std": 4.95203005685577}}, "compatibleConfigurations": ["K3", "K2", "K1"]}, "O7": {"estimatedTestTime": {"K1": {"distribution": "normal", "mean": 5.693293273645075, "std": 3.194798209860816}, "K3": {"distribution": "normal", "mean": 3.507785205044348, "std": 2.9753161770344843}, "K2": {"distribution": "normal", "mean": 11.452028901541233, "std": 3.369699684578948}}, "compatibleConfigurations": ["K1", "K3", "K2"]}, "O8": {"estimatedTestTime": {"K2": {"distribution": "normal", "mean": 4.6733790014079375, "std": 2.395043584991776}, "K3": {"distribution": "normal", "mean": 36.43417126895123, "std": 3.3368028982034508}}, "compatibleConfigurations": ["K2", "K3"]}, "O9": {"estimatedTestTime": {"K1": {"distribution": "normal", "mean": 13.16850228432885, "std": 2.4813219416965557}, "K2": {"distribution": "normal", "mean": 18.560576983797144, "std": 4.747686461577902}}, "compatibleConfigurations": ["K1", "K2"]}, "O10": {"estimatedTestTime": {"K2": {"distribution": "normal", "mean": 12.79559931506489, "std": 4.55779074535765}, "K1": {"distribution": "normal", "mean": 9.085609561302569, "std": 3.1073432395228426}}, "compatibleConfigurations": ["K2", "K1"]}, "O11": {"estimatedTestTime": {"K3": {"distribution": "normal", "mean": 24.272416537696344, "std": 2.1458405487757894}, "K1": {"distribution": "normal", "mean": 10.794526205294094, "std": 2.4675845869921194}, "K2": {"distribution": "normal", "mean": 36.24596024590598, "std": 4.800890136248803}}, "compatibleConfigurations": ["K3", "K1", "K2"]}, "O12": {"estimatedTestTime": {"K2": {"distribution": "normal", "mean": 3.962392490353322, "std": 3.8150906770091995}, "K1": {"distribution": "normal", "mean": 16.541922362395574, "std": 2.4995157098464524}}, "compatibleConfigurations": ["K2", "K1"]}, "O13": {"estimatedTestTime": {"K1": {"distribution": "normal", "mean": 17.161429930718548, "std": 4.301514005993125}, "K2": {"distribution": "normal", "mean": 9.783960219251934, "std": 4.9785800117072405}}, "compatibleConfigurations": ["K1", "K2"]}, "O14": {"estimatedTestTime": {"K3": {"distribution": "normal", "mean": 36.7921390810263, "std": 3.6041705599805147}, "K2": {"distribution": "normal", "mean": 16.76767406427513, "std": 4.291310236966661}}, "compatibleConfigurations": ["K3", "K2"]}, "O15": {"estimatedTestTime": {"K1": {"distribution": "normal", "mean": 25.843944736024696, "std": 3.002663480181211}, "K2": {"distribution": "normal", "mean": 30.344325565939684, "std": 2.200353824976103}, "K3": {"distribution": "normal", "mean": 37.01141109533039, "std": 2.5951045800844077}}, "compatibleConfigurations": ["K1", "K2", "K3"]}}}, "products": {"count": 5, "items": {"P1": {"index": 0, "arrival": 0, "quantity": 2, "duedate": 74.97679187520643, "operations": ["O6", "O13", "O3", "O4"], "dependencies": [[1, 0], [2, 1], [3, 1]]}, "P2": {"index": 1, "arrival": 1.814871990679151, "quantity": 5, "duedate": 89.07033693874588, "operations": ["O14", "O4", "O11", "O13", "O2"], "dependencies": [[1, 0], [2, 0], [4, 2], [4, 3]]}, "P3": {"index": 2, "arrival": 23.270828887247536, "quantity": 2, "duedate": 61.699582631780416, "operations": ["O7", "O15", "O12"], "dependencies": [[1, 0], [2, 0]]}, "P4": {"index": 3, "arrival": 59.258142351240494, "quantity": 2, "duedate": 105.51594970221544, "operations": ["O6", "O13", "O15", "O12", "O11"], "dependencies": [[1, 0], [2, 0], [3, 0], [4, 3]]}, "P5": {"index": 4, "arrival": 97.76500871568035, "quantity": 3, "duedate": 150.15515081679567, "operations": ["O7", "O3", "O9"], "dependencies": [[2, 1], [2, 0]]}}}}