{"configurations": {"count": 2, "items": {"K1": {"index": 0, "setupTimes": [0, 7]}, "K2": {"index": 1, "setupTimes": [4, 0]}}}, "testers": {"count": 2, "items": {"T1": {"supportedConfigurations": ["K1", "K2"]}, "T2": {"supportedConfigurations": ["K1", "K2"]}}}, "operations": {"count": 16, "items": {"O1": {"estimatedTestTime": {"K1": {"distribution": "normal", "mean": 17.512237865846398, "std": 4.130082328155296}, "K2": {"distribution": "normal", "mean": 4.459469001273321, "std": 3.5526906335869235}}, "compatibleConfigurations": ["K1", "K2"]}, "O2": {"estimatedTestTime": {"K1": {"distribution": "normal", "mean": 49.29411361664999, "std": 2.4657713190946637}, "K2": {"distribution": "normal", "mean": 29.017082840160448, "std": 3.002551430271339}}, "compatibleConfigurations": ["K1", "K2"]}, "O3": {"estimatedTestTime": {"K1": {"distribution": "normal", "mean": 29.31215304680491, "std": 4.493602716298168}, "K2": {"distribution": "normal", "mean": 28.895017643853457, "std": 3.834311440327566}}, "compatibleConfigurations": ["K1", "K2"]}, "O4": {"estimatedTestTime": {"K1": {"distribution": "normal", "mean": 28.629841068277024, "std": 4.979261752505183}, "K2": {"distribution": "normal", "mean": 25.82020869432162, "std": 2.629685246877838}}, "compatibleConfigurations": ["K1", "K2"]}, "O5": {"estimatedTestTime": {"K1": {"distribution": "normal", "mean": 10.271590411445375, "std": 2.8912141410769885}, "K2": {"distribution": "normal", "mean": 26.49724380812408, "std": 4.760448908945577}}, "compatibleConfigurations": ["K1", "K2"]}, "O6": {"estimatedTestTime": {"K2": {"distribution": "normal", "mean": 45.37698984295889, "std": 2.818297531377828}, "K1": {"distribution": "normal", "mean": 28.265265568484125, "std": 4.480543507380304}}, "compatibleConfigurations": ["K2", "K1"]}, "O7": {"estimatedTestTime": {"K2": {"distribution": "normal", "mean": 7.1566831190741205, "std": 3.7785603284788825}, "K1": {"distribution": "normal", "mean": 36.276985596068684, "std": 3.20650910073551}}, "compatibleConfigurations": ["K2", "K1"]}, "O8": {"estimatedTestTime": {"K2": {"distribution": "normal", "mean": 25.114577711039964, "std": 2.7349011127534992}, "K1": {"distribution": "normal", "mean": 9.481126747738601, "std": 2.5271557175351393}}, "compatibleConfigurations": ["K2", "K1"]}, "O9": {"estimatedTestTime": {"K1": {"distribution": "normal", "mean": 28.674876949334248, "std": 2.1174098156763566}, "K2": {"distribution": "normal", "mean": 47.72056670449765, "std": 2.830759447546993}}, "compatibleConfigurations": ["K1", "K2"]}, "O10": {"estimatedTestTime": {"K2": {"distribution": "normal", "mean": 7.202081756846541, "std": 2.71537909635621}, "K1": {"distribution": "normal", "mean": 29.828067984435386, "std": 2.6926959208943706}}, "compatibleConfigurations": ["K2", "K1"]}, "O11": {"estimatedTestTime": {"K2": {"distribution": "normal", "mean": 17.5439644805338, "std": 3.638198069191309}, "K1": {"distribution": "normal", "mean": 33.63300785319812, "std": 4.553733130100737}}, "compatibleConfigurations": ["K2", "K1"]}, "O12": {"estimatedTestTime": {"K1": {"distribution": "normal", "mean": 30.46449697499048, "std": 2.910536113188461}, "K2": {"distribution": "normal", "mean": 11.809759807028577, "std": 2.3100802266053493}}, "compatibleConfigurations": ["K1", "K2"]}, "O13": {"estimatedTestTime": {"K2": {"distribution": "normal", "mean": 42.54905389043954, "std": 3.1250227168200375}, "K1": {"distribution": "normal", "mean": 9.438408148559658, "std": 3.6536617185304676}}, "compatibleConfigurations": ["K2", "K1"]}, "O14": {"estimatedTestTime": {"K1": {"distribution": "normal", "mean": 36.184911285891204, "std": 3.174530235744684}, "K2": {"distribution": "normal", "mean": 3.3459966386518545, "std": 3.673002472332951}}, "compatibleConfigurations": ["K1", "K2"]}, "O15": {"estimatedTestTime": {"K1": {"distribution": "normal", "mean": 43.84213663258302, "std": 2.4338974691069075}, "K2": {"distribution": "normal", "mean": 47.95733324075226, "std": 3.021251058952846}}, "compatibleConfigurations": ["K1", "K2"]}, "O16": {"estimatedTestTime": {"K2": {"distribution": "normal", "mean": 4.503249818131248, "std": 4.686016731956178}, "K1": {"distribution": "normal", "mean": 27.33081154442381, "std": 4.806751196105399}}, "compatibleConfigurations": ["K2", "K1"]}}}, "products": {"count": 3, "items": {"P1": {"index": 0, "arrival": 0, "quantity": 5, "duedate": 119.51698548593284, "operations": ["O10", "O3", "O8"], "dependencies": [[1, 0], [2, 0]]}, "P2": {"index": 1, "arrival": 11.256031504711078, "quantity": 3, "duedate": 88.75194217668867, "operations": ["O16", "O6"], "dependencies": [[1, 0]]}, "P3": {"index": 2, "arrival": 33.71448291830336, "quantity": 5, "duedate": 174.92009091184786, "operations": ["O1", "O3", "O16"], "dependencies": [[1, 0], [2, 1]]}}}}