{"configurations": {"count": 5, "items": {"K1": {"index": 0, "setupTimes": [0, 41, 37, 52, 38]}, "K2": {"index": 1, "setupTimes": [23, 0, 27, 5, 13]}, "K3": {"index": 2, "setupTimes": [22, 44, 0, 33, 35]}, "K4": {"index": 3, "setupTimes": [60, 36, 37, 0, 46]}, "K5": {"index": 4, "setupTimes": [54, 37, 25, 43, 0]}}}, "testers": {"count": 3, "items": {"T1": {"supportedConfigurations": ["K5", "K2", "K1", "K3", "K4"]}, "T2": {"supportedConfigurations": ["K2", "K3"]}, "T3": {"supportedConfigurations": ["K5", "K3", "K1", "K4"]}}}, "operations": {"count": 10, "items": {"O1": {"estimatedTestTime": {"K5": {"distribution": "normal", "mean": 336.8264634291081, "std": 2.3589214252204007}, "K1": {"distribution": "normal", "mean": 225.61560844467573, "std": 2.4700526353011805}, "K3": {"distribution": "normal", "mean": 381.52647380528305, "std": 4.211243823353101}, "K2": {"distribution": "normal", "mean": 286.0392763742032, "std": 3.5863888456454163}}, "compatibleConfigurations": ["K5", "K1", "K3", "K2"]}, "O2": {"estimatedTestTime": {"K4": {"distribution": "normal", "mean": 461.74985757248135, "std": 3.8951629085586923}, "K3": {"distribution": "normal", "mean": 201.51848797115125, "std": 4.241858315936744}, "K2": {"distribution": "normal", "mean": 213.54766461438618, "std": 2.0434481399174}, "K1": {"distribution": "normal", "mean": 190.62435197584225, "std": 2.1529021744199963}, "K5": {"distribution": "normal", "mean": 323.63592618880364, "std": 3.083764462008574}}, "compatibleConfigurations": ["K4", "K3", "K2", "K1", "K5"]}, "O3": {"estimatedTestTime": {"K3": {"distribution": "normal", "mean": 173.92073165127732, "std": 4.903339768730236}, "K1": {"distribution": "normal", "mean": 23.60238041205088, "std": 2.3452839297673833}, "K5": {"distribution": "normal", "mean": 100.55198657631483, "std": 4.344775883732784}, "K2": {"distribution": "normal", "mean": 349.8269231960063, "std": 2.339771916579961}}, "compatibleConfigurations": ["K3", "K1", "K5", "K2"]}, "O4": {"estimatedTestTime": {"K3": {"distribution": "normal", "mean": 190.21887094243684, "std": 4.614434818582646}, "K4": {"distribution": "normal", "mean": 276.97161780193017, "std": 3.3500765892188538}}, "compatibleConfigurations": ["K3", "K4"]}, "O5": {"estimatedTestTime": {"K5": {"distribution": "normal", "mean": 498.9380344668805, "std": 2.5827621205092663}, "K2": {"distribution": "normal", "mean": 118.26453683850842, "std": 2.8387785752511787}, "K4": {"distribution": "normal", "mean": 34.15816672439864, "std": 2.3812341908743093}, "K1": {"distribution": "normal", "mean": 281.5019846662274, "std": 4.470925710087857}}, "compatibleConfigurations": ["K5", "K2", "K4", "K1"]}, "O6": {"estimatedTestTime": {"K1": {"distribution": "normal", "mean": 464.2883360703025, "std": 3.587301450480398}, "K4": {"distribution": "normal", "mean": 292.1844105494077, "std": 2.830409633097201}, "K2": {"distribution": "normal", "mean": 151.19047237866042, "std": 3.2113951968245433}}, "compatibleConfigurations": ["K1", "K4", "K2"]}, "O7": {"estimatedTestTime": {"K4": {"distribution": "normal", "mean": 251.97562253688386, "std": 2.1040097847373653}, "K5": {"distribution": "normal", "mean": 454.88649635078826, "std": 2.5138717813997244}, "K3": {"distribution": "normal", "mean": 243.73008300974828, "std": 3.6732000463729086}}, "compatibleConfigurations": ["K4", "K5", "K3"]}, "O8": {"estimatedTestTime": {"K1": {"distribution": "normal", "mean": 262.4593971498661, "std": 3.4614919762107137}, "K3": {"distribution": "normal", "mean": 166.4217342343531, "std": 2.188858437636315}, "K4": {"distribution": "normal", "mean": 225.23303791987033, "std": 3.16995373966677}, "K5": {"distribution": "normal", "mean": 209.1332098533019, "std": 4.624162213393691}, "K2": {"distribution": "normal", "mean": 43.982649010841726, "std": 4.383405129116705}}, "compatibleConfigurations": ["K1", "K3", "K4", "K5", "K2"]}, "O9": {"estimatedTestTime": {"K3": {"distribution": "normal", "mean": 433.620017638471, "std": 3.6571656692015537}, "K5": {"distribution": "normal", "mean": 216.68109510042729, "std": 4.756634131725316}, "K4": {"distribution": "normal", "mean": 286.6576193923419, "std": 3.138064425565422}, "K2": {"distribution": "normal", "mean": 278.8753543123304, "std": 2.829913005876795}}, "compatibleConfigurations": ["K3", "K5", "K4", "K2"]}, "O10": {"estimatedTestTime": {"K4": {"distribution": "normal", "mean": 210.96441040254072, "std": 2.4411464745179345}, "K1": {"distribution": "normal", "mean": 63.0229160246796, "std": 2.088129231496384}}, "compatibleConfigurations": ["K4", "K1"]}}}, "products": {"count": 2, "items": {"P1": {"index": 0, "arrival": 0, "quantity": 3, "duedate": 599.9889837033498, "operations": ["O4", "O3", "O2", "O5", "O10"], "dependencies": [[2, 1], [3, 0], [3, 1], [4, 2]]}, "P2": {"index": 1, "arrival": 54.55940152695314, "quantity": 3, "duedate": 647.5228907860469, "operations": ["O4", "O1", "O8", "O9", "O3", "O7", "O10"], "dependencies": [[3, 0], [3, 1], [4, 2], [5, 2], [6, 2], [6, 0]]}}}}