{"configurations": {"count": 2, "items": {"K1": {"index": 0, "setupTimes": [0, 2]}, "K2": {"index": 1, "setupTimes": [10, 0]}}}, "testers": {"count": 4, "items": {"T1": {"supportedConfigurations": ["K1", "K2"]}, "T2": {"supportedConfigurations": ["K2", "K1"]}, "T3": {"supportedConfigurations": ["K1", "K2"]}, "T4": {"supportedConfigurations": ["K2", "K1"]}}}, "operations": {"count": 12, "items": {"O1": {"estimatedTestTime": {"K2": {"distribution": "normal", "mean": 45.62895364064788, "std": 3.1685256243831486}, "K1": {"distribution": "normal", "mean": 47.07534108453973, "std": 2.70813562576269}}, "compatibleConfigurations": ["K2", "K1"]}, "O2": {"estimatedTestTime": {"K1": {"distribution": "normal", "mean": 47.54141346867647, "std": 3.942266773874874}, "K2": {"distribution": "normal", "mean": 12.19874014201933, "std": 2.1582324427686452}}, "compatibleConfigurations": ["K1", "K2"]}, "O3": {"estimatedTestTime": {"K2": {"distribution": "normal", "mean": 4.763556404906414, "std": 4.657112536818417}, "K1": {"distribution": "normal", "mean": 10.816100398474338, "std": 3.9313854043961207}}, "compatibleConfigurations": ["K2", "K1"]}, "O4": {"estimatedTestTime": {"K1": {"distribution": "normal", "mean": 16.815401275428187, "std": 3.7739336042608462}, "K2": {"distribution": "normal", "mean": 45.18410845716928, "std": 3.5226865684327686}}, "compatibleConfigurations": ["K1", "K2"]}, "O5": {"estimatedTestTime": {"K1": {"distribution": "normal", "mean": 15.787746301164765, "std": 2.5459301230102005}, "K2": {"distribution": "normal", "mean": 30.38953452940143, "std": 2.5972754118795827}}, "compatibleConfigurations": ["K1", "K2"]}, "O6": {"estimatedTestTime": {"K1": {"distribution": "normal", "mean": 30.558159156562944, "std": 3.085156825838736}, "K2": {"distribution": "normal", "mean": 38.901407161241224, "std": 2.82250824098523}}, "compatibleConfigurations": ["K1", "K2"]}, "O7": {"estimatedTestTime": {"K2": {"distribution": "normal", "mean": 28.748231055049715, "std": 3.1506803256697866}, "K1": {"distribution": "normal", "mean": 15.436478553182752, "std": 3.7380881079174912}}, "compatibleConfigurations": ["K2", "K1"]}, "O8": {"estimatedTestTime": {"K2": {"distribution": "normal", "mean": 16.989773683202237, "std": 3.774944140337501}, "K1": {"distribution": "normal", "mean": 32.36746576041537, "std": 3.817046668660792}}, "compatibleConfigurations": ["K2", "K1"]}, "O9": {"estimatedTestTime": {"K1": {"distribution": "normal", "mean": 15.080016114020735, "std": 3.8485815819928404}, "K2": {"distribution": "normal", "mean": 23.990191986721484, "std": 3.981891098036056}}, "compatibleConfigurations": ["K1", "K2"]}, "O10": {"estimatedTestTime": {"K2": {"distribution": "normal", "mean": 2.9780781248926687, "std": 2.4845521723388835}, "K1": {"distribution": "normal", "mean": 37.01582607507663, "std": 3.1113445817447687}}, "compatibleConfigurations": ["K2", "K1"]}, "O11": {"estimatedTestTime": {"K1": {"distribution": "normal", "mean": 26.760993219225416, "std": 2.013385121651782}, "K2": {"distribution": "normal", "mean": 15.925124561372131, "std": 2.8660146801225044}}, "compatibleConfigurations": ["K1", "K2"]}, "O12": {"estimatedTestTime": {"K2": {"distribution": "normal", "mean": 33.10521647430714, "std": 3.8999519551133073}, "K1": {"distribution": "normal", "mean": 47.604079167364446, "std": 4.684318311790522}}, "compatibleConfigurations": ["K2", "K1"]}}}, "products": {"count": 2, "items": {"P1": {"index": 0, "arrival": 0, "quantity": 3, "duedate": 83.66262487823676, "operations": ["O4", "O5", "O2"], "dependencies": [[1, 0], [2, 1]]}, "P2": {"index": 1, "arrival": 4.360818157900876, "quantity": 3, "duedate": 73.54369876053187, "operations": ["O8", "O1", "O4", "O12", "O6"], "dependencies": [[1, 0], [3, 0], [3, 2], [4, 2]]}}}}