{"configurations": {"count": 5, "items": {"K1": {"index": 0, "setupTimes": [0, 5, 0, 1, 10]}, "K2": {"index": 1, "setupTimes": [2, 0, 9, 5, 7]}, "K3": {"index": 2, "setupTimes": [4, 4, 0, 3, 6]}, "K4": {"index": 3, "setupTimes": [7, 2, 2, 0, 10]}, "K5": {"index": 4, "setupTimes": [0, 2, 5, 2, 0]}}}, "testers": {"count": 2, "items": {"T1": {"supportedConfigurations": ["K1", "K2", "K5"]}, "T2": {"supportedConfigurations": ["K2", "K4", "K3"]}}}, "operations": {"count": 17, "items": {"O1": {"estimatedTestTime": {"K3": {"distribution": "normal", "mean": 18.016008328634634, "std": 2.553605445158785}, "K2": {"distribution": "normal", "mean": 12.645146440078497, "std": 3.005281216679805}, "K1": {"distribution": "normal", "mean": 10.487799014276813, "std": 2.3503373752149863}, "K5": {"distribution": "normal", "mean": 31.324051027180023, "std": 4.560178345543797}, "K4": {"distribution": "normal", "mean": 30.807987709729943, "std": 2.7372365712916014}}, "compatibleConfigurations": ["K3", "K2", "K1", "K5", "K4"]}, "O2": {"estimatedTestTime": {"K5": {"distribution": "normal", "mean": 18.56997342685746, "std": 4.852841985658837}, "K3": {"distribution": "normal", "mean": 49.97921663591677, "std": 3.150477379942952}}, "compatibleConfigurations": ["K5", "K3"]}, "O3": {"estimatedTestTime": {"K2": {"distribution": "normal", "mean": 49.200617716451724, "std": 4.9882800125139095}, "K4": {"distribution": "normal", "mean": 27.13915940726725, "std": 2.430322176649212}}, "compatibleConfigurations": ["K2", "K4"]}, "O4": {"estimatedTestTime": {"K3": {"distribution": "normal", "mean": 9.803967461460232, "std": 3.616320762495908}, "K4": {"distribution": "normal", "mean": 13.570751955392765, "std": 2.0996668727295424}}, "compatibleConfigurations": ["K3", "K4"]}, "O5": {"estimatedTestTime": {"K4": {"distribution": "normal", "mean": 19.59134980532975, "std": 2.3359913155868233}, "K2": {"distribution": "normal", "mean": 37.548333689991196, "std": 2.8476653588283605}, "K1": {"distribution": "normal", "mean": 16.994172356952248, "std": 3.921047850756812}, "K3": {"distribution": "normal", "mean": 27.092786983501536, "std": 4.334466770809243}}, "compatibleConfigurations": ["K4", "K2", "K1", "K3"]}, "O6": {"estimatedTestTime": {"K2": {"distribution": "normal", "mean": 7.355096213093679, "std": 4.177236959517341}, "K1": {"distribution": "normal", "mean": 21.220364559539313, "std": 4.918479380599206}}, "compatibleConfigurations": ["K2", "K1"]}, "O7": {"estimatedTestTime": {"K2": {"distribution": "normal", "mean": 29.401571846112788, "std": 3.5032847152212825}, "K4": {"distribution": "normal", "mean": 2.476239536787899, "std": 3.6610250566518348}, "K5": {"distribution": "normal", "mean": 5.004883645002316, "std": 3.1129468452534157}}, "compatibleConfigurations": ["K2", "K4", "K5"]}, "O8": {"estimatedTestTime": {"K4": {"distribution": "normal", "mean": 8.671993364736723, "std": 2.0753139561321934}, "K1": {"distribution": "normal", "mean": 5.855801747830286, "std": 2.792839008205966}, "K5": {"distribution": "normal", "mean": 44.095284873921436, "std": 4.231874988380455}, "K3": {"distribution": "normal", "mean": 12.063625095040885, "std": 3.697794666768538}, "K2": {"distribution": "normal", "mean": 43.7932803676648, "std": 4.492934633109465}}, "compatibleConfigurations": ["K4", "K1", "K5", "K3", "K2"]}, "O9": {"estimatedTestTime": {"K5": {"distribution": "normal", "mean": 40.9125255022617, "std": 4.772045366662864}, "K1": {"distribution": "normal", "mean": 26.49393633038686, "std": 3.0639157607903753}, "K4": {"distribution": "normal", "mean": 35.93547797571469, "std": 2.630788642344063}}, "compatibleConfigurations": ["K5", "K1", "K4"]}, "O10": {"estimatedTestTime": {"K1": {"distribution": "normal", "mean": 22.65755553874633, "std": 3.7828523459497267}, "K3": {"distribution": "normal", "mean": 4.062766675671924, "std": 4.014523697475977}}, "compatibleConfigurations": ["K1", "K3"]}, "O11": {"estimatedTestTime": {"K3": {"distribution": "normal", "mean": 39.147055874211134, "std": 2.110991585356353}, "K1": {"distribution": "normal", "mean": 48.55694983383967, "std": 2.3201877874223538}, "K4": {"distribution": "normal", "mean": 6.131637263934504, "std": 3.7738973795122908}, "K5": {"distribution": "normal", "mean": 38.23172870909543, "std": 2.9273578637498328}, "K2": {"distribution": "normal", "mean": 2.0472844701966935, "std": 3.3059150577384036}}, "compatibleConfigurations": ["K3", "K1", "K4", "K5", "K2"]}, "O12": {"estimatedTestTime": {"K3": {"distribution": "normal", "mean": 7.79427289233954, "std": 2.443072769612191}, "K4": {"distribution": "normal", "mean": 7.801510935344515, "std": 3.6906541685216396}, "K1": {"distribution": "normal", "mean": 33.06455211011493, "std": 3.519856324772097}, "K2": {"distribution": "normal", "mean": 19.993690071139827, "std": 2.563757807111806}, "K5": {"distribution": "normal", "mean": 17.621067735646044, "std": 4.793032417141}}, "compatibleConfigurations": ["K3", "K4", "K1", "K2", "K5"]}, "O13": {"estimatedTestTime": {"K5": {"distribution": "normal", "mean": 23.7106958229531, "std": 3.498760112523592}, "K1": {"distribution": "normal", "mean": 38.48123632123206, "std": 3.98810804404937}}, "compatibleConfigurations": ["K5", "K1"]}, "O14": {"estimatedTestTime": {"K4": {"distribution": "normal", "mean": 9.497587655351033, "std": 2.9412437869283923}, "K2": {"distribution": "normal", "mean": 45.31500738032013, "std": 2.9490966634313103}, "K1": {"distribution": "normal", "mean": 20.546391502033586, "std": 4.7338980591627875}}, "compatibleConfigurations": ["K4", "K2", "K1"]}, "O15": {"estimatedTestTime": {"K2": {"distribution": "normal", "mean": 14.013963648748803, "std": 2.9509132174513097}, "K5": {"distribution": "normal", "mean": 17.687028248083948, "std": 2.878045872949169}, "K1": {"distribution": "normal", "mean": 22.915029802286313, "std": 4.582870523187343}, "K3": {"distribution": "normal", "mean": 12.099103178944349, "std": 2.739361677749548}, "K4": {"distribution": "normal", "mean": 29.109001059117297, "std": 3.3640565580014963}}, "compatibleConfigurations": ["K2", "K5", "K1", "K3", "K4"]}, "O16": {"estimatedTestTime": {"K2": {"distribution": "normal", "mean": 39.7414310325134, "std": 4.163307388096891}, "K1": {"distribution": "normal", "mean": 20.550885060889875, "std": 2.3993993280703094}, "K3": {"distribution": "normal", "mean": 30.969419882018855, "std": 2.7283289472962537}, "K5": {"distribution": "normal", "mean": 13.038242599280656, "std": 3.2429710853042284}}, "compatibleConfigurations": ["K2", "K1", "K3", "K5"]}, "O17": {"estimatedTestTime": {"K3": {"distribution": "normal", "mean": 26.664972051314074, "std": 3.1641369339013488}, "K4": {"distribution": "normal", "mean": 23.634275060573984, "std": 3.9639169071227425}, "K1": {"distribution": "normal", "mean": 12.49025257929397, "std": 2.9692592519512244}}, "compatibleConfigurations": ["K3", "K4", "K1"]}}}, "products": {"count": 3, "items": {"P1": {"index": 0, "arrival": 0, "quantity": 3, "duedate": 109.52382809315924, "operations": ["O17", "O7", "O11", "O10", "O8"], "dependencies": [[2, 0], [3, 0], [4, 1], [4, 2]]}, "P2": {"index": 1, "arrival": 31.586449553180607, "quantity": 2, "duedate": 136.0123619543433, "operations": ["O13", "O11", "O5", "O15", "O9"], "dependencies": [[2, 1], [3, 2], [4, 3], [4, 0]]}, "P3": {"index": 2, "arrival": 48.45690527007551, "quantity": 5, "duedate": 198.64945745938917, "operations": ["O3", "O8"], "dependencies": [[1, 0]]}}}}