{"configurations": {"count": 2, "items": {"K1": {"index": 0, "setupTimes": [0, 5]}, "K2": {"index": 1, "setupTimes": [8, 0]}}}, "testers": {"count": 3, "items": {"T1": {"supportedConfigurations": ["K2", "K1"]}, "T2": {"supportedConfigurations": ["K1", "K2"]}, "T3": {"supportedConfigurations": ["K2", "K1"]}}}, "operations": {"count": 18, "items": {"O1": {"estimatedTestTime": {"K2": {"distribution": "normal", "mean": 19.496976049464966, "std": 2.228093353159494}, "K1": {"distribution": "normal", "mean": 16.24522002647916, "std": 2.8227226594805277}}, "compatibleConfigurations": ["K2", "K1"]}, "O2": {"estimatedTestTime": {"K2": {"distribution": "normal", "mean": 25.279747012596285, "std": 2.634979187472024}, "K1": {"distribution": "normal", "mean": 24.99921858765267, "std": 2.3540423252051084}}, "compatibleConfigurations": ["K2", "K1"]}, "O3": {"estimatedTestTime": {"K1": {"distribution": "normal", "mean": 10.299816571482838, "std": 3.67188646859903}, "K2": {"distribution": "normal", "mean": 32.89796269993725, "std": 2.429796873284345}}, "compatibleConfigurations": ["K1", "K2"]}, "O4": {"estimatedTestTime": {"K1": {"distribution": "normal", "mean": 30.762372124575762, "std": 3.585355122164657}, "K2": {"distribution": "normal", "mean": 38.66364062574542, "std": 2.203517561281134}}, "compatibleConfigurations": ["K1", "K2"]}, "O5": {"estimatedTestTime": {"K2": {"distribution": "normal", "mean": 13.237542025480105, "std": 3.051420464637232}, "K1": {"distribution": "normal", "mean": 32.32242519194809, "std": 3.696915533378514}}, "compatibleConfigurations": ["K2", "K1"]}, "O6": {"estimatedTestTime": {"K2": {"distribution": "normal", "mean": 37.19298673630752, "std": 3.385192157270906}, "K1": {"distribution": "normal", "mean": 31.19860729525842, "std": 3.861811737880779}}, "compatibleConfigurations": ["K2", "K1"]}, "O7": {"estimatedTestTime": {"K2": {"distribution": "normal", "mean": 21.278463765977087, "std": 3.462192583213454}, "K1": {"distribution": "normal", "mean": 47.886359160520655, "std": 3.4060612768045644}}, "compatibleConfigurations": ["K2", "K1"]}, "O8": {"estimatedTestTime": {"K1": {"distribution": "normal", "mean": 19.27741479799883, "std": 3.596318141791241}, "K2": {"distribution": "normal", "mean": 11.840747629904287, "std": 2.2731671702787493}}, "compatibleConfigurations": ["K1", "K2"]}, "O9": {"estimatedTestTime": {"K1": {"distribution": "normal", "mean": 10.762727267557437, "std": 2.281834680005389}, "K2": {"distribution": "normal", "mean": 49.8910473621927, "std": 2.5157511350956607}}, "compatibleConfigurations": ["K1", "K2"]}, "O10": {"estimatedTestTime": {"K2": {"distribution": "normal", "mean": 6.918235179493713, "std": 3.6324835383960536}, "K1": {"distribution": "normal", "mean": 11.810092244826, "std": 3.2022537003777787}}, "compatibleConfigurations": ["K2", "K1"]}, "O11": {"estimatedTestTime": {"K1": {"distribution": "normal", "mean": 40.52770653159205, "std": 2.931018137058662}, "K2": {"distribution": "normal", "mean": 46.26747250242697, "std": 2.401258277928636}}, "compatibleConfigurations": ["K1", "K2"]}, "O12": {"estimatedTestTime": {"K1": {"distribution": "normal", "mean": 32.544778825639, "std": 4.360782124553967}, "K2": {"distribution": "normal", "mean": 10.686570789895061, "std": 2.413666888118011}}, "compatibleConfigurations": ["K1", "K2"]}, "O13": {"estimatedTestTime": {"K1": {"distribution": "normal", "mean": 22.513712841191346, "std": 4.09436709535697}, "K2": {"distribution": "normal", "mean": 35.38929874674525, "std": 2.7700278512192775}}, "compatibleConfigurations": ["K1", "K2"]}, "O14": {"estimatedTestTime": {"K1": {"distribution": "normal", "mean": 49.452901667788495, "std": 4.533169672466782}, "K2": {"distribution": "normal", "mean": 20.661010232829355, "std": 2.3613284127307894}}, "compatibleConfigurations": ["K1", "K2"]}, "O15": {"estimatedTestTime": {"K2": {"distribution": "normal", "mean": 33.98193110198055, "std": 4.2188159086338946}, "K1": {"distribution": "normal", "mean": 4.722998572227031, "std": 3.9749033459178214}}, "compatibleConfigurations": ["K2", "K1"]}, "O16": {"estimatedTestTime": {"K1": {"distribution": "normal", "mean": 34.04247401522514, "std": 2.702541091695516}, "K2": {"distribution": "normal", "mean": 21.619590586049462, "std": 2.62171932464762}}, "compatibleConfigurations": ["K1", "K2"]}, "O17": {"estimatedTestTime": {"K2": {"distribution": "normal", "mean": 43.1642244941372, "std": 4.817361152487635}, "K1": {"distribution": "normal", "mean": 26.801096038646197, "std": 2.583277195592096}}, "compatibleConfigurations": ["K2", "K1"]}, "O18": {"estimatedTestTime": {"K2": {"distribution": "normal", "mean": 2.824136087882472, "std": 4.8213790689786755}, "K1": {"distribution": "normal", "mean": 5.488560629199986, "std": 3.2454595411652027}}, "compatibleConfigurations": ["K2", "K1"]}}}, "products": {"count": 3, "items": {"P1": {"index": 0, "arrival": 0, "quantity": 2, "duedate": 63.03052553149546, "operations": ["O7", "O13"], "dependencies": [[1, 0]]}, "P2": {"index": 1, "arrival": 7.990289321568484, "quantity": 3, "duedate": 92.64486415417007, "operations": ["O8", "O7", "O3", "O14"], "dependencies": [[1, 0], [2, 1], [3, 1]]}, "P3": {"index": 2, "arrival": 19.819993945736446, "quantity": 4, "duedate": 188.36428512081517, "operations": ["O2", "O1", "O14", "O4", "O6"], "dependencies": [[2, 0], [3, 2], [4, 3], [4, 1]]}}}}