{"configurations": {"count": 2, "items": {"K1": {"index": 0, "setupTimes": [0, 13]}, "K2": {"index": 1, "setupTimes": [17, 0]}}}, "testers": {"count": 2, "items": {"T1": {"supportedConfigurations": ["K2", "K1"]}, "T2": {"supportedConfigurations": ["K1", "K2"]}}}, "operations": {"count": 17, "items": {"O1": {"estimatedTestTime": {"K1": {"distribution": "normal", "mean": 433.8348456876477, "std": 4.556393963995293}, "K2": {"distribution": "normal", "mean": 264.9076497715241, "std": 2.1865585647456722}}, "compatibleConfigurations": ["K1", "K2"]}, "O2": {"estimatedTestTime": {"K1": {"distribution": "normal", "mean": 394.4699907033216, "std": 4.027759127098854}, "K2": {"distribution": "normal", "mean": 402.0877945176602, "std": 3.948463649713343}}, "compatibleConfigurations": ["K1", "K2"]}, "O3": {"estimatedTestTime": {"K2": {"distribution": "normal", "mean": 301.02501193675744, "std": 2.3055042008037883}, "K1": {"distribution": "normal", "mean": 407.23696620809204, "std": 4.294446663545916}}, "compatibleConfigurations": ["K2", "K1"]}, "O4": {"estimatedTestTime": {"K1": {"distribution": "normal", "mean": 183.1854615949887, "std": 3.2137947801584303}, "K2": {"distribution": "normal", "mean": 217.61339588304858, "std": 3.2349408015896355}}, "compatibleConfigurations": ["K1", "K2"]}, "O5": {"estimatedTestTime": {"K1": {"distribution": "normal", "mean": 228.5552300261605, "std": 3.5329170966969965}, "K2": {"distribution": "normal", "mean": 369.7516014462843, "std": 2.4478388883046973}}, "compatibleConfigurations": ["K1", "K2"]}, "O6": {"estimatedTestTime": {"K2": {"distribution": "normal", "mean": 449.32250218067423, "std": 2.9527673942711594}, "K1": {"distribution": "normal", "mean": 400.77817765739167, "std": 2.4279198120002956}}, "compatibleConfigurations": ["K2", "K1"]}, "O7": {"estimatedTestTime": {"K1": {"distribution": "normal", "mean": 402.12184566432813, "std": 3.8547544090921497}, "K2": {"distribution": "normal", "mean": 60.46529475649637, "std": 3.394424192653309}}, "compatibleConfigurations": ["K1", "K2"]}, "O8": {"estimatedTestTime": {"K1": {"distribution": "normal", "mean": 58.03925813971327, "std": 4.755601510637986}, "K2": {"distribution": "normal", "mean": 437.4819572434267, "std": 4.613834661914407}}, "compatibleConfigurations": ["K1", "K2"]}, "O9": {"estimatedTestTime": {"K1": {"distribution": "normal", "mean": 313.1129388917391, "std": 2.487952826574921}, "K2": {"distribution": "normal", "mean": 58.76680400146336, "std": 4.40913547534848}}, "compatibleConfigurations": ["K1", "K2"]}, "O10": {"estimatedTestTime": {"K1": {"distribution": "normal", "mean": 36.75070901351218, "std": 3.6234556385597596}, "K2": {"distribution": "normal", "mean": 2.0908950130515382, "std": 2.8754223723511543}}, "compatibleConfigurations": ["K1", "K2"]}, "O11": {"estimatedTestTime": {"K1": {"distribution": "normal", "mean": 145.6407455714516, "std": 3.5827611166694084}, "K2": {"distribution": "normal", "mean": 9.436435852972226, "std": 3.7024303426420953}}, "compatibleConfigurations": ["K1", "K2"]}, "O12": {"estimatedTestTime": {"K1": {"distribution": "normal", "mean": 261.0492901969799, "std": 3.2699642888553995}, "K2": {"distribution": "normal", "mean": 389.45332540967865, "std": 4.939211854523423}}, "compatibleConfigurations": ["K1", "K2"]}, "O13": {"estimatedTestTime": {"K1": {"distribution": "normal", "mean": 390.84423558836556, "std": 4.380862355946473}, "K2": {"distribution": "normal", "mean": 139.16507141760604, "std": 3.7107601044063547}}, "compatibleConfigurations": ["K1", "K2"]}, "O14": {"estimatedTestTime": {"K2": {"distribution": "normal", "mean": 200.98516470559028, "std": 3.7386951677312363}, "K1": {"distribution": "normal", "mean": 155.4409524094962, "std": 2.325140685574163}}, "compatibleConfigurations": ["K2", "K1"]}, "O15": {"estimatedTestTime": {"K2": {"distribution": "normal", "mean": 227.67543855236124, "std": 3.1653193319713857}, "K1": {"distribution": "normal", "mean": 368.3245457058424, "std": 3.0206768810285634}}, "compatibleConfigurations": ["K2", "K1"]}, "O16": {"estimatedTestTime": {"K2": {"distribution": "normal", "mean": 443.19864376371225, "std": 3.0703884244056914}, "K1": {"distribution": "normal", "mean": 467.9466413450353, "std": 3.581582621647384}}, "compatibleConfigurations": ["K2", "K1"]}, "O17": {"estimatedTestTime": {"K2": {"distribution": "normal", "mean": 496.50125649424535, "std": 4.4086066907033}, "K1": {"distribution": "normal", "mean": 49.58131526164136, "std": 2.741516060595495}}, "compatibleConfigurations": ["K2", "K1"]}}}, "products": {"count": 2, "items": {"P1": {"index": 0, "arrival": 0, "quantity": 2, "duedate": 1446.2116804916996, "operations": ["O15", "O2", "O10", "O14", "O17", "O1", "O3", "O13", "O16", "O6"], "dependencies": [[1, 0], [4, 0], [5, 2], [6, 3], [6, 5], [7, 1], [8, 0], [8, 1], [9, 5], [9, 7], [9, 8]]}, "P2": {"index": 1, "arrival": 53.03190562532247, "quantity": 3, "duedate": 615.4486556310793, "operations": ["O11", "O8", "O4", "O14", "O10"], "dependencies": [[3, 0], [3, 2], [4, 1], [4, 3]]}}}}