{"configurations": {"count": 5, "items": {"K1": {"index": 0, "setupTimes": [0, 0, 10, 5, 6]}, "K2": {"index": 1, "setupTimes": [3, 0, 5, 0, 3]}, "K3": {"index": 2, "setupTimes": [4, 10, 0, 6, 0]}, "K4": {"index": 3, "setupTimes": [9, 2, 4, 0, 10]}, "K5": {"index": 4, "setupTimes": [1, 5, 9, 7, 0]}}}, "testers": {"count": 2, "items": {"T1": {"supportedConfigurations": ["K2", "K5", "K1", "K3", "K4"]}, "T2": {"supportedConfigurations": ["K4", "K2"]}}}, "operations": {"count": 20, "items": {"O1": {"estimatedTestTime": {"K1": {"distribution": "normal", "mean": 31.168424791567443, "std": 4.861052394071876}, "K2": {"distribution": "normal", "mean": 48.85259125356283, "std": 4.288582291157242}, "K4": {"distribution": "normal", "mean": 2.0427162162572063, "std": 4.8008375134726515}}, "compatibleConfigurations": ["K1", "K2", "K4"]}, "O2": {"estimatedTestTime": {"K5": {"distribution": "normal", "mean": 19.868838501684863, "std": 4.180109333012745}, "K2": {"distribution": "normal", "mean": 2.0523566241329814, "std": 2.8906494092995567}}, "compatibleConfigurations": ["K5", "K2"]}, "O3": {"estimatedTestTime": {"K5": {"distribution": "normal", "mean": 33.845987051597724, "std": 3.4347610851125787}, "K2": {"distribution": "normal", "mean": 36.326872324965684, "std": 3.798085109801794}, "K4": {"distribution": "normal", "mean": 11.022723011707576, "std": 3.574688488431319}, "K1": {"distribution": "normal", "mean": 6.066215068907917, "std": 4.067398593320035}}, "compatibleConfigurations": ["K5", "K2", "K4", "K1"]}, "O4": {"estimatedTestTime": {"K2": {"distribution": "normal", "mean": 16.931398995716556, "std": 4.869596500201256}, "K4": {"distribution": "normal", "mean": 19.738077250477154, "std": 3.0338900652479244}, "K5": {"distribution": "normal", "mean": 22.974847043584454, "std": 4.4706478688776174}, "K1": {"distribution": "normal", "mean": 5.10849750436703, "std": 4.766388903381053}, "K3": {"distribution": "normal", "mean": 44.09647933216973, "std": 4.2629750852685335}}, "compatibleConfigurations": ["K2", "K4", "K5", "K1", "K3"]}, "O5": {"estimatedTestTime": {"K3": {"distribution": "normal", "mean": 4.230991639288627, "std": 2.5023551993075186}, "K4": {"distribution": "normal", "mean": 39.838808815417806, "std": 3.8588238096415877}, "K2": {"distribution": "normal", "mean": 9.295045001295932, "std": 2.1787424012350534}}, "compatibleConfigurations": ["K3", "K4", "K2"]}, "O6": {"estimatedTestTime": {"K3": {"distribution": "normal", "mean": 40.9618131967433, "std": 3.978149357525072}, "K2": {"distribution": "normal", "mean": 15.877296757790887, "std": 4.062825831768235}, "K1": {"distribution": "normal", "mean": 29.715817372476252, "std": 4.5958344033093415}}, "compatibleConfigurations": ["K3", "K2", "K1"]}, "O7": {"estimatedTestTime": {"K3": {"distribution": "normal", "mean": 24.749622942973435, "std": 3.415058230112065}, "K1": {"distribution": "normal", "mean": 4.42343868767062, "std": 3.715228478120741}}, "compatibleConfigurations": ["K3", "K1"]}, "O8": {"estimatedTestTime": {"K5": {"distribution": "normal", "mean": 5.146484539436129, "std": 3.3608211274362008}, "K1": {"distribution": "normal", "mean": 22.689802818226013, "std": 2.7791782722948697}, "K3": {"distribution": "normal", "mean": 44.0210039308178, "std": 3.9734385101369036}}, "compatibleConfigurations": ["K5", "K1", "K3"]}, "O9": {"estimatedTestTime": {"K5": {"distribution": "normal", "mean": 16.70251655484084, "std": 3.2393562130674396}, "K2": {"distribution": "normal", "mean": 9.116104154211389, "std": 2.9478206779570484}, "K1": {"distribution": "normal", "mean": 13.346880931505524, "std": 4.140462935975988}, "K3": {"distribution": "normal", "mean": 37.37040011237629, "std": 2.1574295402286947}, "K4": {"distribution": "normal", "mean": 36.94544771412895, "std": 2.869791698889233}}, "compatibleConfigurations": ["K5", "K2", "K1", "K3", "K4"]}, "O10": {"estimatedTestTime": {"K1": {"distribution": "normal", "mean": 42.88411543222715, "std": 3.319181648278268}, "K5": {"distribution": "normal", "mean": 11.50114682078999, "std": 3.210403009360207}}, "compatibleConfigurations": ["K1", "K5"]}, "O11": {"estimatedTestTime": {"K4": {"distribution": "normal", "mean": 34.26427604818375, "std": 4.878582496343053}, "K1": {"distribution": "normal", "mean": 26.93251632059706, "std": 2.8457926191338387}, "K2": {"distribution": "normal", "mean": 30.992346691664892, "std": 3.5815277393556126}, "K5": {"distribution": "normal", "mean": 39.731679336641605, "std": 3.011000262802031}, "K3": {"distribution": "normal", "mean": 3.627754212214086, "std": 2.6473308775024096}}, "compatibleConfigurations": ["K4", "K1", "K2", "K5", "K3"]}, "O12": {"estimatedTestTime": {"K5": {"distribution": "normal", "mean": 8.511865263322571, "std": 2.8690552383263426}, "K2": {"distribution": "normal", "mean": 10.317852526741582, "std": 4.4753655993415995}}, "compatibleConfigurations": ["K5", "K2"]}, "O13": {"estimatedTestTime": {"K2": {"distribution": "normal", "mean": 19.93875240971549, "std": 3.887153332165086}, "K4": {"distribution": "normal", "mean": 16.59127253353591, "std": 3.94868064224814}}, "compatibleConfigurations": ["K2", "K4"]}, "O14": {"estimatedTestTime": {"K5": {"distribution": "normal", "mean": 32.00127239008273, "std": 4.443689200466812}, "K4": {"distribution": "normal", "mean": 25.778704276444707, "std": 3.053561262113357}}, "compatibleConfigurations": ["K5", "K4"]}, "O15": {"estimatedTestTime": {"K4": {"distribution": "normal", "mean": 5.774716665524645, "std": 4.801288562995361}, "K3": {"distribution": "normal", "mean": 7.007257422191916, "std": 3.0089811519147207}}, "compatibleConfigurations": ["K4", "K3"]}, "O16": {"estimatedTestTime": {"K4": {"distribution": "normal", "mean": 5.206561918886628, "std": 3.9219428322155485}, "K1": {"distribution": "normal", "mean": 32.4077460446667, "std": 2.543715992495244}}, "compatibleConfigurations": ["K4", "K1"]}, "O17": {"estimatedTestTime": {"K2": {"distribution": "normal", "mean": 5.9402788913803395, "std": 3.721141676734259}, "K5": {"distribution": "normal", "mean": 10.879871566399544, "std": 2.9739412560446}, "K4": {"distribution": "normal", "mean": 48.03494562950496, "std": 3.9025018459413747}, "K3": {"distribution": "normal", "mean": 44.84579913713959, "std": 3.480358497447717}, "K1": {"distribution": "normal", "mean": 46.44134650189214, "std": 3.444080372290748}}, "compatibleConfigurations": ["K2", "K5", "K4", "K3", "K1"]}, "O18": {"estimatedTestTime": {"K1": {"distribution": "normal", "mean": 15.877100122571282, "std": 4.288685607347409}, "K3": {"distribution": "normal", "mean": 39.664219551502775, "std": 3.0188585164549866}, "K4": {"distribution": "normal", "mean": 2.4633765012722293, "std": 2.006741520380109}, "K2": {"distribution": "normal", "mean": 29.027486061254024, "std": 3.375442141201068}, "K5": {"distribution": "normal", "mean": 32.26735890629761, "std": 3.245022067785833}}, "compatibleConfigurations": ["K1", "K3", "K4", "K2", "K5"]}, "O19": {"estimatedTestTime": {"K2": {"distribution": "normal", "mean": 30.562082562455153, "std": 3.7652380308916977}, "K4": {"distribution": "normal", "mean": 39.3045703305643, "std": 4.387479004309398}, "K1": {"distribution": "normal", "mean": 26.709695705793152, "std": 3.093294680651189}, "K5": {"distribution": "normal", "mean": 20.28301143921911, "std": 4.373662638591121}, "K3": {"distribution": "normal", "mean": 38.272078590093045, "std": 4.47279841722065}}, "compatibleConfigurations": ["K2", "K4", "K1", "K5", "K3"]}, "O20": {"estimatedTestTime": {"K2": {"distribution": "normal", "mean": 4.541055978159989, "std": 3.214443473701059}, "K3": {"distribution": "normal", "mean": 18.240565967592463, "std": 3.4505214911698143}, "K1": {"distribution": "normal", "mean": 44.09941989794467, "std": 2.0156399647749796}, "K4": {"distribution": "normal", "mean": 28.275058685504312, "std": 4.362206161880285}}, "compatibleConfigurations": ["K2", "K3", "K1", "K4"]}}}, "products": {"count": 4, "items": {"P1": {"index": 0, "arrival": 0, "quantity": 5,