{"configurations": {"count": 2, "items": {"K1": {"index": 0, "setupTimes": [0, 3]}, "K2": {"index": 1, "setupTimes": [30, 0]}}}, "testers": {"count": 2, "items": {"T1": {"supportedConfigurations": ["K2", "K1"]}, "T2": {"supportedConfigurations": ["K1", "K2"]}}}, "operations": {"count": 10, "items": {"O1": {"estimatedTestTime": {"K1": {"distribution": "normal", "mean": 265.2822407159922, "std": 4.503378531445593}, "K2": {"distribution": "normal", "mean": 267.85035441443364, "std": 2.015810281765169}}, "compatibleConfigurations": ["K1", "K2"]}, "O2": {"estimatedTestTime": {"K2": {"distribution": "normal", "mean": 36.93398345294831, "std": 4.617710591720692}, "K1": {"distribution": "normal", "mean": 456.5461027560637, "std": 4.993229130757088}}, "compatibleConfigurations": ["K2", "K1"]}, "O3": {"estimatedTestTime": {"K2": {"distribution": "normal", "mean": 95.4032562307792, "std": 2.986015038985342}, "K1": {"distribution": "normal", "mean": 28.299543301843087, "std": 2.0565721329170685}}, "compatibleConfigurations": ["K2", "K1"]}, "O4": {"estimatedTestTime": {"K1": {"distribution": "normal", "mean": 305.357351565892, "std": 3.0799766997818665}, "K2": {"distribution": "normal", "mean": 243.92688411433977, "std": 2.520777783028459}}, "compatibleConfigurations": ["K1", "K2"]}, "O5": {"estimatedTestTime": {"K2": {"distribution": "normal", "mean": 256.5698263268789, "std": 2.2284384077422743}, "K1": {"distribution": "normal", "mean": 308.5711576197837, "std": 3.803677967830346}}, "compatibleConfigurations": ["K2", "K1"]}, "O6": {"estimatedTestTime": {"K1": {"distribution": "normal", "mean": 257.9001053661981, "std": 3.441762228853441}, "K2": {"distribution": "normal", "mean": 34.992569846213236, "std": 4.369813012807702}}, "compatibleConfigurations": ["K1", "K2"]}, "O7": {"estimatedTestTime": {"K2": {"distribution": "normal", "mean": 118.50346601824738, "std": 2.2135536708154757}, "K1": {"distribution": "normal", "mean": 46.2952024024114, "std": 2.561149685507995}}, "compatibleConfigurations": ["K2", "K1"]}, "O8": {"estimatedTestTime": {"K1": {"distribution": "normal", "mean": 48.65061356565732, "std": 2.4227162772353905}, "K2": {"distribution": "normal", "mean": 240.78691860326515, "std": 4.724738688508821}}, "compatibleConfigurations": ["K1", "K2"]}, "O9": {"estimatedTestTime": {"K1": {"distribution": "normal", "mean": 27.430702469186514, "std": 4.200463818835802}, "K2": {"distribution": "normal", "mean": 432.89435175831034, "std": 4.588059302907178}}, "compatibleConfigurations": ["K1", "K2"]}, "O10": {"estimatedTestTime": {"K1": {"distribution": "normal", "mean": 346.38794792635304, "std": 3.7609876882674533}, "K2": {"distribution": "normal", "mean": 88.79707001277643, "std": 2.1005560123937963}}, "compatibleConfigurations": ["K1", "K2"]}}}, "products": {"count": 10, "items": {"P1": {"index": 0, "arrival": 0, "quantity": 4, "duedate": 1904.479434587466, "operations": ["O7", "O3", "O1", "O8", "O5", "O4", "O2", "O6"], "dependencies": [[1, 0], [2, 0], [5, 2], [5, 4], [6, 2], [6, 3], [6, 5], [7, 2], [7, 3], [7, 6]]}, "P2": {"index": 1, "arrival": 99.91096637804247, "quantity": 4, "duedate": 2380.357147515518, "operations": ["O5", "O6", "O4", "O8", "O2", "O7", "O1", "O10", "O3", "O9"], "dependencies": [[1, 0], [3, 1], [3, 2], [5, 1], [5, 3], [5, 4], [6, 3], [6, 5], [7, 2], [7, 4], [7, 6], [8, 1], [8, 4], [8, 5], [8, 6], [9, 1], [9, 3], [9, 8]]}, "P3": {"index": 2, "arrival": 189.5441619060969, "quantity": 2, "duedate": 1152.6841709744917, "operations": ["O4", "O7", "O1", "O3", "O6", "O8", "O10", "O2"], "dependencies": [[1, 0], [2, 0], [4, 2], [5, 3], [5, 4], [6, 0], [6, 2], [6, 3], [6, 5], [7, 1], [7, 3]]}, "P4": {"index": 3, "arrival": 249.50525407566934, "quantity": 4, "duedate": 2285.904821644227, "operations": ["O8", "O4", "O2", "O7", "O6", "O3", "O9", "O10", "O5", "O1"], "dependencies": [[2, 1], [3, 1], [3, 2], [4, 0], [4, 3], [6, 0], [6, 1], [6, 2], [6, 3], [6, 5], [7, 0], [7, 1], [7, 2], [7, 3], [8, 3], [8, 7], [9, 0], [9, 1], [9, 2], [9, 6], [9, 7]]}, "P5": {"index": 4, "arrival": 342.2168500955342, "quantity": 5, "duedate": 1498.7694580319103, "operations": ["O9", "O3", "O8", "O1", "O5"], "dependencies": [[2, 1], [3, 0], [4, 0], [4, 1]]}, "P6": {"index": 5, "arrival": 428.62325755259536, "quantity": 3, "duedate": 1149.3705976743706, "operations": ["O10", "O4", "O2", "O5", "O1"], "dependencies": [[2, 0], [2, 1], [4, 1], [4, 3]]}, "P7": {"index": 6, "arrival": 509.84355962905624, "quantity": 3, "duedate": 1906.4922205033547, "operations": ["O2", "O10", "O1", "O6", "O5", "O3", "O9", "O4", "O8", "O7"], "dependencies": [[2, 0], [2, 1], [4, 0], [4, 3], [5, 1], [5, 3], [6, 0], [6, 1], [6, 3], [7, 4], [7, 6], [8, 0], [8, 1], [8, 2], [8, 6], [8, 7], [9, 0], [9, 4], [9, 7], [9, 8]]}, "P8": {"index": 7, "arrival": 582.750167088617, "quantity": 5, "duedate": 2187.385651088939, "operations": ["O2", "O1", "O3", "O7", "O8", "O5", "O4", "O10", "O9"], "dependencies": [[3, 2], [5, 3], [5, 4], [6, 0], [6, 2], [6, 3], [7, 1], [7, 2], [7, 3], [7, 4], [8, 2], [8, 7]]}, "P9": {"index": 8, "arrival": 639.0755350124371, "quantity": 5, "duedate": 2355.2694470235315, "operations": ["O2", "O8", "O9", "O5", "O6", "O4", "O3", "O7"], "dependencies": [[3, 0], [4, 3], [5, 0], [5, 1], [5, 2], [6, 3], [6, 4], [6, 5], [7, 0], [7, 1], [7, 4], [7, 5]]}, "P10": {"index": 9, "arrival": 725.5005735452969, "quantity": 5, "duedate": 3366.016993457793, "operations": ["O10", "O3", "O5", "O2", "O6", "O8", "O4", "O9", "O1", "O7"], "dependencies": [[2, 0], [2, 1], [4, 3], [5, 0], [5, 1], [5, 2], [6, 4], [7, 6], [8, 1], [8, 4], [8, 7], [9, 1], [9, 2], [9, 5], [9, 7]]}}}}