{"configurations": {"count": 2, "items": {"K1": {"index": 0, "setupTimes": [0, 11]}, "K2": {"index": 1, "setupTimes": [26, 0]}}}, "testers": {"count": 4, "items": {"T1": {"supportedConfigurations": ["K1", "K2"]}, "T2": {"supportedConfigurations": ["K2", "K1"]}, "T3": {"supportedConfigurations": ["K1", "K2"]}, "T4": {"supportedConfigurations": ["K1", "K2"]}}}, "operations": {"count": 20, "items": {"O1": {"estimatedTestTime": {"K2": {"distribution": "normal", "mean": 247.68885633202558, "std": 2.3595349061952025}, "K1": {"distribution": "normal", "mean": 150.22465021331365, "std": 2.3346476260275884}}, "compatibleConfigurations": ["K2", "K1"]}, "O2": {"estimatedTestTime": {"K2": {"distribution": "normal", "mean": 126.35691119601447, "std": 4.20805540714662}, "K1": {"distribution": "normal", "mean": 32.26368368266634, "std": 4.6446290144629305}}, "compatibleConfigurations": ["K2", "K1"]}, "O3": {"estimatedTestTime": {"K2": {"distribution": "normal", "mean": 222.13076406592893, "std": 3.7118941153864276}, "K1": {"distribution": "normal", "mean": 55.30020683077392, "std": 3.5444680763497973}}, "compatibleConfigurations": ["K2", "K1"]}, "O4": {"estimatedTestTime": {"K2": {"distribution": "normal", "mean": 243.94454914867194, "std": 4.642436243617502}, "K1": {"distribution": "normal", "mean": 412.92117246437533, "std": 4.147828627926465}}, "compatibleConfigurations": ["K2", "K1"]}, "O5": {"estimatedTestTime": {"K1": {"distribution": "normal", "mean": 201.98645111956012, "std": 3.5082882906301416}, "K2": {"distribution": "normal", "mean": 456.494751273561, "std": 2.1534517661050767}}, "compatibleConfigurations": ["K1", "K2"]}, "O6": {"estimatedTestTime": {"K1": {"distribution": "normal", "mean": 483.09460094600905, "std": 4.769475253166459}, "K2": {"distribution": "normal", "mean": 496.18768280187857, "std": 4.7778359579646414}}, "compatibleConfigurations": ["K1", "K2"]}, "O7": {"estimatedTestTime": {"K1": {"distribution": "normal", "mean": 155.2157983442348, "std": 3.7641207401800765}, "K2": {"distribution": "normal", "mean": 206.20429007029784, "std": 2.9770878340544673}}, "compatibleConfigurations": ["K1", "K2"]}, "O8": {"estimatedTestTime": {"K2": {"distribution": "normal", "mean": 51.05550712301706, "std": 4.5845073716687725}, "K1": {"distribution": "normal", "mean": 193.56950176473867, "std": 3.8882287785047813}}, "compatibleConfigurations": ["K2", "K1"]}, "O9": {"estimatedTestTime": {"K2": {"distribution": "normal", "mean": 232.1650857841571, "std": 4.802925118333441}, "K1": {"distribution": "normal", "mean": 479.53189267368543, "std": 4.146398384993729}}, "compatibleConfigurations": ["K2", "K1"]}, "O10": {"estimatedTestTime": {"K1": {"distribution": "normal", "mean": 472.23176451063136, "std": 3.304692360331489}, "K2": {"distribution": "normal", "mean": 451.4878664055127, "std": 2.1949005953927925}}, "compatibleConfigurations": ["K1", "K2"]}, "O11": {"estimatedTestTime": {"K2": {"distribution": "normal", "mean": 220.09949994926677, "std": 3.7812936267445867}, "K1": {"distribution": "normal", "mean": 266.11544864852436, "std": 3.230972242195021}}, "compatibleConfigurations": ["K2", "K1"]}, "O12": {"estimatedTestTime": {"K2": {"distribution": "normal", "mean": 291.3473261607086, "std": 3.7184053659289233}, "K1": {"distribution": "normal", "mean": 188.5385742186023, "std": 3.9258479078910016}}, "compatibleConfigurations": ["K2", "K1"]}, "O13": {"estimatedTestTime": {"K2": {"distribution": "normal", "mean": 27.29836373830722, "std": 3.7952483718870154}, "K1": {"distribution": "normal", "mean": 74.76644671423396, "std": 3.3532339118405794}}, "compatibleConfigurations": ["K2", "K1"]}, "O14": {"estimatedTestTime": {"K1": {"distribution": "normal", "mean": 172.4881052806894, "std": 4.03194458228721}, "K2": {"distribution": "normal", "mean": 485.047253771216, "std": 3.9094584393951397}}, "compatibleConfigurations": ["K1", "K2"]}, "O15": {"estimatedTestTime": {"K2": {"distribution": "normal", "mean": 454.0219655427902, "std": 3.52873349158161}, "K1": {"distribution": "normal", "mean": 470.8487116548555, "std": 4.89149203078358}}, "compatibleConfigurations": ["K2", "K1"]}, "O16": {"estimatedTestTime": {"K2": {"distribution": "normal", "mean": 121.61537353984853, "std": 4.469708682317933}, "K1": {"distribution": "normal", "mean": 223.87976824054613, "std": 3.454814745360432}}, "compatibleConfigurations": ["K2", "K1"]}, "O17": {"estimatedTestTime": {"K1": {"distribution": "normal", "mean": 417.30941743805863, "std": 3.890668097049305}, "K2": {"distribution": "normal", "mean": 175.17272463509525, "std": 2.1985837605743077}}, "compatibleConfigurations": ["K1", "K2"]}, "O18": {"estimatedTestTime": {"K1": {"distribution": "normal", "mean": 96.34411923123689, "std": 4.884361981278347}, "K2": {"distribution": "normal", "mean": 442.91894305806284, "std": 3.6801570267075054}}, "compatibleConfigurations": ["K1", "K2"]}, "O19": {"estimatedTestTime": {"K2": {"distribution": "normal", "mean": 341.3910241826016, "std": 4.273457793378428}, "K1": {"distribution": "normal", "mean": 372.7111572927003, "std": 2.281244916765411}}, "compatibleConfigurations": ["K2", "K1"]}, "O20": {"estimatedTestTime": {"K1": {"distribution": "normal", "mean": 490.61928600294124, "std": 4.157921744858995}, "K2": {"distribution": "normal", "mean": 202.40151438339473, "std": 4.754670865667931}}, "compatibleConfigurations": ["K1", "K2"]}}}, "products": {"count": 2, "items": {"P1": {"index": 0, "arrival": 0, "quantity": 2, "duedate": 997.1718970727346, "operations": ["O13", "O15", "O10", "O19", "O7", "O2", "O16"], "dependencies": [[1, 0], [3, 0], [3, 2], [5, 1], [5, 3], [6, 4], [6, 5]]}, "P2": {"index": 1, "arrival": 65.82164224409351, "quantity": 2, "duedate": 1392.792496316331, "operations": ["O20", "O2", "O9", "O18", "O17", "O13", "O7", "O4", "O10"], "dependencies": [[3, 1], [4, 3], [5, 0], [5, 3], [6, 5], [7, 1], [7, 4], [8, 7], [8, 2]]}}}}