{"configurations": {"count": 3, "items": {"K1": {"index": 0, "setupTimes": [0, 37, 44]}, "K2": {"index": 1, "setupTimes": [32, 0, 22]}, "K3": {"index": 2, "setupTimes": [27, 29, 0]}}}, "testers": {"count": 5, "items": {"T1": {"supportedConfigurations": ["K2", "K1"]}, "T2": {"supportedConfigurations": ["K3", "K1", "K2"]}, "T3": {"supportedConfigurations": ["K2", "K3"]}, "T4": {"supportedConfigurations": ["K2", "K1"]}, "T5": {"supportedConfigurations": ["K2", "K3"]}}}, "operations": {"count": 17, "items": {"O1": {"estimatedTestTime": {"K1": {"distribution": "normal", "mean": 319.73176810442624, "std": 3.1953691072156314}, "K3": {"distribution": "normal", "mean": 139.3512679085208, "std": 2.992909438045292}, "K2": {"distribution": "normal", "mean": 170.53456223688815, "std": 2.762236881853959}}, "compatibleConfigurations": ["K1", "K3", "K2"]}, "O2": {"estimatedTestTime": {"K3": {"distribution": "normal", "mean": 120.00269306230568, "std": 3.567821059512351}, "K1": {"distribution": "normal", "mean": 56.9300503089233, "std": 2.0395720839446203}}, "compatibleConfigurations": ["K3", "K1"]}, "O3": {"estimatedTestTime": {"K3": {"distribution": "normal", "mean": 283.725452916097, "std": 4.816966868542682}, "K2": {"distribution": "normal", "mean": 295.01702942131647, "std": 3.4510612141795267}, "K1": {"distribution": "normal", "mean": 244.40515179770077, "std": 3.021526208057068}}, "compatibleConfigurations": ["K3", "K2", "K1"]}, "O4": {"estimatedTestTime": {"K3": {"distribution": "normal", "mean": 105.89403580605223, "std": 3.102303983339839}, "K1": {"distribution": "normal", "mean": 473.9828718618347, "std": 2.5406418882868747}}, "compatibleConfigurations": ["K3", "K1"]}, "O5": {"estimatedTestTime": {"K3": {"distribution": "normal", "mean": 416.8513248817461, "std": 4.64065011938794}, "K1": {"distribution": "normal", "mean": 483.79374809801027, "std": 2.384971623912821}, "K2": {"distribution": "normal", "mean": 351.26204598492626, "std": 3.4524914286652404}}, "compatibleConfigurations": ["K3", "K1", "K2"]}, "O6": {"estimatedTestTime": {"K1": {"distribution": "normal", "mean": 319.16912483053216, "std": 4.596414522396865}, "K2": {"distribution": "normal", "mean": 358.7767173929241, "std": 3.812863667399014}, "K3": {"distribution": "normal", "mean": 186.73799623698088, "std": 2.635130812809399}}, "compatibleConfigurations": ["K1", "K2", "K3"]}, "O7": {"estimatedTestTime": {"K1": {"distribution": "normal", "mean": 267.21949606356605, "std": 2.248759546271152}, "K3": {"distribution": "normal", "mean": 496.6444633437259, "std": 3.792491156895239}}, "compatibleConfigurations": ["K1", "K3"]}, "O8": {"estimatedTestTime": {"K1": {"distribution": "normal", "mean": 18.96556562417237, "std": 3.5196389917361928}, "K3": {"distribution": "normal", "mean": 222.89664818502848, "std": 2.0114753667944862}}, "compatibleConfigurations": ["K1", "K3"]}, "O9": {"estimatedTestTime": {"K2": {"distribution": "normal", "mean": 11.931386534530574, "std": 4.237069625935794}, "K1": {"distribution": "normal", "mean": 307.564590002449, "std": 4.202526894571019}}, "compatibleConfigurations": ["K2", "K1"]}, "O10": {"estimatedTestTime": {"K1": {"distribution": "normal", "mean": 130.08312975466208, "std": 2.568253062600974}, "K3": {"distribution": "normal", "mean": 244.50713385699797, "std": 4.846269038476206}}, "compatibleConfigurations": ["K1", "K3"]}, "O11": {"estimatedTestTime": {"K1": {"distribution": "normal", "mean": 202.16562436148413, "std": 2.628572857573777}, "K2": {"distribution": "normal", "mean": 385.881129844902, "std": 4.517647758002488}}, "compatibleConfigurations": ["K1", "K2"]}, "O12": {"estimatedTestTime": {"K3": {"distribution": "normal", "mean": 382.85212379090484, "std": 2.213412131473405}, "K1": {"distribution": "normal", "mean": 33.58679679327132, "std": 2.2587894372995225}}, "compatibleConfigurations": ["K3", "K1"]}, "O13": {"estimatedTestTime": {"K1": {"distribution": "normal", "mean": 492.45055974263494, "std": 4.7885557693316265}, "K3": {"distribution": "normal", "mean": 448.74684273432734, "std": 3.8314522696939637}}, "compatibleConfigurations": ["K1", "K3"]}, "O14": {"estimatedTestTime": {"K1": {"distribution": "normal", "mean": 141.66134056828054, "std": 4.066023240255618}, "K2": {"distribution": "normal", "mean": 449.4356149679889, "std": 3.4873288993202434}}, "compatibleConfigurations": ["K1", "K2"]}, "O15": {"estimatedTestTime": {"K2": {"distribution": "normal", "mean": 443.353146568288, "std": 4.728057102783796}, "K3": {"distribution": "normal", "mean": 458.04157820183354, "std": 4.6770054510139065}}, "compatibleConfigurations": ["K2", "K3"]}, "O16": {"estimatedTestTime": {"K3": {"distribution": "normal", "mean": 390.06930286538096, "std": 4.371626266223445}, "K1": {"distribution": "normal", "mean": 196.28641466774135, "std": 4.283190281884152}, "K2": {"distribution": "normal", "mean": 198.05468142658694, "std": 4.196925983402718}}, "compatibleConfigurations": ["K3", "K1", "K2"]}, "O17": {"estimatedTestTime": {"K2": {"distribution": "normal", "mean": 330.0480657682342, "std": 2.1074715784569267}, "K3": {"distribution": "normal", "mean": 184.25149394063845, "std": 3.7716495553764484}}, "compatibleConfigurations": ["K2", "K3"]}}}, "products": {"count": 10, "items": {"P1": {"index": 0, "arrival": 0, "quantity": 4, "duedate": 1002.0836093260252, "operations": ["O12", "O1", "O10", "O15", "O9", "O6", "O16", "O14", "O7"], "dependencies": [[1, 0], [3, 0], [3, 1], [4, 3], [6, 0], [6, 1], [6, 5], [7, 2], [8, 1], [8, 2], [8, 5]]}, "P2": {"index": 1, "arrival": 94.75464660348376, "quantity": 3, "duedate": 953.9379756506611, "operations": ["O14", "O13", "O11", "O5", "O1", "O10"], "dependencies": [[3, 2], [4, 0], [5, 2], [5, 3], [5, 1], [5, 0]]}, "P3": {"index": 2, "arrival": 178.95022995539134, "quantity": 4, "duedate": 902.6667867762667, "operations": ["O16", "O8", "O12", "O7", "O17", "O9", "O15", "O2"], "dependencies": [[2, 1], [3, 1], [4, 3], [5, 0], [7, 2], [7, 5], [7, 6]]}, "P4": {"index": 3, "arrival": 256.230790799811, "quantity": 3, "duedate": 997.2883163258261, "operations": ["O1", "O11", "O8", "O5", "O9", "O14"], "dependencies": [[1, 0], [2, 0], [3, 0], [4, 3], [5, 0]]}, "P5": {"index": 4, "arrival": 326.53028720382974, "quantity": 2, "duedate": 1147.6081629301566, "operations": ["O12", "O8", "O16", "O4", "O7"], "dependencies": [[2, 0], [2, 1], [3, 0], [4, 3]]}, "P6": {"index": 5, "arrival": 418.62042362486534, "quantity": 5, "duedate": 1939.8038692270738, "operations": ["O13", "O2", "O15", "O8", "O11", "O9", "O14", "O1", "O4", "O10", "O17"], "dependencies": [[2, 0], [4, 0], [4, 1], [4, 2], [5, 2], [5, 3], [5, 4], [6, 0], [6, 2], [6, 3], [7, 0], [8, 1], [8, 3], [9, 1], [9, 5], [10, 1], [10, 5], [10, 8]]}, "P7": {"index": 6, "arrival": 473.4382324367375, "quantity": 4, "duedate": 1498.7688264336364, "operations": ["O9", "O3", "O4", "O11", "O5", "O14", "O17", "O2"], "dependencies": [[1, 0], [4, 1], [4, 3], [5, 1], [5, 2], [6, 4], [7, 0], [7, 2], [7, 5]]}, "P8": {"index": 7, "arrival": 556.9401290090711, "quantity": 3, "duedate": 2255.751178691851, "operations": ["O8", "O13", "O16", "O3", "O10", "O12", "O15", "O1", "O17", "O14", "O5", "O11"], "dependencies": [[1, 0], [2, 0], [3, 1], [3, 2], [5, 2], [6, 1], [6, 2], [6, 3], [6, 5], [6, 4], [7, 3], [7, 6], [8, 4], [10, 2], [10, 9], [11, 0], [11, 2], [11, 7]]}, "P9": {"index": 8, "arrival": 628.0166917754661, "quantity": 2, "duedate": 1306.128573298914, "operations": ["O4", "O10", "O11", "O16", "O6", "O9", "O1"], "dependencies": [[1, 0], [4, 3], [5, 4], [5, 2], [6, 4], [6, 1]]}, "P10": {"index": 9, "arrival": 711.9340593820928, "quantity": 2, "duedate": 1660.358467692138, "operations": ["O12", "O5", "O2", "O13", "O15", "O10", "O14"], "dependencies": [[3, 2], [4, 0], [4, 2], [4, 3], [5, 0], [5, 1], [5, 3], [6, 2], [6, 5]]}}}}