{"configurations": {"count": 5, "items": {"K1": {"index": 0, "setupTimes": [0, 3, 7, 2, 4]}, "K2": {"index": 1, "setupTimes": [10, 0, 6, 0, 2]}, "K3": {"index": 2, "setupTimes": [7, 3, 0, 2, 7]}, "K4": {"index": 3, "setupTimes": [7, 1, 7, 0, 4]}, "K5": {"index": 4, "setupTimes": [0, 10, 7, 10, 0]}}}, "testers": {"count": 5, "items": {"T1": {"supportedConfigurations": ["K5", "K3"]}, "T2": {"supportedConfigurations": ["K1", "K4"]}, "T3": {"supportedConfigurations": ["K3", "K5", "K2"]}, "T4": {"supportedConfigurations": ["K1", "K3"]}, "T5": {"supportedConfigurations": ["K3", "K5"]}}}, "operations": {"count": 20, "items": {"O1": {"estimatedTestTime": {"K4": {"distribution": "normal", "mean": 34.88708023902335, "std": 3.077922893892598}, "K1": {"distribution": "normal", "mean": 8.886724086453373, "std": 4.540086131955103}, "K2": {"distribution": "normal", "mean": 11.571184549648747, "std": 4.5916554035785335}, "K3": {"distribution": "normal", "mean": 27.450893921670588, "std": 3.6265875300109784}, "K5": {"distribution": "normal", "mean": 2.3090829471694256, "std": 2.398394894050801}}, "compatibleConfigurations": ["K4", "K1", "K2", "K3", "K5"]}, "O2": {"estimatedTestTime": {"K3": {"distribution": "normal", "mean": 27.60870208097719, "std": 2.814556896680735}, "K4": {"distribution": "normal", "mean": 12.731749055042686, "std": 3.8616151088635875}, "K1": {"distribution": "normal", "mean": 23.75780577303201, "std": 4.682308788645454}, "K5": {"distribution": "normal", "mean": 8.323054086214356, "std": 2.5421100271794033}, "K2": {"distribution": "normal", "mean": 40.46986391378982, "std": 3.0404499579996265}}, "compatibleConfigurations": ["K3", "K4", "K1", "K5", "K2"]}, "O3": {"estimatedTestTime": {"K1": {"distribution": "normal", "mean": 26.60580613269633, "std": 4.541139309245043}, "K5": {"distribution": "normal", "mean": 33.492574124047444, "std": 3.044300243632727}, "K2": {"distribution": "normal", "mean": 14.449232183149453, "std": 2.2027332382747344}, "K4": {"distribution": "normal", "mean": 19.216506359059963, "std": 2.3043148350295986}, "K3": {"distribution": "normal", "mean": 38.49390959557701, "std": 4.69577851053813}}, "compatibleConfigurations": ["K1", "K5", "K2", "K4", "K3"]}, "O4": {"estimatedTestTime": {"K2": {"distribution": "normal", "mean": 20.405918716044347, "std": 2.554826566526841}, "K4": {"distribution": "normal", "mean": 32.63423526813574, "std": 2.032843685241228}, "K3": {"distribution": "normal", "mean": 21.668650474669363, "std": 2.034345846202175}, "K1": {"distribution": "normal", "mean": 35.54786175945088, "std": 3.609759757065238}, "K5": {"distribution": "normal", "mean": 4.986955097405584, "std": 3.6240671210992774}}, "compatibleConfigurations": ["K2", "K4", "K3", "K1", "K5"]}, "O5": {"estimatedTestTime": {"K5": {"distribution": "normal", "mean": 24.701790265305966, "std": 2.0901589058168186}, "K1": {"distribution": "normal", "mean": 46.09716783990109, "std": 3.5980785953832912}, "K4": {"distribution": "normal", "mean": 24.957258187968705, "std": 4.005126486940817}, "K3": {"distribution": "normal", "mean": 20.372690327870874, "std": 4.747828992523495}, "K2": {"distribution": "normal", "mean": 41.410329713021845, "std": 2.8878979157409055}}, "compatibleConfigurations": ["K5", "K1", "K4", "K3", "K2"]}, "O6": {"estimatedTestTime": {"K4": {"distribution": "normal", "mean": 6.752293752287315, "std": 2.3152916443186866}, "K1": {"distribution": "normal", "mean": 29.257159663726373, "std": 2.6000538004299285}, "K5": {"distribution": "normal", "mean": 10.453556477278015, "std": 4.765126327648515}, "K2": {"distribution": "normal", "mean": 49.653462842020815, "std": 3.5475604635381908}, "K3": {"distribution": "normal", "mean": 34.34206694096926, "std": 3.3258017150170343}}, "compatibleConfigurations": ["K4", "K1", "K5", "K2", "K3"]}, "O7": {"estimatedTestTime": {"K3": {"distribution": "normal", "mean": 31.30377562623569, "std": 2.447213646061383}, "K4": {"distribution": "normal", "mean": 48.45708752795803, "std": 4.97540140406568}, "K5": {"distribution": "normal", "mean": 49.225648988617266, "std": 2.231258864455686}, "K2": {"distribution": "normal", "mean": 27.12521539158218, "std": 3.8764474241981253}, "K1": {"distribution": "normal", "mean": 44.909334441316666, "std": 2.3070847636220146}}, "compatibleConfigurations": ["K3", "K4", "K5", "K2", "K1"]}, "O8": {"estimatedTestTime": {"K2": {"distribution": "normal", "mean": 12.368992024519548, "std": 2.879952572853334}, "K3": {"distribution": "normal", "mean": 11.526550194482766, "std": 3.6032676424683308}, "K1": {"distribution": "normal", "mean": 43.20571289741541, "std": 4.802842320505907}, "K5": {"distribution": "normal", "mean": 10.81393089198223, "std": 3.947608803444079}, "K4": {"distribution": "normal", "mean": 13.77152452182992, "std": 3.331221882632739}}, "compatibleConfigurations": ["K2", "K3", "K1", "K5", "K4"]}, "O9": {"estimatedTestTime": {"K2": {"distribution": "normal", "mean": 24.172413898640045, "std": 4.43281369087794}, "K4": {"distribution": "normal", "mean": 11.71068303392358, "std": 2.113742017293756}, "K3": {"distribution": "normal", "mean": 36.29842166925934, "std": 3.305483198793536}, "K1": {"distribution": "normal", "mean": 29.749991639730652, "std": 2.172025710442176}, "K5": {"distribution": "normal", "mean": 12.732558678842187, "std": 2.8652481546160056}}, "compatibleConfigurations": ["K2", "K4", "K3", "K1", "K5"]}, "O10": {"estimatedTestTime": {"K4": {"distribution": "normal", "mean": 44.27778022122, "std": 2.6640440755696053}, "K1": {"distribution": "normal", "mean": 26.795893002986364, "std": 3.2533184972877995}, "K5": {"distribution": "normal", "mean": 7.730217878319211, "std": 3.1558593287038628}, "K2": {"distribution": "normal", "mean": 48.68228955857311, "std": 4.8952554071840595}, "K3": {"distribution": "normal", "mean": 45.297708988661434, "std": 3.2554940904926792}}, "compatibleConfigurations": ["K4", "K1", "K5", "K2", "K3"]}, "O11": {"estimatedTestTime": {"K2": {"distribution": "normal", "mean": 46.74282627311346, "std": 3.0255512676646896}, "K4": {"distribution": "normal", "mean": 26.70154077146816, "std": 4.166701385216772}, "K1": {"distribution": "normal", "mean": 28.823619616674463, "std": 2.438103351918673}, "K3": {"distribution": "normal", "mean": 10.267772181399046, "std": 4.469923525791433}, "K5": {"distribution": "normal", "mean": 44.5189091236758, "std": 3.313440694411438}}, "compatibleConfigurations": ["K2", "K4", "K1", "K3", "K5"]}, "O12": {"estimatedTestTime": {"K1": {"distribution": "normal", "mean": 30.825730103460813, "std": 4.689503781526875}, "K2": {"distribution": "normal", "mean": 23.705171565995286, "std": 4.9828846971864085}, "K4": {"distribution": "normal", "mean": 10.466168023352392, "std": 3.577323399891094}, "K3": {"distribution": "normal", "mean": 40.611115397445644, "std": 3.4459651928333845}, "K5": {"distribution": "normal", "mean": 43.7423161217857, "std": 2.167924932115019}}, "compatibleConfigurations": ["K1", "K2", "K4", "K3", "K5"]}, "O13": {"estimatedTestTime": {"K4": {"distribution": "normal", "mean": 40.04766601857445, "std": 2.026706035077014}, "K5": {"distribution": "normal", "mean": 2.6588811644028674, "std": 3.723449466802289}, "K2": {"distribution": "normal", "mean": 3.234118758782728, "std": 3.3978636383099072}, "K1": {"distribution": "normal", "mean": 38.589859481805576, "std": 2.0039112621736512}, "K3": {"distribution": "normal", "mean": 12.612691639263508, "std": 2.6777473080096126}}, "compatibleConfigurations": ["K4", "K5", "K2", "K1", "K3"]}, "O14": {"estimatedTestTime": {"K5": {"distribution": "normal", "mean": 35.32314437057463, "std": 2.3238715828749132}, "K1": {"distribution": "normal", "mean": 16.35000841539241, "std": 2.7793400070654473}, "K4": {"distribution": "normal", "mean": 27.008132690603794, "std": 3.797679673906548}, "K3": {"distribution": "normal", "mean": 46.417647070040836, "std": 2.0354132153338917}, "K2": {"distribution": "normal", "mean": 28.3869966440451, "std": 3.9099185174818825}},