{"configurations": {"count": 4, "items": {"K1": {"index": 0, "setupTimes": [0, 3, 1, 2]}, "K2": {"index": 1, "setupTimes": [6, 0, 7, 9]}, "K3": {"index": 2, "setupTimes": [2, 0, 0, 0]}, "K4": {"index": 3, "setupTimes": [6, 9, 2, 0]}}}, "testers": {"count": 5, "items": {"T1": {"supportedConfigurations": ["K2", "K4"]}, "T2": {"supportedConfigurations": ["K1", "K3", "K4", "K2"]}, "T3": {"supportedConfigurations": ["K3", "K4"]}, "T4": {"supportedConfigurations": ["K4", "K2"]}, "T5": {"supportedConfigurations": ["K4", "K2", "K3", "K1"]}}}, "operations": {"count": 12, "items": {"O1": {"estimatedTestTime": {"K1": {"distribution": "normal", "mean": 38.39906221951252, "std": 2.6152814788359433}, "K2": {"distribution": "normal", "mean": 48.22386712303405, "std": 3.5505136946323224}, "K3": {"distribution": "normal", "mean": 19.311612764174654, "std": 2.6097042653330647}, "K4": {"distribution": "normal", "mean": 26.412196234411297, "std": 3.031067627787923}}, "compatibleConfigurations": ["K1", "K2", "K3", "K4"]}, "O2": {"estimatedTestTime": {"K3": {"distribution": "normal", "mean": 42.28423995935831, "std": 3.3017484536251644}, "K4": {"distribution": "normal", "mean": 29.717205190513425, "std": 4.4680187392218365}, "K1": {"distribution": "normal", "mean": 40.205207600627844, "std": 2.307910249597805}}, "compatibleConfigurations": ["K3", "K4", "K1"]}, "O3": {"estimatedTestTime": {"K3": {"distribution": "normal", "mean": 33.261558530879384, "std": 3.6893790225952614}, "K2": {"distribution": "normal", "mean": 30.7017853781208, "std": 4.187710998311539}, "K4": {"distribution": "normal", "mean": 48.69316215831996, "std": 3.662947601691655}, "K1": {"distribution": "normal", "mean": 36.60968084218059, "std": 3.9882684325426516}}, "compatibleConfigurations": ["K3", "K2", "K4", "K1"]}, "O4": {"estimatedTestTime": {"K4": {"distribution": "normal", "mean": 41.33173686354595, "std": 4.763931215093638}, "K1": {"distribution": "normal", "mean": 44.84079377111575, "std": 4.53694094774899}, "K3": {"distribution": "normal", "mean": 6.405664091497277, "std": 2.647733248742231}}, "compatibleConfigurations": ["K4", "K1", "K3"]}, "O5": {"estimatedTestTime": {"K1": {"distribution": "normal", "mean": 47.480650322007584, "std": 3.417062325107817}, "K4": {"distribution": "normal", "mean": 36.579957617089185, "std": 3.935099121952466}, "K2": {"distribution": "normal", "mean": 6.871243028895083, "std": 2.8531009739677335}}, "compatibleConfigurations": ["K1", "K4", "K2"]}, "O6": {"estimatedTestTime": {"K4": {"distribution": "normal", "mean": 12.787366332091477, "std": 4.140724419821343}, "K2": {"distribution": "normal", "mean": 24.95141612616337, "std": 2.2293833603980544}, "K3": {"distribution": "normal", "mean": 48.6303487297914, "std": 2.6006361257850745}}, "compatibleConfigurations": ["K4", "K2", "K3"]}, "O7": {"estimatedTestTime": {"K1": {"distribution": "normal", "mean": 32.13041945335804, "std": 4.03957762405466}, "K3": {"distribution": "normal", "mean": 22.160641118772965, "std": 2.3302718282679606}, "K4": {"distribution": "normal", "mean": 26.40667792584367, "std": 4.791884005517668}, "K2": {"distribution": "normal", "mean": 22.127205877782472, "std": 4.8435927237159335}}, "compatibleConfigurations": ["K1", "K3", "K4", "K2"]}, "O8": {"estimatedTestTime": {"K3": {"distribution": "normal", "mean": 37.28966780807524, "std": 4.924724707543828}, "K2": {"distribution": "normal", "mean": 3.432006630636101, "std": 4.711143623980195}, "K1": {"distribution": "normal", "mean": 46.985770104768896, "std": 2.822201856762139}}, "compatibleConfigurations": ["K3", "K2", "K1"]}, "O9": {"estimatedTestTime": {"K2": {"distribution": "normal", "mean": 22.698137117299108, "std": 4.231553517030597}, "K4": {"distribution": "normal", "mean": 7.572988763191365, "std": 3.8246566924694783}, "K1": {"distribution": "normal", "mean": 26.97849075007935, "std": 3.011181340478241}}, "compatibleConfigurations": ["K2", "K4", "K1"]}, "O10": {"estimatedTestTime": {"K4": {"distribution": "normal", "mean": 24.941638007115195, "std": 3.465751890258013}, "K3": {"distribution": "normal", "mean": 30.069873164499086, "std": 4.095149070356323}, "K2": {"distribution": "normal", "mean": 13.370984757071815, "std": 2.74436482097194}, "K1": {"distribution": "normal", "mean": 10.765029231253834, "std": 4.510815300675612}}, "compatibleConfigurations": ["K4", "K3", "K2", "K1"]}, "O11": {"estimatedTestTime": {"K2": {"distribution": "normal", "mean": 20.519274725392997, "std": 4.5110804258094355}, "K4": {"distribution": "normal", "mean": 20.797831312377404, "std": 4.626812526300117}, "K1": {"distribution": "normal", "mean": 20.795744695687254, "std": 3.741987845628155}}, "compatibleConfigurations": ["K2", "K4", "K1"]}, "O12": {"estimatedTestTime": {"K2": {"distribution": "normal", "mean": 19.653039043907032, "std": 4.2069548928895895}, "K3": {"distribution": "normal", "mean": 32.1418130704518, "std": 3.191996492529652}}, "compatibleConfigurations": ["K2", "K3"]}}}, "products": {"count": 3, "items": {"P1": {"index": 0, "arrival": 0, "quantity": 3, "duedate": 87.19430946303487, "operations": ["O9", "O2", "O1", "O11", "O4"], "dependencies": [[3, 1], [3, 0], [4, 2], [4, 3]]}, "P2": {"index": 1, "arrival": 21.117027421848018, "quantity": 4, "duedate": 69.57641326274458, "operations": ["O8", "O11"], "dependencies": [[1, 0]]}, "P3": {"index": 2, "arrival": 50.06745236223065, "quantity": 3, "duedate": 117.16996392487906, "operations": ["O10", "O11", "O4"], "dependencies": [[1, 0], [2, 1]]}}}}