{"configurations": {"count": 2, "items": {"K1": {"index": 0, "setupTimes": [0, 49]}, "K2": {"index": 1, "setupTimes": [19, 0]}}}, "testers": {"count": 2, "items": {"T1": {"supportedConfigurations": ["K1", "K2"]}, "T2": {"supportedConfigurations": ["K1", "K2"]}}}, "operations": {"count": 11, "items": {"O1": {"estimatedTestTime": {"K1": {"distribution": "normal", "mean": 416.01968573415235, "std": 3.518186376912057}, "K2": {"distribution": "normal", "mean": 189.8131102491085, "std": 2.6799993272654046}}, "compatibleConfigurations": ["K1", "K2"]}, "O2": {"estimatedTestTime": {"K2": {"distribution": "normal", "mean": 233.26294780831546, "std": 3.6441219435492287}, "K1": {"distribution": "normal", "mean": 32.90220991589043, "std": 4.538708915737601}}, "compatibleConfigurations": ["K2", "K1"]}, "O3": {"estimatedTestTime": {"K1": {"distribution": "normal", "mean": 306.4202497156223, "std": 4.720068852000498}, "K2": {"distribution": "normal", "mean": 225.00964198416096, "std": 2.486466407475567}}, "compatibleConfigurations": ["K1", "K2"]}, "O4": {"estimatedTestTime": {"K1": {"distribution": "normal", "mean": 318.02771896733356, "std": 2.9913346698518275}, "K2": {"distribution": "normal", "mean": 341.65188024915716, "std": 3.4175960533218155}}, "compatibleConfigurations": ["K1", "K2"]}, "O5": {"estimatedTestTime": {"K2": {"distribution": "normal", "mean": 82.58336880938575, "std": 2.5553699108526016}, "K1": {"distribution": "normal", "mean": 190.51609777674662, "std": 2.2927140269686235}}, "compatibleConfigurations": ["K2", "K1"]}, "O6": {"estimatedTestTime": {"K1": {"distribution": "normal", "mean": 84.30885438106579, "std": 4.184350944483869}, "K2": {"distribution": "normal", "mean": 10.848522019878233, "std": 2.8466489408286315}}, "compatibleConfigurations": ["K1", "K2"]}, "O7": {"estimatedTestTime": {"K1": {"distribution": "normal", "mean": 320.2334470523255, "std": 3.5964324156152636}, "K2": {"distribution": "normal", "mean": 115.95270451524969, "std": 4.985248152362734}}, "compatibleConfigurations": ["K1", "K2"]}, "O8": {"estimatedTestTime": {"K1": {"distribution": "normal", "mean": 81.03259994002168, "std": 3.9070631293551985}, "K2": {"distribution": "normal", "mean": 478.3633029301576, "std": 4.856147414562962}}, "compatibleConfigurations": ["K1", "K2"]}, "O9": {"estimatedTestTime": {"K2": {"distribution": "normal", "mean": 332.80331391802974, "std": 4.410600503365455}, "K1": {"distribution": "normal", "mean": 196.71485886832025, "std": 4.460010982035657}}, "compatibleConfigurations": ["K2", "K1"]}, "O10": {"estimatedTestTime": {"K1": {"distribution": "normal", "mean": 278.919399291281, "std": 2.935950951072071}, "K2": {"distribution": "normal", "mean": 223.93550135647385, "std": 2.4697575480019047}}, "compatibleConfigurations": ["K1", "K2"]}, "O11": {"estimatedTestTime": {"K2": {"distribution": "normal", "mean": 250.83324082293913, "std": 4.273806185227463}, "K1": {"distribution": "normal", "mean": 325.6280546333754, "std": 2.6853900206713286}}, "compatibleConfigurations": ["K2", "K1"]}}}, "products": {"count": 3, "items": {"P1": {"index": 0, "arrival": 0, "quantity": 4, "duedate": 2031.601629289415, "operations": ["O10", "O4", "O3", "O1", "O7", "O11"], "dependencies": [[3, 0], [4, 2], [4, 3], [5, 1], [5, 4]]}, "P2": {"index": 1, "arrival": 50.232751928827255, "quantity": 3, "duedate": 1518.6887383116582, "operations": ["O6", "O1", "O7", "O4", "O10", "O11", "O9", "O3", "O5", "O8", "O2"], "dependencies": [[4, 0], [4, 2], [5, 2], [5, 3], [5, 4], [6, 3], [7, 4], [7, 5], [7, 1], [8, 0], [8, 3], [8, 5], [8, 6], [9, 0], [10, 2], [10, 5], [10, 6]]}, "P3": {"index": 2, "arrival": 101.8655259026868, "quantity": 5, "duedate": 1816.7470619622702, "operations": ["O6", "O8", "O10", "O11", "O1", "O2"], "dependencies": [[2, 1], [4, 1], [5, 0], [5, 4], [5, 3]]}}}}