{"configurations": {"count": 5, "items": {"K1": {"index": 0, "setupTimes": [0, 4, 8, 5, 6]}, "K2": {"index": 1, "setupTimes": [6, 0, 5, 10, 1]}, "K3": {"index": 2, "setupTimes": [9, 3, 0, 6, 4]}, "K4": {"index": 3, "setupTimes": [3, 3, 0, 0, 9]}, "K5": {"index": 4, "setupTimes": [6, 8, 10, 7, 0]}}}, "testers": {"count": 3, "items": {"T1": {"supportedConfigurations": ["K1", "K5", "K3", "K2"]}, "T2": {"supportedConfigurations": ["K3", "K5"]}, "T3": {"supportedConfigurations": ["K2", "K5", "K4", "K3"]}}}, "operations": {"count": 11, "items": {"O1": {"estimatedTestTime": {"K4": {"distribution": "normal", "mean": 6.460622831114399, "std": 4.888881380988197}, "K1": {"distribution": "normal", "mean": 10.849983908540201, "std": 2.9022270279249875}, "K5": {"distribution": "normal", "mean": 21.60385197441898, "std": 4.051746125667072}, "K3": {"distribution": "normal", "mean": 43.49548482038104, "std": 4.651115269436733}, "K2": {"distribution": "normal", "mean": 5.118655134334622, "std": 2.2603709642690317}}, "compatibleConfigurations": ["K4", "K1", "K5", "K3", "K2"]}, "O2": {"estimatedTestTime": {"K1": {"distribution": "normal", "mean": 19.75094912518192, "std": 4.649323869467152}, "K5": {"distribution": "normal", "mean": 45.39593649241861, "std": 3.084721198177534}, "K2": {"distribution": "normal", "mean": 29.575121695274273, "std": 4.309317657467288}}, "compatibleConfigurations": ["K1", "K5", "K2"]}, "O3": {"estimatedTestTime": {"K5": {"distribution": "normal", "mean": 18.180707868055144, "std": 3.1706526585428825}, "K4": {"distribution": "normal", "mean": 46.46245380014159, "std": 2.5521802946174477}}, "compatibleConfigurations": ["K5", "K4"]}, "O4": {"estimatedTestTime": {"K1": {"distribution": "normal", "mean": 38.89290217929039, "std": 4.734089867676001}, "K4": {"distribution": "normal", "mean": 29.34017466255432, "std": 4.7866072575770975}, "K5": {"distribution": "normal", "mean": 12.284149660743694, "std": 2.106876695932568}, "K2": {"distribution": "normal", "mean": 48.352710607451755, "std": 4.411620499002231}, "K3": {"distribution": "normal", "mean": 19.07641554652777, "std": 4.089216839017622}}, "compatibleConfigurations": ["K1", "K4", "K5", "K2", "K3"]}, "O5": {"estimatedTestTime": {"K1": {"distribution": "normal", "mean": 35.861181821049186, "std": 3.9320508772580616}, "K3": {"distribution": "normal", "mean": 46.91962778886192, "std": 3.311453519806089}, "K5": {"distribution": "normal", "mean": 26.91180887317037, "std": 3.4910173297803557}, "K4": {"distribution": "normal", "mean": 32.76520536737944, "std": 2.418965713972971}, "K2": {"distribution": "normal", "mean": 31.045924737973944, "std": 2.136164969002281}}, "compatibleConfigurations": ["K1", "K3", "K5", "K4", "K2"]}, "O6": {"estimatedTestTime": {"K3": {"distribution": "normal", "mean": 35.86714292057772, "std": 4.750812299859425}, "K4": {"distribution": "normal", "mean": 47.94256263747369, "std": 4.436131951253103}}, "compatibleConfigurations": ["K3", "K4"]}, "O7": {"estimatedTestTime": {"K5": {"distribution": "normal", "mean": 24.11437831629234, "std": 3.2772862614027374}, "K4": {"distribution": "normal", "mean": 16.306639483907006, "std": 4.476802485571013}}, "compatibleConfigurations": ["K5", "K4"]}, "O8": {"estimatedTestTime": {"K3": {"distribution": "normal", "mean": 29.668888696616794, "std": 4.9474880590065045}, "K2": {"distribution": "normal", "mean": 9.09117975930866, "std": 4.619138696379553}, "K5": {"distribution": "normal", "mean": 44.901266220885944, "std": 2.1805789074770647}}, "compatibleConfigurations": ["K3", "K2", "K5"]}, "O9": {"estimatedTestTime": {"K5": {"distribution": "normal", "mean": 8.142569967093381, "std": 3.08917415820173}, "K2": {"distribution": "normal", "mean": 34.92959350317137, "std": 3.962652694954244}, "K3": {"distribution": "normal", "mean": 28.23797709232117, "std": 4.574224074651612}, "K4": {"distribution": "normal", "mean": 45.190355115080564, "std": 2.468185805424798}}, "compatibleConfigurations": ["K5", "K2", "K3", "K4"]}, "O10": {"estimatedTestTime": {"K3": {"distribution": "normal", "mean": 15.184979744681089, "std": 2.6165963825233947}, "K4": {"distribution": "normal", "mean": 44.84957775628175, "std": 3.765330483180839}, "K1": {"distribution": "normal", "mean": 3.6243689753600385, "std": 2.2750749399891537}, "K5": {"distribution": "normal", "mean": 35.10875949612734, "std": 4.526947252237423}, "K2": {"distribution": "normal", "mean": 11.973584654720861, "std": 3.376190138020264}}, "compatibleConfigurations": ["K3", "K4", "K1", "K5", "K2"]}, "O11": {"estimatedTestTime": {"K5": {"distribution": "normal", "mean": 33.022324610893364, "std": 4.366765839270805}, "K1": {"distribution": "normal", "mean": 9.715575599766327, "std": 2.5548822162781106}, "K3": {"distribution": "normal", "mean": 35.05384563176619, "std": 4.0232668542471925}, "K2": {"distribution": "normal", "mean": 26.58413248700218, "std": 3.7994032266984537}, "K4": {"distribution": "normal", "mean": 10.37882133151308, "std": 3.4581964495620205}}, "compatibleConfigurations": ["K5", "K1", "K3", "K2", "K4"]}}}, "products": {"count": 5, "items": {"P1": {"index": 0, "arrival": 0, "quantity": 3, "duedate": 101.34111138234879, "operations": ["O10", "O5", "O4", "O6", "O8"], "dependencies": [[3, 2], [3, 0], [4, 3], [4, 1]]}, "P2": {"index": 1, "arrival": 38.185670478628325, "quantity": 3, "duedate": 134.71157439069768, "operations": ["O6", "O10", "O5", "O3", "O8"], "dependencies": [[1, 0], [2, 1], [3, 0], [4, 0]]}, "P3": {"index": 2, "arrival": 87.76067872811626, "quantity": 2, "duedate": 145.1906357998556, "operations": ["O5", "O9", "O2", "O3", "O4"], "dependencies": [[3, 2], [3, 1], [4, 0], [4, 2]]}, "P4": {"index": 3, "arrival": 105.57039518035182, "quantity": 2, "duedate": 163.54145315892345, "operations": ["O5", "O6", "O3", "O7"], "dependencies": [[2, 0], [3, 0], [3, 1]]}, "P5": {"index": 4, "arrival": 110.22132255140885, "quantity": 2, "duedate": 152.79901941220217, "operations": ["O10", "O8"], "dependencies": [[1, 0]]}}}}