{"configurations": {"count": 2, "items": {"K1": {"index": 0, "setupTimes": [0, 10]}, "K2": {"index": 1, "setupTimes": [53, 0]}}}, "testers": {"count": 5, "items": {"T1": {"supportedConfigurations": ["K1", "K2"]}, "T2": {"supportedConfigurations": ["K2", "K1"]}, "T3": {"supportedConfigurations": ["K2", "K1"]}, "T4": {"supportedConfigurations": ["K1", "K2"]}, "T5": {"supportedConfigurations": ["K2", "K1"]}}}, "operations": {"count": 11, "items": {"O1": {"estimatedTestTime": {"K2": {"distribution": "normal", "mean": 361.2988945123881, "std": 4.32153316011353}, "K1": {"distribution": "normal", "mean": 242.30540042961775, "std": 4.285992005342593}}, "compatibleConfigurations": ["K2", "K1"]}, "O2": {"estimatedTestTime": {"K1": {"distribution": "normal", "mean": 204.5812736258039, "std": 2.469249110403398}, "K2": {"distribution": "normal", "mean": 89.50268593908686, "std": 2.1742807276136666}}, "compatibleConfigurations": ["K1", "K2"]}, "O3": {"estimatedTestTime": {"K1": {"distribution": "normal", "mean": 93.22504476430893, "std": 2.364242838746645}, "K2": {"distribution": "normal", "mean": 76.95463864904463, "std": 2.5150238778219878}}, "compatibleConfigurations": ["K1", "K2"]}, "O4": {"estimatedTestTime": {"K1": {"distribution": "normal", "mean": 147.123839921548, "std": 3.549285468924051}, "K2": {"distribution": "normal", "mean": 344.942156282259, "std": 4.975242985521399}}, "compatibleConfigurations": ["K1", "K2"]}, "O5": {"estimatedTestTime": {"K1": {"distribution": "normal", "mean": 293.9045412390251, "std": 3.4696369848831603}, "K2": {"distribution": "normal", "mean": 417.14378222482503, "std": 2.2063898447402153}}, "compatibleConfigurations": ["K1", "K2"]}, "O6": {"estimatedTestTime": {"K2": {"distribution": "normal", "mean": 86.03898783724055, "std": 3.23187110693765}, "K1": {"distribution": "normal", "mean": 336.7675596692859, "std": 3.167005707571434}}, "compatibleConfigurations": ["K2", "K1"]}, "O7": {"estimatedTestTime": {"K2": {"distribution": "normal", "mean": 194.6534024347085, "std": 3.444857245329962}, "K1": {"distribution": "normal", "mean": 178.4221203504289, "std": 4.38793405171679}}, "compatibleConfigurations": ["K2", "K1"]}, "O8": {"estimatedTestTime": {"K1": {"distribution": "normal", "mean": 385.57584133321177, "std": 4.418291440402905}, "K2": {"distribution": "normal", "mean": 388.98920549524985, "std": 3.324074265137196}}, "compatibleConfigurations": ["K1", "K2"]}, "O9": {"estimatedTestTime": {"K1": {"distribution": "normal", "mean": 383.6194749769134, "std": 2.7991124817747663}, "K2": {"distribution": "normal", "mean": 238.28998189733852, "std": 4.060115704504117}}, "compatibleConfigurations": ["K1", "K2"]}, "O10": {"estimatedTestTime": {"K1": {"distribution": "normal", "mean": 278.86216627308625, "std": 3.1156378764597426}, "K2": {"distribution": "normal", "mean": 443.4239514662176, "std": 3.050712111139918}}, "compatibleConfigurations": ["K1", "K2"]}, "O11": {"estimatedTestTime": {"K1": {"distribution": "normal", "mean": 428.1218648453176, "std": 3.91739643175835}, "K2": {"distribution": "normal", "mean": 428.52212117496094, "std": 3.1740508142472676}}, "compatibleConfigurations": ["K1", "K2"]}}}, "products": {"count": 2, "items": {"P1": {"index": 0, "arrival": 0, "quantity": 5, "duedate": 1524.284238352561, "operations": ["O11", "O9", "O4", "O10", "O8", "O3", "O6", "O2", "O1", "O7"], "dependencies": [[1, 0], [4, 0], [4, 1], [4, 2], [4, 3], [5, 1], [5, 3], [7, 5], [8, 4], [9, 1], [9, 3], [9, 4], [9, 5], [9, 6], [9, 8]]}, "P2": {"index": 1, "arrival": 73.55440056330951, "quantity": 2, "duedate": 1126.1852834592637, "operations": ["O8", "O4", "O2", "O6", "O1", "O7", "O5"], "dependencies": [[3, 1], [4, 0], [4, 2], [4, 3], [5, 0], [6, 0], [6, 2], [6, 4]]}}}}