{"configurations": {"count": 5, "items": {"K1": {"index": 0, "setupTimes": [0, 5, 5, 5, 5]}, "K2": {"index": 1, "setupTimes": [5, 0, 5, 5, 5]}, "K3": {"index": 2, "setupTimes": [5, 5, 0, 5, 5]}, "K4": {"index": 3, "setupTimes": [5, 5, 5, 0, 5]}, "K5": {"index": 4, "setupTimes": [5, 5, 5, 5, 0]}}}, "testers": {"count": 5, "items": {"T1": {"supportedConfigurations": ["K3", "K5"]}, "T2": {"supportedConfigurations": ["K1", "K5"]}, "T3": {"supportedConfigurations": ["K1", "K5"]}, "T4": {"supportedConfigurations": ["K5", "K3"]}, "T5": {"supportedConfigurations": ["K4", "K2"]}}}, "operations": {"count": 15, "items": {"O1": {"estimatedTestTime": {"K1": {"distribution": "normal", "mean": 6.121378846440043, "std": 2.484741766968797}, "K2": {"distribution": "normal", "mean": 5.490935423055273, "std": 2.0310961057228436}, "K5": {"distribution": "normal", "mean": 33.71097725730294, "std": 2.818230149568294}, "K3": {"distribution": "normal", "mean": 28.98464899875327, "std": 3.4010455611732526}, "K4": {"distribution": "normal", "mean": 46.38882161273331, "std": 4.4628997598835936}}, "compatibleConfigurations": ["K1", "K2", "K5", "K3", "K4"]}, "O2": {"estimatedTestTime": {"K2": {"distribution": "normal", "mean": 47.40382344051209, "std": 2.35457880869206}, "K1": {"distribution": "normal", "mean": 27.981803853082916, "std": 2.1569941072836634}, "K3": {"distribution": "normal", "mean": 39.91796108780417, "std": 3.966153528745452}, "K4": {"distribution": "normal", "mean": 38.67647614254827, "std": 3.580519426352823}, "K5": {"distribution": "normal", "mean": 15.024424979927707, "std": 4.321132539771526}}, "compatibleConfigurations": ["K2", "K1", "K3", "K4", "K5"]}, "O3": {"estimatedTestTime": {"K2": {"distribution": "normal", "mean": 26.22352257546791, "std": 3.3470412466817243}, "K1": {"distribution": "normal", "mean": 9.017199295729467, "std": 4.176130884591114}, "K4": {"distribution": "normal", "mean": 14.770326218058958, "std": 3.9771015980769975}, "K3": {"distribution": "normal", "mean": 43.010673514093874, "std": 4.756822327626651}, "K5": {"distribution": "normal", "mean": 46.60230406210803, "std": 3.5220647878731937}}, "compatibleConfigurations": ["K2", "K1", "K4", "K3", "K5"]}, "O4": {"estimatedTestTime": {"K1": {"distribution": "normal", "mean": 16.807264651243507, "std": 3.5176310846490324}, "K3": {"distribution": "normal", "mean": 16.745875242670664, "std": 2.663931755324623}, "K2": {"distribution": "normal", "mean": 17.788373668501706, "std": 2.975597843085876}, "K5": {"distribution": "normal", "mean": 35.86709317871913, "std": 2.905426766129536}, "K4": {"distribution": "normal", "mean": 39.489721794564645, "std": 4.40413562282874}}, "compatibleConfigurations": ["K1", "K3", "K2", "K5", "K4"]}, "O5": {"estimatedTestTime": {"K5": {"distribution": "normal", "mean": 13.065567758130566, "std": 3.155677713269088}, "K4": {"distribution": "normal", "mean": 37.70640835153843, "std": 3.482621253138725}, "K3": {"distribution": "normal", "mean": 36.91884963786522, "std": 3.0364477688220854}, "K1": {"distribution": "normal", "mean": 5.2286414175844556, "std": 2.6345725624723766}, "K2": {"distribution": "normal", "mean": 10.450074770081699, "std": 4.107156544094996}}, "compatibleConfigurations": ["K5", "K4", "K3", "K1", "K2"]}, "O6": {"estimatedTestTime": {"K2": {"distribution": "normal", "mean": 7.591385207707109, "std": 2.1486710299920824}, "K1": {"distribution": "normal", "mean": 3.6780355149151465, "std": 4.227127741269747}, "K5": {"distribution": "normal", "mean": 42.07044443077926, "std": 4.560644871414823}, "K3": {"distribution": "normal", "mean": 46.310963188385365, "std": 2.634720816843034}, "K4": {"distribution": "normal", "mean": 30.206866839409642, "std": 2.881736655652015}}, "compatibleConfigurations": ["K2", "K1", "K5", "K3", "K4"]}, "O7": {"estimatedTestTime": {"K1": {"distribution": "normal", "mean": 5.948429745886655, "std": 3.3736566044712206}, "K4": {"distribution": "normal", "mean": 23.673169577765577, "std": 4.166989854232031}, "K3": {"distribution": "normal", "mean": 49.97013491709306, "std": 4.662428388215532}, "K5": {"distribution": "normal", "mean": 18.370470531206422, "std": 4.140932624556783}, "K2": {"distribution": "normal", "mean": 16.39539840565581, "std": 3.943141097511005}}, "compatibleConfigurations": ["K1", "K4", "K3", "K5", "K2"]}, "O8": {"estimatedTestTime": {"K1": {"distribution": "normal", "mean": 4.069878919253828, "std": 2.2915328346526227}, "K4": {"distribution": "normal", "mean": 39.539046492877986, "std": 3.257419445973547}, "K5": {"distribution": "normal", "mean": 33.87759360069632, "std": 2.20301737443425}, "K3": {"distribution": "normal", "mean": 40.415818512030285, "std": 3.313630074055574}, "K2": {"distribution": "normal", "mean": 12.333524940500117, "std": 4.701327050158348}}, "compatibleConfigurations": ["K1", "K4", "K5", "K3", "K2"]}, "O9": {"estimatedTestTime": {"K3": {"distribution": "normal", "mean": 12.787849913352714, "std": 4.504831550062658}, "K2": {"distribution": "normal", "mean": 38.30435628358423, "std": 2.0698426262753467}, "K5": {"distribution": "normal", "mean": 25.435076747744, "std": 2.2091869164575364}, "K4": {"distribution": "normal", "mean": 19.32224113881678, "std": 4.152738828423759}, "K1": {"distribution": "normal", "mean": 44.30397231459597, "std": 4.315480454756178}}, "compatibleConfigurations": ["K3", "K2", "K5", "K4", "K1"]}, "O10": {"estimatedTestTime": {"K5": {"distribution": "normal", "mean": 44.96299604658785, "std": 2.449397650963983}, "K4": {"distribution": "normal", "mean": 27.027101234855017, "std": 2.6870734829494585}, "K3": {"distribution": "normal", "mean": 4.429734946195065, "std": 2.6183466164489437}, "K2": {"distribution": "normal", "mean": 34.50927345280373, "std": 3.7306763910973872}, "K1": {"distribution": "normal", "mean": 26.99884300043227, "std": 4.132127759846887}}, "compatibleConfigurations": ["K5", "K4", "K3", "K2", "K1"]}, "O11": {"estimatedTestTime": {"K4": {"distribution": "normal", "mean": 46.48375593398244, "std": 4.570071430939461}, "K2": {"distribution": "normal", "mean": 31.782771044733046, "std": 3.5267153858719467}, "K3": {"distribution": "normal", "mean": 28.799004570640243, "std": 3.658034893618562}, "K5": {"distribution": "normal", "mean": 36.25329469335646, "std": 3.0946797696660266}, "K1": {"distribution": "normal", "mean": 20.220601882574385, "std": 4.476698843905575}}, "compatibleConfigurations": ["K4", "K2", "K3", "K5", "K1"]}, "O12": {"estimatedTestTime": {"K5": {"distribution": "normal", "mean": 25.52135058160072, "std": 2.5190511270484013}, "K3": {"distribution": "normal", "mean": 43.943214683389066, "std": 3.1268508514814775}, "K2": {"distribution": "normal", "mean": 49.43453006956826, "std": 2.439934080057748}, "K4": {"distribution": "normal", "mean": 18.66552772610492, "std": 3.59676921944087}, "K1": {"distribution": "normal", "mean": 36.94263971757869, "std": 3.8238402000694114}}, "compatibleConfigurations": ["K5", "K3", "K2", "K4", "K1"]}, "O13": {"estimatedTestTime": {"K4": {"distribution": "normal", "mean": 25.98517421590517, "std": 2.275813424312653}, "K5": {"distribution": "normal", "mean": 24.69705438596912, "std": 3.7338244845204085}, "K3": {"distribution": "normal", "mean": 9.07594277163772, "std": 4.989474363804046}, "K1": {"distribution": "normal", "mean": 39.24274119486362, "std": 3.0896708520648493}, "K2": {"distribution": "normal", "mean": 26.50834653995834, "std": 2.179170003778232}}, "compatibleConfigurations": ["K4", "K5", "K3", "K1", "K2"]}, "O14": {"estimatedTestTime": {"K2": {"distribution": "normal", "mean": 12.120207237015403, "std": 4.751352359781916}, "K4": {"distribution": "normal", "mean": 32.835378955982826, "std": 4.953754535334845}, "K5": {"distribution": "normal", "mean": 4.537662270704574, "std": 4.5544480961802325}, "K3": {"distribution": "normal", "mean": 49.732658658146335, "std": 2.018887170522098}, "K1": {"distribution": "normal", "mean": 29.87066542992458, "std": 4.621571820449745}},