{"configurations": {"count": 5, "items": {"K1": {"index": 0, "setupTimes": [0, 0, 3, 9, 6]}, "K2": {"index": 1, "setupTimes": [6, 0, 8, 2, 6]}, "K3": {"index": 2, "setupTimes": [0, 4, 0, 7, 9]}, "K4": {"index": 3, "setupTimes": [4, 4, 0, 0, 10]}, "K5": {"index": 4, "setupTimes": [3, 1, 9, 10, 0]}}}, "testers": {"count": 5, "items": {"T1": {"supportedConfigurations": ["K3", "K5"]}, "T2": {"supportedConfigurations": ["K3", "K5"]}, "T3": {"supportedConfigurations": ["K2", "K3"]}, "T4": {"supportedConfigurations": ["K1", "K5"]}, "T5": {"supportedConfigurations": ["K4", "K5"]}}}, "operations": {"count": 20, "items": {"O1": {"estimatedTestTime": {"K2": {"distribution": "normal", "mean": 6.801083926177933, "std": 4.2051191958255405}, "K1": {"distribution": "normal", "mean": 36.56197898402322, "std": 4.1059477549590095}, "K4": {"distribution": "normal", "mean": 22.720077826062273, "std": 3.4792122517628155}, "K5": {"distribution": "normal", "mean": 24.170565799778924, "std": 4.931945610633848}, "K3": {"distribution": "normal", "mean": 36.35006585326727, "std": 2.03455950511876}}, "compatibleConfigurations": ["K2", "K1", "K4", "K5", "K3"]}, "O2": {"estimatedTestTime": {"K3": {"distribution": "normal", "mean": 17.62787662182255, "std": 4.737336278020785}, "K5": {"distribution": "normal", "mean": 30.943414887813073, "std": 2.0833935219915958}, "K1": {"distribution": "normal", "mean": 18.878578540768196, "std": 4.07256159402929}, "K2": {"distribution": "normal", "mean": 28.670646929152497, "std": 4.308853944123947}, "K4": {"distribution": "normal", "mean": 44.148883068350656, "std": 3.2229321828979662}}, "compatibleConfigurations": ["K3", "K5", "K1", "K2", "K4"]}, "O3": {"estimatedTestTime": {"K3": {"distribution": "normal", "mean": 30.917992168927817, "std": 2.938942047306531}, "K4": {"distribution": "normal", "mean": 49.425288507597166, "std": 2.96757946871967}, "K2": {"distribution": "normal", "mean": 33.92979673123093, "std": 2.756482250493992}, "K1": {"distribution": "normal", "mean": 42.13786504186501, "std": 2.3303794788363095}, "K5": {"distribution": "normal", "mean": 45.64006464710148, "std": 3.0619177113654037}}, "compatibleConfigurations": ["K3", "K4", "K2", "K1", "K5"]}, "O4": {"estimatedTestTime": {"K4": {"distribution": "normal", "mean": 18.059999719084608, "std": 4.555762026990003}, "K1": {"distribution": "normal", "mean": 37.46683243612024, "std": 3.614803165779633}, "K5": {"distribution": "normal", "mean": 31.049706639127958, "std": 2.041103905692813}, "K3": {"distribution": "normal", "mean": 49.30384297929494, "std": 3.948620955508388}, "K2": {"distribution": "normal", "mean": 34.11171360994001, "std": 3.683917815110589}}, "compatibleConfigurations": ["K4", "K1", "K5", "K3", "K2"]}, "O5": {"estimatedTestTime": {"K2": {"distribution": "normal", "mean": 2.934260681489814, "std": 4.723496416246966}, "K1": {"distribution": "normal", "mean": 9.588037689503674, "std": 4.461475104974296}, "K4": {"distribution": "normal", "mean": 19.569642299229894, "std": 2.4786004760976796}, "K3": {"distribution": "normal", "mean": 30.603954252248464, "std": 2.7678570373095983}, "K5": {"distribution": "normal", "mean": 38.069046963665315, "std": 2.2547525312405563}}, "compatibleConfigurations": ["K2", "K1", "K4", "K3", "K5"]}, "O6": {"estimatedTestTime": {"K4": {"distribution": "normal", "mean": 42.10693571402286, "std": 4.148341541868968}, "K5": {"distribution": "normal", "mean": 20.1707215739993, "std": 2.9615536313377357}, "K3": {"distribution": "normal", "mean": 9.873821588342077, "std": 2.01510458620438}, "K2": {"distribution": "normal", "mean": 42.38224309430956, "std": 4.597437110141251}, "K1": {"distribution": "normal", "mean": 48.235204094939846, "std": 3.3766668453177444}}, "compatibleConfigurations": ["K4", "K5", "K3", "K2", "K1"]}, "O7": {"estimatedTestTime": {"K2": {"distribution": "normal", "mean": 48.85187381736175, "std": 4.207278903346228}, "K1": {"distribution": "normal", "mean": 45.27618286260938, "std": 3.7122724338790176}, "K5": {"distribution": "normal", "mean": 2.6598242485164807, "std": 3.570771616656838}, "K4": {"distribution": "normal", "mean": 34.316286968173074, "std": 2.8173617646921496}, "K3": {"distribution": "normal", "mean": 37.57584737171528, "std": 4.198122376967909}}, "compatibleConfigurations": ["K2", "K1", "K5", "K4", "K3"]}, "O8": {"estimatedTestTime": {"K5": {"distribution": "normal", "mean": 12.294331677167687, "std": 2.5077079790102994}, "K3": {"distribution": "normal", "mean": 48.67224763961018, "std": 2.1268178748996522}, "K4": {"distribution": "normal", "mean": 9.680261921146528, "std": 3.2285551331461866}, "K2": {"distribution": "normal", "mean": 11.837144530794975, "std": 2.795829496296152}, "K1": {"distribution": "normal", "mean": 24.70137961870519, "std": 3.361237819991649}}, "compatibleConfigurations": ["K5", "K3", "K4", "K2", "K1"]}, "O9": {"estimatedTestTime": {"K5": {"distribution": "normal", "mean": 42.9301054028591, "std": 3.4213737183080206}, "K3": {"distribution": "normal", "mean": 21.254374034512896, "std": 2.006986205190158}, "K1": {"distribution": "normal", "mean": 35.438350450645984, "std": 3.9037239723273607}, "K4": {"distribution": "normal", "mean": 23.558372560831934, "std": 2.534972476180983}, "K2": {"distribution": "normal", "mean": 13.192249856738806, "std": 3.5080974363341686}}, "compatibleConfigurations": ["K5", "K3", "K1", "K4", "K2"]}, "O10": {"estimatedTestTime": {"K3": {"distribution": "normal", "mean": 48.2977403137478, "std": 3.304045886068042}, "K5": {"distribution": "normal", "mean": 8.708793505046845, "std": 2.409855670071013}, "K2": {"distribution": "normal", "mean": 42.547379602209986, "std": 2.3854715990621456}, "K1": {"distribution": "normal", "mean": 9.883031544876811, "std": 4.958255641884334}, "K4": {"distribution": "normal", "mean": 45.22334373652642, "std": 2.0755390444191235}}, "compatibleConfigurations": ["K3", "K5", "K2", "K1", "K4"]}, "O11": {"estimatedTestTime": {"K2": {"distribution": "normal", "mean": 39.39746446054432, "std": 3.8589800660600124}, "K3": {"distribution": "normal", "mean": 11.411139815124338, "std": 2.397851976940543}, "K5": {"distribution": "normal", "mean": 46.910522313995045, "std": 4.786881767323795}, "K4": {"distribution": "normal", "mean": 8.246076256165262, "std": 3.8039510444556024}, "K1": {"distribution": "normal", "mean": 31.1271315289372, "std": 3.083489378929435}}, "compatibleConfigurations": ["K2", "K3", "K5", "K4", "K1"]}, "O12": {"estimatedTestTime": {"K1": {"distribution": "normal", "mean": 45.243773503539586, "std": 2.328191587081716}, "K4": {"distribution": "normal", "mean": 48.87588064367564, "std": 4.705803515470301}, "K5": {"distribution": "normal", "mean": 29.849221625794186, "std": 4.878998017161258}, "K2": {"distribution": "normal", "mean": 9.189681057259051, "std": 3.011257343919155}, "K3": {"distribution": "normal", "mean": 29.010242017548634, "std": 4.234091835648119}}, "compatibleConfigurations": ["K1", "K4", "K5", "K2", "K3"]}, "O13": {"estimatedTestTime": {"K2": {"distribution": "normal", "mean": 18.539265141083234, "std": 3.940326619389377}, "K3": {"distribution": "normal", "mean": 48.481029782179775, "std": 4.8687887326876975}, "K1": {"distribution": "normal", "mean": 39.882852937199864, "std": 4.973491970590107}, "K4": {"distribution": "normal", "mean": 41.27884971309001, "std": 4.045737303905968}, "K5": {"distribution": "normal", "mean": 28.278422235958715, "std": 2.2516519363721876}}, "compatibleConfigurations": ["K2", "K3", "K1", "K4", "K5"]}, "O14": {"estimatedTestTime": {"K2": {"distribution": "normal", "mean": 47.741513198613056, "std": 3.2050994701073527}, "K1": {"distribution": "normal", "mean": 17.487920846297868, "std": 2.637143990919277}, "K3": {"distribution": "normal", "mean": 16.437654773927747, "std": 4.074468077172425}, "K5": {"distribution": "normal", "mean": 16.11624477938559, "std": 3.4880744128422876}, "K4": {"distribution": "normal", "mean": 31.850829245031136, "std": 2.5853923417374656}},