{"configurations": {"count": 4, "items": {"K1": {"index": 0, "setupTimes": [0, 5, 0, 5]}, "K2": {"index": 1, "setupTimes": [7, 0, 3, 9]}, "K3": {"index": 2, "setupTimes": [8, 8, 0, 8]}, "K4": {"index": 3, "setupTimes": [5, 7, 0, 0]}}}, "testers": {"count": 4, "items": {"T1": {"supportedConfigurations": ["K2", "K3", "K1", "K4"]}, "T2": {"supportedConfigurations": ["K4", "K3"]}, "T3": {"supportedConfigurations": ["K3", "K1"]}, "T4": {"supportedConfigurations": ["K1", "K2"]}}}, "operations": {"count": 10, "items": {"O1": {"estimatedTestTime": {"K3": {"distribution": "normal", "mean": 49.980709038694364, "std": 4.462182917876443}, "K1": {"distribution": "normal", "mean": 6.585599400094708, "std": 3.5094052815679717}, "K2": {"distribution": "normal", "mean": 19.474873743659387, "std": 3.47421006733914}}, "compatibleConfigurations": ["K3", "K1", "K2"]}, "O2": {"estimatedTestTime": {"K4": {"distribution": "normal", "mean": 35.87849758642289, "std": 3.9377815979684683}, "K1": {"distribution": "normal", "mean": 26.79019525036678, "std": 3.6897956493491115}, "K2": {"distribution": "normal", "mean": 38.182284259730444, "std": 4.26283433559468}}, "compatibleConfigurations": ["K4", "K1", "K2"]}, "O3": {"estimatedTestTime": {"K4": {"distribution": "normal", "mean": 9.589379960948472, "std": 3.3493842034273613}, "K3": {"distribution": "normal", "mean": 34.689350740193156, "std": 2.358489932721339}, "K1": {"distribution": "normal", "mean": 11.917470821622096, "std": 2.694853135204575}}, "compatibleConfigurations": ["K4", "K3", "K1"]}, "O4": {"estimatedTestTime": {"K1": {"distribution": "normal", "mean": 18.531234886248996, "std": 4.207016320143449}, "K4": {"distribution": "normal", "mean": 49.15922898436411, "std": 3.247864748862673}}, "compatibleConfigurations": ["K1", "K4"]}, "O5": {"estimatedTestTime": {"K2": {"distribution": "normal", "mean": 9.46721311439861, "std": 4.0522596638523405}, "K4": {"distribution": "normal", "mean": 5.771082260717698, "std": 2.8716756612823486}}, "compatibleConfigurations": ["K2", "K4"]}, "O6": {"estimatedTestTime": {"K2": {"distribution": "normal", "mean": 28.100868547242506, "std": 2.670269536905775}, "K3": {"distribution": "normal", "mean": 40.67479778830635, "std": 3.0635037867293873}}, "compatibleConfigurations": ["K2", "K3"]}, "O7": {"estimatedTestTime": {"K3": {"distribution": "normal", "mean": 25.8960306739811, "std": 4.490111441922222}, "K1": {"distribution": "normal", "mean": 28.34047122448756, "std": 3.5767473206052056}, "K4": {"distribution": "normal", "mean": 5.567797303918695, "std": 2.7611158460212475}, "K2": {"distribution": "normal", "mean": 3.75333921053217, "std": 2.7185128467786708}}, "compatibleConfigurations": ["K3", "K1", "K4", "K2"]}, "O8": {"estimatedTestTime": {"K2": {"distribution": "normal", "mean": 30.294596946451286, "std": 2.0714028392160757}, "K4": {"distribution": "normal", "mean": 35.029201812831104, "std": 3.427843322482974}, "K1": {"distribution": "normal", "mean": 2.587780262878775, "std": 3.3641848091855158}}, "compatibleConfigurations": ["K2", "K4", "K1"]}, "O9": {"estimatedTestTime": {"K3": {"distribution": "normal", "mean": 11.028376291060756, "std": 3.8310966068362506}, "K4": {"distribution": "normal", "mean": 36.08919659468438, "std": 2.5465292420434196}}, "compatibleConfigurations": ["K3", "K4"]}, "O10": {"estimatedTestTime": {"K4": {"distribution": "normal", "mean": 45.98447712181547, "std": 4.073068773633139}, "K2": {"distribution": "normal", "mean": 43.90857754540482, "std": 3.771702908092704}}, "compatibleConfigurations": ["K4", "K2"]}}}, "products": {"count": 2, "items": {"P1": {"index": 0, "arrival": 0, "quantity": 2, "duedate": 80.4265082405197, "operations": ["O1", "O3", "O2"], "dependencies": [[1, 0], [2, 1]]}, "P2": {"index": 1, "arrival": 44.14289603814733, "quantity": 3, "duedate": 101.36035112499785, "operations": ["O5", "O2", "O7"], "dependencies": [[1, 0], [2, 1]]}}}}