{"configurations": {"count": 2, "items": {"K1": {"index": 0, "setupTimes": [0, 8]}, "K2": {"index": 1, "setupTimes": [10, 0]}}}, "testers": {"count": 3, "items": {"T1": {"supportedConfigurations": ["K1", "K2"]}, "T2": {"supportedConfigurations": ["K1", "K2"]}, "T3": {"supportedConfigurations": ["K2", "K1"]}}}, "operations": {"count": 18, "items": {"O1": {"estimatedTestTime": {"K1": {"distribution": "normal", "mean": 106.51687259053558, "std": 2.751840490327137}, "K2": {"distribution": "normal", "mean": 461.1676227990891, "std": 3.0600225514177533}}, "compatibleConfigurations": ["K1", "K2"]}, "O2": {"estimatedTestTime": {"K2": {"distribution": "normal", "mean": 46.896140385897226, "std": 3.7398718050143596}, "K1": {"distribution": "normal", "mean": 89.3547327729033, "std": 3.550434367933334}}, "compatibleConfigurations": ["K2", "K1"]}, "O3": {"estimatedTestTime": {"K1": {"distribution": "normal", "mean": 390.08892472165417, "std": 3.972789915439466}, "K2": {"distribution": "normal", "mean": 159.8858937085786, "std": 2.8678108685067203}}, "compatibleConfigurations": ["K1", "K2"]}, "O4": {"estimatedTestTime": {"K1": {"distribution": "normal", "mean": 101.40811032604725, "std": 2.641398011469585}, "K2": {"distribution": "normal", "mean": 158.76313026362251, "std": 2.2822456069474786}}, "compatibleConfigurations": ["K1", "K2"]}, "O5": {"estimatedTestTime": {"K2": {"distribution": "normal", "mean": 48.28918021351301, "std": 2.104712447201951}, "K1": {"distribution": "normal", "mean": 118.54684140749848, "std": 4.068655143707245}}, "compatibleConfigurations": ["K2", "K1"]}, "O6": {"estimatedTestTime": {"K1": {"distribution": "normal", "mean": 292.97012490390574, "std": 3.4806500622907315}, "K2": {"distribution": "normal", "mean": 401.6592573324821, "std": 2.9118199506927738}}, "compatibleConfigurations": ["K1", "K2"]}, "O7": {"estimatedTestTime": {"K2": {"distribution": "normal", "mean": 51.30676970623757, "std": 2.347727010126305}, "K1": {"distribution": "normal", "mean": 217.38925624159677, "std": 4.888075991877628}}, "compatibleConfigurations": ["K2", "K1"]}, "O8": {"estimatedTestTime": {"K1": {"distribution": "normal", "mean": 112.76039308078741, "std": 3.0783620430253107}, "K2": {"distribution": "normal", "mean": 457.31623653835686, "std": 3.168428604882375}}, "compatibleConfigurations": ["K1", "K2"]}, "O9": {"estimatedTestTime": {"K2": {"distribution": "normal", "mean": 403.4506238829879, "std": 4.622394398935081}, "K1": {"distribution": "normal", "mean": 487.83287018648946, "std": 3.0664803230096123}}, "compatibleConfigurations": ["K2", "K1"]}, "O10": {"estimatedTestTime": {"K1": {"distribution": "normal", "mean": 419.8457432933628, "std": 3.518308779837387}, "K2": {"distribution": "normal", "mean": 62.16370963627633, "std": 3.349396904145558}}, "compatibleConfigurations": ["K1", "K2"]}, "O11": {"estimatedTestTime": {"K2": {"distribution": "normal", "mean": 249.15011413590827, "std": 4.349163438064089}, "K1": {"distribution": "normal", "mean": 244.19560645456946, "std": 4.184167692025735}}, "compatibleConfigurations": ["K2", "K1"]}, "O12": {"estimatedTestTime": {"K2": {"distribution": "normal", "mean": 356.8007386956157, "std": 4.351197540860917}, "K1": {"distribution": "normal", "mean": 349.22201064186777, "std": 4.6158368765331375}}, "compatibleConfigurations": ["K2", "K1"]}, "O13": {"estimatedTestTime": {"K2": {"distribution": "normal", "mean": 73.31201931099503, "std": 2.210362313657102}, "K1": {"distribution": "normal", "mean": 334.5852702799816, "std": 4.177292672121185}}, "compatibleConfigurations": ["K2", "K1"]}, "O14": {"estimatedTestTime": {"K1": {"distribution": "normal", "mean": 235.8806575009165, "std": 4.006912587590294}, "K2": {"distribution": "normal", "mean": 15.687513772245133, "std": 4.103803217041373}}, "compatibleConfigurations": ["K1", "K2"]}, "O15": {"estimatedTestTime": {"K1": {"distribution": "normal", "mean": 297.22584651971613, "std": 4.646143490108612}, "K2": {"distribution": "normal", "mean": 372.0606799206556, "std": 3.2972596410730635}}, "compatibleConfigurations": ["K1", "K2"]}, "O16": {"estimatedTestTime": {"K2": {"distribution": "normal", "mean": 450.80467884554685, "std": 4.083397260586251}, "K1": {"distribution": "normal", "mean": 415.7754155577676, "std": 2.656555005074204}}, "compatibleConfigurations": ["K2", "K1"]}, "O17": {"estimatedTestTime": {"K1": {"distribution": "normal", "mean": 85.67289189083633, "std": 4.548759930363595}, "K2": {"distribution": "normal", "mean": 193.84482178791885, "std": 3.3879030479900436}}, "compatibleConfigurations": ["K1", "K2"]}, "O18": {"estimatedTestTime": {"K1": {"distribution": "normal", "mean": 410.0406303951454, "std": 4.428373201859978}, "K2": {"distribution": "normal", "mean": 53.706388746633365, "std": 2.4698318846217635}}, "compatibleConfigurations": ["K1", "K2"]}}}, "products": {"count": 4, "items": {"P1": {"index": 0, "arrival": 0, "quantity": 2, "duedate": 1636.1390154333062, "operations": ["O13", "O8", "O17", "O15", "O3", "O1", "O4", "O9", "O10", "O11"], "dependencies": [[1, 0], [3, 1], [3, 2], [4, 3], [5, 0], [5, 1], [6, 2], [6, 3], [7, 2], [7, 4], [7, 5], [7, 6], [8, 1], [8, 2], [8, 5], [8, 6], [9, 0], [9, 2], [9, 3], [9, 5], [9, 6], [9, 7]]}, "P2": {"index": 1, "arrival": 95.80176364729554, "quantity": 3, "duedate": 822.8017595332977, "operations": ["O16", "O3", "O4", "O17", "O7", "O18", "O13"], "dependencies": [[2, 1], [3, 0], [4, 1], [5, 2], [5, 3], [6, 2], [6, 3]]}, "P3": {"index": 2, "arrival": 163.98602104658818, "quantity": 3, "duedate": 785.9808781501715, "operations": ["O3", "O12", "O2", "O10", "O6"], "dependencies": [[2, 0], [3, 1], [4, 1], [4, 2]]}, "P4": {"index": 3, "arrival": 245.49492113856093, "quantity": 2, "duedate": 942.7062233623443, "operations": ["O4", "O9", "O6", "O7", "O15"], "dependencies": [[2, 1], [4, 0], [4, 3], [4, 1]]}}}}