{"configurations": {"count": 5, "items": {"K1": {"index": 0, "setupTimes": [0, 3, 5, 0, 1]}, "K2": {"index": 1, "setupTimes": [4, 0, 3, 3, 7]}, "K3": {"index": 2, "setupTimes": [7, 1, 0, 7, 9]}, "K4": {"index": 3, "setupTimes": [6, 5, 3, 0, 8]}, "K5": {"index": 4, "setupTimes": [4, 1, 10, 0, 0]}}}, "testers": {"count": 5, "items": {"T1": {"supportedConfigurations": ["K2", "K3", "K1", "K4", "K5"]}, "T2": {"supportedConfigurations": ["K5", "K4"]}, "T3": {"supportedConfigurations": ["K3", "K1", "K4", "K5"]}, "T4": {"supportedConfigurations": ["K1", "K3", "K4", "K5"]}, "T5": {"supportedConfigurations": ["K4", "K5", "K3"]}}}, "operations": {"count": 13, "items": {"O1": {"estimatedTestTime": {"K3": {"distribution": "normal", "mean": 43.88805769132753, "std": 4.657941472217976}, "K2": {"distribution": "normal", "mean": 30.888936726058233, "std": 4.321671788918241}}, "compatibleConfigurations": ["K3", "K2"]}, "O2": {"estimatedTestTime": {"K1": {"distribution": "normal", "mean": 25.271178515100605, "std": 4.981650603938281}, "K2": {"distribution": "normal", "mean": 14.49259736136108, "std": 4.69452155976483}, "K5": {"distribution": "normal", "mean": 7.528826240358818, "std": 2.752399285191582}, "K3": {"distribution": "normal", "mean": 5.015937349571015, "std": 4.008850140547036}}, "compatibleConfigurations": ["K1", "K2", "K5", "K3"]}, "O3": {"estimatedTestTime": {"K1": {"distribution": "normal", "mean": 32.3946189213753, "std": 2.679535145454815}, "K3": {"distribution": "normal", "mean": 43.294827926577874, "std": 2.740892760829227}, "K4": {"distribution": "normal", "mean": 10.261801422138756, "std": 2.270755866448747}, "K2": {"distribution": "normal", "mean": 34.55314369120893, "std": 2.9315293186066467}}, "compatibleConfigurations": ["K1", "K3", "K4", "K2"]}, "O4": {"estimatedTestTime": {"K3": {"distribution": "normal", "mean": 45.44183922961466, "std": 3.930826587056444}, "K1": {"distribution": "normal", "mean": 41.35606895959862, "std": 4.516804623911844}, "K4": {"distribution": "normal", "mean": 2.962695412405461, "std": 2.742103976189769}, "K2": {"distribution": "normal", "mean": 39.65732300821064, "std": 4.712136057229256}}, "compatibleConfigurations": ["K3", "K1", "K4", "K2"]}, "O5": {"estimatedTestTime": {"K4": {"distribution": "normal", "mean": 47.80147782921442, "std": 3.4823556916009144}, "K1": {"distribution": "normal", "mean": 48.12871176408462, "std": 2.2443471961222876}, "K2": {"distribution": "normal", "mean": 46.92332341388965, "std": 2.7779398280571272}}, "compatibleConfigurations": ["K4", "K1", "K2"]}, "O6": {"estimatedTestTime": {"K5": {"distribution": "normal", "mean": 13.63596610230874, "std": 2.0604934315026484}, "K2": {"distribution": "normal", "mean": 49.896840614011154, "std": 3.39954605147176}}, "compatibleConfigurations": ["K5", "K2"]}, "O7": {"estimatedTestTime": {"K2": {"distribution": "normal", "mean": 35.76913464108668, "std": 3.5265564200743937}, "K4": {"distribution": "normal", "mean": 4.923780889417456, "std": 2.7497874760755083}, "K1": {"distribution": "normal", "mean": 21.057484292127008, "std": 3.9590434248298365}, "K5": {"distribution": "normal", "mean": 9.49941786947905, "std": 3.244994518783403}, "K3": {"distribution": "normal", "mean": 28.701208111467764, "std": 3.208846433525862}}, "compatibleConfigurations": ["K2", "K4", "K1", "K5", "K3"]}, "O8": {"estimatedTestTime": {"K5": {"distribution": "normal", "mean": 14.163283066995355, "std": 3.4843477208116522}, "K1": {"distribution": "normal", "mean": 12.517383607549155, "std": 4.555987018225913}, "K3": {"distribution": "normal", "mean": 28.012148235244553, "std": 2.816324204762836}, "K4": {"distribution": "normal", "mean": 20.900024443904396, "std": 3.002295394091092}}, "compatibleConfigurations": ["K5", "K1", "K3", "K4"]}, "O9": {"estimatedTestTime": {"K5": {"distribution": "normal", "mean": 39.60786046462604, "std": 4.347912274167176}, "K1": {"distribution": "normal", "mean": 26.676716338029173, "std": 4.753987442975954}, "K4": {"distribution": "normal", "mean": 28.478112465824978, "std": 4.153813153782743}, "K2": {"distribution": "normal", "mean": 8.233182387125868, "std": 4.595210336321191}, "K3": {"distribution": "normal", "mean": 34.60589138467623, "std": 4.745735533180734}}, "compatibleConfigurations": ["K5", "K1", "K4", "K2", "K3"]}, "O10": {"estimatedTestTime": {"K5": {"distribution": "normal", "mean": 34.7264915777288, "std": 3.0118838429413874}, "K4": {"distribution": "normal", "mean": 20.636358432278183, "std": 2.8657300128099754}, "K2": {"distribution": "normal", "mean": 43.823788956719895, "std": 2.342712713359126}}, "compatibleConfigurations": ["K5", "K4", "K2"]}, "O11": {"estimatedTestTime": {"K2": {"distribution": "normal", "mean": 5.578953691224278, "std": 3.0110447558894027}, "K3": {"distribution": "normal", "mean": 6.89942877636488, "std": 2.648257520752357}, "K1": {"distribution": "normal", "mean": 14.261538886312074, "std": 3.9916831498912972}}, "compatibleConfigurations": ["K2", "K3", "K1"]}, "O12": {"estimatedTestTime": {"K1": {"distribution": "normal", "mean": 10.341855867656452, "std": 2.6393707774131907}, "K2": {"distribution": "normal", "mean": 45.7125921902836, "std": 3.6251431186373315}, "K3": {"distribution": "normal", "mean": 2.0700209025064407, "std": 2.5351994580520114}}, "compatibleConfigurations": ["K1", "K2", "K3"]}, "O13": {"estimatedTestTime": {"K2": {"distribution": "normal", "mean": 29.759097094232928, "std": 4.630719553936802}, "K1": {"distribution": "normal", "mean": 41.29972504903333, "std": 4.236998673997238}, "K4": {"distribution": "normal", "mean": 47.49278920029454, "std": 2.5134900332795937}}, "compatibleConfigurations": ["K2", "K1", "K4"]}}}, "products": {"count": 4, "items": {"P1": {"index": 0, "arrival": 0, "quantity": 4, "duedate": 63.614924073158356, "operations": ["O11", "O7", "O6"], "dependencies": [[1, 0], [2, 1]]}, "P2": {"index": 1, "arrival": 10.779393178069462, "quantity": 5, "duedate": 85.79099595371183, "operations": ["O3", "O2", "O5", "O1"], "dependencies": [[1, 0], [2, 0], [3, 0]]}, "P3": {"index": 2, "arrival": 59.36096235596897, "quantity": 5, "duedate": 127.0612373697795, "operations": ["O9", "O5"], "dependencies": [[1, 0]]}, "P4": {"index": 3, "arrival": 102.07729307030493, "quantity": 4, "duedate": 160.678974273442, "operations": ["O1", "O6"], "dependencies": [[1, 0]]}}}}