{"configurations": {"count": 4, "items": {"K1": {"index": 0, "setupTimes": [0, 7, 26, 28]}, "K2": {"index": 1, "setupTimes": [6, 0, 59, 58]}, "K3": {"index": 2, "setupTimes": [14, 58, 0, 56]}, "K4": {"index": 3, "setupTimes": [19, 30, 32, 0]}}}, "testers": {"count": 5, "items": {"T1": {"supportedConfigurations": ["K1", "K2"]}, "T2": {"supportedConfigurations": ["K2", "K4", "K1", "K3"]}, "T3": {"supportedConfigurations": ["K4", "K1", "K2", "K3"]}, "T4": {"supportedConfigurations": ["K2", "K3", "K1"]}, "T5": {"supportedConfigurations": ["K3", "K1", "K4", "K2"]}}}, "operations": {"count": 15, "items": {"O1": {"estimatedTestTime": {"K2": {"distribution": "normal", "mean": 329.7427950596387, "std": 2.148928702766221}, "K4": {"distribution": "normal", "mean": 112.04505708306583, "std": 3.3144432636670036}, "K1": {"distribution": "normal", "mean": 243.232625272316, "std": 3.199737945219697}}, "compatibleConfigurations": ["K2", "K4", "K1"]}, "O2": {"estimatedTestTime": {"K3": {"distribution": "normal", "mean": 326.22741043603344, "std": 2.123988947873334}, "K1": {"distribution": "normal", "mean": 241.21341446124117, "std": 4.492787171334714}}, "compatibleConfigurations": ["K3", "K1"]}, "O3": {"estimatedTestTime": {"K2": {"distribution": "normal", "mean": 288.58163209076054, "std": 3.1473293224494343}, "K1": {"distribution": "normal", "mean": 479.3509294962209, "std": 3.8057382260467767}}, "compatibleConfigurations": ["K2", "K1"]}, "O4": {"estimatedTestTime": {"K2": {"distribution": "normal", "mean": 387.09398981615993, "std": 2.4519505902781678}, "K4": {"distribution": "normal", "mean": 218.2102250344476, "std": 4.1503188866468}}, "compatibleConfigurations": ["K2", "K4"]}, "O5": {"estimatedTestTime": {"K2": {"distribution": "normal", "mean": 226.12348656241375, "std": 2.2536848530069173}, "K3": {"distribution": "normal", "mean": 323.41235651404514, "std": 3.1060147012680526}, "K4": {"distribution": "normal", "mean": 451.7295609901062, "std": 2.6077349702213803}, "K1": {"distribution": "normal", "mean": 85.25246497497926, "std": 2.123941093363873}}, "compatibleConfigurations": ["K2", "K3", "K4", "K1"]}, "O6": {"estimatedTestTime": {"K3": {"distribution": "normal", "mean": 458.36730526086956, "std": 2.7408881549606847}, "K1": {"distribution": "normal", "mean": 331.1895800426252, "std": 2.1021097698866607}, "K4": {"distribution": "normal", "mean": 156.32371563295038, "std": 3.833577338710965}, "K2": {"distribution": "normal", "mean": 410.4332813206447, "std": 2.8983420668146325}}, "compatibleConfigurations": ["K3", "K1", "K4", "K2"]}, "O7": {"estimatedTestTime": {"K3": {"distribution": "normal", "mean": 241.01520274490161, "std": 2.498347647544797}, "K4": {"distribution": "normal", "mean": 252.41860313706468, "std": 3.6983064416979836}, "K2": {"distribution": "normal", "mean": 432.8130072243699, "std": 3.6720131433866783}}, "compatibleConfigurations": ["K3", "K4", "K2"]}, "O8": {"estimatedTestTime": {"K3": {"distribution": "normal", "mean": 252.77650885455142, "std": 4.5861922271447675}, "K1": {"distribution": "normal", "mean": 149.49452437328551, "std": 3.286002858188721}, "K4": {"distribution": "normal", "mean": 444.0923999825124, "std": 3.200938468894894}}, "compatibleConfigurations": ["K3", "K1", "K4"]}, "O9": {"estimatedTestTime": {"K2": {"distribution": "normal", "mean": 147.93662848730088, "std": 4.132340460754514}, "K4": {"distribution": "normal", "mean": 331.3602162621815, "std": 3.4168665030508607}, "K3": {"distribution": "normal", "mean": 228.33811653387312, "std": 2.937158095847394}}, "compatibleConfigurations": ["K2", "K4", "K3"]}, "O10": {"estimatedTestTime": {"K4": {"distribution": "normal", "mean": 485.1292052097718, "std": 3.9185609445149296}, "K3": {"distribution": "normal", "mean": 230.4766300118021, "std": 3.621285723429904}, "K1": {"distribution": "normal", "mean": 173.40640881880117, "std": 2.751768333129749}, "K2": {"distribution": "normal", "mean": 19.786219852809936, "std": 2.366309878380516}}, "compatibleConfigurations": ["K4", "K3", "K1", "K2"]}, "O11": {"estimatedTestTime": {"K1": {"distribution": "normal", "mean": 472.4649369990834, "std": 4.4801273445168865}, "K2": {"distribution": "normal", "mean": 122.93573992098682, "std": 2.270378321240571}, "K3": {"distribution": "normal", "mean": 236.02306060081798, "std": 3.4644620409857763}, "K4": {"distribution": "normal", "mean": 237.47238003313575, "std": 4.3380536120644955}}, "compatibleConfigurations": ["K1", "K2", "K3", "K4"]}, "O12": {"estimatedTestTime": {"K1": {"distribution": "normal", "mean": 494.029875248629, "std": 4.793920876083115}, "K2": {"distribution": "normal", "mean": 360.2152789313129, "std": 2.081802297593256}, "K4": {"distribution": "normal", "mean": 85.15469463447897, "std": 3.745440504317392}}, "compatibleConfigurations": ["K1", "K2", "K4"]}, "O13": {"estimatedTestTime": {"K1": {"distribution": "normal", "mean": 256.8341046750418, "std": 2.8060495883893233}, "K3": {"distribution": "normal", "mean": 421.8319717396204, "std": 2.940738616338284}}, "compatibleConfigurations": ["K1", "K3"]}, "O14": {"estimatedTestTime": {"K4": {"distribution": "normal", "mean": 353.91475605783063, "std": 2.527536937389524}, "K2": {"distribution": "normal", "mean": 389.8179926098601, "std": 4.496609694378391}}, "compatibleConfigurations": ["K4", "K2"]}, "O15": {"estimatedTestTime": {"K1": {"distribution": "normal", "mean": 89.8686826442355, "std": 4.738430428910343}, "K4": {"distribution": "normal", "mean": 467.8572251308892, "std": 4.861779070609257}}, "compatibleConfigurations": ["K1", "K4"]}}}, "products": {"count": 9, "items": {"P1": {"index": 0, "arrival": 0, "quantity": 5, "duedate": 1785.7046776680488, "operations": ["O11", "O14", "O13", "O7", "O6", "O5", "O15", "O10", "O4", "O8", "O9", "O3", "O1", "O2", "O12"], "dependencies": [[3, 2], [5, 0], [5, 1], [5, 2], [5, 4], [6, 0], [6, 5], [7, 3], [7, 6], [8, 2], [8, 5], [9, 0], [9, 1], [9, 5], [9, 8], [10, 3], [11, 1], [11, 2], [11, 4], [11, 7], [12, 2], [12, 4], [12, 6], [12, 7], [12, 8], [12, 11], [13, 2], [13, 5], [14, 1], [14, 5], [14, 10], [14, 11]]}, "P2": {"index": 1, "arrival": 65.67169663534352, "quantity": 2, "duedate": 1461.8566761287668, "operations": ["O15", "O9", "O1", "O10", "O7", "O5", "O13", "O4", "O14", "O2", "O11", "O6"], "dependencies": [[1, 0], [3, 0], [3, 2], [4, 1], [4, 3], [5, 0], [5, 4], [6, 1], [7, 6], [8, 1], [9, 0], [9, 3], [9, 4], [9, 5], [9, 7], [9, 8], [10, 2], [11, 2], [11, 3], [11, 5]]}, "P3": {"index": 2, "arrival": 150.6178068244685, "quantity": 4, "duedate": 1057.6531249353343, "operations": ["O5", "O8", "O9", "O6", "O3", "O2", "O14"], "dependencies": [[3, 2], [4, 1], [5, 0], [5, 3], [5, 4], [6, 3]]}, "P4": {"index": 3, "arrival": 225.03397199279675, "quantity": 4, "duedate": 886.8225460805759, "operations": ["O14", "O1", "O9", "O15", "O13"], "dependencies": [[2, 1], [3, 0], [3, 1], [4, 0]]}, "P5": {"index": 4, "arrival": 314.12282374919573, "quantity": 5, "duedate": 2304.5346642593736, "operations": ["O9", "O13", "O5", "O3", "O4", "O2", "O15", "O1", "O14", "O8", "O10", "O11", "O12", "O7"], "dependencies": [[1, 0], [3, 0], [3, 2], [5, 2], [5, 3], [6, 4], [7, 5], [7, 6], [8, 0], [8, 3], [8, 5], [8, 7], [9, 5], [9, 6], [10, 1], [10, 3], [10, 5], [10, 8], [11, 1], [11, 2], [11, 7], [11, 8], [12, 2], [12, 6], [12, 7], [13, 2], [13, 3], [13, 5], [13, 7], [13, 8], [13, 9], [13, 10], [13, 12]]}, "P6": {"index": 5, "arrival": 372.75945253841877, "quantity": 2, "duedate": 1799.5579154159473, "operations": ["O7", "O6", "O5", "O3", "O14", "O15", "O2", "O9", "O13", "O12", "O1"], "dependencies": [[2, 0], [2, 1], [5, 2], [5, 3], [5, 4], [6, 1], [6, 2], [6, 4], [6, 5], [7, 0], [7, 2], [7, 5], [8, 0], [8, 6], [8, 7], [9, 1], [9, 2], [9, 4], [10, 0], [10, 5], [10, 7], [10, 9]]}, "P7": {"index": 6, "arrival": 428.74244091059745, "quantity": 5, "duedate": 2762.2980055625844, "operations": ["O11", "O14", "O13", "O7", "O3", "O8", "O15", "O10", "O1", "O2", "O9", "O4", "O6"],