{"configurations": {"count": 5, "items": {"K1": {"index": 0, "setupTimes": [0, 33, 13, 12, 57]}, "K2": {"index": 1, "setupTimes": [40, 0, 31, 36, 25]}, "K3": {"index": 2, "setupTimes": [57, 18, 0, 21, 30]}, "K4": {"index": 3, "setupTimes": [60, 3, 39, 0, 20]}, "K5": {"index": 4, "setupTimes": [41, 42, 53, 30, 0]}}}, "testers": {"count": 2, "items": {"T1": {"supportedConfigurations": ["K1", "K4", "K3", "K2"]}, "T2": {"supportedConfigurations": ["K3", "K2", "K4", "K1", "K5"]}}}, "operations": {"count": 15, "items": {"O1": {"estimatedTestTime": {"K2": {"distribution": "normal", "mean": 335.8787914463426, "std": 2.411432726412142}, "K3": {"distribution": "normal", "mean": 142.34486197793578, "std": 3.614861553528313}, "K5": {"distribution": "normal", "mean": 416.7692575109253, "std": 4.7631880391317125}}, "compatibleConfigurations": ["K2", "K3", "K5"]}, "O2": {"estimatedTestTime": {"K4": {"distribution": "normal", "mean": 225.46446191751875, "std": 3.225620526742122}, "K5": {"distribution": "normal", "mean": 430.87700304117715, "std": 4.260019016572514}, "K1": {"distribution": "normal", "mean": 35.59653303846383, "std": 3.4808911044971467}, "K3": {"distribution": "normal", "mean": 327.4979654285626, "std": 2.4652113410103467}, "K2": {"distribution": "normal", "mean": 350.42012685749427, "std": 4.3573898666850255}}, "compatibleConfigurations": ["K4", "K5", "K1", "K3", "K2"]}, "O3": {"estimatedTestTime": {"K4": {"distribution": "normal", "mean": 69.53092992315244, "std": 4.18355407608673}, "K3": {"distribution": "normal", "mean": 320.69199712274303, "std": 3.6117168346350947}, "K2": {"distribution": "normal", "mean": 250.36414790286844, "std": 3.5453889013070032}, "K5": {"distribution": "normal", "mean": 96.96022577076917, "std": 3.01362216872138}, "K1": {"distribution": "normal", "mean": 470.7138736017568, "std": 4.300966511660472}}, "compatibleConfigurations": ["K4", "K3", "K2", "K5", "K1"]}, "O4": {"estimatedTestTime": {"K2": {"distribution": "normal", "mean": 321.0992500753459, "std": 2.952902141643672}, "K5": {"distribution": "normal", "mean": 261.3651771106252, "std": 3.7477315248472642}, "K1": {"distribution": "normal", "mean": 8.70151252395318, "std": 2.8092657212917143}}, "compatibleConfigurations": ["K2", "K5", "K1"]}, "O5": {"estimatedTestTime": {"K3": {"distribution": "normal", "mean": 112.38193030161905, "std": 3.3664465058079505}, "K5": {"distribution": "normal", "mean": 213.0527986668861, "std": 2.0099445658315256}, "K4": {"distribution": "normal", "mean": 472.92262410109794, "std": 4.226006761626518}, "K1": {"distribution": "normal", "mean": 226.49356318523763, "std": 2.3841096617551574}}, "compatibleConfigurations": ["K3", "K5", "K4", "K1"]}, "O6": {"estimatedTestTime": {"K3": {"distribution": "normal", "mean": 269.11020671709736, "std": 3.9067441508463325}, "K2": {"distribution": "normal", "mean": 411.7394427990772, "std": 3.6280909758722064}, "K5": {"distribution": "normal", "mean": 111.72783610224322, "std": 2.9664002370470905}, "K1": {"distribution": "normal", "mean": 339.201675680837, "std": 4.742949758992343}, "K4": {"distribution": "normal", "mean": 30.46292602348147, "std": 2.198912999885449}}, "compatibleConfigurations": ["K3", "K2", "K5", "K1", "K4"]}, "O7": {"estimatedTestTime": {"K5": {"distribution": "normal", "mean": 472.4049239453401, "std": 3.073985212180721}, "K1": {"distribution": "normal", "mean": 258.56955065479764, "std": 3.7885712215979606}}, "compatibleConfigurations": ["K5", "K1"]}, "O8": {"estimatedTestTime": {"K3": {"distribution": "normal", "mean": 346.3999425803757, "std": 2.9131679728305033}, "K4": {"distribution": "normal", "mean": 31.35796678508972, "std": 3.1876836011255714}, "K2": {"distribution": "normal", "mean": 425.4731938412877, "std": 4.795544943943502}, "K1": {"distribution": "normal", "mean": 279.0372638651442, "std": 2.7788466247259023}}, "compatibleConfigurations": ["K3", "K4", "K2", "K1"]}, "O9": {"estimatedTestTime": {"K2": {"distribution": "normal", "mean": 108.9082565829907, "std": 2.024919136538151}, "K5": {"distribution": "normal", "mean": 308.01535266741024, "std": 3.111079342048166}}, "compatibleConfigurations": ["K2", "K5"]}, "O10": {"estimatedTestTime": {"K5": {"distribution": "normal", "mean": 191.83662646838403, "std": 3.8757532278739113}, "K3": {"distribution": "normal", "mean": 75.88722680115796, "std": 4.50893381545222}, "K1": {"distribution": "normal", "mean": 81.83631664599865, "std": 4.022603826351345}}, "compatibleConfigurations": ["K5", "K3", "K1"]}, "O11": {"estimatedTestTime": {"K3": {"distribution": "normal", "mean": 33.101923967210055, "std": 4.936901087508224}, "K4": {"distribution": "normal", "mean": 148.02493324491977, "std": 2.7025151763638564}, "K2": {"distribution": "normal", "mean": 55.267838535868684, "std": 2.6805240814416487}}, "compatibleConfigurations": ["K3", "K4", "K2"]}, "O12": {"estimatedTestTime": {"K2": {"distribution": "normal", "mean": 194.26157607917617, "std": 2.7077476960482683}, "K1": {"distribution": "normal", "mean": 183.99758739769243, "std": 4.526047123729981}, "K4": {"distribution": "normal", "mean": 10.558293789012426, "std": 4.063909944532661}}, "compatibleConfigurations": ["K2", "K1", "K4"]}, "O13": {"estimatedTestTime": {"K2": {"distribution": "normal", "mean": 406.7528839872281, "std": 2.0490866396598677}, "K4": {"distribution": "normal", "mean": 386.33936471239343, "std": 3.7418536398314575}, "K3": {"distribution": "normal", "mean": 430.78926035073334, "std": 3.638271690542576}, "K1": {"distribution": "normal", "mean": 132.2355737210078, "std": 4.894522834755878}, "K5": {"distribution": "normal", "mean": 27.323610998404728, "std": 3.813636508200781}}, "compatibleConfigurations": ["K2", "K4", "K3", "K1", "K5"]}, "O14": {"estimatedTestTime": {"K3": {"distribution": "normal", "mean": 278.43579044584743, "std": 4.254303001653923}, "K1": {"distribution": "normal", "mean": 291.3360373769445, "std": 3.638821706956074}, "K5": {"distribution": "normal", "mean": 320.11467222833903, "std": 2.221598936683853}}, "compatibleConfigurations": ["K3", "K1", "K5"]}, "O15": {"estimatedTestTime": {"K1": {"distribution": "normal", "mean": 289.2841974740957, "std": 3.8829434894725847}, "K4": {"distribution": "normal", "mean": 487.2009906157289, "std": 2.1491106616669073}, "K5": {"distribution": "normal", "mean": 247.23678177594715, "std": 2.280400668201418}, "K2": {"distribution": "normal", "mean": 14.677923228947211, "std": 2.3535715246993125}, "K3": {"distribution": "normal", "mean": 206.224566867706, "std": 2.839899164978574}}, "compatibleConfigurations": ["K1", "K4", "K5", "K2", "K3"]}}}, "products": {"count": 2, "items": {"P1": {"index": 0, "arrival": 0, "quantity": 4, "duedate": 1993.8487707084457, "operations": ["O13", "O6", "O12", "O14", "O1", "O15", "O8"], "dependencies": [[2, 0], [2, 1], [3, 2], [4, 3], [5, 3], [6, 0]]}, "P2": {"index": 1, "arrival": 56.26936218957218, "quantity": 3, "duedate": 1250.2715867864324, "operations": ["O1", "O7", "O13", "O12", "O6"], "dependencies": [[2, 0], [3, 2], [4, 2], [4, 1]]}}}}