{"configurations": {"count": 2, "items": {"K1": {"index": 0, "setupTimes": [0, 42]}, "K2": {"index": 1, "setupTimes": [46, 0]}}}, "testers": {"count": 4, "items": {"T1": {"supportedConfigurations": ["K1", "K2"]}, "T2": {"supportedConfigurations": ["K1", "K2"]}, "T3": {"supportedConfigurations": ["K1", "K2"]}, "T4": {"supportedConfigurations": ["K2", "K1"]}}}, "operations": {"count": 14, "items": {"O1": {"estimatedTestTime": {"K2": {"distribution": "normal", "mean": 221.21401162505984, "std": 2.808037928315562}, "K1": {"distribution": "normal", "mean": 102.35424816979706, "std": 3.9903867287079056}}, "compatibleConfigurations": ["K2", "K1"]}, "O2": {"estimatedTestTime": {"K1": {"distribution": "normal", "mean": 173.5985330427567, "std": 4.806157596855316}, "K2": {"distribution": "normal", "mean": 390.0337753140717, "std": 3.0899670225019107}}, "compatibleConfigurations": ["K1", "K2"]}, "O3": {"estimatedTestTime": {"K2": {"distribution": "normal", "mean": 268.89776463106466, "std": 4.535213319798386}, "K1": {"distribution": "normal", "mean": 24.982259253354865, "std": 2.428930491823929}}, "compatibleConfigurations": ["K2", "K1"]}, "O4": {"estimatedTestTime": {"K1": {"distribution": "normal", "mean": 209.85053366957476, "std": 2.8678031509266138}, "K2": {"distribution": "normal", "mean": 8.793461591497277, "std": 4.544847761137865}}, "compatibleConfigurations": ["K1", "K2"]}, "O5": {"estimatedTestTime": {"K1": {"distribution": "normal", "mean": 233.00526517607068, "std": 4.928720929830724}, "K2": {"distribution": "normal", "mean": 266.3043690290054, "std": 4.653839121804384}}, "compatibleConfigurations": ["K1", "K2"]}, "O6": {"estimatedTestTime": {"K2": {"distribution": "normal", "mean": 30.466196133226916, "std": 3.4704250802162555}, "K1": {"distribution": "normal", "mean": 460.6442779613674, "std": 3.415606335250114}}, "compatibleConfigurations": ["K2", "K1"]}, "O7": {"estimatedTestTime": {"K1": {"distribution": "normal", "mean": 381.7276848446346, "std": 2.1925693728289897}, "K2": {"distribution": "normal", "mean": 263.0641382447714, "std": 2.803839830912552}}, "compatibleConfigurations": ["K1", "K2"]}, "O8": {"estimatedTestTime": {"K1": {"distribution": "normal", "mean": 416.02690001567237, "std": 4.718987073757841}, "K2": {"distribution": "normal", "mean": 376.9496950349263, "std": 3.5700973941566727}}, "compatibleConfigurations": ["K1", "K2"]}, "O9": {"estimatedTestTime": {"K1": {"distribution": "normal", "mean": 380.46615048586744, "std": 3.9071722073964663}, "K2": {"distribution": "normal", "mean": 397.4857461377576, "std": 2.3125548970826517}}, "compatibleConfigurations": ["K1", "K2"]}, "O10": {"estimatedTestTime": {"K1": {"distribution": "normal", "mean": 4.324936052838659, "std": 2.2080264057340853}, "K2": {"distribution": "normal", "mean": 166.7325853031762, "std": 2.2606799788726137}}, "compatibleConfigurations": ["K1", "K2"]}, "O11": {"estimatedTestTime": {"K2": {"distribution": "normal", "mean": 206.3414173567222, "std": 3.947341975438185}, "K1": {"distribution": "normal", "mean": 234.0274539379318, "std": 4.854318778279418}}, "compatibleConfigurations": ["K2", "K1"]}, "O12": {"estimatedTestTime": {"K2": {"distribution": "normal", "mean": 385.0244287419124, "std": 2.5136943595290093}, "K1": {"distribution": "normal", "mean": 429.4807846638598, "std": 3.9108234405878672}}, "compatibleConfigurations": ["K2", "K1"]}, "O13": {"estimatedTestTime": {"K2": {"distribution": "normal", "mean": 214.8266948611485, "std": 3.0660330888218885}, "K1": {"distribution": "normal", "mean": 353.73237047318025, "std": 4.079780516907517}}, "compatibleConfigurations": ["K2", "K1"]}, "O14": {"estimatedTestTime": {"K2": {"distribution": "normal", "mean": 275.8026842133279, "std": 3.778134702389008}, "K1": {"distribution": "normal", "mean": 122.1958595503389, "std": 4.931094802437193}}, "compatibleConfigurations": ["K2", "K1"]}}}, "products": {"count": 4, "items": {"P1": {"index": 0, "arrival": 0, "quantity": 2, "duedate": 1319.7541311069285, "operations": ["O3", "O4", "O2", "O9", "O8", "O6", "O1", "O14", "O11"], "dependencies": [[1, 0], [2, 0], [2, 1], [3, 0], [3, 1], [3, 2], [4, 3], [5, 3], [6, 1], [6, 5], [7, 1], [8, 3]]}, "P2": {"index": 1, "arrival": 91.68222059802454, "quantity": 2, "duedate": 1602.7714986901606, "operations": ["O13", "O6", "O2", "O5", "O9", "O8", "O4", "O3", "O11", "O10", "O12"], "dependencies": [[2, 0], [3, 0], [4, 0], [4, 1], [4, 2], [5, 1], [5, 3], [6, 0], [6, 4], [7, 3], [8, 7], [9, 0], [9, 2], [9, 3], [9, 4], [9, 6], [9, 8], [10, 0], [10, 1], [10, 2], [10, 6], [10, 8], [10, 9]]}, "P3": {"index": 2, "arrival": 163.01127816941266, "quantity": 4, "duedate": 1398.53540681067, "operations": ["O1", "O14", "O7", "O2", "O10", "O6", "O5", "O4", "O12", "O11", "O9"], "dependencies": [[1, 0], [4, 2], [5, 1], [5, 4], [6, 0], [6, 3], [7, 4], [8, 4], [8, 5], [9, 3], [9, 4], [9, 8], [10, 1], [10, 3], [10, 7]]}, "P4": {"index": 3, "arrival": 215.9076448686354, "quantity": 5, "duedate": 808.5675439357308, "operations": ["O1", "O6", "O11", "O2", "O14", "O10", "O7"], "dependencies": [[3, 0], [3, 2], [5, 1], [5, 2], [5, 4], [6, 0]]}}}}