{"configurations": {"count": 2, "items": {"K1": {"index": 0, "setupTimes": [0, 58]}, "K2": {"index": 1, "setupTimes": [16, 0]}}}, "testers": {"count": 2, "items": {"T1": {"supportedConfigurations": ["K1", "K2"]}, "T2": {"supportedConfigurations": ["K1", "K2"]}}}, "operations": {"count": 17, "items": {"O1": {"estimatedTestTime": {"K1": {"distribution": "normal", "mean": 285.8360098349153, "std": 3.509186148882427}, "K2": {"distribution": "normal", "mean": 364.2760848856571, "std": 4.8021458946423845}}, "compatibleConfigurations": ["K1", "K2"]}, "O2": {"estimatedTestTime": {"K1": {"distribution": "normal", "mean": 241.11871145847223, "std": 3.16553771155962}, "K2": {"distribution": "normal", "mean": 244.26697869595438, "std": 2.9950266283478664}}, "compatibleConfigurations": ["K1", "K2"]}, "O3": {"estimatedTestTime": {"K2": {"distribution": "normal", "mean": 382.17650656291505, "std": 2.350000203325467}, "K1": {"distribution": "normal", "mean": 293.67067425716164, "std": 2.2680410551278136}}, "compatibleConfigurations": ["K2", "K1"]}, "O4": {"estimatedTestTime": {"K1": {"distribution": "normal", "mean": 311.13352286198784, "std": 3.5907021290573637}, "K2": {"distribution": "normal", "mean": 420.6050836955348, "std": 2.4298715520107272}}, "compatibleConfigurations": ["K1", "K2"]}, "O5": {"estimatedTestTime": {"K2": {"distribution": "normal", "mean": 103.95237106498986, "std": 4.483091011787265}, "K1": {"distribution": "normal", "mean": 89.4728595660302, "std": 3.3154602850695754}}, "compatibleConfigurations": ["K2", "K1"]}, "O6": {"estimatedTestTime": {"K2": {"distribution": "normal", "mean": 364.05680183016176, "std": 4.924287129708384}, "K1": {"distribution": "normal", "mean": 132.003325521217, "std": 4.589658071417045}}, "compatibleConfigurations": ["K2", "K1"]}, "O7": {"estimatedTestTime": {"K2": {"distribution": "normal", "mean": 296.1286378754088, "std": 3.5933803655202823}, "K1": {"distribution": "normal", "mean": 483.7380657189828, "std": 2.6615662403018643}}, "compatibleConfigurations": ["K2", "K1"]}, "O8": {"estimatedTestTime": {"K1": {"distribution": "normal", "mean": 160.212590851405, "std": 3.4022363367516832}, "K2": {"distribution": "normal", "mean": 479.54466649267437, "std": 2.3764750995335273}}, "compatibleConfigurations": ["K1", "K2"]}, "O9": {"estimatedTestTime": {"K2": {"distribution": "normal", "mean": 199.01437275224382, "std": 3.6849684823966316}, "K1": {"distribution": "normal", "mean": 342.81974502168293, "std": 3.2925093330315414}}, "compatibleConfigurations": ["K2", "K1"]}, "O10": {"estimatedTestTime": {"K2": {"distribution": "normal", "mean": 365.74474828090666, "std": 3.0853589872865483}, "K1": {"distribution": "normal", "mean": 168.24543194673205, "std": 4.951203876676847}}, "compatibleConfigurations": ["K2", "K1"]}, "O11": {"estimatedTestTime": {"K2": {"distribution": "normal", "mean": 273.45244736576376, "std": 4.846211041605596}, "K1": {"distribution": "normal", "mean": 395.5209762572062, "std": 3.2748196056907966}}, "compatibleConfigurations": ["K2", "K1"]}, "O12": {"estimatedTestTime": {"K2": {"distribution": "normal", "mean": 487.5400874965938, "std": 3.429860912787422}, "K1": {"distribution": "normal", "mean": 269.56409282933714, "std": 2.5573880633406945}}, "compatibleConfigurations": ["K2", "K1"]}, "O13": {"estimatedTestTime": {"K1": {"distribution": "normal", "mean": 19.83465407865699, "std": 3.8468225852269695}, "K2": {"distribution": "normal", "mean": 209.34448130253614, "std": 3.9561901109440973}}, "compatibleConfigurations": ["K1", "K2"]}, "O14": {"estimatedTestTime": {"K2": {"distribution": "normal", "mean": 445.1987239454311, "std": 3.1869341477013253}, "K1": {"distribution": "normal", "mean": 490.1543966832426, "std": 4.1636217461424945}}, "compatibleConfigurations": ["K2", "K1"]}, "O15": {"estimatedTestTime": {"K1": {"distribution": "normal", "mean": 228.92345393097804, "std": 3.26130433171835}, "K2": {"distribution": "normal", "mean": 114.0111606376759, "std": 2.1113059856302048}}, "compatibleConfigurations": ["K1", "K2"]}, "O16": {"estimatedTestTime": {"K2": {"distribution": "normal", "mean": 321.93576587376526, "std": 3.0868139219698905}, "K1": {"distribution": "normal", "mean": 265.967638136524, "std": 4.046305466864395}}, "compatibleConfigurations": ["K2", "K1"]}, "O17": {"estimatedTestTime": {"K2": {"distribution": "normal", "mean": 146.0592352483163, "std": 4.3659925293533295}, "K1": {"distribution": "normal", "mean": 213.79057353213116, "std": 3.4104359665278916}}, "compatibleConfigurations": ["K2", "K1"]}}}, "products": {"count": 6, "items": {"P1": {"index": 0, "arrival": 0, "quantity": 3, "duedate": 2799.838874973338, "operations": ["O5", "O8", "O7", "O9", "O2", "O13", "O14", "O12", "O3", "O4", "O1", "O15", "O10", "O6", "O16"], "dependencies": [[2, 1], [3, 1], [4, 0], [4, 3], [5, 1], [5, 2], [5, 4], [7, 0], [7, 2], [7, 4], [7, 6], [8, 4], [9, 1], [9, 2], [9, 4], [9, 5], [9, 6], [10, 0], [11, 0], [11, 1], [11, 2], [11, 3], [11, 6], [11, 7], [11, 10], [12, 0], [12, 3], [12, 6], [12, 7], [12, 8], [12, 10], [12, 11], [13, 2], [13, 3], [13, 4], [13, 7], [13, 8], [14, 2], [14, 5], [14, 6], [14, 12]]}, "P2": {"index": 1, "arrival": 62.01753033176692, "quantity": 4, "duedate": 4532.565447542352, "operations": ["O10", "O13", "O4", "O3", "O1", "O16", "O8", "O15", "O6", "O9", "O12", "O2", "O7", "O14"], "dependencies": [[3, 1], [3, 2], [4, 0], [4, 1], [5, 1], [5, 3], [5, 4], [7, 0], [7, 6], [8, 1], [8, 2], [8, 3], [8, 6], [8, 7], [9, 0], [9, 5], [9, 8], [10, 8], [10, 9], [11, 2], [11, 3], [11, 6], [11, 8], [11, 9], [11, 10], [12, 1], [12, 5], [12, 6], [12, 9], [13, 0], [13, 2], [13, 9], [13, 10], [13, 11], [13, 12]]}, "P3": {"index": 2, "arrival": 152.6209418595189, "quantity": 4, "duedate": 1748.300642085158, "operations": ["O2", "O11", "O16", "O6", "O15", "O1", "O14", "O8", "O17"], "dependencies": [[2, 0], [3, 0], [3, 2], [4, 1], [4, 2], [5, 0], [5, 1], [7, 6], [7, 0], [8, 5]]}, "P4": {"index": 3, "arrival": 205.08318336241695, "quantity": 4, "duedate": 2555.8358001345755, "operations": ["O7", "O15", "O5", "O11", "O1", "O14", "O6", "O12", "O4", "O9"], "dependencies": [[3, 0], [3, 1], [4, 0], [4, 1], [4, 3], [6, 3], [6, 5], [7, 1], [7, 2], [7, 5], [8, 1], [8, 2], [8, 7], [9, 0], [9, 2], [9, 3], [9, 5], [9, 6]]}, "P5": {"index": 4, "arrival": 297.2592431538987, "quantity": 4, "duedate": 2293.204112913868, "operations": ["O1", "O17", "O6", "O16", "O3", "O12", "O5", "O9", "O13", "O15"], "dependencies": [[3, 1], [3, 2], [4, 0], [4, 1], [4, 3], [5, 0], [5, 1], [5, 2], [6, 1], [7, 0], [7, 2], [7, 5], [7, 6], [8, 0], [8, 3], [8, 4], [8, 5], [9, 4], [9, 5], [9, 6]]}, "P6": {"index": 5, "arrival": 391.3848809759522, "quantity": 2, "duedate": 1065.7687824467184, "operations": ["O10", "O2", "O15", "O4", "O7"], "dependencies": [[4, 3], [4, 0], [4, 1], [4, 2]]}}}}