{"configurations": {"count": 5, "items": {"K1": {"index": 0, "setupTimes": [0, 6, 7, 9, 4]}, "K2": {"index": 1, "setupTimes": [3, 0, 6, 9, 6]}, "K3": {"index": 2, "setupTimes": [0, 6, 0, 3, 8]}, "K4": {"index": 3, "setupTimes": [9, 3, 1, 0, 1]}, "K5": {"index": 4, "setupTimes": [5, 0, 4, 1, 0]}}}, "testers": {"count": 4, "items": {"T1": {"supportedConfigurations": ["K3", "K4", "K5"]}, "T2": {"supportedConfigurations": ["K5", "K2", "K4", "K1"]}, "T3": {"supportedConfigurations": ["K5", "K4", "K1", "K2"]}, "T4": {"supportedConfigurations": ["K5", "K4", "K1", "K3"]}}}, "operations": {"count": 13, "items": {"O1": {"estimatedTestTime": {"K5": {"distribution": "normal", "mean": 16.043476692607484, "std": 3.2476044524437633}, "K1": {"distribution": "normal", "mean": 29.142578573574447, "std": 3.102059924949457}, "K2": {"distribution": "normal", "mean": 10.374791263909058, "std": 3.710338616252383}, "K4": {"distribution": "normal", "mean": 5.3815973340396095, "std": 3.044580946857621}, "K3": {"distribution": "normal", "mean": 16.690537220350503, "std": 4.073736119052025}}, "compatibleConfigurations": ["K5", "K1", "K2", "K4", "K3"]}, "O2": {"estimatedTestTime": {"K3": {"distribution": "normal", "mean": 28.951375910530782, "std": 2.961515954285475}, "K1": {"distribution": "normal", "mean": 31.234591689178906, "std": 2.572709900176415}}, "compatibleConfigurations": ["K3", "K1"]}, "O3": {"estimatedTestTime": {"K3": {"distribution": "normal", "mean": 13.992997672898712, "std": 4.468557429059337}, "K4": {"distribution": "normal", "mean": 15.633296569622244, "std": 3.744218295040425}, "K5": {"distribution": "normal", "mean": 9.799170881233934, "std": 2.8093161753156752}, "K1": {"distribution": "normal", "mean": 30.76539613341804, "std": 3.168114729279386}}, "compatibleConfigurations": ["K3", "K4", "K5", "K1"]}, "O4": {"estimatedTestTime": {"K5": {"distribution": "normal", "mean": 26.86056056449064, "std": 4.493450746135473}, "K3": {"distribution": "normal", "mean": 8.66234786765895, "std": 4.195301009040959}, "K4": {"distribution": "normal", "mean": 14.379160801170203, "std": 2.89910574006822}}, "compatibleConfigurations": ["K5", "K3", "K4"]}, "O5": {"estimatedTestTime": {"K4": {"distribution": "normal", "mean": 45.20998697077971, "std": 4.952341345246824}, "K5": {"distribution": "normal", "mean": 30.18609967315976, "std": 4.7152259118132465}, "K1": {"distribution": "normal", "mean": 32.86190999422981, "std": 4.092745707531449}, "K3": {"distribution": "normal", "mean": 21.181859549521242, "std": 3.1021355880681734}}, "compatibleConfigurations": ["K4", "K5", "K1", "K3"]}, "O6": {"estimatedTestTime": {"K4": {"distribution": "normal", "mean": 15.178688813891569, "std": 3.480128560269877}, "K1": {"distribution": "normal", "mean": 46.57148152913974, "std": 4.638848174244924}, "K3": {"distribution": "normal", "mean": 49.817768613150726, "std": 2.4784637468932256}, "K2": {"distribution": "normal", "mean": 26.3896378997722, "std": 3.5174184532950097}, "K5": {"distribution": "normal", "mean": 26.780092084627547, "std": 3.536927608356365}}, "compatibleConfigurations": ["K4", "K1", "K3", "K2", "K5"]}, "O7": {"estimatedTestTime": {"K1": {"distribution": "normal", "mean": 26.143533121646207, "std": 3.4036387798594285}, "K2": {"distribution": "normal", "mean": 43.121137330637666, "std": 4.041537133473225}}, "compatibleConfigurations": ["K1", "K2"]}, "O8": {"estimatedTestTime": {"K5": {"distribution": "normal", "mean": 33.675126344110886, "std": 4.3396327727721165}, "K4": {"distribution": "normal", "mean": 41.44584701937273, "std": 3.9039878713638605}}, "compatibleConfigurations": ["K5", "K4"]}, "O9": {"estimatedTestTime": {"K1": {"distribution": "normal", "mean": 13.053683367250429, "std": 2.816360934935073}, "K3": {"distribution": "normal", "mean": 36.69096479936383, "std": 2.687406315641134}, "K5": {"distribution": "normal", "mean": 49.44949473768331, "std": 3.6696287026832928}, "K4": {"distribution": "normal", "mean": 4.295156219227422, "std": 3.9510599154040187}}, "compatibleConfigurations": ["K1", "K3", "K5", "K4"]}, "O10": {"estimatedTestTime": {"K3": {"distribution": "normal", "mean": 16.90951028639087, "std": 4.54468599652942}, "K1": {"distribution": "normal", "mean": 24.55010618932908, "std": 4.753874949024686}, "K2": {"distribution": "normal", "mean": 37.094303327357565, "std": 3.1385205172240815}, "K4": {"distribution": "normal", "mean": 36.230395018713295, "std": 4.528799544522589}, "K5": {"distribution": "normal", "mean": 5.910388515948382, "std": 3.162975192534858}}, "compatibleConfigurations": ["K3", "K1", "K2", "K4", "K5"]}, "O11": {"estimatedTestTime": {"K3": {"distribution": "normal", "mean": 37.29792836200942, "std": 3.8098528215139633}, "K4": {"distribution": "normal", "mean": 4.8023734689333875, "std": 3.784930596221854}}, "compatibleConfigurations": ["K3", "K4"]}, "O12": {"estimatedTestTime": {"K5": {"distribution": "normal", "mean": 3.4971066180854073, "std": 2.877129035785324}, "K2": {"distribution": "normal", "mean": 4.320075607235443, "std": 4.90720291128822}}, "compatibleConfigurations": ["K5", "K2"]}, "O13": {"estimatedTestTime": {"K4": {"distribution": "normal", "mean": 11.527811870154917, "std": 3.8972465389918067}, "K1": {"distribution": "normal", "mean": 27.255093793482125, "std": 3.7095398487315525}, "K5": {"distribution": "normal", "mean": 20.380676406189522, "std": 3.2728392421019565}, "K2": {"distribution": "normal", "mean": 26.005139408196527, "std": 2.9602473658539203}, "K3": {"distribution": "normal", "mean": 42.18022800945934, "std": 2.4202977919649404}}, "compatibleConfigurations": ["K4", "K1", "K5", "K2", "K3"]}}}, "products": {"count": 2, "items": {"P1": {"index": 0, "arrival": 0, "quantity": 3, "duedate": 53.87410346615464, "operations": ["O5", "O12", "O11"], "dependencies": [[1, 0], [2, 0]]}, "P2": {"index": 1, "arrival": 12.371851152826924, "quantity": 2, "duedate": 43.911208946685456, "operations": ["O13", "O12"], "dependencies": [[1, 0]]}}}}