{"configurations": {"count": 5, "items": {"K1": {"index": 0, "setupTimes": [0, 5, 5, 5, 5]}, "K2": {"index": 1, "setupTimes": [5, 0, 5, 5, 5]}, "K3": {"index": 2, "setupTimes": [5, 5, 0, 5, 5]}, "K4": {"index": 3, "setupTimes": [5, 5, 5, 0, 5]}, "K5": {"index": 4, "setupTimes": [5, 5, 5, 5, 0]}}}, "testers": {"count": 5, "items": {"T1": {"supportedConfigurations": ["K1", "K2"]}, "T2": {"supportedConfigurations": ["K3", "K1", "K5"]}, "T3": {"supportedConfigurations": ["K2", "K4"]}, "T4": {"supportedConfigurations": ["K4", "K1"]}, "T5": {"supportedConfigurations": ["K2", "K4"]}}}, "operations": {"count": 15, "items": {"O1": {"estimatedTestTime": {"K3": {"distribution": "normal", "mean": 35.016914256933234, "std": 3.171349427472001}, "K5": {"distribution": "normal", "mean": 42.56297058253414, "std": 2.5359546115288083}, "K1": {"distribution": "normal", "mean": 4.274860940398213, "std": 3.267814023733886}, "K4": {"distribution": "normal", "mean": 14.476694215388445, "std": 4.918885526831117}, "K2": {"distribution": "normal", "mean": 44.933241765815524, "std": 4.390332139062698}}, "compatibleConfigurations": ["K3", "K5", "K1", "K4", "K2"]}, "O2": {"estimatedTestTime": {"K1": {"distribution": "normal", "mean": 34.8847460949139, "std": 4.283932696998347}, "K4": {"distribution": "normal", "mean": 29.79975423557475, "std": 3.1724475266186296}, "K3": {"distribution": "normal", "mean": 44.00851258165926, "std": 4.423090243683278}, "K5": {"distribution": "normal", "mean": 19.72587772568237, "std": 4.813307685442985}, "K2": {"distribution": "normal", "mean": 12.339492896136562, "std": 3.760797267301457}}, "compatibleConfigurations": ["K1", "K4", "K3", "K5", "K2"]}, "O3": {"estimatedTestTime": {"K1": {"distribution": "normal", "mean": 45.32268891144139, "std": 4.394085877578748}, "K4": {"distribution": "normal", "mean": 6.745324803200896, "std": 4.838378128638514}, "K2": {"distribution": "normal", "mean": 11.979536958133016, "std": 2.8040410463750653}, "K3": {"distribution": "normal", "mean": 40.598660099255476, "std": 3.4426659470017134}, "K5": {"distribution": "normal", "mean": 21.47998307919638, "std": 4.284810577069215}}, "compatibleConfigurations": ["K1", "K4", "K2", "K3", "K5"]}, "O4": {"estimatedTestTime": {"K4": {"distribution": "normal", "mean": 18.392823792505183, "std": 4.073270491870133}, "K2": {"distribution": "normal", "mean": 30.05577023669734, "std": 4.598044122167889}, "K3": {"distribution": "normal", "mean": 20.540325837242932, "std": 4.298210129652539}, "K5": {"distribution": "normal", "mean": 40.200020148199705, "std": 2.6872598348737298}, "K1": {"distribution": "normal", "mean": 35.44190652882176, "std": 3.022593522668588}}, "compatibleConfigurations": ["K4", "K2", "K3", "K5", "K1"]}, "O5": {"estimatedTestTime": {"K3": {"distribution": "normal", "mean": 42.60057095793156, "std": 4.311996988065417}, "K5": {"distribution": "normal", "mean": 4.80061783406723, "std": 3.0466046102645046}, "K4": {"distribution": "normal", "mean": 36.458629684282855, "std": 3.860004911149751}, "K2": {"distribution": "normal", "mean": 30.533426750102883, "std": 2.932886762706479}, "K1": {"distribution": "normal", "mean": 21.764266023767167, "std": 4.057039781679249}}, "compatibleConfigurations": ["K3", "K5", "K4", "K2", "K1"]}, "O6": {"estimatedTestTime": {"K1": {"distribution": "normal", "mean": 47.8872928610096, "std": 2.5304896404281227}, "K5": {"distribution": "normal", "mean": 16.983682759541615, "std": 2.4593426934465215}, "K2": {"distribution": "normal", "mean": 8.949825240324937, "std": 3.2703559713984562}, "K3": {"distribution": "normal", "mean": 34.01795561960336, "std": 4.24537964073203}, "K4": {"distribution": "normal", "mean": 43.710807199054294, "std": 3.089015268623232}}, "compatibleConfigurations": ["K1", "K5", "K2", "K3", "K4"]}, "O7": {"estimatedTestTime": {"K5": {"distribution": "normal", "mean": 13.376394337414482, "std": 2.035763656045335}, "K1": {"distribution": "normal", "mean": 42.190830675919415, "std": 4.489470952769665}, "K2": {"distribution": "normal", "mean": 12.840061044785744, "std": 4.752742046314237}, "K4": {"distribution": "normal", "mean": 21.212765742806816, "std": 4.497927336303192}, "K3": {"distribution": "normal", "mean": 16.34624411062095, "std": 2.0347884181672375}}, "compatibleConfigurations": ["K5", "K1", "K2", "K4", "K3"]}, "O8": {"estimatedTestTime": {"K4": {"distribution": "normal", "mean": 23.866231847874342, "std": 3.648546698351269}, "K3": {"distribution": "normal", "mean": 6.4319917256189765, "std": 2.5196302187894895}, "K5": {"distribution": "normal", "mean": 24.94364720880766, "std": 4.099180580045671}, "K2": {"distribution": "normal", "mean": 19.07078643211097, "std": 2.0730167310009}, "K1": {"distribution": "normal", "mean": 48.12244046598144, "std": 2.485932878716549}}, "compatibleConfigurations": ["K4", "K3", "K5", "K2", "K1"]}, "O9": {"estimatedTestTime": {"K3": {"distribution": "normal", "mean": 10.566123563481039, "std": 2.941509467961768}, "K2": {"distribution": "normal", "mean": 29.96646414077814, "std": 3.698989546673103}, "K5": {"distribution": "normal", "mean": 21.32697983710478, "std": 2.1434272242892396}, "K1": {"distribution": "normal", "mean": 25.455498577716323, "std": 2.3687617530381555}, "K4": {"distribution": "normal", "mean": 17.684629076420173, "std": 2.118931209409663}}, "compatibleConfigurations": ["K3", "K2", "K5", "K1", "K4"]}, "O10": {"estimatedTestTime": {"K4": {"distribution": "normal", "mean": 5.0446677028248175, "std": 2.4386331013614644}, "K3": {"distribution": "normal", "mean": 7.019751778994124, "std": 4.704559647590015}, "K1": {"distribution": "normal", "mean": 25.795016011041184, "std": 4.552267168799451}, "K5": {"distribution": "normal", "mean": 9.280908906348566, "std": 4.897439988669623}, "K2": {"distribution": "normal", "mean": 20.038081720824188, "std": 2.7308304639564227}}, "compatibleConfigurations": ["K4", "K3", "K1", "K5", "K2"]}, "O11": {"estimatedTestTime": {"K5": {"distribution": "normal", "mean": 46.93112647788329, "std": 3.373942407666846}, "K2": {"distribution": "normal", "mean": 5.27460542904924, "std": 3.3277856419238723}, "K1": {"distribution": "normal", "mean": 22.092872231494255, "std": 3.2991088044783834}, "K3": {"distribution": "normal", "mean": 4.018742091505866, "std": 4.0513768034539}, "K4": {"distribution": "normal", "mean": 46.663085750505246, "std": 4.502827184703401}}, "compatibleConfigurations": ["K5", "K2", "K1", "K3", "K4"]}, "O12": {"estimatedTestTime": {"K3": {"distribution": "normal", "mean": 36.51483326752475, "std": 3.917036708619913}, "K2": {"distribution": "normal", "mean": 38.74249364357051, "std": 4.617605260697934}, "K5": {"distribution": "normal", "mean": 31.796423732414382, "std": 2.187022866371885}, "K4": {"distribution": "normal", "mean": 43.65044603768281, "std": 2.4265724688569272}, "K1": {"distribution": "normal", "mean": 8.78737918318229, "std": 2.183195696235729}}, "compatibleConfigurations": ["K3", "K2", "K5", "K4", "K1"]}, "O13": {"estimatedTestTime": {"K3": {"distribution": "normal", "mean": 21.86321874257864, "std": 3.308500604564458}, "K1": {"distribution": "normal", "mean": 27.427657285088216, "std": 4.734758825253022}, "K4": {"distribution": "normal", "mean": 21.743328538986873, "std": 4.769352303593398}, "K2": {"distribution": "normal", "mean": 21.855621924477454, "std": 3.5706539744944785}, "K5": {"distribution": "normal", "mean": 38.610817362758134, "std": 4.8865022955625435}}, "compatibleConfigurations": ["K3", "K1", "K4", "K2", "K5"]}, "O14": {"estimatedTestTime": {"K5": {"distribution": "normal", "mean": 27.075841595046178, "std": 4.855497614650669}, "K4": {"distribution": "normal", "mean": 27.731486839419667, "std": 2.748867493954472}, "K1": {"distribution": "normal", "mean": 21.26641404739567, "std": 2.349582184689565}, "K3": {"distribution": "normal", "mean": 10.317002902680413, "std": 4.73987794267942}, "K2": {"distribution": "normal", "mean": 17.0722607624352, "std": 4.77576227040759}},