{"configurations": {"count": 3, "items": {"K1": {"index": 0, "setupTimes": [0, 22, 43]}, "K2": {"index": 1, "setupTimes": [44, 0, 54]}, "K3": {"index": 2, "setupTimes": [46, 10, 0]}}}, "testers": {"count": 2, "items": {"T1": {"supportedConfigurations": ["K1", "K2", "K3"]}, "T2": {"supportedConfigurations": ["K1", "K3", "K2"]}}}, "operations": {"count": 19, "items": {"O1": {"estimatedTestTime": {"K1": {"distribution": "normal", "mean": 348.7591739912989, "std": 2.855237350098233}, "K2": {"distribution": "normal", "mean": 270.30496448953744, "std": 4.149667024273728}, "K3": {"distribution": "normal", "mean": 79.95944195226613, "std": 3.641590335046814}}, "compatibleConfigurations": ["K1", "K2", "K3"]}, "O2": {"estimatedTestTime": {"K3": {"distribution": "normal", "mean": 204.6254086345173, "std": 4.262895511348243}, "K2": {"distribution": "normal", "mean": 122.4473719400692, "std": 2.701603182091273}}, "compatibleConfigurations": ["K3", "K2"]}, "O3": {"estimatedTestTime": {"K1": {"distribution": "normal", "mean": 395.32899611388336, "std": 2.5751332310755237}, "K3": {"distribution": "normal", "mean": 267.2303326684373, "std": 4.035707918836341}}, "compatibleConfigurations": ["K1", "K3"]}, "O4": {"estimatedTestTime": {"K3": {"distribution": "normal", "mean": 495.7765037810805, "std": 2.7713008525573986}, "K2": {"distribution": "normal", "mean": 250.5450459713591, "std": 4.436652196849711}}, "compatibleConfigurations": ["K3", "K2"]}, "O5": {"estimatedTestTime": {"K1": {"distribution": "normal", "mean": 370.3882134716434, "std": 4.940956629030823}, "K3": {"distribution": "normal", "mean": 320.47951446486786, "std": 2.0652981603557525}}, "compatibleConfigurations": ["K1", "K3"]}, "O6": {"estimatedTestTime": {"K1": {"distribution": "normal", "mean": 433.314691487808, "std": 3.505974194273433}, "K3": {"distribution": "normal", "mean": 389.396344111629, "std": 2.192998423853563}}, "compatibleConfigurations": ["K1", "K3"]}, "O7": {"estimatedTestTime": {"K3": {"distribution": "normal", "mean": 452.0387093797792, "std": 3.9384083397458634}, "K1": {"distribution": "normal", "mean": 424.899122435028, "std": 3.439769193825248}}, "compatibleConfigurations": ["K3", "K1"]}, "O8": {"estimatedTestTime": {"K3": {"distribution": "normal", "mean": 136.32454433829585, "std": 4.310098072653863}, "K2": {"distribution": "normal", "mean": 448.5293219547052, "std": 3.9463456037224933}, "K1": {"distribution": "normal", "mean": 403.9276325748998, "std": 4.441755942291536}}, "compatibleConfigurations": ["K3", "K2", "K1"]}, "O9": {"estimatedTestTime": {"K1": {"distribution": "normal", "mean": 460.9833043958811, "std": 2.1889391758904972}, "K2": {"distribution": "normal", "mean": 419.89414415942315, "std": 3.7194006284598573}}, "compatibleConfigurations": ["K1", "K2"]}, "O10": {"estimatedTestTime": {"K2": {"distribution": "normal", "mean": 320.01693296730036, "std": 3.8162128779893196}, "K1": {"distribution": "normal", "mean": 19.451915223329962, "std": 4.047447938389672}, "K3": {"distribution": "normal", "mean": 158.69969785058834, "std": 2.7075437543673697}}, "compatibleConfigurations": ["K2", "K1", "K3"]}, "O11": {"estimatedTestTime": {"K2": {"distribution": "normal", "mean": 469.9477573556656, "std": 4.016664220065535}, "K3": {"distribution": "normal", "mean": 404.2404412869842, "std": 4.976431648599484}, "K1": {"distribution": "normal", "mean": 219.8739775824933, "std": 4.991802140427309}}, "compatibleConfigurations": ["K2", "K3", "K1"]}, "O12": {"estimatedTestTime": {"K1": {"distribution": "normal", "mean": 265.12013712251047, "std": 3.7785000236480943}, "K3": {"distribution": "normal", "mean": 496.839588185561, "std": 4.256919209270158}, "K2": {"distribution": "normal", "mean": 267.2025894912673, "std": 3.507420924731134}}, "compatibleConfigurations": ["K1", "K3", "K2"]}, "O13": {"estimatedTestTime": {"K2": {"distribution": "normal", "mean": 327.53635673837954, "std": 2.5442227710162837}, "K3": {"distribution": "normal", "mean": 99.13084257414485, "std": 3.0476271887870903}, "K1": {"distribution": "normal", "mean": 287.3499098765535, "std": 4.32670413927061}}, "compatibleConfigurations": ["K2", "K3", "K1"]}, "O14": {"estimatedTestTime": {"K3": {"distribution": "normal", "mean": 494.0833743155064, "std": 3.310434593331087}, "K2": {"distribution": "normal", "mean": 408.2752240806997, "std": 3.91859830431438}}, "compatibleConfigurations": ["K3", "K2"]}, "O15": {"estimatedTestTime": {"K1": {"distribution": "normal", "mean": 458.6808416734069, "std": 3.410780914500931}, "K3": {"distribution": "normal", "mean": 127.35197936932349, "std": 2.8872558506129007}, "K2": {"distribution": "normal", "mean": 172.65301296186817, "std": 4.076152864200261}}, "compatibleConfigurations": ["K1", "K3", "K2"]}, "O16": {"estimatedTestTime": {"K2": {"distribution": "normal", "mean": 338.6153805962407, "std": 2.8149323669016026}, "K1": {"distribution": "normal", "mean": 293.2866835651358, "std": 4.319756660803588}, "K3": {"distribution": "normal", "mean": 347.9324658718789, "std": 3.7846115390363986}}, "compatibleConfigurations": ["K2", "K1", "K3"]}, "O17": {"estimatedTestTime": {"K3": {"distribution": "normal", "mean": 360.7698883735735, "std": 4.002404234439056}, "K2": {"distribution": "normal", "mean": 303.23365249960074, "std": 4.946879475573044}}, "compatibleConfigurations": ["K3", "K2"]}, "O18": {"estimatedTestTime": {"K2": {"distribution": "normal", "mean": 218.5974044984866, "std": 4.328821940861458}, "K3": {"distribution": "normal", "mean": 294.75151853736605, "std": 2.226542068490714}}, "compatibleConfigurations": ["K2", "K3"]}, "O19": {"estimatedTestTime": {"K3": {"distribution": "normal", "mean": 243.99861428246416, "std": 2.9601774743600284}, "K2": {"distribution": "normal", "mean": 480.11237725344364, "std": 2.629650892175773}}, "compatibleConfigurations": ["K3", "K2"]}}}, "products": {"count": 5, "items": {"P1": {"index": 0, "arrival": 0, "quantity": 3, "duedate": 2430.403597525548, "operations": ["O4", "O1", "O8", "O3", "O11", "O6", "O12", "O2", "O17", "O5", "O19"], "dependencies": [[1, 0], [4, 0], [4, 1], [4, 2], [5, 3], [6, 2], [6, 4], [6, 5], [7, 2], [7, 4], [7, 5], [8, 3], [8, 5], [8, 7], [9, 0], [9, 2], [9, 4], [10, 0], [10, 3], [10, 6]]}, "P2": {"index": 1, "arrival": 85.14227024486705, "quantity": 4, "duedate": 2141.0647048915507, "operations": ["O18", "O12", "O7", "O10", "O1", "O14", "O19"], "dependencies": [[2, 0], [2, 1], [3, 2], [4, 0], [4, 1], [5, 0], [6, 1], [6, 5]]}, "P3": {"index": 2, "arrival": 151.6496434595049, "quantity": 5, "duedate": 1747.4324252300396, "operations": ["O18", "O1", "O10", "O5", "O3", "O19", "O7"], "dependencies": [[3, 2], [4, 2], [5, 1], [5, 2], [5, 0], [6, 1]]}, "P4": {"index": 3, "arrival": 228.50836880433752, "quantity": 2, "duedate": 1710.0054908197978, "operations": ["O4", "O18", "O1", "O14", "O11", "O19", "O5", "O13", "O12"], "dependencies": [[1, 0], [2, 0], [2, 1], [4, 1], [4, 3], [6, 2], [7, 2], [7, 3], [7, 4], [7, 5], [8, 0], [8, 2], [8, 3], [8, 5], [8, 6]]}, "P5": {"index": 4, "arrival": 326.4177268666168, "quantity": 5, "duedate": 4607.774973564481, "operations": ["O9", "O5", "O10", "O4", "O16", "O1", "O8", "O14", "O15", "O6", "O18", "O13", "O19", "O7"], "dependencies": [[4, 1], [5, 0], [5, 1], [5, 2], [5, 3], [5, 4], [6, 2], [6, 3], [6, 5], [7, 3], [8, 0], [8, 1], [8, 2], [9, 0], [9, 8], [10, 1], [10, 2], [10, 4], [10, 7], [10, 9], [11, 1], [11, 7], [11, 8], [11, 10], [12, 1], [12, 4], [12, 8], [13, 0], [13, 3], [13, 4], [13, 5], [13, 8], [13, 10], [13, 12]]}}}}