{"configurations": {"count": 2, "items": {"K1": {"index": 0, "setupTimes": [0, 2]}, "K2": {"index": 1, "setupTimes": [6, 0]}}}, "testers": {"count": 4, "items": {"T1": {"supportedConfigurations": ["K2", "K1"]}, "T2": {"supportedConfigurations": ["K1", "K2"]}, "T3": {"supportedConfigurations": ["K1", "K2"]}, "T4": {"supportedConfigurations": ["K2", "K1"]}}}, "operations": {"count": 14, "items": {"O1": {"estimatedTestTime": {"K2": {"distribution": "normal", "mean": 36.648282166431315, "std": 4.9302760301808055}, "K1": {"distribution": "normal", "mean": 45.49001088746646, "std": 3.0411658102231858}}, "compatibleConfigurations": ["K2", "K1"]}, "O2": {"estimatedTestTime": {"K1": {"distribution": "normal", "mean": 36.695483814975795, "std": 4.498403528749676}, "K2": {"distribution": "normal", "mean": 41.2870529369292, "std": 4.211770386302644}}, "compatibleConfigurations": ["K1", "K2"]}, "O3": {"estimatedTestTime": {"K1": {"distribution": "normal", "mean": 38.98946592477273, "std": 3.172844069568887}, "K2": {"distribution": "normal", "mean": 28.945518422643588, "std": 4.697049379676248}}, "compatibleConfigurations": ["K1", "K2"]}, "O4": {"estimatedTestTime": {"K1": {"distribution": "normal", "mean": 14.454594924461801, "std": 3.607829098024501}, "K2": {"distribution": "normal", "mean": 37.920035689953835, "std": 2.4011676315381942}}, "compatibleConfigurations": ["K1", "K2"]}, "O5": {"estimatedTestTime": {"K1": {"distribution": "normal", "mean": 32.90500458570843, "std": 2.1088947541310135}, "K2": {"distribution": "normal", "mean": 37.896179622162805, "std": 3.5793727488360982}}, "compatibleConfigurations": ["K1", "K2"]}, "O6": {"estimatedTestTime": {"K1": {"distribution": "normal", "mean": 45.01859766952899, "std": 4.788320526371904}, "K2": {"distribution": "normal", "mean": 26.562694424005464, "std": 2.1821873757826467}}, "compatibleConfigurations": ["K1", "K2"]}, "O7": {"estimatedTestTime": {"K1": {"distribution": "normal", "mean": 11.231997871852775, "std": 4.877396821529375}, "K2": {"distribution": "normal", "mean": 47.4555518825548, "std": 3.4097291801380654}}, "compatibleConfigurations": ["K1", "K2"]}, "O8": {"estimatedTestTime": {"K1": {"distribution": "normal", "mean": 10.875509042425318, "std": 2.248329726610831}, "K2": {"distribution": "normal", "mean": 30.43387301830755, "std": 4.918772295776333}}, "compatibleConfigurations": ["K1", "K2"]}, "O9": {"estimatedTestTime": {"K2": {"distribution": "normal", "mean": 5.832739306908486, "std": 2.409049747245589}, "K1": {"distribution": "normal", "mean": 25.580496308745694, "std": 3.1771060524687886}}, "compatibleConfigurations": ["K2", "K1"]}, "O10": {"estimatedTestTime": {"K2": {"distribution": "normal", "mean": 28.85893415237443, "std": 4.957571447798383}, "K1": {"distribution": "normal", "mean": 41.78465529273142, "std": 3.9412789899552516}}, "compatibleConfigurations": ["K2", "K1"]}, "O11": {"estimatedTestTime": {"K2": {"distribution": "normal", "mean": 20.563194071299044, "std": 4.908657609937348}, "K1": {"distribution": "normal", "mean": 15.014136488904459, "std": 4.023882314122385}}, "compatibleConfigurations": ["K2", "K1"]}, "O12": {"estimatedTestTime": {"K2": {"distribution": "normal", "mean": 39.093980037483874, "std": 2.2682063839477737}, "K1": {"distribution": "normal", "mean": 39.10829560666149, "std": 2.027445805338878}}, "compatibleConfigurations": ["K2", "K1"]}, "O13": {"estimatedTestTime": {"K2": {"distribution": "normal", "mean": 10.775606047407765, "std": 3.669857514028615}, "K1": {"distribution": "normal", "mean": 46.588903171897876, "std": 4.90401391953724}}, "compatibleConfigurations": ["K2", "K1"]}, "O14": {"estimatedTestTime": {"K2": {"distribution": "normal", "mean": 24.83590670200487, "std": 2.468060555383687}, "K1": {"distribution": "normal", "mean": 11.413733721896929, "std": 2.467029816308158}}, "compatibleConfigurations": ["K2", "K1"]}}}, "products": {"count": 4, "items": {"P1": {"index": 0, "arrival": 0, "quantity": 2, "duedate": 96.0201407098945, "operations": ["O5", "O10", "O4", "O12"], "dependencies": [[2, 0], [3, 1], [3, 2]]}, "P2": {"index": 1, "arrival": 14.202574752737968, "quantity": 2, "duedate": 66.36029844343463, "operations": ["O5", "O4", "O9", "O7"], "dependencies": [[2, 1], [2, 0], [3, 1]]}, "P3": {"index": 2, "arrival": 27.079393891014234, "quantity": 5, "duedate": 116.72541147469116, "operations": ["O4", "O2", "O12"], "dependencies": [[2, 0], [2, 1]]}, "P4": {"index": 3, "arrival": 71.86613006155181, "quantity": 5, "duedate": 155.64678370082726, "operations": ["O8", "O6", "O4", "O1"], "dependencies": [[2, 1], [2, 0], [3, 1]]}}}}