{"configurations": {"count": 5, "items": {"K1": {"index": 0, "setupTimes": [0, 5, 10, 8, 7]}, "K2": {"index": 1, "setupTimes": [4, 0, 4, 8, 9]}, "K3": {"index": 2, "setupTimes": [4, 4, 0, 6, 3]}, "K4": {"index": 3, "setupTimes": [3, 0, 10, 0, 7]}, "K5": {"index": 4, "setupTimes": [6, 1, 6, 7, 0]}}}, "testers": {"count": 3, "items": {"T1": {"supportedConfigurations": ["K5", "K2", "K3"]}, "T2": {"supportedConfigurations": ["K2", "K1", "K4", "K5"]}, "T3": {"supportedConfigurations": ["K5", "K2", "K4"]}}}, "operations": {"count": 15, "items": {"O1": {"estimatedTestTime": {"K3": {"distribution": "normal", "mean": 38.913148732252345, "std": 2.980798894392311}, "K2": {"distribution": "normal", "mean": 46.15490760266249, "std": 2.334320940073838}, "K4": {"distribution": "normal", "mean": 30.07123155155852, "std": 2.6009099638869557}, "K5": {"distribution": "normal", "mean": 31.58300272520608, "std": 4.026212291964678}, "K1": {"distribution": "normal", "mean": 5.042732539427755, "std": 2.611145340882014}}, "compatibleConfigurations": ["K3", "K2", "K4", "K5", "K1"]}, "O2": {"estimatedTestTime": {"K5": {"distribution": "normal", "mean": 5.167401463504431, "std": 2.4354937925162803}, "K3": {"distribution": "normal", "mean": 27.37660151479443, "std": 4.503378531445593}, "K1": {"distribution": "normal", "mean": 27.624130545969507, "std": 2.015810281765169}, "K2": {"distribution": "normal", "mean": 5.367130935223933, "std": 4.617710591720692}}, "compatibleConfigurations": ["K5", "K3", "K1", "K2"]}, "O3": {"estimatedTestTime": {"K1": {"distribution": "normal", "mean": 45.81167255480132, "std": 4.993229130757088}, "K4": {"distribution": "normal", "mean": 11.002723492123296, "std": 2.986015038985342}, "K5": {"distribution": "normal", "mean": 4.534895739936683, "std": 2.0565721329170685}, "K3": {"distribution": "normal", "mean": 31.239262801531755, "std": 3.0799766997818665}, "K2": {"distribution": "normal", "mean": 25.31825389053877, "std": 2.520777783028459}}, "compatibleConfigurations": ["K1", "K4", "K5", "K3", "K2"]}, "O4": {"estimatedTestTime": {"K2": {"distribution": "normal", "mean": 26.536850730301587, "std": 2.2284384077422743}, "K3": {"distribution": "normal", "mean": 31.54902724046108, "std": 3.803677967830346}}, "compatibleConfigurations": ["K2", "K3"]}, "O5": {"estimatedTestTime": {"K1": {"distribution": "normal", "mean": 26.665070396741985, "std": 3.441762228853441}, "K2": {"distribution": "normal", "mean": 5.180006732165131, "std": 4.369813012807702}, "K4": {"distribution": "normal", "mean": 13.229249736698543, "std": 2.2135536708154757}, "K5": {"distribution": "normal", "mean": 6.269417099027605, "std": 2.561149685507995}, "K3": {"distribution": "normal", "mean": 6.496444681027212, "std": 2.4227162772353905}}, "compatibleConfigurations": ["K1", "K2", "K4", "K5", "K3"]}, "O6": {"estimatedTestTime": {"K1": {"distribution": "normal", "mean": 25.01560661236291, "std": 4.724738688508821}, "K3": {"distribution": "normal", "mean": 4.451152045222797, "std": 4.200463818835802}, "K5": {"distribution": "normal", "mean": 43.53198571164437, "std": 4.588059302907178}, "K2": {"distribution": "normal", "mean": 35.19401907723885, "std": 3.7609876882674533}}, "compatibleConfigurations": ["K1", "K3", "K5", "K2"]}, "O7": {"estimatedTestTime": {"K3": {"distribution": "normal", "mean": 10.365982651833873, "std": 2.1005560123937963}, "K1": {"distribution": "normal", "mean": 27.804523928105425, "std": 3.088506140333879}, "K5": {"distribution": "normal", "mean": 34.56694908737907, "std": 4.805831516906636}}, "compatibleConfigurations": ["K3", "K1", "K5"]}, "O8": {"estimatedTestTime": {"K4": {"distribution": "normal", "mean": 36.17181074798628, "std": 4.940059410754143}, "K1": {"distribution": "normal", "mean": 8.587576196243708, "std": 4.6102283347794355}, "K3": {"distribution": "normal", "mean": 26.636356120025415, "std": 4.6438214496614245}, "K5": {"distribution": "normal", "mean": 23.550565419454404, "std": 3.389089213972576}, "K2": {"distribution": "normal", "mean": 22.606865991115136, "std": 3.289746990185318}}, "compatibleConfigurations": ["K4", "K1", "K3", "K5", "K2"]}, "O9": {"estimatedTestTime": {"K4": {"distribution": "normal", "mean": 39.39273387220962, "std": 4.38132781633621}, "K3": {"distribution": "normal", "mean": 3.694525430821633, "std": 3.4310296683360413}}, "compatibleConfigurations": ["K4", "K3"]}, "O10": {"estimatedTestTime": {"K1": {"distribution": "normal", "mean": 10.731793919769917, "std": 2.9613845677407626}, "K3": {"distribution": "normal", "mean": 30.55318193283574, "std": 2.968648092990965}}, "compatibleConfigurations": ["K1", "K3"]}, "O11": {"estimatedTestTime": {"K2": {"distribution": "normal", "mean": 7.92474193301174, "std": 4.02508903030362}, "K1": {"distribution": "normal", "mean": 41.8820997061382, "std": 3.983451503024114}}, "compatibleConfigurations": ["K2", "K1"]}, "O12": {"estimatedTestTime": {"K1": {"distribution": "normal", "mean": 38.271418747962485, "std": 2.3801230162591906}, "K4": {"distribution": "normal", "mean": 47.787421431590474, "std": 3.182713838659299}, "K5": {"distribution": "normal", "mean": 8.482172187646634, "std": 2.471369895152281}, "K3": {"distribution": "normal", "mean": 5.754203240205193, "std": 3.2492772936422973}}, "compatibleConfigurations": ["K1", "K4", "K5", "K3"]}, "O13": {"estimatedTestTime": {"K3": {"distribution": "normal", "mean": 11.163439399229457, "std": 4.03988531663555}, "K2": {"distribution": "normal", "mean": 15.766148213268373, "std": 3.5620403414497863}, "K1": {"distribution": "normal", "mean": 45.962575178592665, "std": 4.756304381980842}, "K4": {"distribution": "normal", "mean": 13.392058545672958, "std": 2.4760792361973025}}, "compatibleConfigurations": ["K3", "K2", "K1", "K4"]}, "O14": {"estimatedTestTime": {"K5": {"distribution": "normal", "mean": 29.38643197045458, "std": 2.624621388857679}, "K4": {"distribution": "normal", "mean": 47.00572377723052, "std": 2.5582004873257467}, "K1": {"distribution": "normal", "mean": 49.06763156688861, "std": 4.165209359178926}, "K2": {"distribution": "normal", "mean": 20.647834151141105, "std": 3.95957441249454}, "K3": {"distribution": "normal", "mean": 46.17486798268975, "std": 4.613385665176179}}, "compatibleConfigurations": ["K5", "K4", "K1", "K2", "K3"]}, "O15": {"estimatedTestTime": {"K5": {"distribution": "normal", "mean": 45.88113861460074, "std": 3.532017230337391}, "K3": {"distribution": "normal", "mean": 29.956725867199804, "std": 2.5182030882833084}, "K2": {"distribution": "normal", "mean": 13.358595272536729, "std": 4.040864811458571}, "K1": {"distribution": "normal", "mean": 30.96428764034198, "std": 2.3182899932170984}, "K4": {"distribution": "normal", "mean": 44.378567323646024, "std": 2.5941089382496534}}, "compatibleConfigurations": ["K5", "K3", "K2", "K1", "K4"]}}}, "products": {"count": 4, "items": {"P1": {"index": 0, "arrival": 0, "quantity": 4, "duedate": 92.82280609235976, "operations": ["O4", "O5", "O13", "O3"], "dependencies": [[1, 0], [2, 1], [3, 1]]}, "P2": {"index": 1, "arrival": 33.417856728812836, "quantity": 3, "duedate": 87.60435366003016, "operations": ["O2", "O5", "O9", "O3", "O14"], "dependencies": [[3, 1], [3, 2], [4, 0], [4, 1]]}, "P3": {"index": 2, "arrival": 43.37894889838529, "quantity": 2, "duedate": 139.61417572520102, "operations": ["O2", "O14", "O11", "O6", "O7"], "dependencies": [[1, 0], [2, 0], [3, 2], [4, 3]]}, "P4": {"index": 3, "arrival": 64.32876398740346, "quantity": 2, "duedate": 123.02015920104202, "operations": ["O12", "O3", "O14", "O8"], "dependencies": [[2, 0], [2, 1], [3, 0]]}}}}