{"configurations": {"count": 5, "items": {"K1": {"index": 0, "setupTimes": [0, 5, 5, 5, 5]}, "K2": {"index": 1, "setupTimes": [5, 0, 5, 5, 5]}, "K3": {"index": 2, "setupTimes": [5, 5, 0, 5, 5]}, "K4": {"index": 3, "setupTimes": [5, 5, 5, 0, 5]}, "K5": {"index": 4, "setupTimes": [5, 5, 5, 5, 0]}}}, "testers": {"count": 5, "items": {"T1": {"supportedConfigurations": ["K4", "K2"]}, "T2": {"supportedConfigurations": ["K2", "K5"]}, "T3": {"supportedConfigurations": ["K1", "K5", "K3"]}, "T4": {"supportedConfigurations": ["K2", "K5"]}, "T5": {"supportedConfigurations": ["K5", "K4"]}}}, "operations": {"count": 15, "items": {"O1": {"estimatedTestTime": {"K5": {"distribution": "normal", "mean": 34.66626211956129, "std": 3.896322526792775}, "K2": {"distribution": "normal", "mean": 27.76051581111519, "std": 3.8580303294131473}, "K1": {"distribution": "normal", "mean": 29.578871707422593, "std": 4.245234972061355}, "K4": {"distribution": "normal", "mean": 22.384146593634025, "std": 3.761630355097447}, "K3": {"distribution": "normal", "mean": 43.06705289612467, "std": 4.310707404943209}}, "compatibleConfigurations": ["K5", "K2", "K1", "K4", "K3"]}, "O2": {"estimatedTestTime": {"K3": {"distribution": "normal", "mean": 14.214241791703902, "std": 3.1374224938884474}, "K5": {"distribution": "normal", "mean": 26.40781823891388, "std": 3.3408773703375583}, "K2": {"distribution": "normal", "mean": 13.249286826170659, "std": 4.015686559828329}, "K1": {"distribution": "normal", "mean": 31.999191893084046, "std": 4.990013607527878}, "K4": {"distribution": "normal", "mean": 5.953237113990989, "std": 2.6517057424123145}}, "compatibleConfigurations": ["K3", "K5", "K2", "K1", "K4"]}, "O3": {"estimatedTestTime": {"K2": {"distribution": "normal", "mean": 49.38999254042872, "std": 4.158168836924114}, "K3": {"distribution": "normal", "mean": 30.69516372993226, "std": 4.616048837615496}, "K4": {"distribution": "normal", "mean": 12.89360417033768, "std": 4.435645275665907}, "K1": {"distribution": "normal", "mean": 33.89673770546407, "std": 4.186789605200103}, "K5": {"distribution": "normal", "mean": 38.19748366199136, "std": 2.5994473156227014}}, "compatibleConfigurations": ["K2", "K3", "K4", "K1", "K5"]}, "O4": {"estimatedTestTime": {"K4": {"distribution": "normal", "mean": 43.20333945223517, "std": 4.519851000384703}, "K2": {"distribution": "normal", "mean": 23.221809829774774, "std": 3.588409436534061}, "K1": {"distribution": "normal", "mean": 8.086054053209129, "std": 2.3191305338359727}, "K5": {"distribution": "normal", "mean": 37.90148311618674, "std": 2.2683880281092845}, "K3": {"distribution": "normal", "mean": 34.22296735801116, "std": 2.909114837234739}}, "compatibleConfigurations": ["K4", "K2", "K1", "K5", "K3"]}, "O5": {"estimatedTestTime": {"K5": {"distribution": "normal", "mean": 30.106352440858657, "std": 4.142858948142629}, "K3": {"distribution": "normal", "mean": 33.480404925257126, "std": 4.393664867671843}, "K2": {"distribution": "normal", "mean": 12.724835135281635, "std": 3.271575838908924}, "K4": {"distribution": "normal", "mean": 6.281540941983941, "std": 3.5214262446713542}, "K1": {"distribution": "normal", "mean": 33.13806489576784, "std": 4.969946411774913}}, "compatibleConfigurations": ["K5", "K3", "K2", "K4", "K1"]}, "O6": {"estimatedTestTime": {"K1": {"distribution": "normal", "mean": 26.535721461215743, "std": 4.548372165484096}, "K4": {"distribution": "normal", "mean": 33.47837479878813, "std": 2.5502485730038256}, "K2": {"distribution": "normal", "mean": 3.1929214204970133, "std": 2.808720254069566}, "K5": {"distribution": "normal", "mean": 7.780445713878448, "std": 4.427907900907558}, "K3": {"distribution": "normal", "mean": 32.301809122511216, "std": 3.1988091235011815}}, "compatibleConfigurations": ["K1", "K4", "K2", "K5", "K3"]}, "O7": {"estimatedTestTime": {"K5": {"distribution": "normal", "mean": 19.947668038258737, "std": 2.6178810991062207}, "K2": {"distribution": "normal", "mean": 39.674776225022136, "std": 4.707511793958169}, "K4": {"distribution": "normal", "mean": 45.55243929676793, "std": 4.658292707366021}, "K1": {"distribution": "normal", "mean": 41.41182469830164, "std": 4.810707919532374}, "K3": {"distribution": "normal", "mean": 49.07821635578148, "std": 2.458606478720118}}, "compatibleConfigurations": ["K5", "K2", "K4", "K1", "K3"]}, "O8": {"estimatedTestTime": {"K1": {"distribution": "normal", "mean": 39.3365766825277, "std": 3.057195568825281}, "K5": {"distribution": "normal", "mean": 27.57717441551459, "std": 2.3480299419084836}, "K4": {"distribution": "normal", "mean": 43.68996125424886, "std": 4.461251152685424}, "K2": {"distribution": "normal", "mean": 46.7266067376641, "std": 4.2883872036345005}, "K3": {"distribution": "normal", "mean": 34.2630149037748, "std": 2.8224413980044294}}, "compatibleConfigurations": ["K1", "K5", "K4", "K2", "K3"]}, "O9": {"estimatedTestTime": {"K3": {"distribution": "normal", "mean": 37.5265572565172, "std": 3.2744314770183776}, "K4": {"distribution": "normal", "mean": 33.88561077759121, "std": 3.684473007426717}, "K2": {"distribution": "normal", "mean": 11.26274903053993, "std": 2.5160147800442707}, "K5": {"distribution": "normal", "mean": 9.997666616616808, "std": 4.826960579112786}, "K1": {"distribution": "normal", "mean": 33.717698767357966, "std": 4.3917106131301775}}, "compatibleConfigurations": ["K3", "K4", "K2", "K5", "K1"]}, "O10": {"estimatedTestTime": {"K5": {"distribution": "normal", "mean": 24.336673417023853, "std": 2.560323017353034}, "K4": {"distribution": "normal", "mean": 49.963970261876625, "std": 4.033769387136049}, "K1": {"distribution": "normal", "mean": 21.745335607923423, "std": 3.9991333655233037}, "K3": {"distribution": "normal", "mean": 26.191335263393427, "std": 2.159397147749612}, "K2": {"distribution": "normal", "mean": 39.40809878557265, "std": 4.151707312966}}, "compatibleConfigurations": ["K5", "K4", "K1", "K3", "K2"]}, "O11": {"estimatedTestTime": {"K5": {"distribution": "normal", "mean": 39.7780157589028, "std": 4.221554176300641}, "K3": {"distribution": "normal", "mean": 5.869044248806642, "std": 4.522352712015911}, "K1": {"distribution": "normal", "mean": 9.571760334127063, "std": 3.161244384130142}, "K4": {"distribution": "normal", "mean": 42.19462214209268, "std": 3.2930628245956486}, "K2": {"distribution": "normal", "mean": 25.431570601210364, "std": 2.0565826261516427}}, "compatibleConfigurations": ["K5", "K3", "K1", "K4", "K2"]}, "O12": {"estimatedTestTime": {"K1": {"distribution": "normal", "mean": 36.83748922391824, "std": 4.197264261649066}, "K2": {"distribution": "normal", "mean": 10.723807059302638, "std": 2.946311075875941}, "K3": {"distribution": "normal", "mean": 48.17582851178809, "std": 2.8142762385352613}, "K4": {"distribution": "normal", "mean": 7.3841074950358045, "std": 4.447162542801263}, "K5": {"distribution": "normal", "mean": 33.357839806707304, "std": 2.6920863440079397}}, "compatibleConfigurations": ["K1", "K2", "K3", "K4", "K5"]}, "O13": {"estimatedTestTime": {"K3": {"distribution": "normal", "mean": 7.132478803188942, "std": 3.863933984467697}, "K2": {"distribution": "normal", "mean": 40.916341541333246, "std": 4.912138682070583}, "K5": {"distribution": "normal", "mean": 2.206742162221685, "std": 2.717096858129878}, "K4": {"distribution": "normal", "mean": 30.37115368972087, "std": 3.3953170463360873}, "K1": {"distribution": "normal", "mean": 7.7008324778811, "std": 2.60720705950534}}, "compatibleConfigurations": ["K3", "K2", "K5", "K4", "K1"]}, "O14": {"estimatedTestTime": {"K1": {"distribution": "normal", "mean": 14.624320952071102, "std": 3.4105589507119665}, "K4": {"distribution": "normal", "mean": 20.3363261693957, "std": 4.775215251594139}, "K3": {"distribution": "normal", "mean": 7.261444498539781, "std": 3.8274842030733023}, "K5": {"distribution": "normal", "mean": 27.485487760133687, "std": 2.7948632822383668}, "K2": {"distribution": "normal", "mean": 9.495484844906633, "std": 2.794601366931694}},