{"configurations": {"count": 4, "items": {"K1": {"index": 0, "setupTimes": [0, 23, 41, 14]}, "K2": {"index": 1, "setupTimes": [58, 0, 23, 28]}, "K3": {"index": 2, "setupTimes": [50, 44, 0, 52]}, "K4": {"index": 3, "setupTimes": [49, 52, 55, 0]}}}, "testers": {"count": 5, "items": {"T1": {"supportedConfigurations": ["K2", "K4", "K1", "K3"]}, "T2": {"supportedConfigurations": ["K4", "K1"]}, "T3": {"supportedConfigurations": ["K3", "K4", "K1", "K2"]}, "T4": {"supportedConfigurations": ["K3", "K4"]}, "T5": {"supportedConfigurations": ["K4", "K2", "K1"]}}}, "operations": {"count": 13, "items": {"O1": {"estimatedTestTime": {"K4": {"distribution": "normal", "mean": 199.62543756435403, "std": 2.1426128597966687}, "K1": {"distribution": "normal", "mean": 210.96719374871336, "std": 2.097759827479557}, "K3": {"distribution": "normal", "mean": 291.09740342405576, "std": 3.995007458243008}, "K2": {"distribution": "normal", "mean": 240.21130528035388, "std": 4.205207430540424}}, "compatibleConfigurations": ["K4", "K1", "K3", "K2"]}, "O2": {"estimatedTestTime": {"K3": {"distribution": "normal", "mean": 8.329356132618114, "std": 3.106229767935935}, "K4": {"distribution": "normal", "mean": 262.1959086198512, "std": 4.4583673385150515}, "K1": {"distribution": "normal", "mean": 153.2900991689695, "std": 2.028212754578234}}, "compatibleConfigurations": ["K3", "K4", "K1"]}, "O3": {"estimatedTestTime": {"K1": {"distribution": "normal", "mean": 158.67975930068272, "std": 4.089238073247766}, "K3": {"distribution": "normal", "mean": 326.6679941649264, "std": 3.9639555451131994}}, "compatibleConfigurations": ["K1", "K3"]}, "O4": {"estimatedTestTime": {"K3": {"distribution": "normal", "mean": 305.71333431784996, "std": 3.5933329024572536}, "K2": {"distribution": "normal", "mean": 27.1225922779431, "std": 3.4052680202802748}, "K1": {"distribution": "normal", "mean": 377.7855005497753, "std": 2.7739703049988216}}, "compatibleConfigurations": ["K3", "K2", "K1"]}, "O5": {"estimatedTestTime": {"K2": {"distribution": "normal", "mean": 361.57934446797725, "std": 2.1470936883048894}, "K4": {"distribution": "normal", "mean": 336.81799551804744, "std": 2.8142241606308893}}, "compatibleConfigurations": ["K2", "K4"]}, "O6": {"estimatedTestTime": {"K3": {"distribution": "normal", "mean": 308.3097493840276, "std": 4.08190249437586}, "K1": {"distribution": "normal", "mean": 461.6724777960428, "std": 4.295430526302133}, "K2": {"distribution": "normal", "mean": 124.12942288293547, "std": 3.658575520488883}, "K4": {"distribution": "normal", "mean": 261.0742288307305, "std": 3.3744865805245006}}, "compatibleConfigurations": ["K3", "K1", "K2", "K4"]}, "O7": {"estimatedTestTime": {"K2": {"distribution": "normal", "mean": 451.40263742034534, "std": 3.9297128106843635}, "K1": {"distribution": "normal", "mean": 98.50831695034907, "std": 3.5818141322623713}}, "compatibleConfigurations": ["K2", "K1"]}, "O8": {"estimatedTestTime": {"K4": {"distribution": "normal", "mean": 217.19521499529515, "std": 2.9862043445577333}, "K3": {"distribution": "normal", "mean": 391.46047649544414, "std": 3.4110061611810654}, "K2": {"distribution": "normal", "mean": 52.50357363938791, "std": 3.7164365526680814}}, "compatibleConfigurations": ["K4", "K3", "K2"]}, "O9": {"estimatedTestTime": {"K1": {"distribution": "normal", "mean": 98.44734350215396, "std": 4.1476272362490665}, "K2": {"distribution": "normal", "mean": 275.8571536435796, "std": 2.391320308790199}, "K3": {"distribution": "normal", "mean": 469.0004543014735, "std": 2.9800344880832004}, "K4": {"distribution": "normal", "mean": 306.08434619959223, "std": 4.671731990693749}}, "compatibleConfigurations": ["K1", "K2", "K3", "K4"]}, "O10": {"estimatedTestTime": {"K1": {"distribution": "normal", "mean": 299.55266814922925, "std": 3.2130064878959472}, "K2": {"distribution": "normal", "mean": 87.28654651688252, "std": 3.786460088889493}}, "compatibleConfigurations": ["K1", "K2"]}, "O11": {"estimatedTestTime": {"K1": {"distribution": "normal", "mean": 448.1379957460741, "std": 4.056102976641836}, "K3": {"distribution": "normal", "mean": 205.01172460167004, "std": 3.6667046450630414}, "K4": {"distribution": "normal", "mean": 101.94970558446147, "std": 4.487942448088181}, "K2": {"distribution": "normal", "mean": 353.41501974941997, "std": 3.589858030150025}}, "compatibleConfigurations": ["K1", "K3", "K4", "K2"]}, "O12": {"estimatedTestTime": {"K1": {"distribution": "normal", "mean": 389.60078010904687, "std": 2.0815039481378936}, "K3": {"distribution": "normal", "mean": 361.1102439466522, "std": 4.929897289011629}}, "compatibleConfigurations": ["K1", "K3"]}, "O13": {"estimatedTestTime": {"K2": {"distribution": "normal", "mean": 397.2817742266808, "std": 3.5884512457259214}, "K4": {"distribution": "normal", "mean": 466.2528541423471, "std": 3.4194903668989394}}, "compatibleConfigurations": ["K2", "K4"]}}}, "products": {"count": 4, "items": {"P1": {"index": 0, "arrival": 0, "quantity": 5, "duedate": 973.019354203405, "operations": ["O2", "O8", "O9", "O12", "O3", "O13", "O4", "O7"], "dependencies": [[3, 0], [3, 1], [4, 1], [5, 1], [5, 2], [6, 1], [7, 1], [7, 3], [7, 5]]}, "P2": {"index": 1, "arrival": 50.14842475613096, "quantity": 2, "duedate": 1319.731886566628, "operations": ["O3", "O6", "O13", "O11", "O8", "O12", "O1", "O2", "O7", "O5"], "dependencies": [[1, 0], [2, 0], [3, 2], [5, 0], [7, 0], [7, 3], [7, 6], [8, 2], [8, 4], [9, 2], [9, 8]]}, "P3": {"index": 2, "arrival": 115.65652544552361, "quantity": 5, "duedate": 1304.5442415294929, "operations": ["O10", "O3", "O8", "O1", "O4", "O12", "O9", "O6", "O5", "O7", "O13", "O2", "O11"], "dependencies": [[2, 0], [2, 1], [3, 2], [4, 1], [6, 0], [6, 4], [6, 5], [7, 1], [7, 4], [8, 0], [8, 2], [8, 3], [8, 5], [10, 2], [10, 3], [10, 9], [11, 4], [11, 6], [12, 7], [12, 11]]}, "P4": {"index": 3, "arrival": 212.5082864518882, "quantity": 2, "duedate": 1869.601808639633, "operations": ["O9", "O4", "O7", "O6", "O8", "O12", "O13", "O11", "O2", "O1", "O3", "O10"], "dependencies": [[4, 2], [5, 4], [6, 0], [6, 1], [6, 5], [7, 0], [7, 1], [7, 5], [8, 1], [8, 3], [8, 6], [9, 3], [9, 8], [10, 0], [10, 1], [10, 8], [11, 2], [11, 4], [11, 5]]}}}}