{"configurations": {"count": 2, "items": {"K1": {"index": 0, "setupTimes": [0, 3]}, "K2": {"index": 1, "setupTimes": [0, 0]}}}, "testers": {"count": 3, "items": {"T1": {"supportedConfigurations": ["K1", "K2"]}, "T2": {"supportedConfigurations": ["K2", "K1"]}, "T3": {"supportedConfigurations": ["K2", "K1"]}}}, "operations": {"count": 20, "items": {"O1": {"estimatedTestTime": {"K1": {"distribution": "normal", "mean": 30.983891382097603, "std": 2.2255451317221784}, "K2": {"distribution": "normal", "mean": 32.706533668283534, "std": 2.952863207561184}}, "compatibleConfigurations": ["K1", "K2"]}, "O2": {"estimatedTestTime": {"K2": {"distribution": "normal", "mean": 36.523544940862216, "std": 2.203531672796822}, "K1": {"distribution": "normal", "mean": 44.30567012396478, "std": 2.410997769534167}}, "compatibleConfigurations": ["K2", "K1"]}, "O3": {"estimatedTestTime": {"K1": {"distribution": "normal", "mean": 16.23456163539464, "std": 4.14780816780548}, "K2": {"distribution": "normal", "mean": 13.654410823423817, "std": 4.4402409749051674}}, "compatibleConfigurations": ["K1", "K2"]}, "O4": {"estimatedTestTime": {"K1": {"distribution": "normal", "mean": 7.5167139992033984, "std": 3.285751641603433}, "K2": {"distribution": "normal", "mean": 9.745035604725787, "std": 4.333737743894051}}, "compatibleConfigurations": ["K1", "K2"]}, "O5": {"estimatedTestTime": {"K2": {"distribution": "normal", "mean": 47.63844080285107, "std": 4.115619180148592}, "K1": {"distribution": "normal", "mean": 44.94276015561161, "std": 2.6145243315694326}}, "compatibleConfigurations": ["K2", "K1"]}, "O6": {"estimatedTestTime": {"K1": {"distribution": "normal", "mean": 9.468589267716268, "std": 2.054171528758265}, "K2": {"distribution": "normal", "mean": 39.36249301838811, "std": 3.2602538322232766}}, "compatibleConfigurations": ["K1", "K2"]}, "O7": {"estimatedTestTime": {"K2": {"distribution": "normal", "mean": 10.685430430627603, "std": 3.107197809518827}, "K1": {"distribution": "normal", "mean": 40.60363162473911, "std": 2.0255628001005808}}, "compatibleConfigurations": ["K2", "K1"]}, "O8": {"estimatedTestTime": {"K2": {"distribution": "normal", "mean": 39.86781259213337, "std": 3.2194913676736983}, "K1": {"distribution": "normal", "mean": 15.946761527004492, "std": 4.500565036573729}}, "compatibleConfigurations": ["K2", "K1"]}, "O9": {"estimatedTestTime": {"K1": {"distribution": "normal", "mean": 49.46218971993984, "std": 3.7063140087845614}, "K2": {"distribution": "normal", "mean": 40.987266616737756, "std": 2.9850945280182573}}, "compatibleConfigurations": ["K1", "K2"]}, "O10": {"estimatedTestTime": {"K1": {"distribution": "normal", "mean": 2.7308911460811967, "std": 3.442837383122777}, "K2": {"distribution": "normal", "mean": 44.531722997243975, "std": 2.537364688212943}}, "compatibleConfigurations": ["K1", "K2"]}, "O11": {"estimatedTestTime": {"K1": {"distribution": "normal", "mean": 44.8074657857064, "std": 4.568236454133363}, "K2": {"distribution": "normal", "mean": 40.10123575917593, "std": 3.723920503011473}}, "compatibleConfigurations": ["K1", "K2"]}, "O12": {"estimatedTestTime": {"K2": {"distribution": "normal", "mean": 17.369175913991175, "std": 3.0094895030124778}, "K1": {"distribution": "normal", "mean": 33.25334372328499, "std": 3.076015951884388}}, "compatibleConfigurations": ["K2", "K1"]}, "O13": {"estimatedTestTime": {"K1": {"distribution": "normal", "mean": 44.37944262448197, "std": 4.321267099876993}, "K2": {"distribution": "normal", "mean": 27.566579710734047, "std": 3.7145481739008277}}, "compatibleConfigurations": ["K1", "K2"]}, "O14": {"estimatedTestTime": {"K2": {"distribution": "normal", "mean": 20.879189985073207, "std": 2.7340753070174344}, "K1": {"distribution": "normal", "mean": 11.445205155069573, "std": 3.3464151160793385}}, "compatibleConfigurations": ["K2", "K1"]}, "O15": {"estimatedTestTime": {"K1": {"distribution": "normal", "mean": 43.678571169384504, "std": 3.4294899923402524}, "K2": {"distribution": "normal", "mean": 38.74456496984584, "std": 2.2301487242154674}}, "compatibleConfigurations": ["K1", "K2"]}, "O16": {"estimatedTestTime": {"K2": {"distribution": "normal", "mean": 15.646596439160565, "std": 2.9119040453441993}, "K1": {"distribution": "normal", "mean": 35.42026530096954, "std": 3.52618290751262}}, "compatibleConfigurations": ["K2", "K1"]}, "O17": {"estimatedTestTime": {"K2": {"distribution": "normal", "mean": 32.817421513722465, "std": 4.156726282155993}, "K1": {"distribution": "normal", "mean": 27.34115016232008, "std": 4.375603725941113}}, "compatibleConfigurations": ["K2", "K1"]}, "O18": {"estimatedTestTime": {"K1": {"distribution": "normal", "mean": 3.8923134979885177, "std": 2.6183769480754915}, "K2": {"distribution": "normal", "mean": 31.681652426335717, "std": 2.617667513282801}}, "compatibleConfigurations": ["K1", "K2"]}, "O19": {"estimatedTestTime": {"K1": {"distribution": "normal", "mean": 23.370786173899326, "std": 3.937314421667321}, "K2": {"distribution": "normal", "mean": 32.38213981500812, "std": 3.071940159989211}}, "compatibleConfigurations": ["K1", "K2"]}, "O20": {"estimatedTestTime": {"K2": {"distribution": "normal", "mean": 12.414374785474294, "std": 2.614083865681612}, "K1": {"distribution": "normal", "mean": 45.665631740603715, "std": 4.031169261962864}}, "compatibleConfigurations": ["K2", "K1"]}}}, "products": {"count": 3, "items": {"P1": {"index": 0, "arrival": 0, "quantity": 4, "duedate": 122.51090227978035, "operations": ["O15", "O7", "O5", "O16", "O8"], "dependencies": [[2, 1], [4, 0], [4, 2], [4, 3]]}, "P2": {"index": 1, "arrival": 10.646969836650728, "quantity": 5, "duedate": 144.44210026131302, "operations": ["O20", "O11", "O14"], "dependencies": [[1, 0], [2, 1]]}, "P3": {"index": 2, "arrival": 38.483517964488215, "quantity": 4, "duedate": 120.00348934170859, "operations": ["O6", "O9"], "dependencies": [[1, 0]]}}}}