{"configurations": {"count": 4, "items": {"K1": {"index": 0, "setupTimes": [0, 10, 3, 8]}, "K2": {"index": 1, "setupTimes": [9, 0, 4, 2]}, "K3": {"index": 2, "setupTimes": [4, 1, 0, 5]}, "K4": {"index": 3, "setupTimes": [7, 0, 3, 0]}}}, "testers": {"count": 5, "items": {"T1": {"supportedConfigurations": ["K2", "K4", "K3"]}, "T2": {"supportedConfigurations": ["K3", "K2", "K1", "K4"]}, "T3": {"supportedConfigurations": ["K4", "K3", "K2"]}, "T4": {"supportedConfigurations": ["K2", "K1", "K3", "K4"]}, "T5": {"supportedConfigurations": ["K1", "K2", "K4", "K3"]}}}, "operations": {"count": 12, "items": {"O1": {"estimatedTestTime": {"K4": {"distribution": "normal", "mean": 35.0598522706403, "std": 4.803973703943389}, "K2": {"distribution": "normal", "mean": 40.7517958207634, "std": 2.253447168829539}, "K1": {"distribution": "normal", "mean": 36.94673166057452, "std": 4.370133012015122}}, "compatibleConfigurations": ["K4", "K2", "K1"]}, "O2": {"estimatedTestTime": {"K3": {"distribution": "normal", "mean": 15.281660050011206, "std": 4.934933531473455}, "K1": {"distribution": "normal", "mean": 31.399115426583975, "std": 4.679989756143261}, "K2": {"distribution": "normal", "mean": 11.35563015693495, "std": 2.305935520488313}, "K4": {"distribution": "normal", "mean": 35.41309385020179, "std": 2.1858727020535853}}, "compatibleConfigurations": ["K3", "K1", "K2", "K4"]}, "O3": {"estimatedTestTime": {"K4": {"distribution": "normal", "mean": 28.011942586793772, "std": 3.723619437876888}, "K2": {"distribution": "normal", "mean": 25.184622367459383, "std": 2.0906996266384654}, "K3": {"distribution": "normal", "mean": 31.983782721159223, "std": 4.5096503219583886}}, "compatibleConfigurations": ["K4", "K2", "K3"]}, "O4": {"estimatedTestTime": {"K1": {"distribution": "normal", "mean": 11.735232142080122, "std": 3.134659420576715}, "K3": {"distribution": "normal", "mean": 18.581819333725363, "std": 3.3282094955472967}, "K4": {"distribution": "normal", "mean": 8.638949858639872, "std": 4.7672551239599485}}, "compatibleConfigurations": ["K1", "K3", "K4"]}, "O5": {"estimatedTestTime": {"K2": {"distribution": "normal", "mean": 8.999323525959474, "std": 2.9502603744779607}, "K3": {"distribution": "normal", "mean": 32.831881040513416, "std": 2.3080394238825757}}, "compatibleConfigurations": ["K2", "K3"]}, "O6": {"estimatedTestTime": {"K2": {"distribution": "normal", "mean": 26.315431134902266, "std": 4.877364609948799}, "K3": {"distribution": "normal", "mean": 12.82945689991017, "std": 2.1922919108099554}, "K1": {"distribution": "normal", "mean": 45.22230026093263, "std": 4.946283852626703}, "K4": {"distribution": "normal", "mean": 38.051279855917734, "std": 4.4442894757020746}}, "compatibleConfigurations": ["K2", "K3", "K1", "K4"]}, "O7": {"estimatedTestTime": {"K4": {"distribution": "normal", "mean": 9.355956084452599, "std": 4.344775067374313}, "K1": {"distribution": "normal", "mean": 43.00616419326543, "std": 3.7748271413467642}}, "compatibleConfigurations": ["K4", "K1"]}, "O8": {"estimatedTestTime": {"K3": {"distribution": "normal", "mean": 13.92462312384946, "std": 2.6319768112385966}, "K4": {"distribution": "normal", "mean": 25.98575119531871, "std": 2.81267516854383}, "K1": {"distribution": "normal", "mean": 47.460370270476915, "std": 4.729639799264137}}, "compatibleConfigurations": ["K3", "K4", "K1"]}, "O9": {"estimatedTestTime": {"K1": {"distribution": "normal", "mean": 16.852285719349986, "std": 3.732550470465495}, "K4": {"distribution": "normal", "mean": 15.576600953814138, "std": 4.876502724454328}}, "compatibleConfigurations": ["K1", "K4"]}, "O10": {"estimatedTestTime": {"K1": {"distribution": "normal", "mean": 20.995668165069716, "std": 3.68756527681616}, "K2": {"distribution": "normal", "mean": 48.086437808276095, "std": 3.9813796107173296}, "K4": {"distribution": "normal", "mean": 35.45055453312072, "std": 3.651295392987673}, "K3": {"distribution": "normal", "mean": 20.320956367109194, "std": 3.3093404328417466}}, "compatibleConfigurations": ["K1", "K2", "K4", "K3"]}, "O11": {"estimatedTestTime": {"K2": {"distribution": "normal", "mean": 30.295371371632918, "std": 4.691843088025874}, "K3": {"distribution": "normal", "mean": 47.34752414544935, "std": 3.2128977019582985}}, "compatibleConfigurations": ["K2", "K3"]}, "O12": {"estimatedTestTime": {"K2": {"distribution": "normal", "mean": 37.02369262519828, "std": 4.949251523049011}, "K1": {"distribution": "normal", "mean": 24.13784413597262, "std": 2.5257691591722473}, "K4": {"distribution": "normal", "mean": 24.479101550041634, "std": 3.771837012514492}, "K3": {"distribution": "normal", "mean": 23.479914132445057, "std": 2.991737174669428}}, "compatibleConfigurations": ["K2", "K1", "K4", "K3"]}}}, "products": {"count": 2, "items": {"P1": {"index": 0, "arrival": 0, "quantity": 3, "duedate": 126.45919445875883, "operations": ["O8", "O3", "O10", "O11"], "dependencies": [[1, 0], [2, 1], [3, 2]]}, "P2": {"index": 1, "arrival": 39.06267601689785, "quantity": 2, "duedate": 116.48194611802866, "operations": ["O6", "O8", "O3", "O4", "O1"], "dependencies": [[2, 0], [2, 1], [3, 1], [4, 3]]}}}}