{"configurations": {"count": 2, "items": {"K1": {"index": 0, "setupTimes": [0, 6]}, "K2": {"index": 1, "setupTimes": [3, 0]}}}, "testers": {"count": 4, "items": {"T1": {"supportedConfigurations": ["K2", "K1"]}, "T2": {"supportedConfigurations": ["K2", "K1"]}, "T3": {"supportedConfigurations": ["K1", "K2"]}, "T4": {"supportedConfigurations": ["K1", "K2"]}}}, "operations": {"count": 19, "items": {"O1": {"estimatedTestTime": {"K1": {"distribution": "normal", "mean": 19.69462666679096, "std": 3.565867918348615}, "K2": {"distribution": "normal", "mean": 35.476362035987314, "std": 3.8039292947018453}}, "compatibleConfigurations": ["K1", "K2"]}, "O2": {"estimatedTestTime": {"K2": {"distribution": "normal", "mean": 44.396637311703785, "std": 4.4206360700425655}, "K1": {"distribution": "normal", "mean": 41.624018466210444, "std": 4.752400159711945}}, "compatibleConfigurations": ["K2", "K1"]}, "O3": {"estimatedTestTime": {"K2": {"distribution": "normal", "mean": 28.640845766909536, "std": 4.942492756456058}, "K1": {"distribution": "normal", "mean": 48.62978124661845, "std": 3.6920447386403747}}, "compatibleConfigurations": ["K2", "K1"]}, "O4": {"estimatedTestTime": {"K1": {"distribution": "normal", "mean": 4.743388424903053, "std": 3.3626645168532585}, "K2": {"distribution": "normal", "mean": 9.894538813557528, "std": 4.46641284870459}}, "compatibleConfigurations": ["K1", "K2"]}, "O5": {"estimatedTestTime": {"K2": {"distribution": "normal", "mean": 45.73018874644446, "std": 3.3778025046001328}, "K1": {"distribution": "normal", "mean": 19.103146924737736, "std": 4.691349557821054}}, "compatibleConfigurations": ["K2", "K1"]}, "O6": {"estimatedTestTime": {"K1": {"distribution": "normal", "mean": 22.554087997625643, "std": 2.8078035486732746}, "K2": {"distribution": "normal", "mean": 29.254390542066186, "std": 2.12150382660979}}, "compatibleConfigurations": ["K1", "K2"]}, "O7": {"estimatedTestTime": {"K2": {"distribution": "normal", "mean": 2.3637380827923256, "std": 4.851785504378494}, "K1": {"distribution": "normal", "mean": 20.66358053435795, "std": 3.5571830824251265}}, "compatibleConfigurations": ["K2", "K1"]}, "O8": {"estimatedTestTime": {"K1": {"distribution": "normal", "mean": 3.491866425608821, "std": 3.0288238113841017}, "K2": {"distribution": "normal", "mean": 5.768986811140003, "std": 3.6398782369758873}}, "compatibleConfigurations": ["K1", "K2"]}, "O9": {"estimatedTestTime": {"K1": {"distribution": "normal", "mean": 12.696662661569857, "std": 2.217849186700845}, "K2": {"distribution": "normal", "mean": 32.054190507158445, "std": 4.870362508573761}}, "compatibleConfigurations": ["K1", "K2"]}, "O10": {"estimatedTestTime": {"K1": {"distribution": "normal", "mean": 4.748620116599708, "std": 2.7670869476040907}, "K2": {"distribution": "normal", "mean": 49.072569237592305, "std": 4.5159103091227815}}, "compatibleConfigurations": ["K1", "K2"]}, "O11": {"estimatedTestTime": {"K2": {"distribution": "normal", "mean": 9.250375688228333, "std": 4.760207913071898}, "K1": {"distribution": "normal", "mean": 13.253600932307343, "std": 2.7316922587456944}}, "compatibleConfigurations": ["K2", "K1"]}, "O12": {"estimatedTestTime": {"K2": {"distribution": "normal", "mean": 10.784725061812422, "std": 3.573549025524326}, "K1": {"distribution": "normal", "mean": 34.41245400238989, "std": 2.235728656272629}}, "compatibleConfigurations": ["K2", "K1"]}, "O13": {"estimatedTestTime": {"K2": {"distribution": "normal", "mean": 19.154956339935985, "std": 3.8115199961225312}, "K1": {"distribution": "normal", "mean": 42.65661082311552, "std": 3.20624492432683}}, "compatibleConfigurations": ["K2", "K1"]}, "O14": {"estimatedTestTime": {"K1": {"distribution": "normal", "mean": 4.575823915256551, "std": 2.9492098800438606}, "K2": {"distribution": "normal", "mean": 10.447765755013927, "std": 2.210768357277275}}, "compatibleConfigurations": ["K1", "K2"]}, "O15": {"estimatedTestTime": {"K1": {"distribution": "normal", "mean": 32.93318026311167, "std": 4.657445668510847}, "K2": {"distribution": "normal", "mean": 9.407588713899425, "std": 4.762613867537334}}, "compatibleConfigurations": ["K1", "K2"]}, "O16": {"estimatedTestTime": {"K2": {"distribution": "normal", "mean": 42.30040547200239, "std": 2.1190707791367966}, "K1": {"distribution": "normal", "mean": 45.43237209828622, "std": 4.4130924927269914}}, "compatibleConfigurations": ["K2", "K1"]}, "O17": {"estimatedTestTime": {"K1": {"distribution": "normal", "mean": 11.2159347709563, "std": 2.4500815046256808}, "K2": {"distribution": "normal", "mean": 39.555884944017144, "std": 3.7936859722559815}}, "compatibleConfigurations": ["K1", "K2"]}, "O18": {"estimatedTestTime": {"K1": {"distribution": "normal", "mean": 6.077871532313065, "std": 3.3518126589437767}, "K2": {"distribution": "normal", "mean": 31.534500956353618, "std": 4.738614564988151}}, "compatibleConfigurations": ["K1", "K2"]}, "O19": {"estimatedTestTime": {"K2": {"distribution": "normal", "mean": 14.866534358783097, "std": 3.669590433226225}, "K1": {"distribution": "normal", "mean": 38.463255140318466, "std": 3.712705441625511}}, "compatibleConfigurations": ["K2", "K1"]}}}, "products": {"count": 4, "items": {"P1": {"index": 0, "arrival": 0, "quantity": 3, "duedate": 57.5763881948949, "operations": ["O14", "O13", "O18", "O8", "O11"], "dependencies": [[1, 0], [2, 1], [3, 1], [4, 1]]}, "P2": {"index": 1, "arrival": 22.422288249346323, "quantity": 3, "duedate": 61.293510970239424, "operations": ["O17", "O18", "O14", "O9"], "dependencies": [[2, 1], [2, 0], [3, 1]]}, "P3": {"index": 2, "arrival": 51.14754396418681, "quantity": 2, "duedate": 79.26292508666417, "operations": ["O15", "O11", "O4"], "dependencies": [[1, 0], [2, 0]]}, "P4": {"index": 3, "arrival": 99.30238266296162, "quantity": 4, "duedate": 139.29850985276377, "operations": ["O14", "O12", "O4", "O18", "O8"], "dependencies": [[2, 0], [2, 1], [3, 2], [4, 0]]}}}}