{"configurations": {"count": 2, "items": {"K1": {"index": 0, "setupTimes": [0, 51]}, "K2": {"index": 1, "setupTimes": [10, 0]}}}, "testers": {"count": 2, "items": {"T1": {"supportedConfigurations": ["K1", "K2"]}, "T2": {"supportedConfigurations": ["K2", "K1"]}}}, "operations": {"count": 12, "items": {"O1": {"estimatedTestTime": {"K1": {"distribution": "normal", "mean": 18.05645399530559, "std": 4.310011720613205}, "K2": {"distribution": "normal", "mean": 54.54448616036386, "std": 2.5074253082663436}}, "compatibleConfigurations": ["K1", "K2"]}, "O2": {"estimatedTestTime": {"K1": {"distribution": "normal", "mean": 352.8747794304749, "std": 3.3393825427902235}, "K2": {"distribution": "normal", "mean": 105.40631253594556, "std": 4.281155148080524}}, "compatibleConfigurations": ["K1", "K2"]}, "O3": {"estimatedTestTime": {"K1": {"distribution": "normal", "mean": 116.55052149308153, "std": 3.7066223307840107}, "K2": {"distribution": "normal", "mean": 124.80632356786727, "std": 2.723880930152104}}, "compatibleConfigurations": ["K1", "K2"]}, "O4": {"estimatedTestTime": {"K1": {"distribution": "normal", "mean": 51.16810148833784, "std": 2.3092447956266584}, "K2": {"distribution": "normal", "mean": 431.2899705857669, "std": 3.6580500000931315}}, "compatibleConfigurations": ["K1", "K2"]}, "O5": {"estimatedTestTime": {"K2": {"distribution": "normal", "mean": 99.8314069035394, "std": 4.010191666534853}, "K1": {"distribution": "normal", "mean": 104.07008521743988, "std": 3.612452573578644}}, "compatibleConfigurations": ["K2", "K1"]}, "O6": {"estimatedTestTime": {"K1": {"distribution": "normal", "mean": 283.4162045492926, "std": 2.7516716014504063}, "K2": {"distribution": "normal", "mean": 138.72080133772315, "std": 2.643516153815743}}, "compatibleConfigurations": ["K1", "K2"]}, "O7": {"estimatedTestTime": {"K1": {"distribution": "normal", "mean": 234.71319111880192, "std": 2.0163990087574106}, "K2": {"distribution": "normal", "mean": 33.7513205110787, "std": 3.3721058686926977}}, "compatibleConfigurations": ["K1", "K2"]}, "O8": {"estimatedTestTime": {"K2": {"distribution": "normal", "mean": 85.61317534781023, "std": 3.0878050150459355}, "K1": {"distribution": "normal", "mean": 166.8142405933978, "std": 4.526964773836804}}, "compatibleConfigurations": ["K2", "K1"]}, "O9": {"estimatedTestTime": {"K2": {"distribution": "normal", "mean": 483.98417558530434, "std": 2.8514766227774095}, "K1": {"distribution": "normal", "mean": 212.76672771855553, "std": 3.3393705857749003}}, "compatibleConfigurations": ["K2", "K1"]}, "O10": {"estimatedTestTime": {"K2": {"distribution": "normal", "mean": 463.10619875947697, "std": 4.93338381151124}, "K1": {"distribution": "normal", "mean": 23.78194910174421, "std": 4.10980719382359}}, "compatibleConfigurations": ["K2", "K1"]}, "O11": {"estimatedTestTime": {"K1": {"distribution": "normal", "mean": 337.7436395856524, "std": 2.1347659122032328}, "K2": {"distribution": "normal", "mean": 426.97344883368453, "std": 3.0298526338959886}}, "compatibleConfigurations": ["K1", "K2"]}, "O12": {"estimatedTestTime": {"K2": {"distribution": "normal", "mean": 119.01894292394137, "std": 4.425896539311214}, "K1": {"distribution": "normal", "mean": 477.49203066025746, "std": 2.9480777530552715}}, "compatibleConfigurations": ["K2", "K1"]}}}, "products": {"count": 8, "items": {"P1": {"index": 0, "arrival": 0, "quantity": 5, "duedate": 2382.5565957289123, "operations": ["O10", "O9", "O2", "O11", "O4", "O1", "O6", "O12", "O5", "O3", "O7", "O8"], "dependencies": [[3, 0], [4, 0], [6, 1], [7, 2], [7, 6], [8, 1], [8, 2], [8, 3], [8, 4], [8, 5], [9, 1], [9, 2], [9, 3], [9, 8], [10, 2], [10, 4], [10, 8], [10, 9], [11, 0], [11, 1], [11, 7]]}, "P2": {"index": 1, "arrival": 96.11421955448219, "quantity": 3, "duedate": 1656.312879623137, "operations": ["O8", "O1", "O10", "O4", "O9", "O11", "O12", "O2"], "dependencies": [[1, 0], [2, 1], [4, 2], [5, 2], [5, 3], [6, 3], [6, 4], [6, 5], [7, 2], [7, 4], [7, 5]]}, "P3": {"index": 2, "arrival": 169.14240138321372, "quantity": 4, "duedate": 3078.633976677818, "operations": ["O1", "O3", "O12", "O11", "O4", "O2", "O8", "O6"], "dependencies": [[1, 0], [2, 0], [2, 1], [3, 0], [3, 1], [3, 2], [4, 1], [4, 3], [5, 4], [6, 0], [6, 3], [7, 3], [7, 5]]}, "P4": {"index": 3, "arrival": 246.6639912663416, "quantity": 2, "duedate": 1086.534335798991, "operations": ["O6", "O10", "O3", "O7", "O8", "O9", "O2", "O4", "O1", "O12", "O5"], "dependencies": [[2, 0], [2, 1], [3, 1], [6, 1], [6, 2], [6, 3], [7, 5], [7, 6], [8, 1], [8, 4], [8, 7], [9, 0], [9, 4], [10, 4]]}, "P5": {"index": 4, "arrival": 309.1085238494588, "quantity": 4, "duedate": 930.2421373176811, "operations": ["O3", "O5", "O1", "O2", "O6"], "dependencies": [[3, 2], [4, 0], [4, 1], [4, 2]]}, "P6": {"index": 5, "arrival": 363.93513689479374, "quantity": 2, "duedate": 1059.0476425508043, "operations": ["O11", "O4", "O1", "O7", "O5", "O9"], "dependencies": [[1, 0], [2, 0], [5, 2], [5, 4], [5, 3]]}, "P7": {"index": 6, "arrival": 452.88435492706776, "quantity": 5, "duedate": 1804.646523320782, "operations": ["O1", "O8", "O6", "O2", "O5", "O3"], "dependencies": [[2, 1], [3, 0], [4, 1], [4, 2], [5, 0], [5, 1], [5, 4]]}, "P8": {"index": 7, "arrival": 533.6036892886515, "quantity": 5, "duedate": 2343.951568749866, "operations": ["O2", "O11", "O1", "O12", "O5", "O6"], "dependencies": [[3, 1], [4, 3], [4, 2], [4, 0], [5, 1]]}}}}