{"configurations": {"count": 3, "items": {"K1": {"index": 0, "setupTimes": [0, 57, 29]}, "K2": {"index": 1, "setupTimes": [52, 0, 18]}, "K3": {"index": 2, "setupTimes": [23, 14, 0]}}}, "testers": {"count": 4, "items": {"T1": {"supportedConfigurations": ["K1", "K2"]}, "T2": {"supportedConfigurations": ["K2", "K1", "K3"]}, "T3": {"supportedConfigurations": ["K1", "K2"]}, "T4": {"supportedConfigurations": ["K3", "K2"]}}}, "operations": {"count": 13, "items": {"O1": {"estimatedTestTime": {"K3": {"distribution": "normal", "mean": 198.48552049763504, "std": 3.7281678543459114}, "K2": {"distribution": "normal", "mean": 10.142329355685522, "std": 3.8225105489095466}, "K1": {"distribution": "normal", "mean": 466.365333498035, "std": 2.446718272598077}}, "compatibleConfigurations": ["K3", "K2", "K1"]}, "O2": {"estimatedTestTime": {"K3": {"distribution": "normal", "mean": 356.9937937172748, "std": 3.121733900015994}, "K1": {"distribution": "normal", "mean": 211.16560926561002, "std": 2.2132597222625927}, "K2": {"distribution": "normal", "mean": 322.344107117463, "std": 3.616736724085076}}, "compatibleConfigurations": ["K3", "K1", "K2"]}, "O3": {"estimatedTestTime": {"K2": {"distribution": "normal", "mean": 186.05495610099314, "std": 3.395945815956171}, "K3": {"distribution": "normal", "mean": 113.89197418680206, "std": 3.1436862747139847}, "K1": {"distribution": "normal", "mean": 265.93538810590405, "std": 3.4328785926131395}}, "compatibleConfigurations": ["K2", "K3", "K1"]}, "O4": {"estimatedTestTime": {"K1": {"distribution": "normal", "mean": 307.6092043537103, "std": 4.497813542594132}, "K2": {"distribution": "normal", "mean": 129.5189489009992, "std": 4.195747389476362}}, "compatibleConfigurations": ["K1", "K2"]}, "O5": {"estimatedTestTime": {"K1": {"distribution": "normal", "mean": 183.0374241388808, "std": 3.8582901360790345}, "K3": {"distribution": "normal", "mean": 87.38025187782458, "std": 2.6965646533476866}, "K2": {"distribution": "normal", "mean": 13.954215414292866, "std": 2.788939679959235}}, "compatibleConfigurations": ["K1", "K3", "K2"]}, "O6": {"estimatedTestTime": {"K3": {"distribution": "normal", "mean": 200.2123515755988, "std": 3.2484129470150283}, "K1": {"distribution": "normal", "mean": 466.0381295287149, "std": 2.4174610238450525}, "K2": {"distribution": "normal", "mean": 149.24328909332962, "std": 3.42284846050873}}, "compatibleConfigurations": ["K3", "K1", "K2"]}, "O7": {"estimatedTestTime": {"K1": {"distribution": "normal", "mean": 497.72159427662916, "std": 4.890743979580113}, "K2": {"distribution": "normal", "mean": 200.8766024398372, "std": 3.523743396508288}, "K3": {"distribution": "normal", "mean": 176.04709578568193, "std": 3.987240177628556}}, "compatibleConfigurations": ["K1", "K2", "K3"]}, "O8": {"estimatedTestTime": {"K3": {"distribution": "normal", "mean": 466.5993746940335, "std": 3.8045763741338026}, "K2": {"distribution": "normal", "mean": 84.35475120616682, "std": 3.21836993538834}}, "compatibleConfigurations": ["K3", "K2"]}, "O9": {"estimatedTestTime": {"K3": {"distribution": "normal", "mean": 320.3709028645895, "std": 4.39434302053739}, "K1": {"distribution": "normal", "mean": 499.58916703901497, "std": 4.852345079277032}}, "compatibleConfigurations": ["K3", "K1"]}, "O10": {"estimatedTestTime": {"K1": {"distribution": "normal", "mean": 70.89628257460224, "std": 3.4486336339783197}, "K3": {"distribution": "normal", "mean": 205.81838557500026, "std": 2.8065684295703113}, "K2": {"distribution": "normal", "mean": 296.5432000409165, "std": 4.707628461359688}}, "compatibleConfigurations": ["K1", "K3", "K2"]}, "O11": {"estimatedTestTime": {"K3": {"distribution": "normal", "mean": 368.5816107665401, "std": 3.0759712742087144}, "K1": {"distribution": "normal", "mean": 47.211961540589705, "std": 3.66696780373535}}, "compatibleConfigurations": ["K3", "K1"]}, "O12": {"estimatedTestTime": {"K2": {"distribution": "normal", "mean": 32.77489555600375, "std": 2.1100502799712677}, "K3": {"distribution": "normal", "mean": 355.3010077566799, "std": 4.5425065142158925}, "K1": {"distribution": "normal", "mean": 185.11932672394232, "std": 2.768545608190675}}, "compatibleConfigurations": ["K2", "K3", "K1"]}, "O13": {"estimatedTestTime": {"K3": {"distribution": "normal", "mean": 102.84530699600555, "std": 3.900008067744605}, "K2": {"distribution": "normal", "mean": 255.7660853670211, "std": 4.5414723366047305}}, "compatibleConfigurations": ["K3", "K2"]}}}, "products": {"count": 6, "items": {"P1": {"index": 0, "arrival": 0, "quantity": 2, "duedate": 1342.2461147492886, "operations": ["O7", "O10", "O2", "O12", "O1", "O5", "O13", "O6", "O3", "O9", "O8", "O4"], "dependencies": [[4, 3], [5, 0], [5, 2], [5, 4], [6, 3], [7, 0], [7, 1], [7, 3], [8, 0], [8, 2], [8, 7], [9, 1], [9, 2], [9, 6], [9, 8], [10, 3], [10, 4], [10, 6], [10, 8], [11, 1], [11, 4], [11, 6], [11, 7], [11, 9]]}, "P2": {"index": 1, "arrival": 99.63280946825515, "quantity": 3, "duedate": 690.1004620151465, "operations": ["O5", "O11", "O6", "O4", "O2", "O3", "O12"], "dependencies": [[2, 0], [2, 1], [4, 0], [4, 3], [5, 3], [6, 5]]}, "P3": {"index": 2, "arrival": 163.24424545245859, "quantity": 2, "duedate": 1376.006496145985, "operations": ["O4", "O5", "O8", "O9", "O1", "O3", "O10", "O12", "O13", "O7", "O11"], "dependencies": [[4, 1], [5, 1], [5, 3], [6, 0], [6, 2], [6, 3], [7, 3], [7, 4], [7, 5], [7, 6], [8, 0], [8, 4], [8, 6], [8, 7], [9, 2], [9, 3], [9, 8], [10, 2], [10, 3], [10, 5], [10, 8]]}, "P4": {"index": 3, "arrival": 247.69980353464976, "quantity": 5, "duedate": 1404.0108236545677, "operations": ["O6", "O10", "O5", "O4", "O13", "O7", "O8", "O1"], "dependencies": [[2, 0], [2, 1], [4, 0], [5, 2], [5, 3], [5, 4], [7, 0], [7, 5], [7, 6]]}, "P5": {"index": 4, "arrival": 340.7938559792555, "quantity": 3, "duedate": 1594.9082063272087, "operations": ["O1", "O13", "O7", "O2", "O12", "O5", "O4", "O10", "O8", "O9", "O3", "O11", "O6"], "dependencies": [[3, 0], [4, 0], [4, 1], [4, 2], [5, 1], [5, 2], [5, 3], [6, 0], [6, 4], [6, 5], [7, 0], [7, 3], [7, 4], [7, 5], [7, 6], [8, 0], [8, 1], [8, 2], [8, 3], [8, 5], [9, 0], [9, 2], [9, 4], [9, 5], [9, 6], [10, 1], [10, 3], [10, 5], [11, 0], [11, 1], [11, 6], [11, 10], [12, 0], [12, 1], [12, 5], [12, 6], [12, 7]]}, "P6": {"index": 5, "arrival": 434.1981348590424, "quantity": 5, "duedate": 1755.9769591347165, "operations": ["O5", "O1", "O8", "O11", "O7", "O4", "O2", "O9", "O12", "O10", "O6"], "dependencies": [[1, 0], [4, 1], [4, 2], [4, 3], [5, 4], [6, 0], [7, 0], [8, 2], [8, 3], [8, 4], [8, 5], [8, 6], [9, 0], [9, 1], [9, 5], [9, 6], [10, 1], [10, 4], [10, 5], [10, 7]]}}}}