{"configurations": {"count": 5, "items": {"K1": {"index": 0, "setupTimes": [0, 23, 23, 39, 42]}, "K2": {"index": 1, "setupTimes": [55, 0, 6, 15, 33]}, "K3": {"index": 2, "setupTimes": [55, 5, 0, 22, 4]}, "K4": {"index": 3, "setupTimes": [19, 58, 36, 0, 24]}, "K5": {"index": 4, "setupTimes": [13, 12, 31, 2, 0]}}}, "testers": {"count": 5, "items": {"T1": {"supportedConfigurations": ["K1", "K4"]}, "T2": {"supportedConfigurations": ["K3", "K1", "K2", "K5", "K4"]}, "T3": {"supportedConfigurations": ["K5", "K1", "K2"]}, "T4": {"supportedConfigurations": ["K4", "K2", "K5", "K3", "K1"]}, "T5": {"supportedConfigurations": ["K2", "K3"]}}}, "operations": {"count": 12, "items": {"O1": {"estimatedTestTime": {"K2": {"distribution": "normal", "mean": 479.3482140166208, "std": 4.823715601298348}, "K4": {"distribution": "normal", "mean": 190.31146421604333, "std": 3.5666697680052795}}, "compatibleConfigurations": ["K2", "K4"]}, "O2": {"estimatedTestTime": {"K1": {"distribution": "normal", "mean": 439.84003383245306, "std": 2.3000688707658594}, "K4": {"distribution": "normal", "mean": 78.45166418972268, "std": 3.045551761092129}}, "compatibleConfigurations": ["K1", "K4"]}, "O3": {"estimatedTestTime": {"K5": {"distribution": "normal", "mean": 44.9083935023212, "std": 2.8673823774246867}, "K1": {"distribution": "normal", "mean": 375.56562995540406, "std": 2.8873501195653604}, "K4": {"distribution": "normal", "mean": 139.802701972188, "std": 2.1628556543090984}}, "compatibleConfigurations": ["K5", "K1", "K4"]}, "O4": {"estimatedTestTime": {"K2": {"distribution": "normal", "mean": 119.24601869414596, "std": 4.368795045501851}, "K5": {"distribution": "normal", "mean": 132.26274758971238, "std": 4.509652176762297}, "K4": {"distribution": "normal", "mean": 393.90236622548775, "std": 4.6657250779615085}}, "compatibleConfigurations": ["K2", "K5", "K4"]}, "O5": {"estimatedTestTime": {"K5": {"distribution": "normal", "mean": 72.01586383406608, "std": 2.884769170885377}, "K3": {"distribution": "normal", "mean": 206.70608520744324, "std": 4.438033588417311}, "K2": {"distribution": "normal", "mean": 112.90263814791568, "std": 2.438747493922108}, "K4": {"distribution": "normal", "mean": 78.35853344465467, "std": 2.1458967550797476}}, "compatibleConfigurations": ["K5", "K3", "K2", "K4"]}, "O6": {"estimatedTestTime": {"K4": {"distribution": "normal", "mean": 390.19641896524655, "std": 2.430100866848721}, "K2": {"distribution": "normal", "mean": 185.455399124702, "std": 3.9646199977508103}, "K3": {"distribution": "normal", "mean": 299.3425301860796, "std": 4.415620499143538}}, "compatibleConfigurations": ["K4", "K2", "K3"]}, "O7": {"estimatedTestTime": {"K1": {"distribution": "normal", "mean": 258.03516942278293, "std": 4.3372946707250035}, "K3": {"distribution": "normal", "mean": 458.47760227256003, "std": 4.2758768134106475}, "K2": {"distribution": "normal", "mean": 137.06694546343198, "std": 2.6997749992214546}}, "compatibleConfigurations": ["K1", "K3", "K2"]}, "O8": {"estimatedTestTime": {"K5": {"distribution": "normal", "mean": 13.398915011281055, "std": 4.668467739313991}, "K2": {"distribution": "normal", "mean": 263.1500554361, "std": 2.7706575040745123}, "K1": {"distribution": "normal", "mean": 493.5688930245707, "std": 4.710744066021977}, "K4": {"distribution": "normal", "mean": 40.18820811519834, "std": 2.8230630206350282}}, "compatibleConfigurations": ["K5", "K2", "K1", "K4"]}, "O9": {"estimatedTestTime": {"K5": {"distribution": "normal", "mean": 333.1187619527555, "std": 4.278290061054891}, "K4": {"distribution": "normal", "mean": 136.41911499671224, "std": 2.2562624375293963}, "K3": {"distribution": "normal", "mean": 424.40616077840474, "std": 4.881564138650537}}, "compatibleConfigurations": ["K5", "K4", "K3"]}, "O10": {"estimatedTestTime": {"K4": {"distribution": "normal", "mean": 90.34455077320231, "std": 4.990613017260243}, "K3": {"distribution": "normal", "mean": 267.01018013703896, "std": 4.893288420284472}, "K2": {"distribution": "normal", "mean": 208.71270007441856, "std": 3.3659064678909876}, "K1": {"distribution": "normal", "mean": 409.1842296602121, "std": 2.7834577409073153}}, "compatibleConfigurations": ["K4", "K3", "K2", "K1"]}, "O11": {"estimatedTestTime": {"K3": {"distribution": "normal", "mean": 54.532291661365164, "std": 2.3826722298794354}, "K1": {"distribution": "normal", "mean": 152.04320065362467, "std": 4.635900031807832}, "K4": {"distribution": "normal", "mean": 202.37545367326715, "std": 4.84862181569587}}, "compatibleConfigurations": ["K3", "K1", "K4"]}, "O12": {"estimatedTestTime": {"K4": {"distribution": "normal", "mean": 460.27420538858803, "std": 2.251553358916933}, "K2": {"distribution": "normal", "mean": 287.20712738599593, "std": 4.817494010341262}, "K3": {"distribution": "normal", "mean": 317.65921864359564, "std": 3.3337009688082837}}, "compatibleConfigurations": ["K4", "K2", "K3"]}}}, "products": {"count": 10, "items": {"P1": {"index": 0, "arrival": 0, "quantity": 4, "duedate": 938.3429357777852, "operations": ["O2", "O12", "O9", "O7", "O1"], "dependencies": [[3, 0], [3, 2], [3, 1], [4, 3]]}, "P2": {"index": 1, "arrival": 78.44171749640084, "quantity": 3, "duedate": 1547.5318677762777, "operations": ["O12", "O9", "O8", "O5", "O4", "O7", "O2", "O6", "O3", "O10", "O11", "O1"], "dependencies": [[1, 0], [5, 3], [5, 4], [6, 4], [7, 0], [7, 5], [8, 1], [8, 4], [9, 4], [9, 7], [10, 2], [10, 7], [10, 9], [11, 2], [11, 4], [11, 7], [11, 9], [11, 10]]}, "P3": {"index": 2, "arrival": 138.50857458830092, "quantity": 4, "duedate": 993.1691565315538, "operations": ["O6", "O3", "O5", "O1", "O7", "O4", "O2"], "dependencies": [[1, 0], [2, 0], [2, 1], [4, 0], [4, 2], [5, 1], [6, 0], [6, 1], [6, 2], [6, 3]]}, "P4": {"index": 3, "arrival": 207.12523314329022, "quantity": 3, "duedate": 1472.536452451188, "operations": ["O11", "O1", "O5", "O7", "O3", "O10", "O8", "O6", "O4", "O2", "O9"], "dependencies": [[2, 0], [3, 2], [5, 2], [5, 4], [6, 0], [6, 3], [7, 0], [7, 5], [8, 1], [8, 3], [8, 4], [8, 6], [8, 7], [9, 0], [9, 3], [9, 4], [9, 6], [10, 7], [10, 9]]}, "P5": {"index": 4, "arrival": 268.20683974800744, "quantity": 2, "duedate": 930.3572767807517, "operations": ["O8", "O6", "O5", "O3", "O4", "O7"], "dependencies": [[2, 0], [3, 1], [4, 0], [5, 0], [5, 1], [5, 4]]}, "P6": {"index": 5, "arrival": 355.7558803078776, "quantity": 5, "duedate": 880.6174187430842, "operations": ["O9", "O6", "O5", "O11", "O3", "O7", "O10"], "dependencies": [[3, 0], [4, 1], [5, 0], [5, 1], [5, 2], [6, 1], [6, 2]]}, "P7": {"index": 6, "arrival": 452.0145411330527, "quantity": 5, "duedate": 1306.7123789111956, "operations": ["O9", "O6", "O11", "O8", "O4", "O12", "O7", "O2"], "dependencies": [[4, 2], [5, 0], [6, 5], [7, 1], [7, 3], [7, 4], [7, 5]]}, "P8": {"index": 7, "arrival": 523.2938059789689, "quantity": 4, "duedate": 1233.6136085506141, "operations": ["O1", "O9", "O3", "O5", "O10", "O11", "O4", "O6"], "dependencies": [[3, 2], [4, 3], [5, 0], [5, 1], [5, 2], [5, 4], [6, 1], [6, 3], [6, 4], [7, 2], [7, 3]]}, "P9": {"index": 8, "arrival": 620.0294270873114, "quantity": 2, "duedate": 2045.4282849198826, "operations": ["O5", "O6", "O8", "O12", "O10", "O9", "O2", "O1", "O7", "O11", "O4"], "dependencies": [[3, 0], [3, 1], [4, 1], [5, 0], [5, 3], [6, 1], [6, 5], [7, 0], [7, 1], [7, 2], [7, 6], [8, 0], [8, 1], [8, 2], [8, 3], [8, 5], [8, 6], [9, 2], [9, 3], [10, 9]]}, "P10": {"index": 9, "arrival": 704.666619629416, "quantity": 4, "duedate": 1233.0807280188058, "operations": ["O1", "O7", "O11", "O3", "O12"], "dependencies": [[1, 0], [3, 2], [3, 0], [4, 2]]}}}}