{"configurations": {"count": 4, "items": {"K1": {"index": 0, "setupTimes": [0, 60, 57, 40]}, "K2": {"index": 1, "setupTimes": [55, 0, 57, 59]}, "K3": {"index": 2, "setupTimes": [15, 32, 0, 46]}, "K4": {"index": 3, "setupTimes": [15, 17, 41, 0]}}}, "testers": {"count": 4, "items": {"T1": {"supportedConfigurations": ["K1", "K2"]}, "T2": {"supportedConfigurations": ["K2", "K1"]}, "T3": {"supportedConfigurations": ["K4", "K2"]}, "T4": {"supportedConfigurations": ["K4", "K3", "K1", "K2"]}}}, "operations": {"count": 10, "items": {"O1": {"estimatedTestTime": {"K3": {"distribution": "normal", "mean": 414.21598140878393, "std": 4.227125870319567}, "K4": {"distribution": "normal", "mean": 371.1337754831309, "std": 4.691827639398363}, "K2": {"distribution": "normal", "mean": 358.8226445275584, "std": 2.996233855131777}, "K1": {"distribution": "normal", "mean": 331.7741707277404, "std": 2.9036312429049924}}, "compatibleConfigurations": ["K3", "K4", "K2", "K1"]}, "O2": {"estimatedTestTime": {"K3": {"distribution": "normal", "mean": 487.9343207989376, "std": 3.48993207691818}, "K1": {"distribution": "normal", "mean": 371.4745676197896, "std": 4.141468357703813}}, "compatibleConfigurations": ["K3", "K1"]}, "O3": {"estimatedTestTime": {"K1": {"distribution": "normal", "mean": 288.84113549564546, "std": 4.650339286733441}, "K3": {"distribution": "normal", "mean": 119.11144186361938, "std": 4.982432356360996}}, "compatibleConfigurations": ["K1", "K3"]}, "O4": {"estimatedTestTime": {"K1": {"distribution": "normal", "mean": 356.1753789911961, "std": 4.180972112684083}, "K4": {"distribution": "normal", "mean": 386.0403005886805, "std": 3.607950571065521}, "K2": {"distribution": "normal", "mean": 395.0482253010723, "std": 3.852682718604745}}, "compatibleConfigurations": ["K1", "K4", "K2"]}, "O5": {"estimatedTestTime": {"K2": {"distribution": "normal", "mean": 308.5367062318569, "std": 3.534081114759834}, "K4": {"distribution": "normal", "mean": 36.744288386848254, "std": 3.8850890808280303}, "K1": {"distribution": "normal", "mean": 302.55126010640373, "std": 3.1267196567577544}}, "compatibleConfigurations": ["K2", "K4", "K1"]}, "O6": {"estimatedTestTime": {"K4": {"distribution": "normal", "mean": 383.0909151972343, "std": 4.967764854422907}, "K2": {"distribution": "normal", "mean": 4.980744902967259, "std": 2.9031912723172573}, "K1": {"distribution": "normal", "mean": 487.1019009272816, "std": 3.0885244027840675}}, "compatibleConfigurations": ["K4", "K2", "K1"]}, "O7": {"estimatedTestTime": {"K1": {"distribution": "normal", "mean": 113.81900748128602, "std": 2.861802112672244}, "K4": {"distribution": "normal", "mean": 392.4176780414766, "std": 3.959176202432781}}, "compatibleConfigurations": ["K1", "K4"]}, "O8": {"estimatedTestTime": {"K3": {"distribution": "normal", "mean": 267.89447458681207, "std": 3.6438575399602016}, "K1": {"distribution": "normal", "mean": 87.78001455557414, "std": 4.212741408869762}, "K4": {"distribution": "normal", "mean": 151.67033643195307, "std": 3.456388125636794}, "K2": {"distribution": "normal", "mean": 330.65860871752307, "std": 3.5714403659680616}}, "compatibleConfigurations": ["K3", "K1", "K4", "K2"]}, "O9": {"estimatedTestTime": {"K2": {"distribution": "normal", "mean": 31.874995446177902, "std": 3.061526533944387}, "K4": {"distribution": "normal", "mean": 329.06123308704343, "std": 4.80369394540503}, "K3": {"distribution": "normal", "mean": 370.6478835212573, "std": 4.996025244335935}}, "compatibleConfigurations": ["K2", "K4", "K3"]}, "O10": {"estimatedTestTime": {"K4": {"distribution": "normal", "mean": 261.96328932923734, "std": 4.273139010603417}, "K2": {"distribution": "normal", "mean": 462.13047537976547, "std": 4.922879465864927}, "K3": {"distribution": "normal", "mean": 269.9712129954492, "std": 2.8984866414071706}, "K1": {"distribution": "normal", "mean": 444.49006258080084, "std": 3.3739015124225267}}, "compatibleConfigurations": ["K4", "K2", "K3", "K1"]}}}, "products": {"count": 7, "items": {"P1": {"index": 0, "arrival": 0, "quantity": 3, "duedate": 2316.040773455192, "operations": ["O5", "O8", "O9", "O1", "O3", "O4", "O6", "O10", "O7", "O2"], "dependencies": [[1, 0], [2, 0], [2, 1], [3, 2], [4, 3], [5, 1], [5, 3], [6, 0], [6, 4], [7, 2], [7, 4], [7, 6], [8, 0], [8, 1], [8, 2], [8, 3], [8, 4], [8, 5], [9, 3], [9, 7], [9, 8]]}, "P2": {"index": 1, "arrival": 96.34706945779007, "quantity": 3, "duedate": 1339.553025936337, "operations": ["O7", "O2", "O8", "O5", "O1", "O3"], "dependencies": [[1, 0], [2, 1], [3, 1], [4, 1], [4, 3], [5, 1]]}, "P3": {"index": 2, "arrival": 163.46533799784507, "quantity": 5, "duedate": 1780.8896925469635, "operations": ["O1", "O9", "O3", "O8", "O5", "O10", "O7", "O4"], "dependencies": [[2, 1], [4, 0], [5, 1], [5, 4], [6, 5], [7, 1], [7, 5], [7, 3]]}, "P4": {"index": 3, "arrival": 220.3973465792813, "quantity": 3, "duedate": 1552.2714399539161, "operations": ["O2", "O8", "O3", "O1", "O5", "O10", "O6", "O4", "O9"], "dependencies": [[1, 0], [2, 0], [4, 3], [5, 0], [5, 1], [6, 1], [6, 3], [7, 0], [7, 2], [7, 5], [8, 0]]}, "P5": {"index": 4, "arrival": 310.8123740614832, "quantity": 3, "duedate": 1515.2274305418202, "operations": ["O7", "O6", "O2", "O8", "O4", "O3", "O5", "O10", "O1", "O9"], "dependencies": [[3, 0], [3, 1], [4, 0], [5, 0], [5, 4], [6, 1], [6, 2], [7, 2], [7, 3], [7, 4], [7, 6], [8, 3], [8, 4], [8, 5], [9, 0], [9, 1], [9, 3], [9, 4], [9, 7]]}, "P6": {"index": 5, "arrival": 381.04344025081696, "quantity": 2, "duedate": 1109.2604800783445, "operations": ["O2", "O10", "O8", "O6", "O7"], "dependencies": [[1, 0], [3, 2], [4, 0], [4, 2]]}, "P7": {"index": 6, "arrival": 448.3889269507058, "quantity": 5, "duedate": 1509.6485104923097, "operations": ["O7", "O8", "O2", "O9", "O4"], "dependencies": [[1, 0], [2, 1], [3, 1], [4, 0]]}}}}