{"configurations": {"count": 2, "items": {"K1": {"index": 0, "setupTimes": [0, 7]}, "K2": {"index": 1, "setupTimes": [0, 0]}}}, "testers": {"count": 3, "items": {"T1": {"supportedConfigurations": ["K2", "K1"]}, "T2": {"supportedConfigurations": ["K1", "K2"]}, "T3": {"supportedConfigurations": ["K2", "K1"]}}}, "operations": {"count": 20, "items": {"O1": {"estimatedTestTime": {"K1": {"distribution": "normal", "mean": 46.376491685725995, "std": 2.8942148489225525}, "K2": {"distribution": "normal", "mean": 41.85242916412606, "std": 2.0242758398533973}}, "compatibleConfigurations": ["K1", "K2"]}, "O2": {"estimatedTestTime": {"K2": {"distribution": "normal", "mean": 33.79043072645672, "std": 2.195899669235321}, "K1": {"distribution": "normal", "mean": 13.409169859495123, "std": 3.94705521315228}}, "compatibleConfigurations": ["K2", "K1"]}, "O3": {"estimatedTestTime": {"K2": {"distribution": "normal", "mean": 38.30365266001874, "std": 2.687609081786686}, "K1": {"distribution": "normal", "mean": 35.27630744242954, "std": 2.3382652952238043}}, "compatibleConfigurations": ["K2", "K1"]}, "O4": {"estimatedTestTime": {"K1": {"distribution": "normal", "mean": 38.643448264390976, "std": 3.6114774489263395}, "K2": {"distribution": "normal", "mean": 37.229330648214656, "std": 2.646552503579887}}, "compatibleConfigurations": ["K1", "K2"]}, "O5": {"estimatedTestTime": {"K1": {"distribution": "normal", "mean": 9.057639163779607, "std": 2.104340499905546}, "K2": {"distribution": "normal", "mean": 37.98972151270837, "std": 4.199566419800384}}, "compatibleConfigurations": ["K1", "K2"]}, "O6": {"estimatedTestTime": {"K1": {"distribution": "normal", "mean": 45.048365390505, "std": 4.96743240947783}, "K2": {"distribution": "normal", "mean": 36.665831169773725, "std": 4.876508563013757}}, "compatibleConfigurations": ["K1", "K2"]}, "O7": {"estimatedTestTime": {"K1": {"distribution": "normal", "mean": 48.1618424686212, "std": 3.634902893460876}, "K2": {"distribution": "normal", "mean": 9.867752793971517, "std": 4.2725276202675}}, "compatibleConfigurations": ["K1", "K2"]}, "O8": {"estimatedTestTime": {"K1": {"distribution": "normal", "mean": 39.76086959273255, "std": 2.2253184075540338}, "K2": {"distribution": "normal", "mean": 31.298788876087578, "std": 2.96762875349877}}, "compatibleConfigurations": ["K1", "K2"]}, "O9": {"estimatedTestTime": {"K1": {"distribution": "normal", "mean": 42.45912603135426, "std": 2.10262076103916}, "K2": {"distribution": "normal", "mean": 3.636850611990834, "std": 3.2991852970922895}}, "compatibleConfigurations": ["K1", "K2"]}, "O10": {"estimatedTestTime": {"K2": {"distribution": "normal", "mean": 13.249294535259839, "std": 2.298711176296381}, "K1": {"distribution": "normal", "mean": 29.088723719661427, "std": 2.910447540770641}}, "compatibleConfigurations": ["K2", "K1"]}, "O11": {"estimatedTestTime": {"K2": {"distribution": "normal", "mean": 23.034006421633684, "std": 2.798038299039284}, "K1": {"distribution": "normal", "mean": 7.355938143257633, "std": 4.779448292394302}}, "compatibleConfigurations": ["K2", "K1"]}, "O12": {"estimatedTestTime": {"K1": {"distribution": "normal", "mean": 22.58846187834208, "std": 3.1555992536348434}, "K2": {"distribution": "normal", "mean": 38.379519931248176, "std": 4.922371988238908}}, "compatibleConfigurations": ["K1", "K2"]}, "O13": {"estimatedTestTime": {"K2": {"distribution": "normal", "mean": 49.12364429194391, "std": 2.06828037500308}, "K1": {"distribution": "normal", "mean": 36.44206353054899, "std": 2.826999538462326}}, "compatibleConfigurations": ["K2", "K1"]}, "O14": {"estimatedTestTime": {"K1": {"distribution": "normal", "mean": 7.529029159125173, "std": 4.088730948771115}, "K2": {"distribution": "normal", "mean": 39.70888351191006, "std": 4.619401906725733}}, "compatibleConfigurations": ["K1", "K2"]}, "O15": {"estimatedTestTime": {"K2": {"distribution": "normal", "mean": 34.239807102757645, "std": 3.507007236965501}, "K1": {"distribution": "normal", "mean": 34.668066607915584, "std": 3.475610789231743}}, "compatibleConfigurations": ["K2", "K1"]}, "O16": {"estimatedTestTime": {"K2": {"distribution": "normal", "mean": 28.6414325061211, "std": 2.7581897381146367}, "K1": {"distribution": "normal", "mean": 42.612910014683315, "std": 4.807626739644798}}, "compatibleConfigurations": ["K2", "K1"]}, "O17": {"estimatedTestTime": {"K1": {"distribution": "normal", "mean": 33.977071522015585, "std": 4.93352772316057}, "K2": {"distribution": "normal", "mean": 43.88809771587308, "std": 3.756717059754628}}, "compatibleConfigurations": ["K1", "K2"]}, "O18": {"estimatedTestTime": {"K1": {"distribution": "normal", "mean": 11.368998371709333, "std": 2.627999254173435}, "K2": {"distribution": "normal", "mean": 25.319518186855426, "std": 3.157925728632536}}, "compatibleConfigurations": ["K1", "K2"]}, "O19": {"estimatedTestTime": {"K2": {"distribution": "normal", "mean": 37.74221933293555, "std": 4.2216882990518245}, "K1": {"distribution": "normal", "mean": 47.135965516230314, "std": 4.20501370149921}}, "compatibleConfigurations": ["K2", "K1"]}, "O20": {"estimatedTestTime": {"K2": {"distribution": "normal", "mean": 11.883903296534779, "std": 2.4152343029224324}, "K1": {"distribution": "normal", "mean": 26.164507704587425, "std": 3.825295190458034}}, "compatibleConfigurations": ["K2", "K1"]}}}, "products": {"count": 2, "items": {"P1": {"index": 0, "arrival": 0, "quantity": 5, "duedate": 86.44133535208499, "operations": ["O17", "O9", "O12", "O11"], "dependencies": [[2, 1], [3, 1], [3, 0]]}, "P2": {"index": 1, "arrival": 16.9945936447216, "quantity": 4, "duedate": 113.77721101656462, "operations": ["O1", "O15", "O20"], "dependencies": [[1, 0], [2, 0]]}}}}