{"configurations": {"count": 2, "items": {"K1": {"index": 0, "setupTimes": [0, 3]}, "K2": {"index": 1, "setupTimes": [6, 0]}}}, "testers": {"count": 5, "items": {"T1": {"supportedConfigurations": ["K1", "K2"]}, "T2": {"supportedConfigurations": ["K1", "K2"]}, "T3": {"supportedConfigurations": ["K1", "K2"]}, "T4": {"supportedConfigurations": ["K1", "K2"]}, "T5": {"supportedConfigurations": ["K1", "K2"]}}}, "operations": {"count": 17, "items": {"O1": {"estimatedTestTime": {"K2": {"distribution": "normal", "mean": 45.33968011754611, "std": 3.5243513729271125}, "K1": {"distribution": "normal", "mean": 49.054767105339465, "std": 3.837507876820912}}, "compatibleConfigurations": ["K2", "K1"]}, "O2": {"estimatedTestTime": {"K1": {"distribution": "normal", "mean": 10.992573093631197, "std": 2.198578271242045}, "K2": {"distribution": "normal", "mean": 44.97023663478128, "std": 2.374402598889987}}, "compatibleConfigurations": ["K1", "K2"]}, "O3": {"estimatedTestTime": {"K1": {"distribution": "normal", "mean": 42.43541244228231, "std": 2.127879323871604}, "K2": {"distribution": "normal", "mean": 8.333358940932056, "std": 3.614496734084857}}, "compatibleConfigurations": ["K1", "K2"]}, "O4": {"estimatedTestTime": {"K1": {"distribution": "normal", "mean": 17.357714501328154, "std": 2.7250015380584443}, "K2": {"distribution": "normal", "mean": 4.974517255093797, "std": 3.2225644273869967}}, "compatibleConfigurations": ["K1", "K2"]}, "O5": {"estimatedTestTime": {"K1": {"distribution": "normal", "mean": 25.341034990992764, "std": 3.7732591773475943}, "K2": {"distribution": "normal", "mean": 37.5369452028831, "std": 3.6922171821488616}}, "compatibleConfigurations": ["K1", "K2"]}, "O6": {"estimatedTestTime": {"K2": {"distribution": "normal", "mean": 28.329585124755532, "std": 3.7394592597418246}, "K1": {"distribution": "normal", "mean": 43.32027417070502, "std": 2.392292987568216}}, "compatibleConfigurations": ["K2", "K1"]}, "O7": {"estimatedTestTime": {"K2": {"distribution": "normal", "mean": 45.900893078408195, "std": 3.423600131520746}, "K1": {"distribution": "normal", "mean": 15.54156224968154, "std": 2.069133892622893}}, "compatibleConfigurations": ["K2", "K1"]}, "O8": {"estimatedTestTime": {"K1": {"distribution": "normal", "mean": 22.426202557192276, "std": 4.243526726766403}, "K2": {"distribution": "normal", "mean": 46.21012909696787, "std": 2.3045481462609154}}, "compatibleConfigurations": ["K1", "K2"]}, "O9": {"estimatedTestTime": {"K2": {"distribution": "normal", "mean": 26.855449739843436, "std": 2.0946472842383437}, "K1": {"distribution": "normal", "mean": 23.97432717012008, "std": 3.16411199488042}}, "compatibleConfigurations": ["K2", "K1"]}, "O10": {"estimatedTestTime": {"K1": {"distribution": "normal", "mean": 21.58957356506576, "std": 2.121839509864465}, "K2": {"distribution": "normal", "mean": 31.692568981282438, "std": 2.407508422474391}}, "compatibleConfigurations": ["K1", "K2"]}, "O11": {"estimatedTestTime": {"K1": {"distribution": "normal", "mean": 41.329081852508985, "std": 4.771520650936758}, "K2": {"distribution": "normal", "mean": 36.23864738027607, "std": 4.773135388680392}}, "compatibleConfigurations": ["K1", "K2"]}, "O12": {"estimatedTestTime": {"K2": {"distribution": "normal", "mean": 41.68017267816773, "std": 2.0822440692901356}, "K1": {"distribution": "normal", "mean": 8.435463822425612, "std": 4.575474395139812}}, "compatibleConfigurations": ["K2", "K1"]}, "O13": {"estimatedTestTime": {"K2": {"distribution": "normal", "mean": 6.940143046226591, "std": 4.036414083830473}, "K1": {"distribution": "normal", "mean": 5.233524391896074, "std": 3.4639955500520276}}, "compatibleConfigurations": ["K2", "K1"]}, "O14": {"estimatedTestTime": {"K2": {"distribution": "normal", "mean": 28.276009394072506, "std": 2.9558939026415962}, "K1": {"distribution": "normal", "mean": 12.431813835674772, "std": 3.427663568525821}}, "compatibleConfigurations": ["K2", "K1"]}, "O15": {"estimatedTestTime": {"K1": {"distribution": "normal", "mean": 16.149703813723953, "std": 3.4911555100705414}, "K2": {"distribution": "normal", "mean": 46.73995090148762, "std": 2.9454986911475265}}, "compatibleConfigurations": ["K1", "K2"]}, "O16": {"estimatedTestTime": {"K1": {"distribution": "normal", "mean": 9.580248445594457, "std": 2.7408221296265967}, "K2": {"distribution": "normal", "mean": 45.79866765145268, "std": 4.669861440585222}}, "compatibleConfigurations": ["K1", "K2"]}, "O17": {"estimatedTestTime": {"K2": {"distribution": "normal", "mean": 4.055356431836085, "std": 2.4490491917273243}, "K1": {"distribution": "normal", "mean": 12.965063723343805, "std": 4.547794996003045}}, "compatibleConfigurations": ["K2", "K1"]}}}, "products": {"count": 2, "items": {"P1": {"index": 0, "arrival": 0, "quantity": 3, "duedate": 86.05273748600986, "operations": ["O12", "O6", "O2"], "dependencies": [[1, 0], [2, 1]]}, "P2": {"index": 1, "arrival": 38.96475147807772, "quantity": 3, "duedate": 104.02514989608582, "operations": ["O2", "O7", "O12", "O4"], "dependencies": [[1, 0], [2, 0], [3, 1]]}}}}