{"configurations": {"count": 3, "items": {"K1": {"index": 0, "setupTimes": [0, 5, 3]}, "K2": {"index": 1, "setupTimes": [1, 0, 3]}, "K3": {"index": 2, "setupTimes": [2, 6, 0]}}}, "testers": {"count": 3, "items": {"T1": {"supportedConfigurations": ["K1", "K3"]}, "T2": {"supportedConfigurations": ["K2", "K1", "K3"]}, "T3": {"supportedConfigurations": ["K2", "K3"]}}}, "operations": {"count": 18, "items": {"O1": {"estimatedTestTime": {"K1": {"distribution": "normal", "mean": 46.32418983040114, "std": 2.4409946909040414}, "K3": {"distribution": "normal", "mean": 24.10424886741923, "std": 3.6086578944943004}}, "compatibleConfigurations": ["K1", "K3"]}, "O2": {"estimatedTestTime": {"K1": {"distribution": "normal", "mean": 38.91763614659144, "std": 3.900854231662395}, "K3": {"distribution": "normal", "mean": 15.403162565288238, "std": 4.094002607118469}}, "compatibleConfigurations": ["K1", "K3"]}, "O3": {"estimatedTestTime": {"K1": {"distribution": "normal", "mean": 36.522591344896185, "std": 4.412295261051086}, "K3": {"distribution": "normal", "mean": 17.913938715835577, "std": 4.229242786159104}}, "compatibleConfigurations": ["K1", "K3"]}, "O4": {"estimatedTestTime": {"K3": {"distribution": "normal", "mean": 33.217869677498136, "std": 4.374238176188138}, "K2": {"distribution": "normal", "mean": 49.15334421599212, "std": 3.9416144061721092}, "K1": {"distribution": "normal", "mean": 6.008632553464793, "std": 2.8761745935243455}}, "compatibleConfigurations": ["K3", "K2", "K1"]}, "O5": {"estimatedTestTime": {"K3": {"distribution": "normal", "mean": 27.595791691460754, "std": 2.0636187054687065}, "K1": {"distribution": "normal", "mean": 26.386640383636973, "std": 3.854368058129003}, "K2": {"distribution": "normal", "mean": 4.352581565108904, "std": 3.2766353151774035}}, "compatibleConfigurations": ["K3", "K1", "K2"]}, "O6": {"estimatedTestTime": {"K3": {"distribution": "normal", "mean": 45.69722170555062, "std": 2.353903658131256}, "K1": {"distribution": "normal", "mean": 13.6005336572145, "std": 3.486067832935711}, "K2": {"distribution": "normal", "mean": 18.857200520350077, "std": 3.025491440734554}}, "compatibleConfigurations": ["K3", "K1", "K2"]}, "O7": {"estimatedTestTime": {"K2": {"distribution": "normal", "mean": 43.781986486644726, "std": 3.9339780788239134}, "K1": {"distribution": "normal", "mean": 47.135054110885555, "std": 4.388431455455779}}, "compatibleConfigurations": ["K2", "K1"]}, "O8": {"estimatedTestTime": {"K1": {"distribution": "normal", "mean": 2.8331090456494596, "std": 3.095853552506332}, "K2": {"distribution": "normal", "mean": 49.40461446121094, "std": 2.0983285201150568}, "K3": {"distribution": "normal", "mean": 32.25080006818382, "std": 4.764897122318939}}, "compatibleConfigurations": ["K1", "K2", "K3"]}, "O9": {"estimatedTestTime": {"K3": {"distribution": "normal", "mean": 33.74494254925403, "std": 2.8201122130740726}, "K1": {"distribution": "normal", "mean": 44.305976639895206, "std": 2.4424127784060783}, "K2": {"distribution": "normal", "mean": 35.844211216444435, "std": 4.158095105212915}}, "compatibleConfigurations": ["K3", "K1", "K2"]}, "O10": {"estimatedTestTime": {"K2": {"distribution": "normal", "mean": 39.34421749035512, "std": 3.1154581990192898}, "K3": {"distribution": "normal", "mean": 3.2545415646157263, "std": 4.913076439974964}}, "compatibleConfigurations": ["K2", "K3"]}, "O11": {"estimatedTestTime": {"K2": {"distribution": "normal", "mean": 15.21769580530766, "std": 2.876408928380464}, "K1": {"distribution": "normal", "mean": 14.744219678293906, "std": 2.647422440476536}, "K3": {"distribution": "normal", "mean": 11.440627671983737, "std": 2.9225850764307335}}, "compatibleConfigurations": ["K2", "K1", "K3"]}, "O12": {"estimatedTestTime": {"K1": {"distribution": "normal", "mean": 36.3685387470606, "std": 4.712660690911943}, "K3": {"distribution": "normal", "mean": 48.064127361229716, "std": 3.0221165473440244}, "K2": {"distribution": "normal", "mean": 23.137235243150652, "std": 4.07643533915794}}, "compatibleConfigurations": ["K1", "K3", "K2"]}, "O13": {"estimatedTestTime": {"K3": {"distribution": "normal", "mean": 39.109662577448674, "std": 4.004487549567557}, "K2": {"distribution": "normal", "mean": 13.158220401968094, "std": 4.142549392442222}, "K1": {"distribution": "normal", "mean": 13.969132254339948, "std": 2.9505469895627847}}, "compatibleConfigurations": ["K3", "K2", "K1"]}, "O14": {"estimatedTestTime": {"K1": {"distribution": "normal", "mean": 37.386992691302815, "std": 3.4702681552331702}, "K2": {"distribution": "normal", "mean": 4.0256308807141945, "std": 2.1477244295495628}}, "compatibleConfigurations": ["K1", "K2"]}, "O15": {"estimatedTestTime": {"K2": {"distribution": "normal", "mean": 21.253912176661075, "std": 3.355262239135862}, "K1": {"distribution": "normal", "mean": 5.903101104215054, "std": 2.240269010139569}, "K3": {"distribution": "normal", "mean": 36.9482583274031, "std": 2.766078969934998}}, "compatibleConfigurations": ["K2", "K1", "K3"]}, "O16": {"estimatedTestTime": {"K2": {"distribution": "normal", "mean": 32.198708531860646, "std": 4.352170294760416}, "K3": {"distribution": "normal", "mean": 25.640935858694547, "std": 4.615832111183449}}, "compatibleConfigurations": ["K2", "K3"]}, "O17": {"estimatedTestTime": {"K2": {"distribution": "normal", "mean": 2.706266905427748, "std": 3.8546535262001633}, "K3": {"distribution": "normal", "mean": 26.526485656077867, "std": 3.2934258258907367}}, "compatibleConfigurations": ["K2", "K3"]}, "O18": {"estimatedTestTime": {"K3": {"distribution": "normal", "mean": 11.398722059262154, "std": 2.058904336563961}, "K1": {"distribution": "normal", "mean": 24.881721456850123, "std": 3.7074078068294125}}, "compatibleConfigurations": ["K3", "K1"]}}}, "products": {"count": 5, "items": {"P1": {"index": 0, "arrival": 0, "quantity": 3, "duedate": 77.22941792455939, "operations": ["O13", "O3", "O16", "O2", "O4"], "dependencies": [[1, 0], [2, 1], [3, 0], [4, 3]]}, "P2": {"index": 1, "arrival": 48.82409227998347, "quantity": 2, "duedate": 129.1696436318968, "operations": ["O16", "O15", "O9"], "dependencies": [[1, 0], [2, 1]]}, "P3": {"index": 2, "arrival": 91.59296068859013, "quantity": 4, "duedate": 192.70682518899196, "operations": ["O12", "O2", "O8", "O13", "O4"], "dependencies": [[2, 1], [3, 0], [3, 2], [4, 2]]}, "P4": {"index": 3, "arrival": 91.74138544472109, "quantity": 5, "duedate": 249.98315147510334, "operations": ["O5", "O12", "O6", "O15"], "dependencies": [[1, 0], [2, 1], [3, 2]]}, "P5": {"index": 4, "arrival": 127.63195018057885, "quantity": 4, "duedate": 213.6028598008589, "operations": ["O17", "O18", "O8", "O15", "O1"], "dependencies": [[3, 1], [4, 0], [4, 2], [4, 3]]}}}}