{"configurations": {"count": 3, "items": {"K1": {"index": 0, "setupTimes": [0, 2, 4]}, "K2": {"index": 1, "setupTimes": [7, 0, 7]}, "K3": {"index": 2, "setupTimes": [1, 10, 0]}}}, "testers": {"count": 3, "items": {"T1": {"supportedConfigurations": ["K3", "K1", "K2"]}, "T2": {"supportedConfigurations": ["K1", "K2", "K3"]}, "T3": {"supportedConfigurations": ["K2", "K1"]}}}, "operations": {"count": 19, "items": {"O1": {"estimatedTestTime": {"K1": {"distribution": "normal", "mean": 38.27426826395323, "std": 2.1633379365549747}, "K2": {"distribution": "normal", "mean": 7.910172968421795, "std": 3.3688347215835037}, "K3": {"distribution": "normal", "mean": 7.202605727285285, "std": 4.553599580402197}}, "compatibleConfigurations": ["K1", "K2", "K3"]}, "O2": {"estimatedTestTime": {"K1": {"distribution": "normal", "mean": 16.88719742591844, "std": 4.527708552982406}, "K2": {"distribution": "normal", "mean": 24.228633499666888, "std": 2.5987887590228285}}, "compatibleConfigurations": ["K1", "K2"]}, "O3": {"estimatedTestTime": {"K1": {"distribution": "normal", "mean": 47.98456867454766, "std": 2.3698314404187935}, "K2": {"distribution": "normal", "mean": 2.494968158454517, "std": 2.6715062482038174}, "K3": {"distribution": "normal", "mean": 34.144817906649806, "std": 3.4344755934846196}}, "compatibleConfigurations": ["K1", "K2", "K3"]}, "O4": {"estimatedTestTime": {"K3": {"distribution": "normal", "mean": 47.243507180214365, "std": 2.396703805884917}, "K1": {"distribution": "normal", "mean": 6.0638815811641855, "std": 3.549481630210824}, "K2": {"distribution": "normal", "mean": 49.16922056239555, "std": 4.755831135729141}}, "compatibleConfigurations": ["K3", "K1", "K2"]}, "O5": {"estimatedTestTime": {"K1": {"distribution": "normal", "mean": 16.8934579816967, "std": 2.2623565406701327}, "K2": {"distribution": "normal", "mean": 37.615109773298784, "std": 2.1820250242454304}, "K3": {"distribution": "normal", "mean": 20.914349570992908, "std": 2.94057221159764}}, "compatibleConfigurations": ["K1", "K2", "K3"]}, "O6": {"estimatedTestTime": {"K1": {"distribution": "normal", "mean": 16.503732190411547, "std": 2.5074112922360414}, "K2": {"distribution": "normal", "mean": 42.91924086753484, "std": 3.9361277406239985}, "K3": {"distribution": "normal", "mean": 42.81406469800876, "std": 2.5645393229618954}}, "compatibleConfigurations": ["K1", "K2", "K3"]}, "O7": {"estimatedTestTime": {"K2": {"distribution": "normal", "mean": 37.02056867287265, "std": 3.7995557543023155}, "K1": {"distribution": "normal", "mean": 23.627554073726174, "std": 4.9417698610592415}}, "compatibleConfigurations": ["K2", "K1"]}, "O8": {"estimatedTestTime": {"K2": {"distribution": "normal", "mean": 20.470504722125288, "std": 4.8556442557965385}, "K1": {"distribution": "normal", "mean": 29.672523976843173, "std": 2.084032270422627}}, "compatibleConfigurations": ["K2", "K1"]}, "O9": {"estimatedTestTime": {"K3": {"distribution": "normal", "mean": 7.383435964726498, "std": 4.7775807514433986}, "K2": {"distribution": "normal", "mean": 6.105477965852238, "std": 2.529184630979709}, "K1": {"distribution": "normal", "mean": 34.35127308689775, "std": 2.391498104723897}}, "compatibleConfigurations": ["K3", "K2", "K1"]}, "O10": {"estimatedTestTime": {"K1": {"distribution": "normal", "mean": 38.93802216297853, "std": 4.475278522552634}, "K2": {"distribution": "normal", "mean": 37.74833601078221, "std": 2.6599722491929367}}, "compatibleConfigurations": ["K1", "K2"]}, "O11": {"estimatedTestTime": {"K1": {"distribution": "normal", "mean": 40.15039911027579, "std": 4.8362456912651055}, "K3": {"distribution": "normal", "mean": 46.16254689206539, "std": 2.6399621466829113}}, "compatibleConfigurations": ["K1", "K3"]}, "O12": {"estimatedTestTime": {"K3": {"distribution": "normal", "mean": 28.063144435536863, "std": 3.0814822545102096}, "K2": {"distribution": "normal", "mean": 32.56105183561576, "std": 4.66028435422189}, "K1": {"distribution": "normal", "mean": 27.22936721564576, "std": 4.754938630639022}}, "compatibleConfigurations": ["K3", "K2", "K1"]}, "O13": {"estimatedTestTime": {"K1": {"distribution": "normal", "mean": 4.955305649377614, "std": 4.357638204936382}, "K3": {"distribution": "normal", "mean": 17.55701381177751, "std": 4.306961619692077}, "K2": {"distribution": "normal", "mean": 35.85028755468004, "std": 4.426375573619687}}, "compatibleConfigurations": ["K1", "K3", "K2"]}, "O14": {"estimatedTestTime": {"K3": {"distribution": "normal", "mean": 48.744725787099064, "std": 3.5515408812225653}, "K2": {"distribution": "normal", "mean": 18.70636976856848, "std": 3.1856854495290907}}, "compatibleConfigurations": ["K3", "K2"]}, "O15": {"estimatedTestTime": {"K3": {"distribution": "normal", "mean": 5.417183687591136, "std": 2.6669184139315276}, "K2": {"distribution": "normal", "mean": 45.57273076982849, "std": 4.5668804271483046}, "K1": {"distribution": "normal", "mean": 32.76673987228297, "std": 3.827500071126689}}, "compatibleConfigurations": ["K3", "K2", "K1"]}, "O16": {"estimatedTestTime": {"K1": {"distribution": "normal", "mean": 7.796960268505593, "std": 4.916505520105308}, "K3": {"distribution": "normal", "mean": 22.66659994535269, "std": 2.861874481994786}}, "compatibleConfigurations": ["K1", "K3"]}, "O17": {"estimatedTestTime": {"K2": {"distribution": "normal", "mean": 7.755168987795116, "std": 4.957031287155383}, "K1": {"distribution": "normal", "mean": 33.06338700158943, "std": 4.403523466533192}}, "compatibleConfigurations": ["K2", "K1"]}, "O18": {"estimatedTestTime": {"K1": {"distribution": "normal", "mean": 8.97106924114141, "std": 2.4541563248724603}, "K2": {"distribution": "normal", "mean": 32.60143533355392, "std": 3.076158726586427}, "K3": {"distribution": "normal", "mean": 41.53643242473835, "std": 3.497679220623402}}, "compatibleConfigurations": ["K1", "K2", "K3"]}, "O19": {"estimatedTestTime": {"K3": {"distribution": "normal", "mean": 40.86975840396704, "std": 3.707852469867145}, "K2": {"distribution": "normal", "mean": 7.986320597333997, "std": 4.585069323189543}}, "compatibleConfigurations": ["K3", "K2"]}}}, "products": {"count": 2, "items": {"P1": {"index": 0, "arrival": 0, "quantity": 2, "duedate": 75.16193702784008, "operations": ["O6", "O11", "O3"], "dependencies": [[1, 0], [2, 0]]}, "P2": {"index": 1, "arrival": 4.779390419692603, "quantity": 2, "duedate": 89.22886361903629, "operations": ["O14", "O12", "O17"], "dependencies": [[1, 0], [2, 1]]}}}}