{"configurations": {"count": 3, "items": {"K1": {"index": 0, "setupTimes": [0, 55, 19]}, "K2": {"index": 1, "setupTimes": [49, 0, 58]}, "K3": {"index": 2, "setupTimes": [39, 16, 0]}}}, "testers": {"count": 5, "items": {"T1": {"supportedConfigurations": ["K3", "K1"]}, "T2": {"supportedConfigurations": ["K3", "K2"]}, "T3": {"supportedConfigurations": ["K3", "K2"]}, "T4": {"supportedConfigurations": ["K1", "K3"]}, "T5": {"supportedConfigurations": ["K3", "K2"]}}}, "operations": {"count": 12, "items": {"O1": {"estimatedTestTime": {"K2": {"distribution": "normal", "mean": 292.5980075149567, "std": 3.8970580078138135}, "K3": {"distribution": "normal", "mean": 182.92673739177047, "std": 3.606499684417307}, "K1": {"distribution": "normal", "mean": 325.9959882318189, "std": 3.9702683252830724}}, "compatibleConfigurations": ["K2", "K3", "K1"]}, "O2": {"estimatedTestTime": {"K1": {"distribution": "normal", "mean": 122.0904264083156, "std": 2.034577404850628}, "K3": {"distribution": "normal", "mean": 127.3918195441035, "std": 2.1329135030538975}}, "compatibleConfigurations": ["K1", "K3"]}, "O3": {"estimatedTestTime": {"K3": {"distribution": "normal", "mean": 84.81850992772816, "std": 3.8815693275766456}, "K1": {"distribution": "normal", "mean": 80.91225928530389, "std": 3.9582876933251026}}, "compatibleConfigurations": ["K3", "K1"]}, "O4": {"estimatedTestTime": {"K2": {"distribution": "normal", "mean": 253.3107497028691, "std": 3.835742001401113}, "K3": {"distribution": "normal", "mean": 458.2590149865322, "std": 4.990112228713841}}, "compatibleConfigurations": ["K2", "K3"]}, "O5": {"estimatedTestTime": {"K1": {"distribution": "normal", "mean": 53.74195233554234, "std": 3.9789671474953456}, "K2": {"distribution": "normal", "mean": 351.1461636060471, "std": 4.541007196029659}, "K3": {"distribution": "normal", "mean": 268.6858610617698, "std": 3.7424402558444196}}, "compatibleConfigurations": ["K1", "K2", "K3"]}, "O6": {"estimatedTestTime": {"K1": {"distribution": "normal", "mean": 454.6048294860392, "std": 4.758610573176928}, "K2": {"distribution": "normal", "mean": 32.60389519594719, "std": 3.7088776771632768}, "K3": {"distribution": "normal", "mean": 379.7759405095531, "std": 3.8937021556566433}}, "compatibleConfigurations": ["K1", "K2", "K3"]}, "O7": {"estimatedTestTime": {"K1": {"distribution": "normal", "mean": 491.7578546469195, "std": 2.363597705610325}, "K3": {"distribution": "normal", "mean": 464.0870637292437, "std": 3.0394287746845627}}, "compatibleConfigurations": ["K1", "K3"]}, "O8": {"estimatedTestTime": {"K1": {"distribution": "normal", "mean": 396.20817887265827, "std": 4.9957509514695895}, "K2": {"distribution": "normal", "mean": 65.82496513452608, "std": 3.9215401733543542}, "K3": {"distribution": "normal", "mean": 454.7843991609718, "std": 2.9233214708641118}}, "compatibleConfigurations": ["K1", "K2", "K3"]}, "O9": {"estimatedTestTime": {"K1": {"distribution": "normal", "mean": 137.88343456980715, "std": 4.535639568863145}, "K2": {"distribution": "normal", "mean": 233.92065029394328, "std": 4.58084301418921}}, "compatibleConfigurations": ["K1", "K2"]}, "O10": {"estimatedTestTime": {"K2": {"distribution": "normal", "mean": 286.34843132277956, "std": 4.5545996294139135}, "K1": {"distribution": "normal", "mean": 78.39344863993922, "std": 4.780653065121693}}, "compatibleConfigurations": ["K2", "K1"]}, "O11": {"estimatedTestTime": {"K3": {"distribution": "normal", "mean": 71.3505944165196, "std": 2.104820321207152}, "K2": {"distribution": "normal", "mean": 476.7680931216419, "std": 4.373800962261528}, "K1": {"distribution": "normal", "mean": 424.71528206591955, "std": 3.5166727414077323}}, "compatibleConfigurations": ["K3", "K2", "K1"]}, "O12": {"estimatedTestTime": {"K1": {"distribution": "normal", "mean": 120.61791534779682, "std": 3.4369840575974573}, "K3": {"distribution": "normal", "mean": 102.5561313983677, "std": 3.5910607901995952}}, "compatibleConfigurations": ["K1", "K3"]}}}, "products": {"count": 9, "items": {"P1": {"index": 0, "arrival": 0, "quantity": 4, "duedate": 835.2258974411844, "operations": ["O3", "O10", "O2", "O7", "O9"], "dependencies": [[2, 0], [3, 1], [4, 3], [4, 2]]}, "P2": {"index": 1, "arrival": 50.78145143937195, "quantity": 5, "duedate": 839.6899136749388, "operations": ["O6", "O4", "O1", "O2", "O7", "O11", "O3", "O9", "O8", "O12", "O5"], "dependencies": [[3, 1], [4, 0], [4, 1], [6, 0], [6, 1], [6, 2], [7, 6], [9, 1], [9, 2], [9, 3], [9, 6], [9, 7], [10, 3], [10, 5], [10, 8]]}, "P3": {"index": 2, "arrival": 115.59788924756812, "quantity": 2, "duedate": 1075.0568523332638, "operations": ["O8", "O11", "O10", "O4", "O12", "O1"], "dependencies": [[2, 0], [2, 1], [3, 1], [3, 2], [4, 3], [5, 1], [5, 2]]}, "P4": {"index": 3, "arrival": 193.47725837660306, "quantity": 3, "duedate": 1107.8260256174863, "operations": ["O3", "O10", "O7", "O11", "O9", "O8", "O5"], "dependencies": [[2, 1], [2, 0], [3, 0], [5, 0], [5, 3], [5, 4], [6, 5]]}, "P5": {"index": 4, "arrival": 269.4157765176943, "quantity": 3, "duedate": 1708.686031557319, "operations": ["O12", "O1", "O6", "O5", "O7", "O8", "O4", "O2", "O3", "O11", "O9", "O10"], "dependencies": [[1, 0], [2, 0], [4, 1], [4, 3], [5, 3], [5, 4], [6, 2], [6, 4], [7, 4], [7, 6], [8, 6], [9, 1], [10, 1], [10, 8], [11, 2], [11, 9]]}, "P6": {"index": 5, "arrival": 365.09319866140834, "quantity": 3, "duedate": 1605.8667130778508, "operations": ["O11", "O6", "O2", "O8", "O12", "O3", "O7", "O1", "O5", "O4", "O10"], "dependencies": [[3, 0], [3, 2], [4, 0], [4, 3], [5, 2], [5, 3], [5, 4], [6, 1], [6, 3], [6, 4], [6, 5], [7, 1], [8, 1], [8, 2], [8, 7], [9, 3], [9, 4], [9, 8], [10, 0], [10, 2], [10, 5], [10, 8]]}, "P7": {"index": 6, "arrival": 464.27048131693476, "quantity": 4, "duedate": 1253.289874710987, "operations": ["O9", "O2", "O11", "O4", "O6", "O5", "O10"], "dependencies": [[1, 0], [2, 0], [3, 0], [4, 0], [4, 1], [5, 4], [6, 3]]}, "P8": {"index": 7, "arrival": 546.8654868636199, "quantity": 2, "duedate": 1358.6151905307627, "operations": ["O7", "O5", "O8", "O11", "O10"], "dependencies": [[1, 0], [4, 1], [4, 3], [4, 2]]}, "P9": {"index": 8, "arrival": 631.5858624086075, "quantity": 2, "duedate": 1135.2727987633336, "operations": ["O6", "O2", "O5", "O11", "O12"], "dependencies": [[2, 1], [3, 1], [4, 3], [4, 0]]}}}}