{"configurations": {"count": 5, "items": {"K1": {"index": 0, "setupTimes": [0, 6, 8, 6, 5]}, "K2": {"index": 1, "setupTimes": [10, 0, 8, 5, 10]}, "K3": {"index": 2, "setupTimes": [2, 3, 0, 9, 9]}, "K4": {"index": 3, "setupTimes": [7, 6, 7, 0, 9]}, "K5": {"index": 4, "setupTimes": [8, 5, 3, 5, 0]}}}, "testers": {"count": 5, "items": {"T1": {"supportedConfigurations": ["K4", "K1"]}, "T2": {"supportedConfigurations": ["K4", "K2"]}, "T3": {"supportedConfigurations": ["K3", "K5"]}, "T4": {"supportedConfigurations": ["K3", "K5"]}, "T5": {"supportedConfigurations": ["K2", "K5"]}}}, "operations": {"count": 20, "items": {"O1": {"estimatedTestTime": {"K3": {"distribution": "normal", "mean": 39.58161588721073, "std": 3.7834680620661736}, "K2": {"distribution": "normal", "mean": 31.59017278863105, "std": 2.76865164039937}, "K5": {"distribution": "normal", "mean": 27.87832562356622, "std": 2.5880109756528373}, "K4": {"distribution": "normal", "mean": 41.87874988059832, "std": 3.8324331411696404}, "K1": {"distribution": "normal", "mean": 34.45435224077159, "std": 2.594773895783209}}, "compatibleConfigurations": ["K3", "K2", "K5", "K4", "K1"]}, "O2": {"estimatedTestTime": {"K2": {"distribution": "normal", "mean": 26.32386578284376, "std": 3.604964440419906}, "K5": {"distribution": "normal", "mean": 15.89845822652448, "std": 3.7807939004269753}, "K1": {"distribution": "normal", "mean": 18.367294167805547, "std": 3.077063399237477}, "K3": {"distribution": "normal", "mean": 22.018399134856153, "std": 2.4282260418799306}, "K4": {"distribution": "normal", "mean": 49.77046558999106, "std": 3.706892444869781}}, "compatibleConfigurations": ["K2", "K5", "K1", "K3", "K4"]}, "O3": {"estimatedTestTime": {"K4": {"distribution": "normal", "mean": 12.226752090358099, "std": 4.9441219830980385}, "K1": {"distribution": "normal", "mean": 27.377449569002728, "std": 4.714819695163925}, "K5": {"distribution": "normal", "mean": 6.927324564851981, "std": 4.80969984424501}, "K2": {"distribution": "normal", "mean": 22.330254541202095, "std": 2.811676151219893}, "K3": {"distribution": "normal", "mean": 47.988919109384085, "std": 3.6893679901054357}}, "compatibleConfigurations": ["K4", "K1", "K5", "K2", "K3"]}, "O4": {"estimatedTestTime": {"K3": {"distribution": "normal", "mean": 41.817554856038754, "std": 4.853801997547183}, "K2": {"distribution": "normal", "mean": 8.104541774918564, "std": 2.370422287921907}, "K1": {"distribution": "normal", "mean": 43.772763279238255, "std": 3.814260337538289}, "K5": {"distribution": "normal", "mean": 12.94192237557254, "std": 4.424742304584886}, "K4": {"distribution": "normal", "mean": 32.78418334387767, "std": 2.3302765483800645}}, "compatibleConfigurations": ["K3", "K2", "K1", "K5", "K4"]}, "O5": {"estimatedTestTime": {"K3": {"distribution": "normal", "mean": 35.11268081240809, "std": 2.5098490675157734}, "K5": {"distribution": "normal", "mean": 37.94659900871277, "std": 2.1339607952734307}, "K1": {"distribution": "normal", "mean": 35.24425652879502, "std": 2.43862553346336}, "K4": {"distribution": "normal", "mean": 3.565936779189718, "std": 2.3660626350176037}, "K2": {"distribution": "normal", "mean": 10.783789843256102, "std": 2.291912821944546}}, "compatibleConfigurations": ["K3", "K5", "K1", "K4", "K2"]}, "O6": {"estimatedTestTime": {"K5": {"distribution": "normal", "mean": 5.907592605597889, "std": 2.324277339121405}, "K4": {"distribution": "normal", "mean": 13.234363134697988, "std": 2.229649107687237}, "K1": {"distribution": "normal", "mean": 40.29636851906406, "std": 4.6617758395413205}, "K2": {"distribution": "normal", "mean": 9.545239254988303, "std": 2.112468473198814}, "K3": {"distribution": "normal", "mean": 18.392145847501162, "std": 2.0804458385741587}}, "compatibleConfigurations": ["K5", "K4", "K1", "K2", "K3"]}, "O7": {"estimatedTestTime": {"K1": {"distribution": "normal", "mean": 29.69364370767583, "std": 4.469528190624299}, "K5": {"distribution": "normal", "mean": 32.78794322585247, "std": 2.6116078706845944}, "K3": {"distribution": "normal", "mean": 29.984180240163788, "std": 4.59675277945703}, "K2": {"distribution": "normal", "mean": 9.347909587376085, "std": 3.347259934694229}, "K4": {"distribution": "normal", "mean": 28.422364703725705, "std": 2.2170373406448554}}, "compatibleConfigurations": ["K1", "K5", "K3", "K2", "K4"]}, "O8": {"estimatedTestTime": {"K2": {"distribution": "normal", "mean": 42.742726651343865, "std": 2.7974204177873356}, "K5": {"distribution": "normal", "mean": 18.047293071254956, "std": 2.472998775924116}, "K4": {"distribution": "normal", "mean": 21.902221052698927, "std": 2.5293937005068905}, "K3": {"distribution": "normal", "mean": 6.116126557879957, "std": 3.463034021811773}, "K1": {"distribution": "normal", "mean": 3.0216499421623197, "std": 4.738472799226997}}, "compatibleConfigurations": ["K2", "K5", "K4", "K3", "K1"]}, "O9": {"estimatedTestTime": {"K5": {"distribution": "normal", "mean": 19.418966344834416, "std": 4.031658806185768}, "K4": {"distribution": "normal", "mean": 21.52481038996482, "std": 4.331020533868362}, "K2": {"distribution": "normal", "mean": 27.38626520371667, "std": 3.711099706202405}, "K1": {"distribution": "normal", "mean": 14.384109068055963, "std": 2.004440502111736}, "K3": {"distribution": "normal", "mean": 27.716213134884075, "std": 4.028472259336974}}, "compatibleConfigurations": ["K5", "K4", "K2", "K1", "K3"]}, "O10": {"estimatedTestTime": {"K3": {"distribution": "normal", "mean": 15.132526245226567, "std": 3.4326001593428157}, "K2": {"distribution": "normal", "mean": 27.407623959978014, "std": 3.743889210181588}, "K5": {"distribution": "normal", "mean": 36.658516247257545, "std": 3.9441398908496255}, "K1": {"distribution": "normal", "mean": 28.900228990694053, "std": 3.020478626681436}, "K4": {"distribution": "normal", "mean": 28.904108867201792, "std": 4.631875205788342}}, "compatibleConfigurations": ["K3", "K2", "K5", "K1", "K4"]}, "O11": {"estimatedTestTime": {"K2": {"distribution": "normal", "mean": 31.721385834502733, "std": 4.593166968312163}, "K5": {"distribution": "normal", "mean": 39.75058015534787, "std": 4.476264908400221}, "K1": {"distribution": "normal", "mean": 26.53911412482901, "std": 3.6774281882460302}, "K3": {"distribution": "normal", "mean": 40.77098459747126, "std": 3.981652400672758}, "K4": {"distribution": "normal", "mean": 25.802691874257484, "std": 3.441478283295505}}, "compatibleConfigurations": ["K2", "K5", "K1", "K3", "K4"]}, "O12": {"estimatedTestTime": {"K5": {"distribution": "normal", "mean": 27.2821897732346, "std": 4.1202877473434185}, "K1": {"distribution": "normal", "mean": 26.834544251904802, "std": 2.5389528242509316}, "K4": {"distribution": "normal", "mean": 13.306089863912636, "std": 4.912552931667405}, "K2": {"distribution": "normal", "mean": 25.144232881823186, "std": 3.262350300944761}, "K3": {"distribution": "normal", "mean": 8.476335447229685, "std": 4.864158765407843}}, "compatibleConfigurations": ["K5", "K1", "K4", "K2", "K3"]}, "O13": {"estimatedTestTime": {"K1": {"distribution": "normal", "mean": 34.34656574170999, "std": 3.5463759116637377}, "K2": {"distribution": "normal", "mean": 6.121378846440043, "std": 2.484741766968797}, "K4": {"distribution": "normal", "mean": 5.490935423055273, "std": 2.0310961057228436}, "K5": {"distribution": "normal", "mean": 33.71097725730294, "std": 2.818230149568294}, "K3": {"distribution": "normal", "mean": 28.98464899875327, "std": 3.4010455611732526}}, "compatibleConfigurations": ["K1", "K2", "K4", "K5", "K3"]}, "O14": {"estimatedTestTime": {"K3": {"distribution": "normal", "mean": 46.38882161273331, "std": 4.4628997598835936}, "K5": {"distribution": "normal", "mean": 47.40382344051209, "std": 2.35457880869206}, "K1": {"distribution": "normal", "mean": 27.981803853082916, "std": 2.1569941072836634}, "K4": {"distribution": "normal", "mean": 39.91796108780417, "std": 3.966153528745452}, "K2": {"distribution": "normal", "mean": 38.67647614254827, "std": 3.580519426352823}},