{"configurations": {"count": 5, "items": {"K1": {"index": 0, "setupTimes": [0, 4, 0, 7, 7]}, "K2": {"index": 1, "setupTimes": [3, 0, 5, 10, 5]}, "K3": {"index": 2, "setupTimes": [6, 9, 0, 8, 7]}, "K4": {"index": 3, "setupTimes": [10, 1, 1, 0, 2]}, "K5": {"index": 4, "setupTimes": [8, 7, 3, 5, 0]}}}, "testers": {"count": 5, "items": {"T1": {"supportedConfigurations": ["K5", "K3"]}, "T2": {"supportedConfigurations": ["K3", "K2"]}, "T3": {"supportedConfigurations": ["K1", "K4"]}, "T4": {"supportedConfigurations": ["K4", "K2"]}, "T5": {"supportedConfigurations": ["K1", "K4"]}}}, "operations": {"count": 20, "items": {"O1": {"estimatedTestTime": {"K5": {"distribution": "normal", "mean": 3.35735136391202, "std": 2.080640203564858}, "K2": {"distribution": "normal", "mean": 43.158128534690164, "std": 3.0842950027105975}, "K1": {"distribution": "normal", "mean": 7.223592836796479, "std": 3.993512503659936}, "K3": {"distribution": "normal", "mean": 4.055609664123693, "std": 3.603254874557975}, "K4": {"distribution": "normal", "mean": 30.007883524389904, "std": 3.624782426141131}}, "compatibleConfigurations": ["K5", "K2", "K1", "K3", "K4"]}, "O2": {"estimatedTestTime": {"K1": {"distribution": "normal", "mean": 3.415269941054408, "std": 2.4314336204747797}, "K2": {"distribution": "normal", "mean": 10.16883918767793, "std": 3.6768446074038335}, "K3": {"distribution": "normal", "mean": 22.443578980517696, "std": 3.607808046852493}, "K4": {"distribution": "normal", "mean": 45.643296171075534, "std": 3.1934621969186683}, "K5": {"distribution": "normal", "mean": 28.072177319693814, "std": 4.138277007452849}}, "compatibleConfigurations": ["K1", "K2", "K3", "K4", "K5"]}, "O3": {"estimatedTestTime": {"K4": {"distribution": "normal", "mean": 25.021980563840266, "std": 4.9910244968214315}, "K3": {"distribution": "normal", "mean": 22.040122586553743, "std": 4.873904723173382}, "K5": {"distribution": "normal", "mean": 20.225624468184662, "std": 2.4233708057035095}, "K2": {"distribution": "normal", "mean": 32.95698776983289, "std": 2.669023025862217}, "K1": {"distribution": "normal", "mean": 25.816182385111816, "std": 2.0959314034678456}}, "compatibleConfigurations": ["K4", "K3", "K5", "K2", "K1"]}, "O4": {"estimatedTestTime": {"K3": {"distribution": "normal", "mean": 44.03890734415044, "std": 4.922440237379609}, "K4": {"distribution": "normal", "mean": 37.186553984440906, "std": 3.694442249961764}, "K1": {"distribution": "normal", "mean": 4.585902823343545, "std": 3.558631209002201}, "K5": {"distribution": "normal", "mean": 4.267509507787048, "std": 2.798101265020823}, "K2": {"distribution": "normal", "mean": 5.096682557461719, "std": 4.282391860760208}}, "compatibleConfigurations": ["K3", "K4", "K1", "K5", "K2"]}, "O5": {"estimatedTestTime": {"K1": {"distribution": "normal", "mean": 25.663507715053278, "std": 3.1914520991513244}, "K4": {"distribution": "normal", "mean": 9.855380399491418, "std": 3.3646067877568524}, "K5": {"distribution": "normal", "mean": 10.058759998635491, "std": 2.655670020865882}, "K2": {"distribution": "normal", "mean": 17.78035163536574, "std": 2.3365725728788242}, "K3": {"distribution": "normal", "mean": 44.541393211508854, "std": 2.480012716563136}}, "compatibleConfigurations": ["K1", "K4", "K5", "K2", "K3"]}, "O6": {"estimatedTestTime": {"K5": {"distribution": "normal", "mean": 14.508929994066916, "std": 2.257319989521764}, "K3": {"distribution": "normal", "mean": 17.827778183472354, "std": 4.62960642574112}, "K2": {"distribution": "normal", "mean": 5.147804090645058, "std": 4.660421038603875}, "K1": {"distribution": "normal", "mean": 46.22559077131535, "std": 3.314063628953174}, "K4": {"distribution": "normal", "mean": 39.970398791536354, "std": 4.402468532847292}}, "compatibleConfigurations": ["K5", "K3", "K2", "K1", "K4"]}, "O7": {"estimatedTestTime": {"K4": {"distribution": "normal", "mean": 2.7145772306581453, "std": 4.743260255189956}, "K5": {"distribution": "normal", "mean": 5.971347472798437, "std": 4.798077741343733}, "K2": {"distribution": "normal", "mean": 11.473419359760664, "std": 2.942154988236651}, "K1": {"distribution": "normal", "mean": 22.017652452640874, "std": 2.289187375114028}, "K3": {"distribution": "normal", "mean": 3.449351216680082, "std": 4.831857519155159}}, "compatibleConfigurations": ["K4", "K5", "K2", "K1", "K3"]}, "O8": {"estimatedTestTime": {"K1": {"distribution": "normal", "mean": 26.430783244232963, "std": 2.2629222991087983}, "K3": {"distribution": "normal", "mean": 24.376955746406153, "std": 2.830555049879074}, "K5": {"distribution": "normal", "mean": 47.94669063065782, "std": 2.8870822273182517}, "K4": {"distribution": "normal", "mean": 47.02049777555024, "std": 3.4279524627950613}, "K2": {"distribution": "normal", "mean": 15.719560222609493, "std": 2.254731007184236}}, "compatibleConfigurations": ["K1", "K3", "K5", "K4", "K2"]}, "O9": {"estimatedTestTime": {"K3": {"distribution": "normal", "mean": 45.626368664907716, "std": 4.722003555963392}, "K4": {"distribution": "normal", "mean": 36.43691368963337, "std": 3.799856063275446}, "K1": {"distribution": "normal", "mean": 43.92881105346514, "std": 2.2776501658000665}, "K2": {"distribution": "normal", "mean": 27.91764387183106, "std": 4.057009838676606}, "K5": {"distribution": "normal", "mean": 32.86023096921478, "std": 4.9030435607341865}}, "compatibleConfigurations": ["K3", "K4", "K1", "K2", "K5"]}, "O10": {"estimatedTestTime": {"K2": {"distribution": "normal", "mean": 4.0228258013851175, "std": 3.324100249810031}, "K5": {"distribution": "normal", "mean": 23.18211357532832, "std": 2.2326853581716546}, "K3": {"distribution": "normal", "mean": 24.16638364532401, "std": 2.41661847338235}, "K1": {"distribution": "normal", "mean": 19.8959802261655, "std": 4.092334598522006}, "K4": {"distribution": "normal", "mean": 42.15201933535004, "std": 3.6324947942294865}}, "compatibleConfigurations": ["K2", "K5", "K3", "K1", "K4"]}, "O11": {"estimatedTestTime": {"K3": {"distribution": "normal", "mean": 43.97545609347604, "std": 3.4292859206506083}, "K2": {"distribution": "normal", "mean": 2.9487585969524197, "std": 3.559379133403093}, "K4": {"distribution": "normal", "mean": 5.3864098353850345, "std": 2.6274289878141603}, "K5": {"distribution": "normal", "mean": 5.674076815089055, "std": 4.807337255016338}, "K1": {"distribution": "normal", "mean": 24.571123072223507, "std": 3.750818725992768}}, "compatibleConfigurations": ["K3", "K2", "K4", "K5", "K1"]}, "O12": {"estimatedTestTime": {"K1": {"distribution": "normal", "mean": 11.616668644893828, "std": 2.095043239425496}, "K5": {"distribution": "normal", "mean": 32.05974972374669, "std": 3.7796167555257387}, "K4": {"distribution": "normal", "mean": 15.519430668603432, "std": 4.724009925053878}, "K2": {"distribution": "normal", "mean": 35.45478432627995, "std": 4.725244755006335}, "K3": {"distribution": "normal", "mean": 18.170412885968787, "std": 3.639758258155088}}, "compatibleConfigurations": ["K1", "K5", "K4", "K2", "K3"]}, "O13": {"estimatedTestTime": {"K2": {"distribution": "normal", "mean": 48.267267131774915, "std": 2.5147354816320293}, "K5": {"distribution": "normal", "mean": 7.908938355619771, "std": 4.916687941759536}, "K1": {"distribution": "normal", "mean": 5.482129173576702, "std": 3.2081775203087575}, "K4": {"distribution": "normal", "mean": 42.075163759021905, "std": 2.4337346658427257}, "K3": {"distribution": "normal", "mean": 17.02784806387516, "std": 2.7274652369151373}}, "compatibleConfigurations": ["K2", "K5", "K1", "K4", "K3"]}, "O14": {"estimatedTestTime": {"K3": {"distribution": "normal", "mean": 33.615566308750005, "std": 2.0323658743842112}, "K1": {"distribution": "normal", "mean": 36.41200784842374, "std": 4.327249077521671}, "K4": {"distribution": "normal", "mean": 14.177576704619646, "std": 3.7177777414798623}, "K2": {"distribution": "normal", "mean": 16.616951355973278, "std": 3.3713681152132056}, "K5": {"distribution": "normal", "mean": 7.3609598448639275, "std": 4.1353290506332225}},