{"configurations": {"count": 5, "items": {"K1": {"index": 0, "setupTimes": [0, 2, 6, 10, 4]}, "K2": {"index": 1, "setupTimes": [2, 0, 4, 10, 7]}, "K3": {"index": 2, "setupTimes": [8, 6, 0, 8, 7]}, "K4": {"index": 3, "setupTimes": [1, 6, 0, 0, 9]}, "K5": {"index": 4, "setupTimes": [3, 0, 8, 1, 0]}}}, "testers": {"count": 5, "items": {"T1": {"supportedConfigurations": ["K2", "K1"]}, "T2": {"supportedConfigurations": ["K1", "K5"]}, "T3": {"supportedConfigurations": ["K5", "K2"]}, "T4": {"supportedConfigurations": ["K2", "K1", "K4"]}, "T5": {"supportedConfigurations": ["K3", "K1"]}}}, "operations": {"count": 20, "items": {"O1": {"estimatedTestTime": {"K5": {"distribution": "normal", "mean": 4.497147202404648, "std": 4.512744637108099}, "K1": {"distribution": "normal", "mean": 12.3339508994304, "std": 2.281134581515019}, "K2": {"distribution": "normal", "mean": 22.336890798184697, "std": 2.134358023997395}, "K4": {"distribution": "normal", "mean": 20.345014450711577, "std": 3.1547520357392154}, "K3": {"distribution": "normal", "mean": 38.8808370478317, "std": 4.563595593771412}}, "compatibleConfigurations": ["K5", "K1", "K2", "K4", "K3"]}, "O2": {"estimatedTestTime": {"K2": {"distribution": "normal", "mean": 49.57379704884197, "std": 4.98150472507344}, "K5": {"distribution": "normal", "mean": 29.971988505460835, "std": 4.4662613045808754}, "K1": {"distribution": "normal", "mean": 17.709505064143187, "std": 2.52656570449825}, "K3": {"distribution": "normal", "mean": 22.073997736462537, "std": 3.384292095937914}, "K4": {"distribution": "normal", "mean": 2.198518452656808, "std": 2.310627498864992}}, "compatibleConfigurations": ["K2", "K5", "K1", "K3", "K4"]}, "O3": {"estimatedTestTime": {"K2": {"distribution": "normal", "mean": 9.052331533514552, "std": 3.3093755248631416}, "K5": {"distribution": "normal", "mean": 32.67146889323102, "std": 2.725631214886283}, "K3": {"distribution": "normal", "mean": 32.996355750654565, "std": 2.551667401390663}, "K1": {"distribution": "normal", "mean": 28.440481048760006, "std": 2.834486916031026}, "K4": {"distribution": "normal", "mean": 37.89355115249616, "std": 4.330388911437292}}, "compatibleConfigurations": ["K2", "K5", "K3", "K1", "K4"]}, "O4": {"estimatedTestTime": {"K5": {"distribution": "normal", "mean": 5.721889908796031, "std": 4.1749847281278125}, "K4": {"distribution": "normal", "mean": 26.107474986100762, "std": 4.494435049936716}, "K3": {"distribution": "normal", "mean": 37.953004062718406, "std": 4.639603252353239}, "K1": {"distribution": "normal", "mean": 39.98833257816921, "std": 4.890699792027215}, "K2": {"distribution": "normal", "mean": 29.004431964861976, "std": 4.307944340603402}}, "compatibleConfigurations": ["K5", "K4", "K3", "K1", "K2"]}, "O5": {"estimatedTestTime": {"K3": {"distribution": "normal", "mean": 23.40269325341597, "std": 4.438064411196051}, "K2": {"distribution": "normal", "mean": 44.764962885079726, "std": 4.687331839062307}, "K4": {"distribution": "normal", "mean": 37.675626517714626, "std": 4.180345474935256}, "K5": {"distribution": "normal", "mean": 38.303257212825656, "std": 4.132406844501944}, "K1": {"distribution": "normal", "mean": 5.855016029109789, "std": 3.5545033077226513}}, "compatibleConfigurations": ["K3", "K2", "K4", "K5", "K1"]}, "O6": {"estimatedTestTime": {"K1": {"distribution": "normal", "mean": 12.622461241712653, "std": 2.239556986978058}, "K5": {"distribution": "normal", "mean": 28.256849022710668, "std": 4.017677234359599}, "K2": {"distribution": "normal", "mean": 12.72779828862587, "std": 2.3023015861447638}, "K3": {"distribution": "normal", "mean": 44.502344790920105, "std": 2.8696511990923295}, "K4": {"distribution": "normal", "mean": 11.1731329544672, "std": 3.1381243216968855}}, "compatibleConfigurations": ["K1", "K5", "K2", "K3", "K4"]}, "O7": {"estimatedTestTime": {"K2": {"distribution": "normal", "mean": 15.028263151318527, "std": 4.629172719775782}, "K1": {"distribution": "normal", "mean": 3.2177784693506624, "std": 2.7527793486769685}, "K4": {"distribution": "normal", "mean": 30.26932205850108, "std": 3.319071155968591}, "K3": {"distribution": "normal", "mean": 43.40623033818754, "std": 2.477608108918717}, "K5": {"distribution": "normal", "mean": 7.282375942441723, "std": 4.433086776346251}}, "compatibleConfigurations": ["K2", "K1", "K4", "K3", "K5"]}, "O8": {"estimatedTestTime": {"K1": {"distribution": "normal", "mean": 21.518341204431948, "std": 2.693065113393522}, "K5": {"distribution": "normal", "mean": 8.809332327221131, "std": 4.392632483063595}, "K2": {"distribution": "normal", "mean": 48.062514414143244, "std": 3.1486283521808143}, "K3": {"distribution": "normal", "mean": 46.2250255837131, "std": 4.213995440526395}, "K4": {"distribution": "normal", "mean": 23.714151906569082, "std": 3.6598598890232603}}, "compatibleConfigurations": ["K1", "K5", "K2", "K3", "K4"]}, "O9": {"estimatedTestTime": {"K4": {"distribution": "normal", "mean": 18.52668739752079, "std": 2.2353689931900735}, "K5": {"distribution": "normal", "mean": 31.103498564573663, "std": 4.228070907871674}, "K2": {"distribution": "normal", "mean": 10.711128304329911, "std": 3.638717402490735}, "K1": {"distribution": "normal", "mean": 37.94021464987665, "std": 2.179395544879105}, "K3": {"distribution": "normal", "mean": 7.72243068934103, "std": 2.5776480737380445}}, "compatibleConfigurations": ["K4", "K5", "K2", "K1", "K3"]}, "O10": {"estimatedTestTime": {"K5": {"distribution": "normal", "mean": 30.85050531614685, "std": 3.3400847536594314}, "K2": {"distribution": "normal", "mean": 19.31056725857119, "std": 2.6903136351804724}, "K4": {"distribution": "normal", "mean": 3.5951719493291634, "std": 4.115912506604152}, "K3": {"distribution": "normal", "mean": 32.49356514711446, "std": 2.578659750211753}, "K1": {"distribution": "normal", "mean": 33.41029708829775, "std": 2.9665746654047505}}, "compatibleConfigurations": ["K5", "K2", "K4", "K3", "K1"]}, "O11": {"estimatedTestTime": {"K1": {"distribution": "normal", "mean": 16.009524761386647, "std": 3.8888936260425306}, "K4": {"distribution": "normal", "mean": 12.732060545161627, "std": 3.1174586986207897}, "K3": {"distribution": "normal", "mean": 28.564855800406775, "std": 4.80424590219976}, "K2": {"distribution": "normal", "mean": 42.1828348028772, "std": 2.4465501402145247}, "K5": {"distribution": "normal", "mean": 3.739040305840456, "std": 2.017342704881705}}, "compatibleConfigurations": ["K1", "K4", "K3", "K2", "K5"]}, "O12": {"estimatedTestTime": {"K5": {"distribution": "normal", "mean": 28.516715291452144, "std": 2.808833919548194}, "K3": {"distribution": "normal", "mean": 29.358022938243924, "std": 4.043949760263342}, "K2": {"distribution": "normal", "mean": 12.425775164794821, "std": 2.76551999549767}, "K4": {"distribution": "normal", "mean": 39.45301557842379, "std": 2.698794223999041}, "K1": {"distribution": "normal", "mean": 48.28795194536614, "std": 4.300091252450727}}, "compatibleConfigurations": ["K5", "K3", "K2", "K4", "K1"]}, "O13": {"estimatedTestTime": {"K3": {"distribution": "normal", "mean": 11.498397882675294, "std": 2.0516983029277274}, "K5": {"distribution": "normal", "mean": 39.89954253014196, "std": 2.208315789753791}, "K2": {"distribution": "normal", "mean": 43.405820994545664, "std": 4.666214314689257}, "K4": {"distribution": "normal", "mean": 12.722302267070061, "std": 2.8034501224695445}, "K1": {"distribution": "normal", "mean": 46.86831148699844, "std": 4.237413273789624}}, "compatibleConfigurations": ["K3", "K5", "K2", "K4", "K1"]}, "O14": {"estimatedTestTime": {"K1": {"distribution": "normal", "mean": 5.9531773112604665, "std": 3.386444567886786}, "K3": {"distribution": "normal", "mean": 40.79955476543215, "std": 2.728608065822985}, "K5": {"distribution": "normal", "mean": 43.47827335577036, "std": 3.2329485643478706}, "K4": {"distribution": "normal", "mean": 16.62282481602596, "std": 4.244108784618099}, "K2": {"distribution": "normal", "mean": 39.1724391143302, "std": 3.054869100958027}},