{"configurations": {"count": 5, "items": {"K1": {"index": 0, "setupTimes": [0, 13, 20, 59, 18]}, "K2": {"index": 1, "setupTimes": [30, 0, 25, 55, 25]}, "K3": {"index": 2, "setupTimes": [25, 48, 0, 10, 46]}, "K4": {"index": 3, "setupTimes": [48, 43, 3, 0, 42]}, "K5": {"index": 4, "setupTimes": [6, 39, 20, 40, 0]}}}, "testers": {"count": 5, "items": {"T1": {"supportedConfigurations": ["K2", "K4", "K1", "K3", "K5"]}, "T2": {"supportedConfigurations": ["K5", "K4"]}, "T3": {"supportedConfigurations": ["K5", "K1", "K4", "K3"]}, "T4": {"supportedConfigurations": ["K5", "K3", "K1"]}, "T5": {"supportedConfigurations": ["K4", "K2", "K3", "K5", "K1"]}}}, "operations": {"count": 20, "items": {"O1": {"estimatedTestTime": {"K2": {"distribution": "normal", "mean": 263.7906654724579, "std": 3.5026161022463747}, "K3": {"distribution": "normal", "mean": 363.91475889502306, "std": 2.9146918359384806}}, "compatibleConfigurations": ["K2", "K3"]}, "O2": {"estimatedTestTime": {"K3": {"distribution": "normal", "mean": 31.73535862466221, "std": 3.295377998056382}, "K1": {"distribution": "normal", "mean": 321.46808792426793, "std": 2.2613868517015714}, "K4": {"distribution": "normal", "mean": 421.04717524370614, "std": 3.3607529762432873}, "K5": {"distribution": "normal", "mean": 382.42877968214776, "std": 2.395705171071392}, "K2": {"distribution": "normal", "mean": 178.3609961217115, "std": 4.897349986062215}}, "compatibleConfigurations": ["K3", "K1", "K4", "K5", "K2"]}, "O3": {"estimatedTestTime": {"K3": {"distribution": "normal", "mean": 235.32679410231006, "std": 2.3022440986090853}, "K4": {"distribution": "normal", "mean": 313.38601760111834, "std": 3.3502309723272514}, "K1": {"distribution": "normal", "mean": 204.89616202085017, "std": 4.599386189626699}, "K2": {"distribution": "normal", "mean": 316.26149134250187, "std": 4.511539061600256}}, "compatibleConfigurations": ["K3", "K4", "K1", "K2"]}, "O4": {"estimatedTestTime": {"K5": {"distribution": "normal", "mean": 288.8074047374473, "std": 2.3760218036918914}, "K4": {"distribution": "normal", "mean": 171.5650381875427, "std": 2.135971423655989}}, "compatibleConfigurations": ["K5", "K4"]}, "O5": {"estimatedTestTime": {"K2": {"distribution": "normal", "mean": 458.28636058105405, "std": 4.489697071296408}, "K5": {"distribution": "normal", "mean": 38.39922447283594, "std": 2.0952443497443096}, "K3": {"distribution": "normal", "mean": 343.919736080134, "std": 3.0203447864480566}}, "compatibleConfigurations": ["K2", "K5", "K3"]}, "O6": {"estimatedTestTime": {"K4": {"distribution": "normal", "mean": 328.25906576337127, "std": 3.53189738553083}, "K1": {"distribution": "normal", "mean": 316.3804429889644, "std": 3.089353740176474}}, "compatibleConfigurations": ["K4", "K1"]}, "O7": {"estimatedTestTime": {"K2": {"distribution": "normal", "mean": 428.18270448483094, "std": 3.490217742272876}, "K4": {"distribution": "normal", "mean": 199.65634744090156, "std": 4.26075008496702}, "K5": {"distribution": "normal", "mean": 116.07989414409093, "std": 3.8728416406485158}, "K3": {"distribution": "normal", "mean": 248.72072824096145, "std": 4.487695967767603}, "K1": {"distribution": "normal", "mean": 390.0677676787746, "std": 4.350898870162286}}, "compatibleConfigurations": ["K2", "K4", "K5", "K3", "K1"]}, "O8": {"estimatedTestTime": {"K3": {"distribution": "normal", "mean": 59.56403466637077, "std": 3.665811843268929}, "K4": {"distribution": "normal", "mean": 89.49306156012403, "std": 2.148459441994307}, "K2": {"distribution": "normal", "mean": 377.240556151154, "std": 3.5746767067157066}, "K5": {"distribution": "normal", "mean": 349.2449556312531, "std": 4.372228699375551}}, "compatibleConfigurations": ["K3", "K4", "K2", "K5"]}, "O9": {"estimatedTestTime": {"K3": {"distribution": "normal", "mean": 281.95259567678903, "std": 3.7556227472510693}, "K2": {"distribution": "normal", "mean": 340.12957526220214, "std": 4.329969399819733}, "K5": {"distribution": "normal", "mean": 224.35794236810543, "std": 4.963117693093617}}, "compatibleConfigurations": ["K3", "K2", "K5"]}, "O10": {"estimatedTestTime": {"K5": {"distribution": "normal", "mean": 11.068976654634518, "std": 3.4252454801020584}, "K1": {"distribution": "normal", "mean": 373.5962943078632, "std": 2.630906668425726}}, "compatibleConfigurations": ["K5", "K1"]}, "O11": {"estimatedTestTime": {"K3": {"distribution": "normal", "mean": 110.62012898249438, "std": 4.266242253763451}, "K2": {"distribution": "normal", "mean": 201.42928219940836, "std": 4.979628092688679}, "K5": {"distribution": "normal", "mean": 8.243306399563822, "std": 2.862200466673147}, "K4": {"distribution": "normal", "mean": 193.9455467664721, "std": 3.895137567917728}}, "compatibleConfigurations": ["K3", "K2", "K5", "K4"]}, "O12": {"estimatedTestTime": {"K2": {"distribution": "normal", "mean": 143.01627662889518, "std": 2.072459755510106}, "K1": {"distribution": "normal", "mean": 106.63743825265092, "std": 4.324394126475604}, "K5": {"distribution": "normal", "mean": 140.6103071378164, "std": 3.11610168116448}, "K4": {"distribution": "normal", "mean": 453.01325052002943, "std": 2.499163415528878}}, "compatibleConfigurations": ["K2", "K1", "K5", "K4"]}, "O13": {"estimatedTestTime": {"K4": {"distribution": "normal", "mean": 472.832970666401, "std": 4.080389739160731}, "K1": {"distribution": "normal", "mean": 344.0963368271492, "std": 2.5986684443584935}, "K3": {"distribution": "normal", "mean": 40.20253786932075, "std": 4.23493559540023}, "K5": {"distribution": "normal", "mean": 153.26607474834273, "std": 3.0047001860097837}}, "compatibleConfigurations": ["K4", "K1", "K3", "K5"]}, "O14": {"estimatedTestTime": {"K3": {"distribution": "normal", "mean": 70.08288416942054, "std": 4.498503961991709}, "K4": {"distribution": "normal", "mean": 205.77476185328115, "std": 2.29738275940051}, "K1": {"distribution": "normal", "mean": 440.77834995860724, "std": 2.3238800577342786}, "K5": {"distribution": "normal", "mean": 364.57608869212095, "std": 4.06334359785285}}, "compatibleConfigurations": ["K3", "K4", "K1", "K5"]}, "O15": {"estimatedTestTime": {"K2": {"distribution": "normal", "mean": 67.2667484694233, "std": 2.1674445516413146}, "K4": {"distribution": "normal", "mean": 470.9273485765216, "std": 4.064326311282713}}, "compatibleConfigurations": ["K2", "K4"]}, "O16": {"estimatedTestTime": {"K4": {"distribution": "normal", "mean": 115.53209217423063, "std": 3.1885957051928764}, "K5": {"distribution": "normal", "mean": 12.10026980401813, "std": 3.553585153050513}, "K3": {"distribution": "normal", "mean": 319.7404977481504, "std": 4.510969336456046}}, "compatibleConfigurations": ["K4", "K5", "K3"]}, "O17": {"estimatedTestTime": {"K2": {"distribution": "normal", "mean": 133.8049377325381, "std": 4.0879826595653075}, "K5": {"distribution": "normal", "mean": 321.6424215471723, "std": 3.3166565657011136}, "K4": {"distribution": "normal", "mean": 32.90322621407198, "std": 4.160699669296833}}, "compatibleConfigurations": ["K2", "K5", "K4"]}, "O18": {"estimatedTestTime": {"K3": {"distribution": "normal", "mean": 474.73524420876583, "std": 2.1472164005973355}, "K4": {"distribution": "normal", "mean": 21.180016234565297, "std": 4.8549353663440655}, "K2": {"distribution": "normal", "mean": 47.25284801505879, "std": 4.208808736059453}, "K5": {"distribution": "normal", "mean": 268.68547436838327, "std": 4.098636755944857}}, "compatibleConfigurations": ["K3", "K4", "K2", "K5"]}, "O19": {"estimatedTestTime": {"K5": {"distribution": "normal", "mean": 270.6459228967898, "std": 2.5032341922189305}, "K4": {"distribution": "normal", "mean": 250.57596584795223, "std": 3.556916650015987}, "K2": {"distribution": "normal", "mean": 180.72003447407235, "std": 4.644501123909007}, "K1": {"distribution": "normal", "mean": 322.7342934429354, "std": 4.142879098329638}, "K3": {"distribution": "normal", "mean": 368.80996077588185, "std": 3.037063728598988}}, "compatibleConfigurations": ["K5", "K4", "K2", "K1", "K3"]},