{"configurations": {"count": 3, "items": {"K1": {"index": 0, "setupTimes": [0, 10, 0]}, "K2": {"index": 1, "setupTimes": [6, 0, 10]}, "K3": {"index": 2, "setupTimes": [10, 9, 0]}}}, "testers": {"count": 5, "items": {"T1": {"supportedConfigurations": ["K1", "K2", "K3"]}, "T2": {"supportedConfigurations": ["K3", "K2", "K1"]}, "T3": {"supportedConfigurations": ["K1", "K3", "K2"]}, "T4": {"supportedConfigurations": ["K2", "K1", "K3"]}, "T5": {"supportedConfigurations": ["K2", "K3"]}}}, "operations": {"count": 17, "items": {"O1": {"estimatedTestTime": {"K2": {"distribution": "normal", "mean": 16.14025536364396, "std": 3.6342137509599235}, "K1": {"distribution": "normal", "mean": 48.13128049303827, "std": 3.9910922271827944}}, "compatibleConfigurations": ["K2", "K1"]}, "O2": {"estimatedTestTime": {"K2": {"distribution": "normal", "mean": 14.565508949733513, "std": 3.53000698771714}, "K3": {"distribution": "normal", "mean": 21.204876053097195, "std": 2.9327376242102834}, "K1": {"distribution": "normal", "mean": 10.816831258746166, "std": 4.349570898686597}}, "compatibleConfigurations": ["K2", "K3", "K1"]}, "O3": {"estimatedTestTime": {"K3": {"distribution": "normal", "mean": 16.20166668088998, "std": 3.215229823052244}, "K2": {"distribution": "normal", "mean": 10.235518256221418, "std": 3.6182581730259136}}, "compatibleConfigurations": ["K3", "K2"]}, "O4": {"estimatedTestTime": {"K3": {"distribution": "normal", "mean": 9.223121696139424, "std": 3.25009397700522}, "K1": {"distribution": "normal", "mean": 26.101142636118016, "std": 3.7023353412108504}, "K2": {"distribution": "normal", "mean": 47.742276179298585, "std": 3.35102020824994}}, "compatibleConfigurations": ["K3", "K1", "K2"]}, "O5": {"estimatedTestTime": {"K1": {"distribution": "normal", "mean": 37.72785395512046, "std": 3.9702015543040967}, "K3": {"distribution": "normal", "mean": 23.14847174809087, "std": 4.989669692361815}}, "compatibleConfigurations": ["K1", "K3"]}, "O6": {"estimatedTestTime": {"K3": {"distribution": "normal", "mean": 38.73108982689024, "std": 2.4163833227254465}, "K2": {"distribution": "normal", "mean": 45.35469342613964, "std": 2.949856907766269}, "K1": {"distribution": "normal", "mean": 46.056566196366106, "std": 4.912244289256613}}, "compatibleConfigurations": ["K3", "K2", "K1"]}, "O7": {"estimatedTestTime": {"K3": {"distribution": "normal", "mean": 48.32808510370729, "std": 4.262878323147298}, "K2": {"distribution": "normal", "mean": 35.108653400569395, "std": 2.792323708147135}, "K1": {"distribution": "normal", "mean": 34.52056740271754, "std": 2.470683759272885}}, "compatibleConfigurations": ["K3", "K2", "K1"]}, "O8": {"estimatedTestTime": {"K3": {"distribution": "normal", "mean": 40.09323115447976, "std": 2.901393120236103}, "K1": {"distribution": "normal", "mean": 26.433597382489467, "std": 2.4572441967481806}}, "compatibleConfigurations": ["K3", "K1"]}, "O9": {"estimatedTestTime": {"K1": {"distribution": "normal", "mean": 30.69283580240772, "std": 4.781365009345661}, "K3": {"distribution": "normal", "mean": 49.33069760402681, "std": 3.827131760514949}, "K2": {"distribution": "normal", "mean": 25.70931421036344, "std": 2.451002283386103}}, "compatibleConfigurations": ["K1", "K3", "K2"]}, "O10": {"estimatedTestTime": {"K1": {"distribution": "normal", "mean": 17.306382504121203, "std": 4.732861855082421}, "K3": {"distribution": "normal", "mean": 29.209443237240595, "std": 4.8662706131574005}}, "compatibleConfigurations": ["K1", "K3"]}, "O11": {"estimatedTestTime": {"K3": {"distribution": "normal", "mean": 47.662840334142196, "std": 3.1078084056522464}, "K2": {"distribution": "normal", "mean": 44.53627640515604, "std": 4.483192863988847}, "K1": {"distribution": "normal", "mean": 24.050902333428063, "std": 4.143810264276275}}, "compatibleConfigurations": ["K3", "K2", "K1"]}, "O12": {"estimatedTestTime": {"K3": {"distribution": "normal", "mean": 5.365152445136566, "std": 4.517571346889922}, "K2": {"distribution": "normal", "mean": 30.940038430246965, "std": 2.60901637810552}}, "compatibleConfigurations": ["K3", "K2"]}, "O13": {"estimatedTestTime": {"K2": {"distribution": "normal", "mean": 12.137126580129017, "std": 3.962137351428986}, "K1": {"distribution": "normal", "mean": 10.656656504260491, "std": 4.426075440102443}}, "compatibleConfigurations": ["K2", "K1"]}, "O14": {"estimatedTestTime": {"K2": {"distribution": "normal", "mean": 30.192012730268452, "std": 2.1973289639352758}, "K1": {"distribution": "normal", "mean": 9.917452861150801, "std": 4.887355683304072}}, "compatibleConfigurations": ["K2", "K1"]}, "O15": {"estimatedTestTime": {"K2": {"distribution": "normal", "mean": 17.496905128185624, "std": 4.667221439640981}, "K1": {"distribution": "normal", "mean": 45.27914243171306, "std": 3.1837971271311485}, "K3": {"distribution": "normal", "mean": 2.6262186519391655, "std": 3.790993817099182}}, "compatibleConfigurations": ["K2", "K1", "K3"]}, "O16": {"estimatedTestTime": {"K3": {"distribution": "normal", "mean": 32.44016516684708, "std": 3.3442197905910955}, "K2": {"distribution": "normal", "mean": 44.086256643736846, "std": 4.09361862033299}, "K1": {"distribution": "normal", "mean": 40.72827154602587, "std": 4.099069058018003}}, "compatibleConfigurations": ["K3", "K2", "K1"]}, "O17": {"estimatedTestTime": {"K3": {"distribution": "normal", "mean": 6.560527178908643, "std": 2.2328250295815026}, "K2": {"distribution": "normal", "mean": 22.76449430521034, "std": 4.289236458661631}}, "compatibleConfigurations": ["K3", "K2"]}}}, "products": {"count": 2, "items": {"P1": {"index": 0, "arrival": 0, "quantity": 5, "duedate": 103.68427964263256, "operations": ["O16", "O4", "O7", "O15", "O3"], "dependencies": [[2, 0], [3, 2], [4, 1], [4, 2]]}, "P2": {"index": 1, "arrival": 3.8382597104014593, "quantity": 3, "duedate": 42.550426477200105, "operations": ["O14", "O3"], "dependencies": [[1, 0]]}}}}