{"configurations": {"count": 4, "items": {"K1": {"index": 0, "setupTimes": [0, 32, 43, 44]}, "K2": {"index": 1, "setupTimes": [22, 0, 4, 4]}, "K3": {"index": 2, "setupTimes": [58, 16, 0, 13]}, "K4": {"index": 3, "setupTimes": [9, 26, 40, 0]}}}, "testers": {"count": 2, "items": {"T1": {"supportedConfigurations": ["K2", "K3", "K4", "K1"]}, "T2": {"supportedConfigurations": ["K2", "K3"]}}}, "operations": {"count": 10, "items": {"O1": {"estimatedTestTime": {"K4": {"distribution": "normal", "mean": 474.331407603174, "std": 2.7611947501945693}, "K2": {"distribution": "normal", "mean": 198.0489124871311, "std": 2.6059689057494846}, "K1": {"distribution": "normal", "mean": 161.46373024306791, "std": 2.2379660919200024}}, "compatibleConfigurations": ["K4", "K2", "K1"]}, "O2": {"estimatedTestTime": {"K3": {"distribution": "normal", "mean": 404.9644739150913, "std": 2.7202768574676286}, "K2": {"distribution": "normal", "mean": 229.82502928564566, "std": 2.1218648525722386}, "K4": {"distribution": "normal", "mean": 405.26237098774453, "std": 3.907333586662819}}, "compatibleConfigurations": ["K3", "K2", "K4"]}, "O3": {"estimatedTestTime": {"K4": {"distribution": "normal", "mean": 452.79836364074225, "std": 3.7676408553453227}, "K1": {"distribution": "normal", "mean": 214.32256406910582, "std": 3.6350127266845145}, "K2": {"distribution": "normal", "mean": 209.1925631180312, "std": 3.196421279353182}}, "compatibleConfigurations": ["K4", "K1", "K2"]}, "O4": {"estimatedTestTime": {"K1": {"distribution": "normal", "mean": 202.16369810215414, "std": 4.58710727474824}, "K2": {"distribution": "normal", "mean": 234.76481963442444, "std": 4.1993758350988255}, "K3": {"distribution": "normal", "mean": 482.07646433965033, "std": 3.5057821149426864}}, "compatibleConfigurations": ["K1", "K2", "K3"]}, "O5": {"estimatedTestTime": {"K4": {"distribution": "normal", "mean": 195.67663753882363, "std": 2.481705634746294}, "K2": {"distribution": "normal", "mean": 116.19249537405311, "std": 4.5187962700373}, "K1": {"distribution": "normal", "mean": 50.026446329591685, "std": 2.6585449221739665}}, "compatibleConfigurations": ["K4", "K2", "K1"]}, "O6": {"estimatedTestTime": {"K3": {"distribution": "normal", "mean": 199.20388588520925, "std": 3.246108295742851}, "K4": {"distribution": "normal", "mean": 485.23881001122726, "std": 4.041494582994739}, "K2": {"distribution": "normal", "mean": 96.55440041107381, "std": 2.7301831680570174}, "K1": {"distribution": "normal", "mean": 262.7371555156403, "std": 4.174068394171895}}, "compatibleConfigurations": ["K3", "K4", "K2", "K1"]}, "O7": {"estimatedTestTime": {"K3": {"distribution": "normal", "mean": 340.1663991533267, "std": 4.26572839330578}, "K1": {"distribution": "normal", "mean": 10.323067655765364, "std": 3.7710205312799943}}, "compatibleConfigurations": ["K3", "K1"]}, "O8": {"estimatedTestTime": {"K1": {"distribution": "normal", "mean": 438.19117308296865, "std": 3.5545985998135547}, "K2": {"distribution": "normal", "mean": 173.87761360354068, "std": 4.899152980630492}}, "compatibleConfigurations": ["K1", "K2"]}, "O9": {"estimatedTestTime": {"K1": {"distribution": "normal", "mean": 242.96824672185255, "std": 2.000471851886722}, "K3": {"distribution": "normal", "mean": 370.06119015092924, "std": 3.0059907938403527}}, "compatibleConfigurations": ["K1", "K3"]}, "O10": {"estimatedTestTime": {"K2": {"distribution": "normal", "mean": 124.39934493460069, "std": 3.6446176100143113}, "K3": {"distribution": "normal", "mean": 459.570906084342, "std": 3.141031610225539}, "K1": {"distribution": "normal", "mean": 257.70961018658875, "std": 3.59126527699467}}, "compatibleConfigurations": ["K2", "K3", "K1"]}}}, "products": {"count": 4, "items": {"P1": {"index": 0, "arrival": 0, "quantity": 5, "duedate": 3345.9426820549006, "operations": ["O2", "O8", "O3", "O6", "O7", "O1", "O9"], "dependencies": [[2, 0], [3, 2], [4, 3], [5, 2], [6, 1], [6, 3], [6, 4]]}, "P2": {"index": 1, "arrival": 52.28776910876483, "quantity": 5, "duedate": 3705.5157775511457, "operations": ["O8", "O10", "O9", "O4", "O3", "O7", "O2", "O6", "O5"], "dependencies": [[1, 0], [2, 0], [3, 0], [3, 1], [3, 2], [4, 0], [4, 2], [4, 3], [5, 0], [5, 2], [5, 4], [6, 1], [6, 3], [7, 0], [7, 6], [8, 2]]}, "P3": {"index": 2, "arrival": 113.97211023411553, "quantity": 3, "duedate": 960.4061510966435, "operations": ["O7", "O3", "O1", "O8", "O6"], "dependencies": [[3, 0], [3, 1], [4, 1], [4, 2]]}, "P4": {"index": 3, "arrival": 171.47102257231268, "quantity": 5, "duedate": 2948.6853193300376, "operations": ["O2", "O1", "O6", "O9", "O8", "O3", "O7", "O4", "O5", "O10"], "dependencies": [[2, 1], [4, 2], [5, 0], [6, 4], [7, 3], [7, 4], [7, 0], [8, 6], [9, 1], [9, 3], [9, 4]]}}}}