{"configurations": {"count": 3, "items": {"K1": {"index": 0, "setupTimes": [0, 53, 54]}, "K2": {"index": 1, "setupTimes": [5, 0, 38]}, "K3": {"index": 2, "setupTimes": [18, 27, 0]}}}, "testers": {"count": 5, "items": {"T1": {"supportedConfigurations": ["K2", "K3", "K1"]}, "T2": {"supportedConfigurations": ["K3", "K1", "K2"]}, "T3": {"supportedConfigurations": ["K1", "K2"]}, "T4": {"supportedConfigurations": ["K1", "K2", "K3"]}, "T5": {"supportedConfigurations": ["K3", "K2", "K1"]}}}, "operations": {"count": 17, "items": {"O1": {"estimatedTestTime": {"K2": {"distribution": "normal", "mean": 240.76983654384574, "std": 4.0132495896917595}, "K3": {"distribution": "normal", "mean": 2.2262718198387947, "std": 2.8755455422892044}}, "compatibleConfigurations": ["K2", "K3"]}, "O2": {"estimatedTestTime": {"K2": {"distribution": "normal", "mean": 487.1390708055043, "std": 3.289810267935544}, "K3": {"distribution": "normal", "mean": 330.8805997445986, "std": 3.641523179022948}}, "compatibleConfigurations": ["K2", "K3"]}, "O3": {"estimatedTestTime": {"K3": {"distribution": "normal", "mean": 252.4818001417419, "std": 3.9932892881465865}, "K2": {"distribution": "normal", "mean": 237.26764059999283, "std": 2.414585888762824}, "K1": {"distribution": "normal", "mean": 66.8487264679446, "std": 2.4246089981475514}}, "compatibleConfigurations": ["K3", "K2", "K1"]}, "O4": {"estimatedTestTime": {"K3": {"distribution": "normal", "mean": 221.05630358163927, "std": 3.0022957861914126}, "K2": {"distribution": "normal", "mean": 271.27125400054535, "std": 3.418955774192731}, "K1": {"distribution": "normal", "mean": 51.15124252683798, "std": 4.482486101029755}}, "compatibleConfigurations": ["K3", "K2", "K1"]}, "O5": {"estimatedTestTime": {"K2": {"distribution": "normal", "mean": 275.25712625652795, "std": 3.2177843586517856}, "K1": {"distribution": "normal", "mean": 236.11586218702433, "std": 4.556682967868074}, "K3": {"distribution": "normal", "mean": 147.80088055313178, "std": 4.0778485829381435}}, "compatibleConfigurations": ["K2", "K1", "K3"]}, "O6": {"estimatedTestTime": {"K3": {"distribution": "normal", "mean": 300.66526482870444, "std": 2.875115365713487}, "K2": {"distribution": "normal", "mean": 348.3837103703913, "std": 4.887763816288492}, "K1": {"distribution": "normal", "mean": 459.9696804456706, "std": 2.649298784825165}}, "compatibleConfigurations": ["K3", "K2", "K1"]}, "O7": {"estimatedTestTime": {"K1": {"distribution": "normal", "mean": 371.44294666993414, "std": 2.7186760813009134}, "K3": {"distribution": "normal", "mean": 18.269325392504967, "std": 4.704566731220055}}, "compatibleConfigurations": ["K1", "K3"]}, "O8": {"estimatedTestTime": {"K1": {"distribution": "normal", "mean": 325.78876171672056, "std": 4.445447461295575}, "K3": {"distribution": "normal", "mean": 307.6810610105413, "std": 3.1844938523244415}}, "compatibleConfigurations": ["K1", "K3"]}, "O9": {"estimatedTestTime": {"K1": {"distribution": "normal", "mean": 208.8278838662778, "std": 4.1778711462114035}, "K2": {"distribution": "normal", "mean": 430.29143005235716, "std": 4.159269701614684}, "K3": {"distribution": "normal", "mean": 465.42989818033914, "std": 4.40482445626022}}, "compatibleConfigurations": ["K1", "K2", "K3"]}, "O10": {"estimatedTestTime": {"K2": {"distribution": "normal", "mean": 92.93899758436744, "std": 2.5298118304069575}, "K1": {"distribution": "normal", "mean": 22.87567720920895, "std": 3.640767595435232}}, "compatibleConfigurations": ["K2", "K1"]}, "O11": {"estimatedTestTime": {"K3": {"distribution": "normal", "mean": 236.33397763845912, "std": 4.250706462860428}, "K2": {"distribution": "normal", "mean": 466.6770764976643, "std": 3.2349906860613413}, "K1": {"distribution": "normal", "mean": 134.78604364287213, "std": 2.478772802122771}}, "compatibleConfigurations": ["K3", "K2", "K1"]}, "O12": {"estimatedTestTime": {"K3": {"distribution": "normal", "mean": 42.93993147006804, "std": 2.1354605127966}, "K2": {"distribution": "normal", "mean": 161.0683813068865, "std": 2.9494199550817592}, "K1": {"distribution": "normal", "mean": 347.3246193764952, "std": 4.687280320628264}}, "compatibleConfigurations": ["K3", "K2", "K1"]}, "O13": {"estimatedTestTime": {"K2": {"distribution": "normal", "mean": 60.59125799716763, "std": 3.104016507886278}, "K3": {"distribution": "normal", "mean": 371.0876571775257, "std": 2.931650525607024}}, "compatibleConfigurations": ["K2", "K3"]}, "O14": {"estimatedTestTime": {"K2": {"distribution": "normal", "mean": 317.2277141214518, "std": 3.5082362815137174}, "K3": {"distribution": "normal", "mean": 356.17292322379154, "std": 3.3661571465544804}}, "compatibleConfigurations": ["K2", "K3"]}, "O15": {"estimatedTestTime": {"K3": {"distribution": "normal", "mean": 301.5975354874031, "std": 4.0271663493332115}, "K1": {"distribution": "normal", "mean": 141.8296208164563, "std": 3.2329177235019717}, "K2": {"distribution": "normal", "mean": 86.59271861897022, "std": 3.953538160185091}}, "compatibleConfigurations": ["K3", "K1", "K2"]}, "O16": {"estimatedTestTime": {"K2": {"distribution": "normal", "mean": 153.11095447930253, "std": 2.949473927934995}, "K3": {"distribution": "normal", "mean": 353.81688136883787, "std": 3.464887498326072}, "K1": {"distribution": "normal", "mean": 60.6965730411049, "std": 2.9582927038065354}}, "compatibleConfigurations": ["K2", "K3", "K1"]}, "O17": {"estimatedTestTime": {"K2": {"distribution": "normal", "mean": 186.36333423917193, "std": 3.150020954154645}, "K1": {"distribution": "normal", "mean": 445.3315045772705, "std": 2.056576483384055}}, "compatibleConfigurations": ["K2", "K1"]}}}, "products": {"count": 3, "items": {"P1": {"index": 0, "arrival": 0, "quantity": 3, "duedate": 697.5391385529059, "operations": ["O3", "O4", "O5", "O14", "O2"], "dependencies": [[4, 2], [4, 3], [4, 1], [4, 0]]}, "P2": {"index": 1, "arrival": 77.48406030749324, "quantity": 3, "duedate": 1982.907331396992, "operations": ["O4", "O5", "O7", "O10", "O3", "O16", "O2", "O6", "O15", "O1", "O11", "O12", "O9", "O14"], "dependencies": [[2, 1], [4, 3], [6, 2], [7, 3], [8, 1], [8, 6], [9, 6], [9, 8], [10, 4], [10, 7], [10, 8], [11, 0], [11, 1], [11, 2], [11, 3], [11, 5], [12, 6], [12, 9], [12, 10], [13, 1], [13, 2], [13, 5], [13, 8], [13, 10], [13, 12]]}, "P3": {"index": 2, "arrival": 140.83401294175093, "quantity": 4, "duedate": 986.3541045574328, "operations": ["O3", "O13", "O11", "O16", "O2"], "dependencies": [[2, 1], [3, 2], [4, 0], [4, 2]]}}}}