{"configurations": {"count": 5, "items": {"K1": {"index": 0, "setupTimes": [0, 5, 5, 5, 5]}, "K2": {"index": 1, "setupTimes": [5, 0, 5, 5, 5]}, "K3": {"index": 2, "setupTimes": [5, 5, 0, 5, 5]}, "K4": {"index": 3, "setupTimes": [5, 5, 5, 0, 5]}, "K5": {"index": 4, "setupTimes": [5, 5, 5, 5, 0]}}}, "testers": {"count": 5, "items": {"T1": {"supportedConfigurations": ["K1", "K4"]}, "T2": {"supportedConfigurations": ["K5", "K1", "K2"]}, "T3": {"supportedConfigurations": ["K4", "K5"]}, "T4": {"supportedConfigurations": ["K1", "K3"]}, "T5": {"supportedConfigurations": ["K4", "K1"]}}}, "operations": {"count": 15, "items": {"O1": {"estimatedTestTime": {"K4": {"distribution": "normal", "mean": 48.13630034773181, "std": 2.126113473588969}, "K2": {"distribution": "normal", "mean": 6.2795437776540535, "std": 3.1191565199421545}, "K1": {"distribution": "normal", "mean": 24.75124544706165, "std": 3.439954423533462}, "K3": {"distribution": "normal", "mean": 43.03042993736116, "std": 4.661390584828383}, "K5": {"distribution": "normal", "mean": 47.896660103251385, "std": 2.5651496573284405}}, "compatibleConfigurations": ["K4", "K2", "K1", "K3", "K5"]}, "O2": {"estimatedTestTime": {"K1": {"distribution": "normal", "mean": 23.994522093200064, "std": 3.207221098949997}, "K4": {"distribution": "normal", "mean": 48.47808793402781, "std": 2.6152053116618457}, "K2": {"distribution": "normal", "mean": 17.753240218241828, "std": 3.2222525456013242}, "K3": {"distribution": "normal", "mean": 49.893493348046846, "std": 4.384342002098876}, "K5": {"distribution": "normal", "mean": 26.44813945225249, "std": 2.0111202626505813}}, "compatibleConfigurations": ["K1", "K4", "K2", "K3", "K5"]}, "O3": {"estimatedTestTime": {"K4": {"distribution": "normal", "mean": 13.831967290166228, "std": 2.4407498467783104}, "K3": {"distribution": "normal", "mean": 15.897202045408164, "std": 2.6635761357393934}, "K1": {"distribution": "normal", "mean": 22.08667706060571, "std": 4.273641993565561}, "K2": {"distribution": "normal", "mean": 33.62835517340057, "std": 4.089640007024884}, "K5": {"distribution": "normal", "mean": 37.092772604728964, "std": 3.731739715488499}}, "compatibleConfigurations": ["K4", "K3", "K1", "K2", "K5"]}, "O4": {"estimatedTestTime": {"K3": {"distribution": "normal", "mean": 16.196638755335698, "std": 4.7096070707491355}, "K1": {"distribution": "normal", "mean": 48.900865287153174, "std": 4.840525469385927}, "K4": {"distribution": "normal", "mean": 27.909866983123212, "std": 4.593651012347213}, "K2": {"distribution": "normal", "mean": 7.267537445946669, "std": 4.454644191656449}, "K5": {"distribution": "normal", "mean": 48.00738510797751, "std": 3.490553143516272}}, "compatibleConfigurations": ["K3", "K1", "K4", "K2", "K5"]}, "O5": {"estimatedTestTime": {"K1": {"distribution": "normal", "mean": 12.335677024006772, "std": 3.870380105328234}, "K4": {"distribution": "normal", "mean": 35.79014747535539, "std": 3.782796288483146}, "K2": {"distribution": "normal", "mean": 42.24346890301217, "std": 4.843142812351554}, "K3": {"distribution": "normal", "mean": 34.12752784873854, "std": 3.250435386023324}, "K5": {"distribution": "normal", "mean": 19.04647439528045, "std": 3.9494994347915373}}, "compatibleConfigurations": ["K1", "K4", "K2", "K3", "K5"]}, "O6": {"estimatedTestTime": {"K4": {"distribution": "normal", "mean": 46.973501359891515, "std": 3.793991760441037}, "K1": {"distribution": "normal", "mean": 25.440205839456937, "std": 3.3051279694616493}, "K5": {"distribution": "normal", "mean": 21.4744895400997, "std": 4.588455430486952}, "K2": {"distribution": "normal", "mean": 37.85272512038096, "std": 2.35227838923924}, "K3": {"distribution": "normal", "mean": 19.403719045276617, "std": 2.7787089754814964}}, "compatibleConfigurations": ["K4", "K1", "K5", "K2", "K3"]}, "O7": {"estimatedTestTime": {"K4": {"distribution": "normal", "mean": 4.754557301290218, "std": 4.452818665033103}, "K1": {"distribution": "normal", "mean": 39.46533409635127, "std": 3.330017566888254}, "K2": {"distribution": "normal", "mean": 40.48272458978425, "std": 3.73366742104787}, "K3": {"distribution": "normal", "mean": 5.052821561710449, "std": 2.10190332567177}, "K5": {"distribution": "normal", "mean": 45.02992118840471, "std": 4.897535602595503}}, "compatibleConfigurations": ["K4", "K1", "K2", "K3", "K5"]}, "O8": {"estimatedTestTime": {"K2": {"distribution": "normal", "mean": 31.673892330859154, "std": 4.376754190689656}, "K1": {"distribution": "normal", "mean": 23.116184334780385, "std": 3.21683404742231}, "K5": {"distribution": "normal", "mean": 39.71763452897862, "std": 4.740303461477346}, "K3": {"distribution": "normal", "mean": 47.311899866343715, "std": 4.313577833627524}, "K4": {"distribution": "normal", "mean": 22.72501610315497, "std": 4.03527437241037}}, "compatibleConfigurations": ["K2", "K1", "K5", "K3", "K4"]}, "O9": {"estimatedTestTime": {"K5": {"distribution": "normal", "mean": 6.0264322375444195, "std": 2.668838638505976}, "K3": {"distribution": "normal", "mean": 39.42997996668912, "std": 2.958776750131939}, "K4": {"distribution": "normal", "mean": 19.452074851519008, "std": 3.5394436363674453}, "K2": {"distribution": "normal", "mean": 2.956014368854129, "std": 3.414585227759403}, "K1": {"distribution": "normal", "mean": 11.095814190672161, "std": 4.380179549157562}}, "compatibleConfigurations": ["K5", "K3", "K4", "K2", "K1"]}, "O10": {"estimatedTestTime": {"K2": {"distribution": "normal", "mean": 24.778381214839804, "std": 4.0010226324170395}, "K4": {"distribution": "normal", "mean": 16.84529042329654, "std": 4.762707294292603}, "K5": {"distribution": "normal", "mean": 38.41394523583803, "std": 3.212679558942952}, "K1": {"distribution": "normal", "mean": 22.546395028802063, "std": 3.7454543174524146}, "K3": {"distribution": "normal", "mean": 13.6191558222489, "std": 4.666979182074991}}, "compatibleConfigurations": ["K2", "K4", "K5", "K1", "K3"]}, "O11": {"estimatedTestTime": {"K5": {"distribution": "normal", "mean": 17.795270797162498, "std": 4.552356888548499}, "K1": {"distribution": "normal", "mean": 44.2206552373817, "std": 2.6510178973436784}, "K2": {"distribution": "normal", "mean": 14.413353086385802, "std": 2.74273374974503}, "K3": {"distribution": "normal", "mean": 30.8537335528434, "std": 3.1521378705139664}, "K4": {"distribution": "normal", "mean": 38.9539923936592, "std": 3.465623301710991}}, "compatibleConfigurations": ["K5", "K1", "K2", "K3", "K4"]}, "O12": {"estimatedTestTime": {"K3": {"distribution": "normal", "mean": 27.17380284224353, "std": 3.857146172937755}, "K2": {"distribution": "normal", "mean": 27.235776556751546, "std": 2.826463078747078}, "K5": {"distribution": "normal", "mean": 39.932351190076915, "std": 2.195165615653925}, "K1": {"distribution": "normal", "mean": 9.554056780455928, "std": 3.3779128601888786}, "K4": {"distribution": "normal", "mean": 14.311217545352811, "std": 2.5298262741609734}}, "compatibleConfigurations": ["K3", "K2", "K5", "K1", "K4"]}, "O13": {"estimatedTestTime": {"K3": {"distribution": "normal", "mean": 20.158262928096875, "std": 4.959658007272138}, "K4": {"distribution": "normal", "mean": 3.8196704142134674, "std": 2.34636909323294}, "K5": {"distribution": "normal", "mean": 41.81038660368289, "std": 3.136946582364642}, "K1": {"distribution": "normal", "mean": 5.254759480194101, "std": 3.8023370916749832}, "K2": {"distribution": "normal", "mean": 29.983543651828953, "std": 2.1813005707893987}}, "compatibleConfigurations": ["K3", "K4", "K5", "K1", "K2"]}, "O14": {"estimatedTestTime": {"K4": {"distribution": "normal", "mean": 15.909327659955167, "std": 2.057159735451532}, "K1": {"distribution": "normal", "mean": 30.889447749060864, "std": 3.0113929571708007}, "K5": {"distribution": "normal", "mean": 10.938401716798673, "std": 3.1052851432317796}, "K2": {"distribution": "normal", "mean": 31.22869931982243, "std": 4.56739011069587}, "K3": {"distribution": "normal", "mean": 17.858200337924313, "std": 3.115252299768954}},