{"configurations": {"count": 4, "items": {"K1": {"index": 0, "setupTimes": [0, 8, 6, 0]}, "K2": {"index": 1, "setupTimes": [3, 0, 8, 2]}, "K3": {"index": 2, "setupTimes": [2, 4, 0, 3]}, "K4": {"index": 3, "setupTimes": [8, 4, 7, 0]}}}, "testers": {"count": 2, "items": {"T1": {"supportedConfigurations": ["K4", "K2", "K1"]}, "T2": {"supportedConfigurations": ["K2", "K3"]}}}, "operations": {"count": 17, "items": {"O1": {"estimatedTestTime": {"K2": {"distribution": "normal", "mean": 8.486995025279645, "std": 4.050164101611092}, "K1": {"distribution": "normal", "mean": 6.532472432131753, "std": 4.6848021687092505}, "K4": {"distribution": "normal", "mean": 8.187172991468541, "std": 4.9551206047744625}, "K3": {"distribution": "normal", "mean": 45.169635990333994, "std": 4.512923291179627}}, "compatibleConfigurations": ["K2", "K1", "K4", "K3"]}, "O2": {"estimatedTestTime": {"K2": {"distribution": "normal", "mean": 15.278746765768812, "std": 3.5219005788594977}, "K3": {"distribution": "normal", "mean": 30.980269568725696, "std": 4.134964789613236}}, "compatibleConfigurations": ["K2", "K3"]}, "O3": {"estimatedTestTime": {"K4": {"distribution": "normal", "mean": 11.187388276151955, "std": 2.130956424996412}, "K3": {"distribution": "normal", "mean": 37.182009262515265, "std": 2.938494115181162}, "K1": {"distribution": "normal", "mean": 9.851828482448472, "std": 4.2397529858538325}, "K2": {"distribution": "normal", "mean": 33.55680589211566, "std": 3.576556753215019}}, "compatibleConfigurations": ["K4", "K3", "K1", "K2"]}, "O4": {"estimatedTestTime": {"K1": {"distribution": "normal", "mean": 20.997799841508048, "std": 4.889028738043378}, "K4": {"distribution": "normal", "mean": 6.197136228413491, "std": 3.2094179285112547}, "K3": {"distribution": "normal", "mean": 47.109565821624926, "std": 2.232231706175342}}, "compatibleConfigurations": ["K1", "K4", "K3"]}, "O5": {"estimatedTestTime": {"K4": {"distribution": "normal", "mean": 43.34201278239195, "std": 2.7635682571639073}, "K3": {"distribution": "normal", "mean": 49.92905451515501, "std": 4.632697411980644}}, "compatibleConfigurations": ["K4", "K3"]}, "O6": {"estimatedTestTime": {"K1": {"distribution": "normal", "mean": 38.9649940297587, "std": 4.319365011066356}, "K2": {"distribution": "normal", "mean": 42.92695261459825, "std": 2.8827740856446242}}, "compatibleConfigurations": ["K1", "K2"]}, "O7": {"estimatedTestTime": {"K1": {"distribution": "normal", "mean": 42.3085629285785, "std": 2.018346152067541}, "K2": {"distribution": "normal", "mean": 40.86674705270708, "std": 4.766203044298128}, "K3": {"distribution": "normal", "mean": 26.719650846089976, "std": 3.41535955457549}}, "compatibleConfigurations": ["K1", "K2", "K3"]}, "O8": {"estimatedTestTime": {"K4": {"distribution": "normal", "mean": 40.051420284322276, "std": 3.770178182583897}, "K2": {"distribution": "normal", "mean": 43.347447674750065, "std": 3.689224759958619}}, "compatibleConfigurations": ["K4", "K2"]}, "O9": {"estimatedTestTime": {"K1": {"distribution": "normal", "mean": 12.273311614295833, "std": 2.2918122477744363}, "K3": {"distribution": "normal", "mean": 31.117575441383767, "std": 3.613151629951327}, "K2": {"distribution": "normal", "mean": 3.816966546979458, "std": 4.001965790170324}}, "compatibleConfigurations": ["K1", "K3", "K2"]}, "O10": {"estimatedTestTime": {"K3": {"distribution": "normal", "mean": 40.369726231492386, "std": 4.771579264205806}, "K1": {"distribution": "normal", "mean": 29.212272372777612, "std": 2.914667120598571}, "K2": {"distribution": "normal", "mean": 32.97208691838417, "std": 4.810936853970784}, "K4": {"distribution": "normal", "mean": 2.594431332875674, "std": 2.2109323680943}}, "compatibleConfigurations": ["K3", "K1", "K2", "K4"]}, "O11": {"estimatedTestTime": {"K2": {"distribution": "normal", "mean": 19.70695738552733, "std": 4.766412118207629}, "K4": {"distribution": "normal", "mean": 22.512749139764225, "std": 2.8292453193347686}, "K3": {"distribution": "normal", "mean": 30.06699025229513, "std": 3.986209001227186}}, "compatibleConfigurations": ["K2", "K4", "K3"]}, "O12": {"estimatedTestTime": {"K4": {"distribution": "normal", "mean": 19.831720224917877, "std": 4.329553808091333}, "K2": {"distribution": "normal", "mean": 40.04044679308567, "std": 2.037474302318243}}, "compatibleConfigurations": ["K4", "K2"]}, "O13": {"estimatedTestTime": {"K2": {"distribution": "normal", "mean": 35.002219451058465, "std": 3.8308482859311628}, "K4": {"distribution": "normal", "mean": 19.27569807667688, "std": 3.7233840246845844}, "K3": {"distribution": "normal", "mean": 41.91565322856347, "std": 4.272528345268077}, "K1": {"distribution": "normal", "mean": 15.516945222294359, "std": 2.8125298963019034}}, "compatibleConfigurations": ["K2", "K4", "K3", "K1"]}, "O14": {"estimatedTestTime": {"K2": {"distribution": "normal", "mean": 37.753332894927716, "std": 4.238005985728177}, "K3": {"distribution": "normal", "mean": 3.4193447927197322, "std": 3.5552863598470794}, "K4": {"distribution": "normal", "mean": 32.91767613751453, "std": 3.874698999627335}, "K1": {"distribution": "normal", "mean": 3.0888856844923946, "std": 2.0099364919313514}}, "compatibleConfigurations": ["K2", "K3", "K4", "K1"]}, "O15": {"estimatedTestTime": {"K2": {"distribution": "normal", "mean": 35.25431899973197, "std": 2.863861324999604}, "K4": {"distribution": "normal", "mean": 17.266623521896147, "std": 3.0753765412194323}, "K3": {"distribution": "normal", "mean": 3.354617353171962, "std": 3.6633886829417257}, "K1": {"distribution": "normal", "mean": 16.06298969422971, "std": 3.568555766708991}}, "compatibleConfigurations": ["K2", "K4", "K3", "K1"]}, "O16": {"estimatedTestTime": {"K2": {"distribution": "normal", "mean": 2.138803058574906, "std": 4.825673492124619}, "K4": {"distribution": "normal", "mean": 34.0521124990121, "std": 4.750765902155896}}, "compatibleConfigurations": ["K2", "K4"]}, "O17": {"estimatedTestTime": {"K2": {"distribution": "normal", "mean": 22.641217782948164, "std": 3.6889600647364658}, "K1": {"distribution": "normal", "mean": 28.990386809594252, "std": 4.409548589087928}, "K4": {"distribution": "normal", "mean": 26.779482826731368, "std": 2.459358784771935}, "K3": {"distribution": "normal", "mean": 49.1821017674373, "std": 3.5952533717003776}}, "compatibleConfigurations": ["K2", "K1", "K4", "K3"]}}}, "products": {"count": 2, "items": {"P1": {"index": 0, "arrival": 0, "quantity": 3, "duedate": 107.53664033545594, "operations": ["O17", "O14", "O6", "O10"], "dependencies": [[2, 0], [2, 1], [3, 0]]}, "P2": {"index": 1, "arrival": 16.79746423769672, "quantity": 5, "duedate": 165.19480196941066, "operations": ["O13", "O17", "O10"], "dependencies": [[1, 0], [2, 0]]}}}}