{"configurations": {"count": 4, "items": {"K1": {"index": 0, "setupTimes": [0, 4, 22, 39]}, "K2": {"index": 1, "setupTimes": [47, 0, 15, 43]}, "K3": {"index": 2, "setupTimes": [48, 43, 0, 50]}, "K4": {"index": 3, "setupTimes": [32, 27, 40, 0]}}}, "testers": {"count": 4, "items": {"T1": {"supportedConfigurations": ["K2", "K1", "K3"]}, "T2": {"supportedConfigurations": ["K1", "K3"]}, "T3": {"supportedConfigurations": ["K3", "K2", "K1", "K4"]}, "T4": {"supportedConfigurations": ["K3", "K2", "K4", "K1"]}}}, "operations": {"count": 15, "items": {"O1": {"estimatedTestTime": {"K2": {"distribution": "normal", "mean": 437.39159976865, "std": 2.387021663684741}, "K1": {"distribution": "normal", "mean": 207.7463543813749, "std": 2.506593998899493}, "K4": {"distribution": "normal", "mean": 228.51636727151947, "std": 3.167174858585565}}, "compatibleConfigurations": ["K2", "K1", "K4"]}, "O2": {"estimatedTestTime": {"K3": {"distribution": "normal", "mean": 210.83060468391764, "std": 4.505037503919717}, "K2": {"distribution": "normal", "mean": 378.6478255200935, "std": 4.6638898506535815}, "K1": {"distribution": "normal", "mean": 211.34045760284064, "std": 4.647604006963947}}, "compatibleConfigurations": ["K3", "K2", "K1"]}, "O3": {"estimatedTestTime": {"K1": {"distribution": "normal", "mean": 212.55835615179836, "std": 2.590820421892984}, "K4": {"distribution": "normal", "mean": 15.39986652563573, "std": 4.661014413882672}, "K2": {"distribution": "normal", "mean": 328.3096641670325, "std": 4.636913783730179}, "K3": {"distribution": "normal", "mean": 447.81408264321175, "std": 3.943832292157389}}, "compatibleConfigurations": ["K1", "K4", "K2", "K3"]}, "O4": {"estimatedTestTime": {"K2": {"distribution": "normal", "mean": 369.5952789114909, "std": 2.6691927166559135}, "K3": {"distribution": "normal", "mean": 245.74214470021528, "std": 4.799151154906004}}, "compatibleConfigurations": ["K2", "K3"]}, "O5": {"estimatedTestTime": {"K1": {"distribution": "normal", "mean": 407.51200803372615, "std": 4.458606613338354}, "K2": {"distribution": "normal", "mean": 161.04596959077722, "std": 4.470982011257055}, "K4": {"distribution": "normal", "mean": 379.15385985953037, "std": 3.4532398556695947}, "K3": {"distribution": "normal", "mean": 275.35492509267596, "std": 3.2501928940504476}}, "compatibleConfigurations": ["K1", "K2", "K4", "K3"]}, "O6": {"estimatedTestTime": {"K1": {"distribution": "normal", "mean": 251.85313189083067, "std": 4.146742034889844}, "K3": {"distribution": "normal", "mean": 97.48029399353858, "std": 3.0794054282918486}, "K2": {"distribution": "normal", "mean": 174.07380721007596, "std": 3.8670088792851023}, "K4": {"distribution": "normal", "mean": 280.292236167642, "std": 3.089254851777397}}, "compatibleConfigurations": ["K1", "K3", "K2", "K4"]}, "O7": {"estimatedTestTime": {"K3": {"distribution": "normal", "mean": 76.36763148689617, "std": 4.783345568477314}, "K2": {"distribution": "normal", "mean": 239.9701303375787, "std": 3.3191816268579086}, "K4": {"distribution": "normal", "mean": 190.75520938625405, "std": 3.122746984355846}, "K1": {"distribution": "normal", "mean": 94.19752044136, "std": 2.6839624463584952}}, "compatibleConfigurations": ["K3", "K2", "K4", "K1"]}, "O8": {"estimatedTestTime": {"K1": {"distribution": "normal", "mean": 361.52765721421633, "std": 4.562959040529554}, "K3": {"distribution": "normal", "mean": 283.46032006064917, "std": 3.4013844977434764}}, "compatibleConfigurations": ["K1", "K3"]}, "O9": {"estimatedTestTime": {"K3": {"distribution": "normal", "mean": 485.6709005353751, "std": 2.064203542920043}, "K4": {"distribution": "normal", "mean": 76.71043771162952, "std": 4.154272930138177}}, "compatibleConfigurations": ["K3", "K4"]}, "O10": {"estimatedTestTime": {"K3": {"distribution": "normal", "mean": 329.2479911739088, "std": 2.9061150602032804}, "K4": {"distribution": "normal", "mean": 211.65093261482963, "std": 3.2283437873534955}, "K2": {"distribution": "normal", "mean": 422.7238140457237, "std": 3.5853603351128545}}, "compatibleConfigurations": ["K3", "K4", "K2"]}, "O11": {"estimatedTestTime": {"K2": {"distribution": "normal", "mean": 89.682655771481, "std": 2.0051977526632285}, "K3": {"distribution": "normal", "mean": 342.32649839320675, "std": 4.104341836580271}, "K4": {"distribution": "normal", "mean": 233.30826976603947, "std": 4.493306859120587}}, "compatibleConfigurations": ["K2", "K3", "K4"]}, "O12": {"estimatedTestTime": {"K4": {"distribution": "normal", "mean": 12.101791378298755, "std": 4.209202300760894}, "K3": {"distribution": "normal", "mean": 134.6241611448692, "std": 4.598412511926548}}, "compatibleConfigurations": ["K4", "K3"]}, "O13": {"estimatedTestTime": {"K3": {"distribution": "normal", "mean": 256.3272468341786, "std": 4.486683626912857}, "K1": {"distribution": "normal", "mean": 100.28893498881024, "std": 4.5128543129505765}}, "compatibleConfigurations": ["K3", "K1"]}, "O14": {"estimatedTestTime": {"K2": {"distribution": "normal", "mean": 294.2324614052989, "std": 4.397967049895559}, "K4": {"distribution": "normal", "mean": 316.41565178975543, "std": 4.416782728500824}}, "compatibleConfigurations": ["K2", "K4"]}, "O15": {"estimatedTestTime": {"K2": {"distribution": "normal", "mean": 487.9631076977009, "std": 4.907721801511684}, "K1": {"distribution": "normal", "mean": 134.48511528255372, "std": 3.7858668244772726}}, "compatibleConfigurations": ["K2", "K1"]}}}, "products": {"count": 5, "items": {"P1": {"index": 0, "arrival": 0, "quantity": 3, "duedate": 1117.2139407438194, "operations": ["O7", "O8", "O11", "O15", "O5", "O12", "O6", "O9", "O13"], "dependencies": [[2, 1], [4, 2], [5, 2], [6, 2], [6, 3], [6, 4], [7, 2], [7, 4], [7, 0], [8, 2], [8, 3]]}, "P2": {"index": 1, "arrival": 68.23669249202962, "quantity": 4, "duedate": 1938.4220847540314, "operations": ["O6", "O9", "O2", "O11", "O8", "O10", "O1", "O13", "O12", "O14", "O4", "O3", "O5", "O7", "O15"], "dependencies": [[2, 0], [2, 1], [5, 0], [5, 3], [6, 1], [7, 0], [7, 5], [8, 1], [8, 3], [8, 7], [9, 0], [9, 5], [9, 8], [10, 3], [10, 9], [11, 2], [11, 4], [11, 7], [11, 8], [12, 0], [12, 1], [12, 2], [12, 7], [12, 11], [13, 2], [13, 6], [13, 10], [14, 1], [14, 13]]}, "P3": {"index": 2, "arrival": 129.56283537012843, "quantity": 2, "duedate": 1459.3151393520777, "operations": ["O1", "O5", "O4", "O3", "O11", "O14", "O13", "O2", "O9", "O10", "O7", "O12"], "dependencies": [[1, 0], [4, 3], [5, 3], [5, 4], [6, 0], [6, 1], [7, 0], [7, 3], [7, 6], [8, 0], [8, 1], [8, 2], [9, 2], [9, 4], [9, 5], [9, 7], [10, 2], [10, 5], [10, 8], [11, 4], [11, 10]]}, "P4": {"index": 3, "arrival": 189.70657944625657, "quantity": 3, "duedate": 2290.930288383158, "operations": ["O14", "O10", "O8", "O1", "O15", "O3", "O9", "O13", "O2", "O12", "O6", "O5", "O11", "O4"], "dependencies": [[1, 0], [3, 2], [4, 0], [4, 1], [5, 0], [5, 2], [5, 3], [6, 2], [7, 0], [7, 3], [7, 5], [8, 0], [8, 2], [8, 6], [8, 7], [9, 0], [9, 1], [9, 3], [9, 5], [9, 6], [10, 0], [10, 1], [10, 2], [10, 3], [10, 4], [10, 5], [10, 9], [11, 5], [11, 7], [11, 8], [11, 9], [12, 0], [12, 2], [12, 4], [12, 7], [12, 8], [12, 11], [13, 2], [13, 4], [13, 7], [13, 10], [13, 12]]}, "P5": {"index": 4, "arrival": 268.35085282284257, "quantity": 5, "duedate": 1133.639954571597, "operations": ["O1", "O13", "O12", "O9", "O4", "O11"], "dependencies": [[3, 2], [3, 1], [4, 1], [5, 0], [5, 4]]}}}}