{"configurations": {"count": 5, "items": {"K1": {"index": 0, "setupTimes": [0, 2, 4, 7, 7]}, "K2": {"index": 1, "setupTimes": [0, 0, 1, 4, 7]}, "K3": {"index": 2, "setupTimes": [6, 7, 0, 6, 0]}, "K4": {"index": 3, "setupTimes": [2, 3, 10, 0, 1]}, "K5": {"index": 4, "setupTimes": [0, 10, 5, 1, 0]}}}, "testers": {"count": 3, "items": {"T1": {"supportedConfigurations": ["K2", "K1", "K3", "K5", "K4"]}, "T2": {"supportedConfigurations": ["K1", "K5", "K4", "K2"]}, "T3": {"supportedConfigurations": ["K5", "K3"]}}}, "operations": {"count": 17, "items": {"O1": {"estimatedTestTime": {"K5": {"distribution": "normal", "mean": 22.36783520069509, "std": 3.231302396333062}, "K3": {"distribution": "normal", "mean": 28.50543498628447, "std": 3.6047275973494353}, "K4": {"distribution": "normal", "mean": 4.955084218644057, "std": 4.86786869345386}, "K2": {"distribution": "normal", "mean": 43.67190512603946, "std": 2.5757469345401796}, "K1": {"distribution": "normal", "mean": 46.46979124089462, "std": 3.680153373938571}}, "compatibleConfigurations": ["K5", "K3", "K4", "K2", "K1"]}, "O2": {"estimatedTestTime": {"K1": {"distribution": "normal", "mean": 22.313361637886793, "std": 4.464520731729811}, "K5": {"distribution": "normal", "mean": 29.74183103683191, "std": 2.650111006375999}}, "compatibleConfigurations": ["K1", "K5"]}, "O3": {"estimatedTestTime": {"K1": {"distribution": "normal", "mean": 29.030102736407798, "std": 4.013092707013478}, "K2": {"distribution": "normal", "mean": 43.09814820601342, "std": 4.184718192943082}, "K4": {"distribution": "normal", "mean": 43.944397569635164, "std": 4.841446091731777}, "K5": {"distribution": "normal", "mean": 40.72918337699995, "std": 4.9153968759587965}, "K3": {"distribution": "normal", "mean": 15.215466778002483, "std": 2.592197973165819}}, "compatibleConfigurations": ["K1", "K2", "K4", "K5", "K3"]}, "O4": {"estimatedTestTime": {"K3": {"distribution": "normal", "mean": 23.91719873165492, "std": 2.6954975595015025}, "K5": {"distribution": "normal", "mean": 15.488255303917885, "std": 4.297639099556007}, "K1": {"distribution": "normal", "mean": 37.27295159580054, "std": 3.132056699562249}}, "compatibleConfigurations": ["K3", "K5", "K1"]}, "O5": {"estimatedTestTime": {"K4": {"distribution": "normal", "mean": 44.186286351856396, "std": 2.5097986008007043}, "K5": {"distribution": "normal", "mean": 31.35157391995201, "std": 4.095987033375538}, "K1": {"distribution": "normal", "mean": 23.568061056965696, "std": 2.917964061782168}, "K3": {"distribution": "normal", "mean": 38.222214344677376, "std": 3.2705230654225153}}, "compatibleConfigurations": ["K4", "K5", "K1", "K3"]}, "O6": {"estimatedTestTime": {"K2": {"distribution": "normal", "mean": 18.929016306612063, "std": 4.522572083633868}, "K1": {"distribution": "normal", "mean": 43.45089656724819, "std": 3.9514937973774455}}, "compatibleConfigurations": ["K2", "K1"]}, "O7": {"estimatedTestTime": {"K5": {"distribution": "normal", "mean": 11.702114445537601, "std": 2.2192320893022304}, "K4": {"distribution": "normal", "mean": 35.55565633333996, "std": 2.214544521505451}, "K3": {"distribution": "normal", "mean": 25.15308473799957, "std": 2.6575123271299588}, "K1": {"distribution": "normal", "mean": 42.3819763513516, "std": 4.115789531427778}}, "compatibleConfigurations": ["K5", "K4", "K3", "K1"]}, "O8": {"estimatedTestTime": {"K4": {"distribution": "normal", "mean": 14.441871752227941, "std": 3.257742968171228}, "K1": {"distribution": "normal", "mean": 33.94119965145704, "std": 4.398024867106151}, "K3": {"distribution": "normal", "mean": 21.881041085900534, "std": 4.894203312877413}, "K2": {"distribution": "normal", "mean": 32.19434761026598, "std": 2.568887438120889}, "K5": {"distribution": "normal", "mean": 6.433970411674684, "std": 2.111566493255011}}, "compatibleConfigurations": ["K4", "K1", "K3", "K2", "K5"]}, "O9": {"estimatedTestTime": {"K1": {"distribution": "normal", "mean": 48.42888662833663, "std": 4.146028559865043}, "K4": {"distribution": "normal", "mean": 34.214947200109016, "std": 4.129342454312798}, "K3": {"distribution": "normal", "mean": 38.56597311833169, "std": 3.05571094154954}, "K5": {"distribution": "normal", "mean": 10.201504004829342, "std": 2.3839815539862075}, "K2": {"distribution": "normal", "mean": 27.880642209536013, "std": 3.7448581202566653}}, "compatibleConfigurations": ["K1", "K4", "K3", "K5", "K2"]}, "O10": {"estimatedTestTime": {"K1": {"distribution": "normal", "mean": 21.135330904917666, "std": 3.383050760981065}, "K4": {"distribution": "normal", "mean": 49.02811230764088, "std": 4.266202364029248}, "K2": {"distribution": "normal", "mean": 38.028975772124085, "std": 3.628641235767412}, "K3": {"distribution": "normal", "mean": 36.24634888987522, "std": 4.950034520792252}, "K5": {"distribution": "normal", "mean": 15.643380130822866, "std": 2.8847470272576747}}, "compatibleConfigurations": ["K1", "K4", "K2", "K3", "K5"]}, "O11": {"estimatedTestTime": {"K3": {"distribution": "normal", "mean": 29.007767308546015, "std": 2.7275455522242744}, "K5": {"distribution": "normal", "mean": 22.14291852519573, "std": 2.4473854821568333}, "K4": {"distribution": "normal", "mean": 47.83871345968054, "std": 3.4422763914391137}, "K2": {"distribution": "normal", "mean": 11.423498975219074, "std": 2.420810571201144}, "K1": {"distribution": "normal", "mean": 36.5141507366244, "std": 2.375654234977834}}, "compatibleConfigurations": ["K3", "K5", "K4", "K2", "K1"]}, "O12": {"estimatedTestTime": {"K3": {"distribution": "normal", "mean": 27.356435506069964, "std": 2.778046773389743}, "K5": {"distribution": "normal", "mean": 10.595093043329703, "std": 2.592399521515473}, "K1": {"distribution": "normal", "mean": 29.7809047715944, "std": 4.028104995916695}}, "compatibleConfigurations": ["K3", "K5", "K1"]}, "O13": {"estimatedTestTime": {"K4": {"distribution": "normal", "mean": 39.75350131457246, "std": 4.124900155452318}, "K5": {"distribution": "normal", "mean": 42.81511732251184, "std": 2.551213487522919}, "K3": {"distribution": "normal", "mean": 6.6958876641159435, "std": 4.382234415970219}, "K2": {"distribution": "normal", "mean": 26.804078685605056, "std": 3.0038585584662014}, "K1": {"distribution": "normal", "mean": 26.189771497042784, "std": 2.844170559119673}}, "compatibleConfigurations": ["K4", "K5", "K3", "K2", "K1"]}, "O14": {"estimatedTestTime": {"K5": {"distribution": "normal", "mean": 33.21428982722149, "std": 3.8247603755255106}, "K1": {"distribution": "normal", "mean": 45.7889177053458, "std": 3.1150559472625297}, "K4": {"distribution": "normal", "mean": 21.988212040114412, "std": 3.6159457061653173}}, "compatibleConfigurations": ["K5", "K1", "K4"]}, "O15": {"estimatedTestTime": {"K3": {"distribution": "normal", "mean": 40.62364795326066, "std": 2.309447393109572}, "K2": {"distribution": "normal", "mean": 25.655215899446752, "std": 4.598433910295039}, "K5": {"distribution": "normal", "mean": 28.252257637076593, "std": 4.9036748603748155}, "K1": {"distribution": "normal", "mean": 8.73526027171622, "std": 3.2232182811081}}, "compatibleConfigurations": ["K3", "K2", "K5", "K1"]}, "O16": {"estimatedTestTime": {"K1": {"distribution": "normal", "mean": 15.810740663210108, "std": 4.36306844119033}, "K3": {"distribution": "normal", "mean": 12.828789904447538, "std": 4.910918815692539}}, "compatibleConfigurations": ["K1", "K3"]}, "O17": {"estimatedTestTime": {"K5": {"distribution": "normal", "mean": 11.61780205914013, "std": 2.2251648837810114}, "K4": {"distribution": "normal", "mean": 3.9347858796838597, "std": 4.098740452564861}}, "compatibleConfigurations": ["K5", "K4"]}}}, "products": {"count": 5, "items": {"P1": {"index": 0, "arrival": 0, "quantity": 4, "duedate": 84.61778427996562, "operations": ["O9", "O10"], "dependencies": [[1, 0]]}, "P2": {"index": 1, "arrival": 5.3793654836289, "quantity": 4, "duedate": 60.41669721985178, "operations": ["O12", "O10", "O17"], "dependencies": [[2, 1], [2, 0]]}, "P3": {"index": 2, "arrival": 26.98768009489209, "quantity": 5,