{"configurations": {"count": 5, "items": {"K1": {"index": 0, "setupTimes": [0, 10, 7, 2, 4]}, "K2": {"index": 1, "setupTimes": [10, 0, 0, 5, 6]}, "K3": {"index": 2, "setupTimes": [9, 2, 0, 7, 3]}, "K4": {"index": 3, "setupTimes": [0, 6, 4, 0, 8]}, "K5": {"index": 4, "setupTimes": [2, 0, 10, 9, 0]}}}, "testers": {"count": 5, "items": {"T1": {"supportedConfigurations": ["K1", "K4", "K5", "K2"]}, "T2": {"supportedConfigurations": ["K1", "K4", "K2"]}, "T3": {"supportedConfigurations": ["K3", "K2", "K1", "K4"]}, "T4": {"supportedConfigurations": ["K4", "K3", "K2", "K1"]}, "T5": {"supportedConfigurations": ["K1", "K5", "K3", "K4", "K2"]}}}, "operations": {"count": 10, "items": {"O1": {"estimatedTestTime": {"K3": {"distribution": "normal", "mean": 3.820705929999626, "std": 3.653781393283913}, "K2": {"distribution": "normal", "mean": 20.042603332937464, "std": 2.5452986649610683}}, "compatibleConfigurations": ["K3", "K2"]}, "O2": {"estimatedTestTime": {"K2": {"distribution": "normal", "mean": 11.421236108382613, "std": 3.382432657867729}, "K4": {"distribution": "normal", "mean": 17.71870935088978, "std": 3.2339516951741016}, "K1": {"distribution": "normal", "mean": 4.185598723914229, "std": 4.34133000774531}}, "compatibleConfigurations": ["K2", "K4", "K1"]}, "O3": {"estimatedTestTime": {"K5": {"distribution": "normal", "mean": 21.385444746787037, "std": 3.1713986256735054}, "K4": {"distribution": "normal", "mean": 19.122667678669348, "std": 2.0342465196726254}, "K3": {"distribution": "normal", "mean": 47.34663859472235, "std": 2.341523342562853}, "K2": {"distribution": "normal", "mean": 17.274034390281123, "std": 4.21127396581328}, "K1": {"distribution": "normal", "mean": 18.249597223306875, "std": 4.470044516439792}}, "compatibleConfigurations": ["K5", "K4", "K3", "K2", "K1"]}, "O4": {"estimatedTestTime": {"K4": {"distribution": "normal", "mean": 24.5160732375193, "std": 4.700038090187645}, "K1": {"distribution": "normal", "mean": 12.689945781690268, "std": 2.833564516713363}}, "compatibleConfigurations": ["K4", "K1"]}, "O5": {"estimatedTestTime": {"K3": {"distribution": "normal", "mean": 27.116273699878896, "std": 4.773166699234487}, "K2": {"distribution": "normal", "mean": 23.58414490474173, "std": 3.380301321153496}, "K1": {"distribution": "normal", "mean": 10.340083624367743, "std": 3.835887371898879}}, "compatibleConfigurations": ["K3", "K2", "K1"]}, "O6": {"estimatedTestTime": {"K5": {"distribution": "normal", "mean": 40.43573339907426, "std": 2.9606024019388886}, "K2": {"distribution": "normal", "mean": 26.1137867438506, "std": 4.272565598833326}, "K1": {"distribution": "normal", "mean": 17.700396657431213, "std": 3.802492623655362}, "K3": {"distribution": "normal", "mean": 12.988197988469128, "std": 3.6842959934814092}, "K4": {"distribution": "normal", "mean": 43.58482041466311, "std": 4.327805438173369}}, "compatibleConfigurations": ["K5", "K2", "K1", "K3", "K4"]}, "O7": {"estimatedTestTime": {"K4": {"distribution": "normal", "mean": 45.47569127247844, "std": 4.530211598823628}, "K3": {"distribution": "normal", "mean": 45.68758037960666, "std": 2.281348535319683}, "K1": {"distribution": "normal", "mean": 37.08251592823973, "std": 3.3239636912288653}}, "compatibleConfigurations": ["K4", "K3", "K1"]}, "O8": {"estimatedTestTime": {"K5": {"distribution": "normal", "mean": 26.697403550657057, "std": 3.2900238780209503}, "K3": {"distribution": "normal", "mean": 7.999082581004801, "std": 3.578178018812987}, "K4": {"distribution": "normal", "mean": 4.981015429207387, "std": 3.8430168959865716}, "K2": {"distribution": "normal", "mean": 32.28430152231375, "std": 3.7133237769857934}}, "compatibleConfigurations": ["K5", "K3", "K4", "K2"]}, "O9": {"estimatedTestTime": {"K3": {"distribution": "normal", "mean": 7.395392507579379, "std": 3.912497148541145}, "K5": {"distribution": "normal", "mean": 38.04781730021727, "std": 3.593726556355572}, "K1": {"distribution": "normal", "mean": 18.633871858408753, "std": 4.95356534772528}, "K2": {"distribution": "normal", "mean": 13.735826956482658, "std": 2.4765221718640458}}, "compatibleConfigurations": ["K3", "K5", "K1", "K2"]}, "O10": {"estimatedTestTime": {"K4": {"distribution": "normal", "mean": 22.678021969543032, "std": 2.3899565923854977}, "K5": {"distribution": "normal", "mean": 30.94112322203378, "std": 3.490073493259806}, "K1": {"distribution": "normal", "mean": 7.314115064495855, "std": 4.283622702233774}, "K3": {"distribution": "normal", "mean": 43.14590072390941, "std": 2.100794970018943}, "K2": {"distribution": "normal", "mean": 49.84202995277569, "std": 2.9675160133340177}}, "compatibleConfigurations": ["K4", "K5", "K1", "K3", "K2"]}}}, "products": {"count": 2, "items": {"P1": {"index": 0, "arrival": 0, "quantity": 5, "duedate": 83.40804640791843, "operations": ["O7", "O3", "O8", "O1", "O9"], "dependencies": [[2, 0], [3, 0], [3, 1], [4, 2]]}, "P2": {"index": 1, "arrival": 30.428816383367312, "quantity": 3, "duedate": 70.03079397237138, "operations": ["O5", "O4"], "dependencies": [[1, 0]]}}}}