{"configurations": {"count": 4, "items": {"K1": {"index": 0, "setupTimes": [0, 1, 0, 3]}, "K2": {"index": 1, "setupTimes": [7, 0, 7, 6]}, "K3": {"index": 2, "setupTimes": [8, 2, 0, 5]}, "K4": {"index": 3, "setupTimes": [6, 10, 8, 0]}}}, "testers": {"count": 2, "items": {"T1": {"supportedConfigurations": ["K1", "K3", "K4", "K2"]}, "T2": {"supportedConfigurations": ["K2", "K1", "K3", "K4"]}}}, "operations": {"count": 18, "items": {"O1": {"estimatedTestTime": {"K4": {"distribution": "normal", "mean": 9.275098057011888, "std": 2.272890138857714}, "K2": {"distribution": "normal", "mean": 7.221617687324635, "std": 4.712428453836743}}, "compatibleConfigurations": ["K4", "K2"]}, "O2": {"estimatedTestTime": {"K1": {"distribution": "normal", "mean": 35.054752983233456, "std": 2.9951808067750747}, "K4": {"distribution": "normal", "mean": 40.0014592112634, "std": 2.38772362426305}, "K2": {"distribution": "normal", "mean": 19.215294595513924, "std": 2.5458754077009518}}, "compatibleConfigurations": ["K1", "K4", "K2"]}, "O3": {"estimatedTestTime": {"K2": {"distribution": "normal", "mean": 30.389142884843597, "std": 2.7615133514990173}, "K1": {"distribution": "normal", "mean": 29.948665883788507, "std": 4.515980127394188}, "K4": {"distribution": "normal", "mean": 39.805612961209924, "std": 3.761601491951036}}, "compatibleConfigurations": ["K2", "K1", "K4"]}, "O4": {"estimatedTestTime": {"K4": {"distribution": "normal", "mean": 2.9585614423760926, "std": 3.1769776298937504}, "K1": {"distribution": "normal", "mean": 21.388328759121283, "std": 4.716631953357053}, "K3": {"distribution": "normal", "mean": 31.92400916736446, "std": 4.694415825072886}}, "compatibleConfigurations": ["K4", "K1", "K3"]}, "O5": {"estimatedTestTime": {"K4": {"distribution": "normal", "mean": 45.98764103919405, "std": 4.363158403322145}, "K2": {"distribution": "normal", "mean": 7.437603265554699, "std": 2.8464272429034008}, "K1": {"distribution": "normal", "mean": 9.166110438908357, "std": 2.3394952366549377}}, "compatibleConfigurations": ["K4", "K2", "K1"]}, "O6": {"estimatedTestTime": {"K3": {"distribution": "normal", "mean": 44.74365297003472, "std": 3.916893771463393}, "K1": {"distribution": "normal", "mean": 38.118645686455146, "std": 2.0329039141073113}, "K2": {"distribution": "normal", "mean": 23.84773814100349, "std": 2.189563771074943}}, "compatibleConfigurations": ["K3", "K1", "K2"]}, "O7": {"estimatedTestTime": {"K3": {"distribution": "normal", "mean": 40.52024674071203, "std": 2.272963077420358}, "K4": {"distribution": "normal", "mean": 28.082080329706542, "std": 2.3943615870592447}, "K1": {"distribution": "normal", "mean": 16.27325846487861, "std": 3.2068360805664375}, "K2": {"distribution": "normal", "mean": 23.464359885811405, "std": 2.3643085744146237}}, "compatibleConfigurations": ["K3", "K4", "K1", "K2"]}, "O8": {"estimatedTestTime": {"K2": {"distribution": "normal", "mean": 44.904241620474096, "std": 3.206796120658734}, "K4": {"distribution": "normal", "mean": 19.12889350040365, "std": 3.680452655135053}}, "compatibleConfigurations": ["K2", "K4"]}, "O9": {"estimatedTestTime": {"K2": {"distribution": "normal", "mean": 21.923387411660116, "std": 2.0280722716055464}, "K3": {"distribution": "normal", "mean": 46.87559858925506, "std": 3.1420740630729247}}, "compatibleConfigurations": ["K2", "K3"]}, "O10": {"estimatedTestTime": {"K1": {"distribution": "normal", "mean": 42.582828171685364, "std": 2.7119568815123314}, "K3": {"distribution": "normal", "mean": 17.79701549657318, "std": 4.4045836019601925}, "K2": {"distribution": "normal", "mean": 23.59141697968463, "std": 4.48685629384652}, "K4": {"distribution": "normal", "mean": 49.161927113308955, "std": 3.6700170124793505}}, "compatibleConfigurations": ["K1", "K3", "K2", "K4"]}, "O11": {"estimatedTestTime": {"K3": {"distribution": "normal", "mean": 31.955529962841837, "std": 2.3550382323609904}, "K4": {"distribution": "normal", "mean": 45.73485419555904, "std": 3.546851063843721}}, "compatibleConfigurations": ["K3", "K4"]}, "O12": {"estimatedTestTime": {"K4": {"distribution": "normal", "mean": 14.359525019887407, "std": 4.664999897372696}, "K2": {"distribution": "normal", "mean": 21.516118290641046, "std": 4.174569536311563}, "K1": {"distribution": "normal", "mean": 11.447974721978248, "std": 4.802326425062955}, "K3": {"distribution": "normal", "mean": 12.684559540989149, "std": 4.571921940779089}}, "compatibleConfigurations": ["K4", "K2", "K1", "K3"]}, "O13": {"estimatedTestTime": {"K4": {"distribution": "normal", "mean": 27.643474810915087, "std": 3.91300785652167}, "K2": {"distribution": "normal", "mean": 13.234347926071097, "std": 3.8339255658966085}}, "compatibleConfigurations": ["K4", "K2"]}, "O14": {"estimatedTestTime": {"K4": {"distribution": "normal", "mean": 2.846250522161059, "std": 2.8665172156227605}, "K1": {"distribution": "normal", "mean": 15.146846224166483, "std": 3.696956340955467}, "K3": {"distribution": "normal", "mean": 15.14161633691263, "std": 2.794416343306472}, "K2": {"distribution": "normal", "mean": 23.468467379624606, "std": 2.305872895994248}}, "compatibleConfigurations": ["K4", "K1", "K3", "K2"]}, "O15": {"estimatedTestTime": {"K4": {"distribution": "normal", "mean": 45.807570839129376, "std": 2.5554284215979024}, "K1": {"distribution": "normal", "mean": 44.485033904911546, "std": 2.7351494791031925}, "K2": {"distribution": "normal", "mean": 42.56659395111788, "std": 3.4910305089641676}, "K3": {"distribution": "normal", "mean": 36.792505539116945, "std": 2.877700967540028}}, "compatibleConfigurations": ["K4", "K1", "K2", "K3"]}, "O16": {"estimatedTestTime": {"K3": {"distribution": "normal", "mean": 10.364431695247928, "std": 2.2165020267300957}, "K2": {"distribution": "normal", "mean": 49.409422388165424, "std": 3.1784952484070725}, "K1": {"distribution": "normal", "mean": 12.095834461156729, "std": 3.1771721107313247}, "K4": {"distribution": "normal", "mean": 48.2994234368085, "std": 4.75062381511928}}, "compatibleConfigurations": ["K3", "K2", "K1", "K4"]}, "O17": {"estimatedTestTime": {"K2": {"distribution": "normal", "mean": 37.675690945920266, "std": 2.6758408740627395}, "K3": {"distribution": "normal", "mean": 30.50357882587653, "std": 2.168927044934632}, "K1": {"distribution": "normal", "mean": 31.654324848630164, "std": 2.3399164801442396}}, "compatibleConfigurations": ["K2", "K3", "K1"]}, "O18": {"estimatedTestTime": {"K1": {"distribution": "normal", "mean": 43.91591336913126, "std": 3.188764349800241}, "K4": {"distribution": "normal", "mean": 9.280625911327224, "std": 4.55964372907963}, "K3": {"distribution": "normal", "mean": 13.363159952218036, "std": 4.480034480413625}, "K2": {"distribution": "normal", "mean": 47.65930047849121, "std": 3.236953037518749}}, "compatibleConfigurations": ["K1", "K4", "K3", "K2"]}}}, "products": {"count": 3, "items": {"P1": {"index": 0, "arrival": 0, "quantity": 3, "duedate": 87.36309589808342, "operations": ["O12", "O13", "O9"], "dependencies": [[2, 1], [2, 0]]}, "P2": {"index": 1, "arrival": 38.661108409608005, "quantity": 3, "duedate": 142.53694471898277, "operations": ["O1", "O4", "O2", "O11"], "dependencies": [[1, 0], [3, 2], [3, 1]]}, "P3": {"index": 2, "arrival": 65.65177855271774, "quantity": 4, "duedate": 171.12746658154546, "operations": ["O3", "O5"], "dependencies": [[1, 0]]}}}}