{"configurations": {"count": 2, "items": {"K1": {"index": 0, "setupTimes": [0, 48]}, "K2": {"index": 1, "setupTimes": [9, 0]}}}, "testers": {"count": 5, "items": {"T1": {"supportedConfigurations": ["K1", "K2"]}, "T2": {"supportedConfigurations": ["K1", "K2"]}, "T3": {"supportedConfigurations": ["K1", "K2"]}, "T4": {"supportedConfigurations": ["K1", "K2"]}, "T5": {"supportedConfigurations": ["K2", "K1"]}}}, "operations": {"count": 19, "items": {"O1": {"estimatedTestTime": {"K2": {"distribution": "normal", "mean": 272.35444513739037, "std": 4.140396805617201}, "K1": {"distribution": "normal", "mean": 491.7057304515138, "std": 2.852711258176429}}, "compatibleConfigurations": ["K2", "K1"]}, "O2": {"estimatedTestTime": {"K2": {"distribution": "normal", "mean": 148.86800652477402, "std": 3.687985456784126}, "K1": {"distribution": "normal", "mean": 122.77256166922956, "std": 3.258932407824733}}, "compatibleConfigurations": ["K2", "K1"]}, "O3": {"estimatedTestTime": {"K2": {"distribution": "normal", "mean": 76.26599003803435, "std": 4.864919591230034}, "K1": {"distribution": "normal", "mean": 241.41788097889284, "std": 2.5889686859511922}}, "compatibleConfigurations": ["K2", "K1"]}, "O4": {"estimatedTestTime": {"K2": {"distribution": "normal", "mean": 71.85455481938992, "std": 4.157134421039025}, "K1": {"distribution": "normal", "mean": 64.35860300632044, "std": 3.5847772191293727}}, "compatibleConfigurations": ["K2", "K1"]}, "O5": {"estimatedTestTime": {"K2": {"distribution": "normal", "mean": 131.15576438269733, "std": 2.5371933152081065}, "K1": {"distribution": "normal", "mean": 100.33832057156847, "std": 3.73630654822465}}, "compatibleConfigurations": ["K2", "K1"]}, "O6": {"estimatedTestTime": {"K2": {"distribution": "normal", "mean": 338.66542932217135, "std": 4.359593832160779}, "K1": {"distribution": "normal", "mean": 354.7334258050848, "std": 4.55094483265699}}, "compatibleConfigurations": ["K2", "K1"]}, "O7": {"estimatedTestTime": {"K2": {"distribution": "normal", "mean": 93.50143892880457, "std": 2.2934929790072465}, "K1": {"distribution": "normal", "mean": 397.45091305105626, "std": 3.550254917850316}}, "compatibleConfigurations": ["K2", "K1"]}, "O8": {"estimatedTestTime": {"K2": {"distribution": "normal", "mean": 168.64052070538943, "std": 3.511860718565174}, "K1": {"distribution": "normal", "mean": 142.13231281386572, "std": 3.9508931142013433}}, "compatibleConfigurations": ["K2", "K1"]}, "O9": {"estimatedTestTime": {"K1": {"distribution": "normal", "mean": 304.91022233723476, "std": 4.736807356584112}, "K2": {"distribution": "normal", "mean": 187.09928724557997, "std": 3.2492632525071508}}, "compatibleConfigurations": ["K1", "K2"]}, "O10": {"estimatedTestTime": {"K1": {"distribution": "normal", "mean": 270.2469872234427, "std": 4.413977997078791}, "K2": {"distribution": "normal", "mean": 53.36826725618896, "std": 3.478450993715422}}, "compatibleConfigurations": ["K1", "K2"]}, "O11": {"estimatedTestTime": {"K2": {"distribution": "normal", "mean": 433.3400291089766, "std": 3.6407661023172873}, "K1": {"distribution": "normal", "mean": 484.01002682221946, "std": 2.420953766982264}}, "compatibleConfigurations": ["K2", "K1"]}, "O12": {"estimatedTestTime": {"K2": {"distribution": "normal", "mean": 205.0542346639446, "std": 2.863171291450632}, "K1": {"distribution": "normal", "mean": 394.26936123759475, "std": 2.676799369027971}}, "compatibleConfigurations": ["K2", "K1"]}, "O13": {"estimatedTestTime": {"K2": {"distribution": "normal", "mean": 485.2125234049615, "std": 2.6011126286962583}, "K1": {"distribution": "normal", "mean": 39.37737070764791, "std": 2.120924117480241}}, "compatibleConfigurations": ["K2", "K1"]}, "O14": {"estimatedTestTime": {"K2": {"distribution": "normal", "mean": 350.3909151257671, "std": 3.810393439860004}, "K1": {"distribution": "normal", "mean": 360.7105086860352, "std": 4.280158017357159}}, "compatibleConfigurations": ["K2", "K1"]}, "O15": {"estimatedTestTime": {"K1": {"distribution": "normal", "mean": 160.00055669134346, "std": 4.725285103249408}, "K2": {"distribution": "normal", "mean": 193.58630528222454, "std": 3.0632791572159297}}, "compatibleConfigurations": ["K1", "K2"]}, "O16": {"estimatedTestTime": {"K2": {"distribution": "normal", "mean": 419.40953431959264, "std": 2.2268562854824867}, "K1": {"distribution": "normal", "mean": 424.1927601006849, "std": 2.833409330827063}}, "compatibleConfigurations": ["K2", "K1"]}, "O17": {"estimatedTestTime": {"K2": {"distribution": "normal", "mean": 48.26146980806052, "std": 2.797657537417315}, "K1": {"distribution": "normal", "mean": 359.2894439891866, "std": 4.5927362593230034}}, "compatibleConfigurations": ["K2", "K1"]}, "O18": {"estimatedTestTime": {"K2": {"distribution": "normal", "mean": 433.49824172043657, "std": 3.1014947364190713}, "K1": {"distribution": "normal", "mean": 492.45065570855274, "std": 2.0615799059612514}}, "compatibleConfigurations": ["K2", "K1"]}, "O19": {"estimatedTestTime": {"K2": {"distribution": "normal", "mean": 106.83049784018701, "std": 4.581976951883842}, "K1": {"distribution": "normal", "mean": 163.88853691388482, "std": 4.657492869747307}}, "compatibleConfigurations": ["K2", "K1"]}}}, "products": {"count": 10, "items": {"P1": {"index": 0, "arrival": 0, "quantity": 5, "duedate": 1584.7451466471798, "operations": ["O17", "O14", "O16", "O12", "O8", "O18", "O13", "O7", "O2"], "dependencies": [[1, 0], [2, 1], [3, 0], [5, 2], [5, 3], [5, 4], [6, 3], [6, 4], [7, 3], [7, 5], [8, 4], [8, 5]]}, "P2": {"index": 1, "arrival": 93.15923373332626, "quantity": 3, "duedate": 1949.6372381711549, "operations": ["O19", "O12", "O10", "O7", "O11", "O16", "O17", "O1", "O3", "O18", "O14", "O9", "O13"], "dependencies": [[3, 1], [5, 1], [6, 4], [6, 5], [7, 2], [7, 3], [7, 5], [8, 0], [8, 1], [8, 2], [8, 6], [8, 7], [9, 2], [9, 7], [9, 8], [10, 0], [10, 1], [10, 3], [10, 7], [11, 4], [12, 0], [12, 2], [12, 9], [12, 10]]}, "P3": {"index": 2, "arrival": 161.70402888708134, "quantity": 3, "duedate": 628.6533576613141, "operations": ["O5", "O8", "O9", "O3", "O4", "O13"], "dependencies": [[3, 1], [4, 1], [5, 4], [5, 2], [5, 0]]}, "P4": {"index": 3, "arrival": 254.16223677021483, "quantity": 2, "duedate": 974.4300381392385, "operations": ["O13", "O4", "O10", "O15", "O6"], "dependencies": [[2, 0], [2, 1], [3, 0], [4, 3]]}, "P5": {"index": 4, "arrival": 327.5365885444821, "quantity": 3, "duedate": 1942.6558399119951, "operations": ["O2", "O6", "O14", "O15", "O3", "O9", "O10", "O18", "O8", "O13", "O12", "O11", "O17"], "dependencies": [[1, 0], [2, 1], [3, 1], [3, 2], [5, 1], [6, 0], [6, 1], [6, 4], [7, 2], [7, 4], [8, 1], [8, 2], [8, 4], [9, 0], [9, 6], [10, 1], [10, 2], [11, 7], [12, 5], [12, 7], [12, 9]]}, "P6": {"index": 5, "arrival": 417.2792613716886, "quantity": 3, "duedate": 2572.4346124389717, "operations": ["O9", "O7", "O8", "O3", "O19", "O4", "O16", "O12", "O2", "O15", "O10", "O1", "O18", "O6"], "dependencies": [[2, 1], [4, 1], [4, 2], [4, 3], [6, 1], [6, 2], [6, 3], [7, 1], [7, 5], [8, 3], [8, 4], [8, 5], [8, 6], [9, 2], [9, 8], [10, 9], [11, 0], [11, 2], [11, 5], [11, 8], [11, 9], [12, 4], [12, 6], [12, 7], [12, 9], [12, 11], [13, 4], [13, 6], [13, 12]]}, "P7": {"index": 6, "arrival": 500.2484429732712, "quantity": 2, "duedate": 2097.1715363446424, "operations": ["O7", "O1", "O8", "O17", "O12", "O3", "O19", "O4", "O16", "O11", "O6", "O14", "O2", "O18"], "dependencies": [[3, 0], [3, 2], [4, 0], [4, 1], [4, 3], [5, 0], [5, 1], [5, 3], [6, 1], [6, 4], [7, 0], [7, 1], [7, 2], [7, 4], [8, 0], [8, 7], [9, 0], [10, 0], [10, 5], [10, 6], [11, 0], [11, 2], [11, 3], [11, 8], [12, 3], [12, 5], [12, 6], [12, 9], [12, 11], [13, 0], [13, 2], [13, 3], [13, 4], [13, 8], [13, 10]]}, "P8": {"index": 7, "arrival": 599.6942771611806, "quantity": 3, "duedate": 1510.4761821868906, "operations": ["O18", "O5", "O17", "O15", "O14", "O19", "O11", "O8", "O4", "O1", "O16", "O7"],