{"configurations": {"count": 5, "items": {"K1": {"index": 0, "setupTimes": [0, 36, 13, 26, 55]}, "K2": {"index": 1, "setupTimes": [4, 0, 17, 3, 51]}, "K3": {"index": 2, "setupTimes": [28, 32, 0, 57, 56]}, "K4": {"index": 3, "setupTimes": [30, 33, 21, 0, 36]}, "K5": {"index": 4, "setupTimes": [60, 45, 59, 31, 0]}}}, "testers": {"count": 4, "items": {"T1": {"supportedConfigurations": ["K4", "K1"]}, "T2": {"supportedConfigurations": ["K3", "K2"]}, "T3": {"supportedConfigurations": ["K1", "K2", "K4", "K3"]}, "T4": {"supportedConfigurations": ["K3", "K4", "K2", "K1", "K5"]}}}, "operations": {"count": 13, "items": {"O1": {"estimatedTestTime": {"K2": {"distribution": "normal", "mean": 29.00768594361074, "std": 3.605884048747619}, "K1": {"distribution": "normal", "mean": 405.69446966980274, "std": 4.118934642499118}, "K3": {"distribution": "normal", "mean": 442.5534129039914, "std": 4.880751823356208}, "K4": {"distribution": "normal", "mean": 71.65964725661352, "std": 4.738160204600547}, "K5": {"distribution": "normal", "mean": 387.93355006680173, "std": 4.274061467148803}}, "compatibleConfigurations": ["K2", "K1", "K3", "K4", "K5"]}, "O2": {"estimatedTestTime": {"K5": {"distribution": "normal", "mean": 426.8296911856345, "std": 2.6962294117342784}, "K3": {"distribution": "normal", "mean": 430.7762599743421, "std": 3.9795253517358526}, "K1": {"distribution": "normal", "mean": 494.62920278658453, "std": 3.327922118643308}, "K2": {"distribution": "normal", "mean": 473.18315483961, "std": 4.4405971253853105}, "K4": {"distribution": "normal", "mean": 185.6687675803533, "std": 4.998946661969908}}, "compatibleConfigurations": ["K5", "K3", "K1", "K2", "K4"]}, "O3": {"estimatedTestTime": {"K5": {"distribution": "normal", "mean": 306.8960608436439, "std": 2.9452972550521617}, "K4": {"distribution": "normal", "mean": 337.4743600280395, "std": 2.3614248185718574}}, "compatibleConfigurations": ["K5", "K4"]}, "O4": {"estimatedTestTime": {"K1": {"distribution": "normal", "mean": 157.73463440853837, "std": 3.685071500215445}, "K3": {"distribution": "normal", "mean": 310.6928173038892, "std": 4.022710145955171}, "K4": {"distribution": "normal", "mean": 123.09212898838877, "std": 2.661609382524068}, "K2": {"distribution": "normal", "mean": 426.5233343465916, "std": 4.38856924760959}, "K5": {"distribution": "normal", "mean": 458.94524998234385, "std": 2.6788023434414248}}, "compatibleConfigurations": ["K1", "K3", "K4", "K2", "K5"]}, "O5": {"estimatedTestTime": {"K4": {"distribution": "normal", "mean": 287.7331157100151, "std": 4.566481129492539}, "K1": {"distribution": "normal", "mean": 255.65959935254273, "std": 2.4373977949965044}, "K3": {"distribution": "normal", "mean": 442.07555083335717, "std": 4.052429246852624}, "K5": {"distribution": "normal", "mean": 302.1355451298959, "std": 4.771211817987707}, "K2": {"distribution": "normal", "mean": 82.96488232775714, "std": 3.0608438998254397}}, "compatibleConfigurations": ["K4", "K1", "K3", "K5", "K2"]}, "O6": {"estimatedTestTime": {"K1": {"distribution": "normal", "mean": 87.85168935593433, "std": 4.107149659546242}, "K2": {"distribution": "normal", "mean": 175.1103000790421, "std": 3.5192523789419825}}, "compatibleConfigurations": ["K1", "K2"]}, "O7": {"estimatedTestTime": {"K5": {"distribution": "normal", "mean": 118.72049244419456, "std": 2.2797343193668422}, "K3": {"distribution": "normal", "mean": 405.14018418173373, "std": 2.6180173718098487}, "K2": {"distribution": "normal", "mean": 87.47367261643826, "std": 3.777865953292497}, "K1": {"distribution": "normal", "mean": 219.21387938965364, "std": 2.0788023783342773}}, "compatibleConfigurations": ["K5", "K3", "K2", "K1"]}, "O8": {"estimatedTestTime": {"K2": {"distribution": "normal", "mean": 364.7814553542147, "std": 4.555651619738319}, "K1": {"distribution": "normal", "mean": 371.0605975363623, "std": 2.8575078509881116}, "K4": {"distribution": "normal", "mean": 66.22187011110948, "std": 4.309307200567578}}, "compatibleConfigurations": ["K2", "K1", "K4"]}, "O9": {"estimatedTestTime": {"K5": {"distribution": "normal", "mean": 58.647972765768074, "std": 4.536319021202803}, "K1": {"distribution": "normal", "mean": 283.93040818385293, "std": 2.2970852945073044}, "K2": {"distribution": "normal", "mean": 168.36095878556196, "std": 3.3991613591542347}, "K3": {"distribution": "normal", "mean": 25.153670809330478, "std": 4.328294836851905}, "K4": {"distribution": "normal", "mean": 11.31966444531637, "std": 4.229283657599629}}, "compatibleConfigurations": ["K5", "K1", "K2", "K3", "K4"]}, "O10": {"estimatedTestTime": {"K1": {"distribution": "normal", "mean": 450.7632041504365, "std": 3.6503781752433744}, "K3": {"distribution": "normal", "mean": 147.0228383500403, "std": 2.327007914009726}, "K5": {"distribution": "normal", "mean": 24.607183091681847, "std": 2.162588085270519}, "K2": {"distribution": "normal", "mean": 317.716233278995, "std": 3.387796554975362}}, "compatibleConfigurations": ["K1", "K3", "K5", "K2"]}, "O11": {"estimatedTestTime": {"K2": {"distribution": "normal", "mean": 247.17759226807448, "std": 3.8746888419808907}, "K1": {"distribution": "normal", "mean": 200.23037516129116, "std": 2.4913257144428487}, "K5": {"distribution": "normal", "mean": 433.8893702343907, "std": 3.7900774341211623}, "K4": {"distribution": "normal", "mean": 93.69896134846881, "std": 3.514640740497771}}, "compatibleConfigurations": ["K2", "K1", "K5", "K4"]}, "O12": {"estimatedTestTime": {"K3": {"distribution": "normal", "mean": 35.75933162346595, "std": 3.6628019547083492}, "K5": {"distribution": "normal", "mean": 79.66146647884592, "std": 2.7916981043146434}, "K4": {"distribution": "normal", "mean": 155.28056877151496, "std": 2.663478265042073}, "K1": {"distribution": "normal", "mean": 254.1415756972031, "std": 4.338610656996889}, "K2": {"distribution": "normal", "mean": 309.4292839879261, "std": 3.539867543720303}}, "compatibleConfigurations": ["K3", "K5", "K4", "K1", "K2"]}, "O13": {"estimatedTestTime": {"K4": {"distribution": "normal", "mean": 51.59966657715516, "std": 2.619175365967426}, "K3": {"distribution": "normal", "mean": 324.5021379814857, "std": 3.3970141416434982}, "K5": {"distribution": "normal", "mean": 445.7731938000945, "std": 3.4325092788626694}, "K2": {"distribution": "normal", "mean": 100.64796297399023, "std": 4.823248530427481}, "K1": {"distribution": "normal", "mean": 315.2143140400488, "std": 2.8070733412623916}}, "compatibleConfigurations": ["K4", "K3", "K5", "K2", "K1"]}}}, "products": {"count": 9, "items": {"P1": {"index": 0, "arrival": 0, "quantity": 2, "duedate": 1515.7151706409684, "operations": ["O9", "O12", "O5", "O6", "O13", "O7", "O1", "O4", "O3", "O10"], "dependencies": [[2, 0], [2, 1], [3, 2], [4, 1], [4, 2], [5, 1], [5, 3], [6, 0], [6, 4], [7, 2], [7, 3], [7, 5], [8, 0], [8, 4], [8, 6], [9, 1], [9, 4], [9, 7], [9, 8]]}, "P2": {"index": 1, "arrival": 86.90834954766098, "quantity": 3, "duedate": 853.332100544097, "operations": ["O10", "O5", "O4", "O9", "O7", "O13"], "dependencies": [[2, 1], [4, 0], [4, 2], [5, 0], [5, 3]]}, "P3": {"index": 2, "arrival": 142.7163636608832, "quantity": 2, "duedate": 1474.5074361868922, "operations": ["O4", "O5", "O7", "O6", "O13", "O11", "O1", "O3", "O12", "O9"], "dependencies": [[3, 1], [3, 2], [4, 1], [4, 2], [5, 1], [5, 2], [5, 4], [6, 1], [6, 5], [7, 1], [7, 5], [7, 6], [8, 0], [8, 1], [8, 2], [8, 5], [9, 5]]}, "P4": {"index": 3, "arrival": 215.13322005962533, "quantity": 5, "duedate": 1130.9817656751559, "operations": ["O5", "O11", "O13", "O7", "O8", "O1"], "dependencies": [[3, 0], [3, 2], [4, 3], [5, 3], [5, 1]]}, "P5": {"index": 4, "arrival": 278.96108776591456, "quantity": 2, "duedate": 875.318280981307, "operations": ["O1", "O10", "O7", "O6", "O2"], "dependencies": [[2, 1], [2, 0], [4, 1], [4, 3]]}, "P6": {"index": 5, "arrival": 361.23688849853, "quantity": 3, "duedate": 1941.700167014547, "operations": ["O2", "O3", "O6", "O7", "O5", "O10", "O12", "O9", "O11", "O8", "O13"],