{"configurations": {"count": 4, "items": {"K1": {"index": 0, "setupTimes": [0, 1, 10, 4]}, "K2": {"index": 1, "setupTimes": [10, 0, 4, 6]}, "K3": {"index": 2, "setupTimes": [10, 1, 0, 4]}, "K4": {"index": 3, "setupTimes": [5, 1, 10, 0]}}}, "testers": {"count": 2, "items": {"T1": {"supportedConfigurations": ["K1", "K4", "K3"]}, "T2": {"supportedConfigurations": ["K3", "K4", "K2", "K1"]}}}, "operations": {"count": 19, "items": {"O1": {"estimatedTestTime": {"K4": {"distribution": "normal", "mean": 42.588283898288736, "std": 2.6996054270303147}, "K2": {"distribution": "normal", "mean": 35.58988670281444, "std": 2.880865167764765}}, "compatibleConfigurations": ["K4", "K2"]}, "O2": {"estimatedTestTime": {"K1": {"distribution": "normal", "mean": 14.501886759570834, "std": 3.3904584220306235}, "K2": {"distribution": "normal", "mean": 11.500924693381176, "std": 3.2622447265662817}, "K3": {"distribution": "normal", "mean": 30.132268277030448, "std": 2.181628248625281}}, "compatibleConfigurations": ["K1", "K2", "K3"]}, "O3": {"estimatedTestTime": {"K2": {"distribution": "normal", "mean": 49.906657789512415, "std": 4.292446129531916}, "K1": {"distribution": "normal", "mean": 31.06273592414813, "std": 2.1011374835853114}, "K3": {"distribution": "normal", "mean": 12.709436671108845, "std": 2.775262425797016}}, "compatibleConfigurations": ["K2", "K1", "K3"]}, "O4": {"estimatedTestTime": {"K1": {"distribution": "normal", "mean": 40.215666465706484, "std": 2.3423916217098415}, "K2": {"distribution": "normal", "mean": 11.519122283735303, "std": 3.6980424282816413}, "K4": {"distribution": "normal", "mean": 41.269266365529504, "std": 4.427785980746014}}, "compatibleConfigurations": ["K1", "K2", "K4"]}, "O5": {"estimatedTestTime": {"K2": {"distribution": "normal", "mean": 4.002509905863235, "std": 3.482926800245261}, "K3": {"distribution": "normal", "mean": 25.092982138923198, "std": 3.2316237295208197}, "K4": {"distribution": "normal", "mean": 30.520813650336517, "std": 3.9338042708390684}, "K1": {"distribution": "normal", "mean": 29.224803971819046, "std": 4.542739660050638}}, "compatibleConfigurations": ["K2", "K3", "K4", "K1"]}, "O6": {"estimatedTestTime": {"K1": {"distribution": "normal", "mean": 42.030655200171296, "std": 3.3160999946330842}, "K2": {"distribution": "normal", "mean": 17.162302925646376, "std": 3.1964771779543164}}, "compatibleConfigurations": ["K1", "K2"]}, "O7": {"estimatedTestTime": {"K2": {"distribution": "normal", "mean": 45.602064295151266, "std": 4.540522287386657}, "K3": {"distribution": "normal", "mean": 41.39988386722436, "std": 2.4585228684134632}, "K1": {"distribution": "normal", "mean": 48.72878470951919, "std": 4.096779679379258}}, "compatibleConfigurations": ["K2", "K3", "K1"]}, "O8": {"estimatedTestTime": {"K4": {"distribution": "normal", "mean": 37.132010549516295, "std": 2.2908858278535718}, "K1": {"distribution": "normal", "mean": 41.83998636119215, "std": 3.7446444149201463}, "K2": {"distribution": "normal", "mean": 33.628656770747696, "std": 4.009081319127237}, "K3": {"distribution": "normal", "mean": 15.438334407850823, "std": 2.634907584460227}}, "compatibleConfigurations": ["K4", "K1", "K2", "K3"]}, "O9": {"estimatedTestTime": {"K2": {"distribution": "normal", "mean": 36.894488273357936, "std": 2.4816871340082196}, "K4": {"distribution": "normal", "mean": 16.461208551124187, "std": 4.001895589121798}, "K3": {"distribution": "normal", "mean": 45.08261566512793, "std": 4.499589439867627}, "K1": {"distribution": "normal", "mean": 4.535498116457811, "std": 4.9869368895083195}}, "compatibleConfigurations": ["K2", "K4", "K3", "K1"]}, "O10": {"estimatedTestTime": {"K1": {"distribution": "normal", "mean": 7.042912672835175, "std": 2.7600617988274028}, "K3": {"distribution": "normal", "mean": 41.5010033299869, "std": 3.813824625155606}}, "compatibleConfigurations": ["K1", "K3"]}, "O11": {"estimatedTestTime": {"K2": {"distribution": "normal", "mean": 37.17433331531161, "std": 4.8477757555506145}, "K3": {"distribution": "normal", "mean": 29.735864591846067, "std": 4.6997970965695535}, "K4": {"distribution": "normal", "mean": 36.673273586534556, "std": 4.430971498972587}}, "compatibleConfigurations": ["K2", "K3", "K4"]}, "O12": {"estimatedTestTime": {"K1": {"distribution": "normal", "mean": 28.77084690104286, "std": 3.4673626740148857}, "K4": {"distribution": "normal", "mean": 28.80276560397723, "std": 2.271646527446628}, "K3": {"distribution": "normal", "mean": 10.478046105031511, "std": 4.517049592539744}}, "compatibleConfigurations": ["K1", "K4", "K3"]}, "O13": {"estimatedTestTime": {"K4": {"distribution": "normal", "mean": 28.529438358095398, "std": 2.304913167960172}, "K1": {"distribution": "normal", "mean": 29.96505041295373, "std": 3.483024456383526}}, "compatibleConfigurations": ["K4", "K1"]}, "O14": {"estimatedTestTime": {"K1": {"distribution": "normal", "mean": 3.480456316724238, "std": 2.703111770542737}, "K4": {"distribution": "normal", "mean": 28.5130221611483, "std": 4.302338202951689}, "K2": {"distribution": "normal", "mean": 31.004796883485923, "std": 2.9368751339134533}}, "compatibleConfigurations": ["K1", "K4", "K2"]}, "O15": {"estimatedTestTime": {"K4": {"distribution": "normal", "mean": 11.31634433912876, "std": 3.591057350370523}, "K2": {"distribution": "normal", "mean": 4.392312238994705, "std": 3.7719445379179355}, "K3": {"distribution": "normal", "mean": 27.92931958570412, "std": 2.15125691448001}, "K1": {"distribution": "normal", "mean": 46.73503431065891, "std": 4.378713856756619}}, "compatibleConfigurations": ["K4", "K2", "K3", "K1"]}, "O16": {"estimatedTestTime": {"K2": {"distribution": "normal", "mean": 15.92358000472265, "std": 4.629828645715765}, "K3": {"distribution": "normal", "mean": 13.969829727061505, "std": 3.5089556003122486}}, "compatibleConfigurations": ["K2", "K3"]}, "O17": {"estimatedTestTime": {"K2": {"distribution": "normal", "mean": 4.728126921035669, "std": 2.827096816981813}, "K1": {"distribution": "normal", "mean": 2.0626020600135035, "std": 3.3458223094393444}, "K3": {"distribution": "normal", "mean": 23.542329465032207, "std": 4.0463520720022155}}, "compatibleConfigurations": ["K2", "K1", "K3"]}, "O18": {"estimatedTestTime": {"K1": {"distribution": "normal", "mean": 14.885785673717477, "std": 2.1624377121324874}, "K3": {"distribution": "normal", "mean": 41.22794195038304, "std": 3.7795549184261024}, "K4": {"distribution": "normal", "mean": 32.812460426996346, "std": 2.4024441505693823}, "K2": {"distribution": "normal", "mean": 2.105635347106979, "std": 4.414958704709688}}, "compatibleConfigurations": ["K1", "K3", "K4", "K2"]}, "O19": {"estimatedTestTime": {"K1": {"distribution": "normal", "mean": 19.6869502333816, "std": 3.23659240326206}, "K4": {"distribution": "normal", "mean": 24.5215813718275, "std": 2.3460408822609713}, "K3": {"distribution": "normal", "mean": 19.325001533020096, "std": 4.1513601604142245}}, "compatibleConfigurations": ["K1", "K4", "K3"]}}}, "products": {"count": 4, "items": {"P1": {"index": 0, "arrival": 0, "quantity": 5, "duedate": 179.37862272647627, "operations": ["O16", "O1", "O6", "O2", "O8"], "dependencies": [[2, 1], [2, 0], [3, 0], [4, 1]]}, "P2": {"index": 1, "arrival": 6.901087744046625, "quantity": 2, "duedate": 107.24789850806394, "operations": ["O8", "O4", "O9", "O15", "O7"], "dependencies": [[2, 0], [2, 1], [3, 0], [4, 3]]}, "P3": {"index": 2, "arrival": 48.024643306676445, "quantity": 5, "duedate": 209.4091643849795, "operations": ["O18", "O10", "O17", "O16", "O12"], "dependencies": [[3, 1], [4, 0], [4, 3], [4, 2]]}, "P4": {"index": 3, "arrival": 49.946845875867155, "quantity": 4, "duedate": 149.15490046355086, "operations": ["O9", "O16", "O18", "O8", "O10"], "dependencies": [[2, 0], [3, 1], [4, 0], [4, 1]]}}}}