{"configurations": {"count": 4, "items": {"K1": {"index": 0, "setupTimes": [0, 5, 0, 6]}, "K2": {"index": 1, "setupTimes": [7, 0, 6, 4]}, "K3": {"index": 2, "setupTimes": [9, 6, 0, 3]}, "K4": {"index": 3, "setupTimes": [2, 2, 1, 0]}}}, "testers": {"count": 2, "items": {"T1": {"supportedConfigurations": ["K1", "K2", "K3"]}, "T2": {"supportedConfigurations": ["K3", "K1", "K4"]}}}, "operations": {"count": 20, "items": {"O1": {"estimatedTestTime": {"K3": {"distribution": "normal", "mean": 29.66579046805216, "std": 3.8939050371606685}, "K4": {"distribution": "normal", "mean": 38.180393690853506, "std": 4.347277000169605}, "K2": {"distribution": "normal", "mean": 38.622972974809265, "std": 2.8143251365965627}, "K1": {"distribution": "normal", "mean": 20.141393941993634, "std": 3.8014558710457123}}, "compatibleConfigurations": ["K3", "K4", "K2", "K1"]}, "O2": {"estimatedTestTime": {"K4": {"distribution": "normal", "mean": 23.80784549992318, "std": 4.995243399826069}, "K1": {"distribution": "normal", "mean": 47.39169036137606, "std": 4.084426421733471}, "K3": {"distribution": "normal", "mean": 49.87103284997604, "std": 4.097685183332541}, "K2": {"distribution": "normal", "mean": 6.824086166000891, "std": 3.165774822437512}}, "compatibleConfigurations": ["K4", "K1", "K3", "K2"]}, "O3": {"estimatedTestTime": {"K2": {"distribution": "normal", "mean": 12.968927841466316, "std": 4.741483563429994}, "K4": {"distribution": "normal", "mean": 12.549870194148383, "std": 3.5565149631614843}, "K3": {"distribution": "normal", "mean": 40.74148844603383, "std": 4.241707287352337}}, "compatibleConfigurations": ["K2", "K4", "K3"]}, "O4": {"estimatedTestTime": {"K3": {"distribution": "normal", "mean": 24.442731871530867, "std": 3.7672948797411285}, "K4": {"distribution": "normal", "mean": 14.814867657851432, "std": 3.2829105701915373}, "K1": {"distribution": "normal", "mean": 41.42224241621762, "std": 3.00051969401554}, "K2": {"distribution": "normal", "mean": 27.904458125909766, "std": 4.730017178182129}}, "compatibleConfigurations": ["K3", "K4", "K1", "K2"]}, "O5": {"estimatedTestTime": {"K3": {"distribution": "normal", "mean": 2.9286026000994294, "std": 3.580454468630081}, "K2": {"distribution": "normal", "mean": 44.37618688925731, "std": 4.086555901089586}, "K1": {"distribution": "normal", "mean": 47.83287918389345, "std": 4.612155329744505}}, "compatibleConfigurations": ["K3", "K2", "K1"]}, "O6": {"estimatedTestTime": {"K3": {"distribution": "normal", "mean": 9.358964177508785, "std": 2.1312138793667277}, "K1": {"distribution": "normal", "mean": 13.975722815072912, "std": 2.292639917135813}}, "compatibleConfigurations": ["K3", "K1"]}, "O7": {"estimatedTestTime": {"K1": {"distribution": "normal", "mean": 47.11267275723907, "std": 2.2979491371003986}, "K2": {"distribution": "normal", "mean": 3.9573377133180294, "std": 4.261277876597349}, "K3": {"distribution": "normal", "mean": 15.680004868624177, "std": 2.83699166182917}}, "compatibleConfigurations": ["K1", "K2", "K3"]}, "O8": {"estimatedTestTime": {"K4": {"distribution": "normal", "mean": 23.79063514165017, "std": 4.772954439785892}, "K3": {"distribution": "normal", "mean": 19.05530225755157, "std": 2.5581585897278036}, "K1": {"distribution": "normal", "mean": 33.7184126406705, "std": 3.649043618449594}}, "compatibleConfigurations": ["K4", "K3", "K1"]}, "O9": {"estimatedTestTime": {"K2": {"distribution": "normal", "mean": 35.06507203411567, "std": 2.301838958157466}, "K4": {"distribution": "normal", "mean": 43.804025690928704, "std": 4.20824978803434}, "K1": {"distribution": "normal", "mean": 21.723252994167765, "std": 4.7873118038759985}, "K3": {"distribution": "normal", "mean": 15.921734083293883, "std": 4.867339212364556}}, "compatibleConfigurations": ["K2", "K4", "K1", "K3"]}, "O10": {"estimatedTestTime": {"K1": {"distribution": "normal", "mean": 37.326738758697196, "std": 4.213379995326271}, "K2": {"distribution": "normal", "mean": 46.41260942335925, "std": 3.0648854464226427}}, "compatibleConfigurations": ["K1", "K2"]}, "O11": {"estimatedTestTime": {"K3": {"distribution": "normal", "mean": 32.02494526305111, "std": 2.7453789239629205}, "K2": {"distribution": "normal", "mean": 39.9327766288665, "std": 2.404715449956355}, "K4": {"distribution": "normal", "mean": 19.521140491414734, "std": 2.466933911090053}}, "compatibleConfigurations": ["K3", "K2", "K4"]}, "O12": {"estimatedTestTime": {"K1": {"distribution": "normal", "mean": 8.994978246872904, "std": 2.3976663932663014}, "K4": {"distribution": "normal", "mean": 22.507098485455092, "std": 2.3399618340726795}, "K3": {"distribution": "normal", "mean": 44.740429731399956, "std": 4.912526410819238}, "K2": {"distribution": "normal", "mean": 3.8308125314665133, "std": 2.7147354596097513}}, "compatibleConfigurations": ["K1", "K4", "K3", "K2"]}, "O13": {"estimatedTestTime": {"K3": {"distribution": "normal", "mean": 11.183520991546853, "std": 2.1214071776536176}, "K1": {"distribution": "normal", "mean": 44.35296796708793, "std": 2.13181502510748}, "K2": {"distribution": "normal", "mean": 34.55843176510135, "std": 4.667071952205894}}, "compatibleConfigurations": ["K3", "K1", "K2"]}, "O14": {"estimatedTestTime": {"K2": {"distribution": "normal", "mean": 47.86233316222527, "std": 3.63453657462231}, "K1": {"distribution": "normal", "mean": 2.5469510012013945, "std": 2.0810042158342137}, "K3": {"distribution": "normal", "mean": 36.623561823773215, "std": 4.471571550835417}, "K4": {"distribution": "normal", "mean": 11.705458238507799, "std": 3.178468031888081}}, "compatibleConfigurations": ["K2", "K1", "K3", "K4"]}, "O15": {"estimatedTestTime": {"K1": {"distribution": "normal", "mean": 23.20101774198372, "std": 2.620577403757963}, "K2": {"distribution": "normal", "mean": 41.696102093930435, "std": 4.6916110685686245}}, "compatibleConfigurations": ["K1", "K2"]}, "O16": {"estimatedTestTime": {"K4": {"distribution": "normal", "mean": 49.029769700655976, "std": 3.925623272632403}, "K3": {"distribution": "normal", "mean": 3.5246073963472746, "std": 3.6871954466530683}, "K2": {"distribution": "normal", "mean": 25.581625028902444, "std": 2.879648214246816}, "K1": {"distribution": "normal", "mean": 11.861898835626768, "std": 2.340355048930716}}, "compatibleConfigurations": ["K4", "K3", "K2", "K1"]}, "O17": {"estimatedTestTime": {"K2": {"distribution": "normal", "mean": 49.85646347095413, "std": 2.4351397264227894}, "K3": {"distribution": "normal", "mean": 13.589210531095649, "std": 2.0341444345186273}, "K1": {"distribution": "normal", "mean": 41.26812685927632, "std": 4.608973148762458}, "K4": {"distribution": "normal", "mean": 41.565682124912996, "std": 4.224243909061641}}, "compatibleConfigurations": ["K2", "K3", "K1", "K4"]}, "O18": {"estimatedTestTime": {"K1": {"distribution": "normal", "mean": 18.79628842467882, "std": 3.840046482439443}, "K4": {"distribution": "normal", "mean": 25.757613211715736, "std": 2.210661506079675}}, "compatibleConfigurations": ["K1", "K4"]}, "O19": {"estimatedTestTime": {"K4": {"distribution": "normal", "mean": 47.56130554758798, "std": 2.211624917711083}, "K3": {"distribution": "normal", "mean": 28.457741474943777, "std": 2.800997158055461}}, "compatibleConfigurations": ["K4", "K3"]}, "O20": {"estimatedTestTime": {"K3": {"distribution": "normal", "mean": 3.199165735707515, "std": 3.288359282221161}, "K4": {"distribution": "normal", "mean": 5.084499735030308, "std": 3.8824487581511375}, "K1": {"distribution": "normal", "mean": 6.963506630523183, "std": 2.357027930606469}}, "compatibleConfigurations": ["K3", "K4", "K1"]}}}, "products": {"count": 4, "items": {"P1": {"index": 0, "arrival": 0, "quantity": 2, "duedate": 57.63088940828135, "operations": ["O17", "O14", "O18"], "dependencies": [[2, 1], [2, 0]]}, "P2": {"index": 1, "arrival": 18.957031607183783, "quantity": 5, "duedate": 155.74128255273084, "operations": ["O16", "O15"], "dependencies": [[1, 0]]}, "P3": {"index": 2, "arrival": 33.89773930866362, "quantity": 3, "duedate": 165.9651158234755,