{"configurations": {"count": 5, "items": {"K1": {"index": 0, "setupTimes": [0, 9, 16, 60, 50]}, "K2": {"index": 1, "setupTimes": [25, 0, 37, 14, 33]}, "K3": {"index": 2, "setupTimes": [5, 21, 0, 59, 12]}, "K4": {"index": 3, "setupTimes": [11, 39, 31, 0, 40]}, "K5": {"index": 4, "setupTimes": [25, 54, 21, 2, 0]}}}, "testers": {"count": 5, "items": {"T1": {"supportedConfigurations": ["K2", "K5", "K1", "K4", "K3"]}, "T2": {"supportedConfigurations": ["K4", "K5", "K3", "K2"]}, "T3": {"supportedConfigurations": ["K2", "K4", "K5", "K1"]}, "T4": {"supportedConfigurations": ["K1", "K4", "K2"]}, "T5": {"supportedConfigurations": ["K4", "K1"]}}}, "operations": {"count": 15, "items": {"O1": {"estimatedTestTime": {"K3": {"distribution": "normal", "mean": 441.20583695407436, "std": 4.942034787554536}, "K1": {"distribution": "normal", "mean": 152.16649849690407, "std": 4.597586460690257}, "K2": {"distribution": "normal", "mean": 476.0318376738477, "std": 4.385588206997223}}, "compatibleConfigurations": ["K3", "K1", "K2"]}, "O2": {"estimatedTestTime": {"K3": {"distribution": "normal", "mean": 101.8662881244716, "std": 3.3233786265899545}, "K2": {"distribution": "normal", "mean": 5.394595147199608, "std": 4.425289065581148}, "K5": {"distribution": "normal", "mean": 258.09650013083234, "std": 4.7432136507342735}, "K4": {"distribution": "normal", "mean": 238.45611356944525, "std": 3.306881372482402}, "K1": {"distribution": "normal", "mean": 106.47480897848378, "std": 3.8185231709705536}}, "compatibleConfigurations": ["K3", "K2", "K5", "K4", "K1"]}, "O3": {"estimatedTestTime": {"K4": {"distribution": "normal", "mean": 302.2941683438863, "std": 3.666947319670606}, "K2": {"distribution": "normal", "mean": 58.64000570683499, "std": 2.065900354971665}, "K5": {"distribution": "normal", "mean": 314.35737672978706, "std": 4.109828996940608}, "K1": {"distribution": "normal", "mean": 267.98856780480565, "std": 2.358244438415417}, "K3": {"distribution": "normal", "mean": 70.61051853444631, "std": 4.6300808489281735}}, "compatibleConfigurations": ["K4", "K2", "K5", "K1", "K3"]}, "O4": {"estimatedTestTime": {"K1": {"distribution": "normal", "mean": 15.27702090459796, "std": 2.701058823453814}, "K2": {"distribution": "normal", "mean": 262.647256185557, "std": 3.1866325227545294}, "K5": {"distribution": "normal", "mean": 340.3850520974641, "std": 2.690905087233147}, "K4": {"distribution": "normal", "mean": 45.26415678994597, "std": 3.522482749048988}}, "compatibleConfigurations": ["K1", "K2", "K5", "K4"]}, "O5": {"estimatedTestTime": {"K1": {"distribution": "normal", "mean": 451.8942003010873, "std": 4.199777718500506}, "K4": {"distribution": "normal", "mean": 423.85491376489415, "std": 4.878950382965978}, "K2": {"distribution": "normal", "mean": 112.99500785703168, "std": 2.113775325915168}, "K3": {"distribution": "normal", "mean": 97.91522840103951, "std": 3.8539317150260617}, "K5": {"distribution": "normal", "mean": 260.63994198830954, "std": 4.731705958557663}}, "compatibleConfigurations": ["K1", "K4", "K2", "K3", "K5"]}, "O6": {"estimatedTestTime": {"K5": {"distribution": "normal", "mean": 279.270128216136, "std": 3.261201098424573}, "K3": {"distribution": "normal", "mean": 458.5703635484777, "std": 2.16629248629899}, "K1": {"distribution": "normal", "mean": 466.5761917334912, "std": 4.030483907106513}}, "compatibleConfigurations": ["K5", "K3", "K1"]}, "O7": {"estimatedTestTime": {"K3": {"distribution": "normal", "mean": 102.80154074199758, "std": 2.1781102494064726}, "K4": {"distribution": "normal", "mean": 459.6128469954742, "std": 3.4408002322877578}}, "compatibleConfigurations": ["K3", "K4"]}, "O8": {"estimatedTestTime": {"K2": {"distribution": "normal", "mean": 386.9697361918824, "std": 4.903514554656243}, "K3": {"distribution": "normal", "mean": 10.324273509652803, "std": 2.5041645487454227}, "K1": {"distribution": "normal", "mean": 207.41209481461988, "std": 2.5932248229647374}, "K4": {"distribution": "normal", "mean": 119.65620172552079, "std": 4.096259369930823}, "K5": {"distribution": "normal", "mean": 114.33388194679627, "std": 4.9230406918883665}}, "compatibleConfigurations": ["K2", "K3", "K1", "K4", "K5"]}, "O9": {"estimatedTestTime": {"K5": {"distribution": "normal", "mean": 407.2627899943885, "std": 3.438067754671752}, "K4": {"distribution": "normal", "mean": 437.5768464706445, "std": 2.0452599056969287}}, "compatibleConfigurations": ["K5", "K4"]}, "O10": {"estimatedTestTime": {"K3": {"distribution": "normal", "mean": 106.27933631234117, "std": 3.3299707359251056}, "K1": {"distribution": "normal", "mean": 4.414216492961208, "std": 4.533894369336569}, "K4": {"distribution": "normal", "mean": 252.11284935533612, "std": 4.176342031195311}, "K5": {"distribution": "normal", "mean": 374.2613579833742, "std": 3.333555944714646}}, "compatibleConfigurations": ["K3", "K1", "K4", "K5"]}, "O11": {"estimatedTestTime": {"K1": {"distribution": "normal", "mean": 157.24471107817973, "std": 3.3494189411367925}, "K3": {"distribution": "normal", "mean": 211.14518049623646, "std": 3.0032968783867093}, "K4": {"distribution": "normal", "mean": 62.7889899785386, "std": 4.75921441428205}, "K5": {"distribution": "normal", "mean": 420.6037181595072, "std": 3.192810974710013}}, "compatibleConfigurations": ["K1", "K3", "K4", "K5"]}, "O12": {"estimatedTestTime": {"K4": {"distribution": "normal", "mean": 90.64391678427502, "std": 2.73525494519617}, "K5": {"distribution": "normal", "mean": 447.4712364451962, "std": 2.9735233724776386}, "K3": {"distribution": "normal", "mean": 468.251547963873, "std": 3.6420618033733048}}, "compatibleConfigurations": ["K4", "K5", "K3"]}, "O13": {"estimatedTestTime": {"K1": {"distribution": "normal", "mean": 441.78684111772367, "std": 2.2693557184635624}, "K3": {"distribution": "normal", "mean": 231.7069320669475, "std": 2.783358326675923}, "K5": {"distribution": "normal", "mean": 346.39598363703305, "std": 4.250331975536759}}, "compatibleConfigurations": ["K1", "K3", "K5"]}, "O14": {"estimatedTestTime": {"K1": {"distribution": "normal", "mean": 430.2419859631475, "std": 4.15644572934443}, "K2": {"distribution": "normal", "mean": 497.01722379044395, "std": 2.08692225630572}, "K5": {"distribution": "normal", "mean": 257.1025161647083, "std": 4.055719168140092}, "K3": {"distribution": "normal", "mean": 174.18091264865743, "std": 2.638103176617699}}, "compatibleConfigurations": ["K1", "K2", "K5", "K3"]}, "O15": {"estimatedTestTime": {"K1": {"distribution": "normal", "mean": 5.8422737291911355, "std": 3.316626062584933}, "K3": {"distribution": "normal", "mean": 160.09619961334278, "std": 2.0608684495976854}, "K4": {"distribution": "normal", "mean": 400.3173102241174, "std": 2.4358762492666393}, "K2": {"distribution": "normal", "mean": 65.20712037326254, "std": 2.6326521735095434}}, "compatibleConfigurations": ["K1", "K3", "K4", "K2"]}}}, "products": {"count": 5, "items": {"P1": {"index": 0, "arrival": 0, "quantity": 2, "duedate": 2098.927315565764, "operations": ["O10", "O4", "O6", "O9", "O13", "O1", "O3", "O7", "O5", "O12", "O8", "O14", "O15", "O11", "O2"], "dependencies": [[4, 2], [4, 3], [6, 0], [6, 1], [6, 3], [6, 4], [7, 0], [7, 1], [7, 3], [7, 6], [8, 1], [8, 2], [8, 5], [9, 5], [9, 6], [9, 8], [10, 0], [10, 2], [10, 4], [10, 8], [10, 9], [11, 0], [11, 2], [11, 5], [11, 7], [11, 9], [12, 3], [12, 5], [12, 6], [12, 10], [12, 11], [13, 1], [13, 3], [13, 7], [13, 8], [13, 10], [13, 12], [14, 0], [14, 1], [14, 5], [14, 6], [14, 7], [14, 9], [14, 11], [14, 12], [14, 13]]}, "P2": {"index": 1, "arrival": 71.41007313269479, "quantity": 4, "duedate": 1819.0421219424263, "operations": ["O7", "O9", "O3", "O11", "O10", "O14", "O1", "O15"], "dependencies": [[1, 0], [2, 1], [3, 1], [3, 2], [5, 3], [5, 4], [6, 1], [6, 4], [6, 5], [7, 0]]}, "P3": {"index": 2, "arrival": 139.7021735709318, "quantity": 2, "duedate": 772.4490602494072, "operations": ["O12", "O3", "O14", "O5", "O1"], "dependencies": [[2, 0], [2, 1], [3, 0], [4, 1]]}, "P4": {"index": 3,