{"configurations": {"count": 3, "items": {"K1": {"index": 0, "setupTimes": [0, 10, 6]}, "K2": {"index": 1, "setupTimes": [5, 0, 10]}, "K3": {"index": 2, "setupTimes": [5, 5, 0]}}}, "testers": {"count": 5, "items": {"T1": {"supportedConfigurations": ["K1", "K2"]}, "T2": {"supportedConfigurations": ["K3", "K2", "K1"]}, "T3": {"supportedConfigurations": ["K1", "K3"]}, "T4": {"supportedConfigurations": ["K3", "K1"]}, "T5": {"supportedConfigurations": ["K2", "K1", "K3"]}}}, "operations": {"count": 12, "items": {"O1": {"estimatedTestTime": {"K1": {"distribution": "normal", "mean": 17.64418189177031, "std": 3.6559374724781977}, "K2": {"distribution": "normal", "mean": 46.06156942311747, "std": 3.291650703676724}}, "compatibleConfigurations": ["K1", "K2"]}, "O2": {"estimatedTestTime": {"K3": {"distribution": "normal", "mean": 23.0916454913964, "std": 4.344420460465316}, "K2": {"distribution": "normal", "mean": 11.108862925674174, "std": 3.9550173527724573}, "K1": {"distribution": "normal", "mean": 34.81106091333606, "std": 2.586940014906957}}, "compatibleConfigurations": ["K3", "K2", "K1"]}, "O3": {"estimatedTestTime": {"K3": {"distribution": "normal", "mean": 4.180236148115888, "std": 3.5895728484255724}, "K1": {"distribution": "normal", "mean": 18.409263526750244, "std": 3.009798684880368}, "K2": {"distribution": "normal", "mean": 46.827984525401575, "std": 3.256206124228743}}, "compatibleConfigurations": ["K3", "K1", "K2"]}, "O4": {"estimatedTestTime": {"K1": {"distribution": "normal", "mean": 24.908247357707157, "std": 3.005542969710462}, "K3": {"distribution": "normal", "mean": 7.158596301953271, "std": 3.3456573577094915}, "K2": {"distribution": "normal", "mean": 41.82883420671096, "std": 4.16574262185056}}, "compatibleConfigurations": ["K1", "K3", "K2"]}, "O5": {"estimatedTestTime": {"K1": {"distribution": "normal", "mean": 49.90855422423217, "std": 3.0483852093004087}, "K2": {"distribution": "normal", "mean": 24.920550684939414, "std": 2.5928001785941275}}, "compatibleConfigurations": ["K1", "K2"]}, "O6": {"estimatedTestTime": {"K2": {"distribution": "normal", "mean": 4.367068718762775, "std": 3.552761987278097}, "K1": {"distribution": "normal", "mean": 45.9101412045347, "std": 4.457878752188838}, "K3": {"distribution": "normal", "mean": 6.413204770741627, "std": 2.045924790690528}}, "compatibleConfigurations": ["K2", "K1", "K3"]}, "O7": {"estimatedTestTime": {"K2": {"distribution": "normal", "mean": 12.805640456114068, "std": 2.3150584745617078}, "K3": {"distribution": "normal", "mean": 21.65128552628014, "std": 2.4488525002078565}}, "compatibleConfigurations": ["K2", "K3"]}, "O8": {"estimatedTestTime": {"K1": {"distribution": "normal", "mean": 29.52049630443691, "std": 3.166177568098757}, "K2": {"distribution": "normal", "mean": 27.681317913398573, "std": 2.8982585867207096}}, "compatibleConfigurations": ["K1", "K2"]}, "O9": {"estimatedTestTime": {"K3": {"distribution": "normal", "mean": 25.818914189825755, "std": 2.3397551476072884}, "K2": {"distribution": "normal", "mean": 27.80500259375767, "std": 4.6405767317943525}, "K1": {"distribution": "normal", "mean": 45.11528896172222, "std": 2.1820066044266437}}, "compatibleConfigurations": ["K3", "K2", "K1"]}, "O10": {"estimatedTestTime": {"K3": {"distribution": "normal", "mean": 38.93068195178395, "std": 3.0474997649121383}, "K2": {"distribution": "normal", "mean": 26.59670359259005, "std": 3.725577927699606}, "K1": {"distribution": "normal", "mean": 20.122929539295253, "std": 2.282048137755516}}, "compatibleConfigurations": ["K3", "K2", "K1"]}, "O11": {"estimatedTestTime": {"K1": {"distribution": "normal", "mean": 33.20923847398315, "std": 4.369108067016647}, "K2": {"distribution": "normal", "mean": 27.881013146916196, "std": 2.892030229900661}, "K3": {"distribution": "normal", "mean": 14.450744943845827, "std": 3.030593482877229}}, "compatibleConfigurations": ["K1", "K2", "K3"]}, "O12": {"estimatedTestTime": {"K1": {"distribution": "normal", "mean": 45.7812460079881, "std": 2.8100556581179594}, "K2": {"distribution": "normal", "mean": 28.736367545240753, "std": 2.5180101954896386}, "K3": {"distribution": "normal", "mean": 10.921200597826695, "std": 2.112321846428146}}, "compatibleConfigurations": ["K1", "K2", "K3"]}}}, "products": {"count": 4, "items": {"P1": {"index": 0, "arrival": 0, "quantity": 4, "duedate": 63.04923233701616, "operations": ["O12", "O1"], "dependencies": [[1, 0]]}, "P2": {"index": 1, "arrival": 32.02965681699767, "quantity": 3, "duedate": 88.41298258690883, "operations": ["O1", "O6", "O4"], "dependencies": [[2, 0], [2, 1]]}, "P3": {"index": 2, "arrival": 33.66837577934939, "quantity": 3, "duedate": 90.29200328491757, "operations": ["O9", "O10", "O4"], "dependencies": [[2, 1], [2, 0]]}, "P4": {"index": 3, "arrival": 66.23708365078664, "quantity": 2, "duedate": 114.33371507088908, "operations": ["O10", "O3"], "dependencies": [[1, 0]]}}}}