{"configurations": {"count": 4, "items": {"K1": {"index": 0, "setupTimes": [0, 2, 45, 51]}, "K2": {"index": 1, "setupTimes": [24, 0, 31, 57]}, "K3": {"index": 2, "setupTimes": [58, 42, 0, 7]}, "K4": {"index": 3, "setupTimes": [50, 6, 35, 0]}}}, "testers": {"count": 4, "items": {"T1": {"supportedConfigurations": ["K4", "K3", "K1"]}, "T2": {"supportedConfigurations": ["K1", "K4"]}, "T3": {"supportedConfigurations": ["K3", "K1", "K4"]}, "T4": {"supportedConfigurations": ["K4", "K1", "K3", "K2"]}}}, "operations": {"count": 10, "items": {"O1": {"estimatedTestTime": {"K3": {"distribution": "normal", "mean": 426.9864380638046, "std": 4.35619182378599}, "K1": {"distribution": "normal", "mean": 472.75441912316955, "std": 3.5855047799773105}, "K2": {"distribution": "normal", "mean": 253.05546867565442, "std": 4.806490496921444}}, "compatibleConfigurations": ["K3", "K1", "K2"]}, "O2": {"estimatedTestTime": {"K3": {"distribution": "normal", "mean": 387.9893420160478, "std": 3.6908728484294038}, "K4": {"distribution": "normal", "mean": 129.18017036647387, "std": 4.502665432333399}, "K2": {"distribution": "normal", "mean": 437.38609274975505, "std": 2.73753844426324}, "K1": {"distribution": "normal", "mean": 185.67791765844507, "std": 4.079179069652507}}, "compatibleConfigurations": ["K3", "K4", "K2", "K1"]}, "O3": {"estimatedTestTime": {"K3": {"distribution": "normal", "mean": 99.61063930912651, "std": 3.911902515859786}, "K4": {"distribution": "normal", "mean": 30.65261892116034, "std": 3.920240889706161}}, "compatibleConfigurations": ["K3", "K4"]}, "O4": {"estimatedTestTime": {"K3": {"distribution": "normal", "mean": 116.06134635878297, "std": 2.7071525231335367}, "K4": {"distribution": "normal", "mean": 364.47976754198885, "std": 2.8130073630588512}, "K1": {"distribution": "normal", "mean": 483.4626623920822, "std": 3.5042778615309724}, "K2": {"distribution": "normal", "mean": 62.428430677155134, "std": 4.482092754796529}}, "compatibleConfigurations": ["K3", "K4", "K1", "K2"]}, "O5": {"estimatedTestTime": {"K3": {"distribution": "normal", "mean": 394.1280987308347, "std": 4.897175383091852}, "K1": {"distribution": "normal", "mean": 4.019025879441061, "std": 2.489041166519284}}, "compatibleConfigurations": ["K3", "K1"]}, "O6": {"estimatedTestTime": {"K1": {"distribution": "normal", "mean": 360.2947592829514, "std": 2.355064329952887}, "K4": {"distribution": "normal", "mean": 252.13377885558657, "std": 3.286673676177947}, "K3": {"distribution": "normal", "mean": 204.7288989211262, "std": 4.925351302419113}}, "compatibleConfigurations": ["K1", "K4", "K3"]}, "O7": {"estimatedTestTime": {"K1": {"distribution": "normal", "mean": 342.1373120016159, "std": 4.7789024392688}, "K4": {"distribution": "normal", "mean": 387.29010367865607, "std": 4.0540648900750735}}, "compatibleConfigurations": ["K1", "K4"]}, "O8": {"estimatedTestTime": {"K2": {"distribution": "normal", "mean": 39.78343479058637, "std": 4.030314864881051}, "K3": {"distribution": "normal", "mean": 412.0255208659529, "std": 3.8351629975212918}, "K1": {"distribution": "normal", "mean": 151.38273257378597, "std": 2.9036542239782834}, "K4": {"distribution": "normal", "mean": 366.90359206668177, "std": 2.3088256720219795}}, "compatibleConfigurations": ["K2", "K3", "K1", "K4"]}, "O9": {"estimatedTestTime": {"K2": {"distribution": "normal", "mean": 288.4161400968388, "std": 3.78020150005636}, "K1": {"distribution": "normal", "mean": 273.2008252803412, "std": 3.2994883773750208}}, "compatibleConfigurations": ["K2", "K1"]}, "O10": {"estimatedTestTime": {"K4": {"distribution": "normal", "mean": 370.9935862064979, "std": 3.7035051496304203}, "K3": {"distribution": "normal", "mean": 491.33595091049176, "std": 3.5091227812354537}, "K1": {"distribution": "normal", "mean": 311.25763877002186, "std": 4.9472009492883515}, "K2": {"distribution": "normal", "mean": 299.1845076506567, "std": 2.9227413159419973}}, "compatibleConfigurations": ["K4", "K3", "K1", "K2"]}}}, "products": {"count": 2, "items": {"P1": {"index": 0, "arrival": 0, "quantity": 2, "duedate": 819.0807742486458, "operations": ["O10", "O5", "O6", "O9", "O1", "O8", "O7"], "dependencies": [[2, 1], [4, 0], [5, 2], [5, 3], [6, 0], [6, 2]]}, "P2": {"index": 1, "arrival": 60.206645798156835, "quantity": 5, "duedate": 1184.3058241798058, "operations": ["O9", "O10", "O8", "O5", "O6", "O2", "O7", "O3"], "dependencies": [[2, 1], [4, 0], [5, 1], [5, 4], [6, 1], [7, 0], [7, 1], [7, 2], [7, 3], [7, 5]]}}}}