{"configurations": {"count": 5, "items": {"K1": {"index": 0, "setupTimes": [0, 16, 36, 39, 52]}, "K2": {"index": 1, "setupTimes": [13, 0, 47, 38, 36]}, "K3": {"index": 2, "setupTimes": [12, 5, 0, 39, 51]}, "K4": {"index": 3, "setupTimes": [4, 58, 59, 0, 10]}, "K5": {"index": 4, "setupTimes": [3, 59, 2, 42, 0]}}}, "testers": {"count": 3, "items": {"T1": {"supportedConfigurations": ["K4", "K3", "K5", "K1"]}, "T2": {"supportedConfigurations": ["K2", "K5", "K4", "K1"]}, "T3": {"supportedConfigurations": ["K1", "K2", "K3", "K4", "K5"]}}}, "operations": {"count": 17, "items": {"O1": {"estimatedTestTime": {"K3": {"distribution": "normal", "mean": 246.6164565379154, "std": 3.3525188795984495}, "K5": {"distribution": "normal", "mean": 480.97857477908394, "std": 4.542691105601193}, "K4": {"distribution": "normal", "mean": 223.81889242581983, "std": 3.0409238993533814}}, "compatibleConfigurations": ["K3", "K5", "K4"]}, "O2": {"estimatedTestTime": {"K2": {"distribution": "normal", "mean": 75.82321506091175, "std": 3.020003190952572}, "K5": {"distribution": "normal", "mean": 233.00669318982673, "std": 2.185972771585569}, "K1": {"distribution": "normal", "mean": 195.91753450590397, "std": 4.008196736649232}}, "compatibleConfigurations": ["K2", "K5", "K1"]}, "O3": {"estimatedTestTime": {"K2": {"distribution": "normal", "mean": 347.5579370450514, "std": 3.933582428854088}, "K5": {"distribution": "normal", "mean": 411.3982144614008, "std": 2.778096216936263}}, "compatibleConfigurations": ["K2", "K5"]}, "O4": {"estimatedTestTime": {"K5": {"distribution": "normal", "mean": 74.7896686446117, "std": 3.9516476301101546}, "K3": {"distribution": "normal", "mean": 430.659760471409, "std": 2.092546692309079}}, "compatibleConfigurations": ["K5", "K3"]}, "O5": {"estimatedTestTime": {"K1": {"distribution": "normal", "mean": 432.0196696041689, "std": 3.5975856212408086}, "K4": {"distribution": "normal", "mean": 308.07659349518804, "std": 2.8176366442939615}, "K2": {"distribution": "normal", "mean": 104.70495158516046, "std": 3.3147836768382524}, "K5": {"distribution": "normal", "mean": 336.54434992569077, "std": 3.524539861437659}}, "compatibleConfigurations": ["K1", "K4", "K2", "K5"]}, "O6": {"estimatedTestTime": {"K1": {"distribution": "normal", "mean": 152.1017457103575, "std": 3.7051850968635254}, "K5": {"distribution": "normal", "mean": 249.8239447020404, "std": 2.8815449628990866}, "K2": {"distribution": "normal", "mean": 480.6811048393942, "std": 2.527792676300494}, "K3": {"distribution": "normal", "mean": 129.6152173148866, "std": 4.363861291214206}}, "compatibleConfigurations": ["K1", "K5", "K2", "K3"]}, "O7": {"estimatedTestTime": {"K2": {"distribution": "normal", "mean": 237.47871170375345, "std": 4.314272909215738}, "K1": {"distribution": "normal", "mean": 315.68941193031407, "std": 4.914631637719257}, "K4": {"distribution": "normal", "mean": 111.56328256976275, "std": 3.6508245761518454}, "K3": {"distribution": "normal", "mean": 191.89175307575528, "std": 2.617926359912665}, "K5": {"distribution": "normal", "mean": 262.69260504229857, "std": 3.2620764435100607}}, "compatibleConfigurations": ["K2", "K1", "K4", "K3", "K5"]}, "O8": {"estimatedTestTime": {"K4": {"distribution": "normal", "mean": 100.17255220403575, "std": 4.524513602750012}, "K5": {"distribution": "normal", "mean": 397.9046811225074, "std": 3.7985840063042433}, "K1": {"distribution": "normal", "mean": 14.860491631236355, "std": 2.880035993719395}, "K3": {"distribution": "normal", "mean": 331.5883251064902, "std": 3.561056617071518}, "K2": {"distribution": "normal", "mean": 230.9989218214444, "std": 4.360749478806513}}, "compatibleConfigurations": ["K4", "K5", "K1", "K3", "K2"]}, "O9": {"estimatedTestTime": {"K3": {"distribution": "normal", "mean": 243.88413441911058, "std": 2.7588405457873053}, "K2": {"distribution": "normal", "mean": 395.77089018893633, "std": 4.965297069165265}, "K4": {"distribution": "normal", "mean": 148.08845181647143, "std": 4.96548952079562}, "K5": {"distribution": "normal", "mean": 71.30070126182437, "std": 3.481851043255929}}, "compatibleConfigurations": ["K3", "K2", "K4", "K5"]}, "O10": {"estimatedTestTime": {"K5": {"distribution": "normal", "mean": 118.20187037605392, "std": 3.0950492719642257}, "K3": {"distribution": "normal", "mean": 280.23222524881356, "std": 3.310588898955852}, "K4": {"distribution": "normal", "mean": 476.1229698570163, "std": 4.435659793167625}, "K1": {"distribution": "normal", "mean": 199.15849377602277, "std": 3.27579256676872}, "K2": {"distribution": "normal", "mean": 136.9648831173773, "std": 2.5358900352863483}}, "compatibleConfigurations": ["K5", "K3", "K4", "K1", "K2"]}, "O11": {"estimatedTestTime": {"K2": {"distribution": "normal", "mean": 417.53378211179216, "std": 2.0351046065947527}, "K5": {"distribution": "normal", "mean": 114.13958710939616, "std": 3.4140140816725486}, "K1": {"distribution": "normal", "mean": 88.11685146098338, "std": 4.782126871683387}}, "compatibleConfigurations": ["K2", "K5", "K1"]}, "O12": {"estimatedTestTime": {"K3": {"distribution": "normal", "mean": 131.70317877210888, "std": 3.17402639910757}, "K2": {"distribution": "normal", "mean": 319.3251515813729, "std": 2.76647359231384}, "K4": {"distribution": "normal", "mean": 445.4863135476412, "std": 3.8875000300778972}, "K1": {"distribution": "normal", "mean": 139.05923821911588, "std": 4.5993291730447305}}, "compatibleConfigurations": ["K3", "K2", "K4", "K1"]}, "O13": {"estimatedTestTime": {"K5": {"distribution": "normal", "mean": 17.021674804485347, "std": 4.4776053496515384}, "K4": {"distribution": "normal", "mean": 356.29266105146905, "std": 3.5469377699789972}, "K2": {"distribution": "normal", "mean": 487.2840495673032, "std": 2.5766317616367695}, "K3": {"distribution": "normal", "mean": 42.83839342082931, "std": 3.3642400172444242}, "K1": {"distribution": "normal", "mean": 438.71321248685393, "std": 3.8063628434471823}}, "compatibleConfigurations": ["K5", "K4", "K2", "K3", "K1"]}, "O14": {"estimatedTestTime": {"K3": {"distribution": "normal", "mean": 479.3620929908032, "std": 2.4063658362341607}, "K5": {"distribution": "normal", "mean": 455.34958042383596, "std": 2.6036409368869107}, "K2": {"distribution": "normal", "mean": 196.7542791191128, "std": 4.259210505402782}, "K1": {"distribution": "normal", "mean": 390.23489718342955, "std": 3.101136516587984}, "K4": {"distribution": "normal", "mean": 77.85305376229374, "std": 4.854462019403441}}, "compatibleConfigurations": ["K3", "K5", "K2", "K1", "K4"]}, "O15": {"estimatedTestTime": {"K4": {"distribution": "normal", "mean": 381.32723027184585, "std": 2.82704471558505}, "K2": {"distribution": "normal", "mean": 206.3149478018308, "std": 2.4166916057830545}, "K1": {"distribution": "normal", "mean": 424.59536875628373, "std": 4.69692816358916}}, "compatibleConfigurations": ["K4", "K2", "K1"]}, "O16": {"estimatedTestTime": {"K3": {"distribution": "normal", "mean": 390.28397277526693, "std": 2.612315684669442}, "K2": {"distribution": "normal", "mean": 12.416422503629002, "std": 2.911572015058106}, "K4": {"distribution": "normal", "mean": 289.08567250397687, "std": 4.204834735264871}}, "compatibleConfigurations": ["K3", "K2", "K4"]}, "O17": {"estimatedTestTime": {"K3": {"distribution": "normal", "mean": 78.87568542238438, "std": 3.909433804899383}, "K4": {"distribution": "normal", "mean": 106.2267599584605, "std": 4.285188879608345}}, "compatibleConfigurations": ["K3", "K4"]}}}, "products": {"count": 3, "items": {"P1": {"index": 0, "arrival": 0, "quantity": 5, "duedate": 1895.34356333818, "operations": ["O12", "O14", "O16", "O15", "O13", "O5", "O6"], "dependencies": [[1, 0], [2, 0], [3, 0], [4, 0], [4, 3], [5, 0], [5, 4], [6, 2], [6, 3], [6, 4]]}, "P2": {"index": 1, "arrival": 96.33619571892352, "quantity": 2, "duedate": 1534.1547096317079, "operations": ["O8", "O9", "O7", "O11", "O17", "O3", "O2", "O1", "O16", "O10", "O13"],