{"configurations": {"count": 5, "items": {"K1": {"index": 0, "setupTimes": [0, 40, 51, 10, 5]}, "K2": {"index": 1, "setupTimes": [37, 0, 6, 56, 38]}, "K3": {"index": 2, "setupTimes": [29, 55, 0, 45, 37]}, "K4": {"index": 3, "setupTimes": [5, 55, 8, 0, 20]}, "K5": {"index": 4, "setupTimes": [18, 46, 55, 8, 0]}}}, "testers": {"count": 2, "items": {"T1": {"supportedConfigurations": ["K2", "K4", "K5"]}, "T2": {"supportedConfigurations": ["K4", "K1", "K3"]}}}, "operations": {"count": 17, "items": {"O1": {"estimatedTestTime": {"K4": {"distribution": "normal", "mean": 245.06713803280815, "std": 3.207554455115193}, "K2": {"distribution": "normal", "mean": 412.6959419023242, "std": 2.725034258336159}, "K3": {"distribution": "normal", "mean": 269.51057860046916, "std": 3.982147957422614}, "K5": {"distribution": "normal", "mean": 124.80333214654526, "std": 2.995132915321195}}, "compatibleConfigurations": ["K4", "K2", "K3", "K5"]}, "O2": {"estimatedTestTime": {"K5": {"distribution": "normal", "mean": 194.90835080600098, "std": 3.9723318558591023}, "K4": {"distribution": "normal", "mean": 312.116352370988, "std": 3.9496873825136696}, "K2": {"distribution": "normal", "mean": 375.85374847533, "std": 3.3234172974831706}, "K3": {"distribution": "normal", "mean": 405.32426901254, "std": 4.500137367490892}}, "compatibleConfigurations": ["K5", "K4", "K2", "K3"]}, "O3": {"estimatedTestTime": {"K2": {"distribution": "normal", "mean": 478.57920114268336, "std": 3.1960423730733467}, "K1": {"distribution": "normal", "mean": 390.09871839246784, "std": 4.42734503357423}}, "compatibleConfigurations": ["K2", "K1"]}, "O4": {"estimatedTestTime": {"K3": {"distribution": "normal", "mean": 354.4118722004155, "std": 4.448999902234523}, "K2": {"distribution": "normal", "mean": 223.31156304003466, "std": 2.385902640719049}, "K5": {"distribution": "normal", "mean": 418.860733680663, "std": 4.078844286196723}}, "compatibleConfigurations": ["K3", "K2", "K5"]}, "O5": {"estimatedTestTime": {"K5": {"distribution": "normal", "mean": 211.2608308365605, "std": 3.4103290742473265}, "K3": {"distribution": "normal", "mean": 86.47735339318969, "std": 4.759608508634657}, "K1": {"distribution": "normal", "mean": 7.807778289380388, "std": 2.3649096770952367}, "K4": {"distribution": "normal", "mean": 104.93544667756983, "std": 3.66599559022472}, "K2": {"distribution": "normal", "mean": 409.98875727823315, "std": 4.216561610913151}}, "compatibleConfigurations": ["K5", "K3", "K1", "K4", "K2"]}, "O6": {"estimatedTestTime": {"K2": {"distribution": "normal", "mean": 268.4415251848303, "std": 4.090884216835708}, "K5": {"distribution": "normal", "mean": 258.84783313838335, "std": 4.557547818186218}, "K4": {"distribution": "normal", "mean": 56.77719806497006, "std": 4.613867555453811}, "K3": {"distribution": "normal", "mean": 2.4041846541983287, "std": 3.351222123793888}}, "compatibleConfigurations": ["K2", "K5", "K4", "K3"]}, "O7": {"estimatedTestTime": {"K5": {"distribution": "normal", "mean": 453.08906698544894, "std": 2.744359267870784}, "K4": {"distribution": "normal", "mean": 344.2700079169214, "std": 2.811330665321154}}, "compatibleConfigurations": ["K5", "K4"]}, "O8": {"estimatedTestTime": {"K5": {"distribution": "normal", "mean": 356.01977805096715, "std": 2.9578755784852433}, "K1": {"distribution": "normal", "mean": 109.66848600533501, "std": 4.81884736610721}}, "compatibleConfigurations": ["K5", "K1"]}, "O9": {"estimatedTestTime": {"K3": {"distribution": "normal", "mean": 459.9918750790199, "std": 2.104583777452654}, "K5": {"distribution": "normal", "mean": 332.5152137121285, "std": 4.168187510941523}, "K2": {"distribution": "normal", "mean": 425.6001003120929, "std": 3.203394777002873}, "K4": {"distribution": "normal", "mean": 117.42305465184005, "std": 3.4764065080789384}}, "compatibleConfigurations": ["K3", "K5", "K2", "K4"]}, "O10": {"estimatedTestTime": {"K1": {"distribution": "normal", "mean": 482.827383301617, "std": 4.466600629119716}, "K3": {"distribution": "normal", "mean": 152.92651476475822, "std": 3.890769441820909}, "K2": {"distribution": "normal", "mean": 34.575346671446596, "std": 4.253260800124432}}, "compatibleConfigurations": ["K1", "K3", "K2"]}, "O11": {"estimatedTestTime": {"K4": {"distribution": "normal", "mean": 426.8006252855381, "std": 4.033138369223479}, "K3": {"distribution": "normal", "mean": 321.093012167707, "std": 2.8238026951684505}, "K5": {"distribution": "normal", "mean": 123.3847827590987, "std": 4.454749268814164}, "K1": {"distribution": "normal", "mean": 45.92554753148941, "std": 3.988665985758548}}, "compatibleConfigurations": ["K4", "K3", "K5", "K1"]}, "O12": {"estimatedTestTime": {"K4": {"distribution": "normal", "mean": 64.88315480894569, "std": 2.566989314802375}, "K1": {"distribution": "normal", "mean": 2.5236164554467297, "std": 2.6959213098198447}, "K3": {"distribution": "normal", "mean": 423.7281215914541, "std": 3.7355991067762115}, "K2": {"distribution": "normal", "mean": 330.8779714704618, "std": 3.7933445428563233}}, "compatibleConfigurations": ["K4", "K1", "K3", "K2"]}, "O13": {"estimatedTestTime": {"K5": {"distribution": "normal", "mean": 96.96589834453178, "std": 3.345520936884987}, "K4": {"distribution": "normal", "mean": 137.68843965626786, "std": 4.492908746347359}, "K2": {"distribution": "normal", "mean": 263.6514781100957, "std": 4.523640467296099}, "K3": {"distribution": "normal", "mean": 38.53915614430015, "std": 4.1805550273219545}, "K1": {"distribution": "normal", "mean": 75.9584581589384, "std": 2.310434469037845}}, "compatibleConfigurations": ["K5", "K4", "K2", "K3", "K1"]}, "O14": {"estimatedTestTime": {"K2": {"distribution": "normal", "mean": 197.12901041132818, "std": 2.2640114384264574}, "K3": {"distribution": "normal", "mean": 374.7639609998654, "std": 4.328842603590756}}, "compatibleConfigurations": ["K2", "K3"]}, "O15": {"estimatedTestTime": {"K4": {"distribution": "normal", "mean": 417.0590349217377, "std": 4.343062368655515}, "K5": {"distribution": "normal", "mean": 67.55645358144778, "std": 4.693588054873041}}, "compatibleConfigurations": ["K4", "K5"]}, "O16": {"estimatedTestTime": {"K2": {"distribution": "normal", "mean": 264.57227513047224, "std": 3.621473025372692}, "K4": {"distribution": "normal", "mean": 80.69165473334861, "std": 4.81151900147904}}, "compatibleConfigurations": ["K2", "K4"]}, "O17": {"estimatedTestTime": {"K4": {"distribution": "normal", "mean": 244.05875961312753, "std": 3.5353275355661498}, "K1": {"distribution": "normal", "mean": 2.7237335832948792, "std": 3.555114470717225}, "K2": {"distribution": "normal", "mean": 180.9349948921107, "std": 2.8308660422260905}, "K3": {"distribution": "normal", "mean": 387.16581972705234, "std": 2.035971204959391}, "K5": {"distribution": "normal", "mean": 436.12897831510475, "std": 2.6997928271961724}}, "compatibleConfigurations": ["K4", "K1", "K2", "K3", "K5"]}}}, "products": {"count": 3, "items": {"P1": {"index": 0, "arrival": 0, "quantity": 4, "duedate": 1981.955553044177, "operations": ["O8", "O1", "O5", "O3", "O7", "O2", "O17"], "dependencies": [[2, 1], [4, 0], [4, 1], [5, 1], [5, 2], [6, 0], [6, 3], [6, 4], [6, 5]]}, "P2": {"index": 1, "arrival": 89.82087517983447, "quantity": 3, "duedate": 1744.4667701315352, "operations": ["O10", "O2", "O7", "O13", "O4", "O16", "O8"], "dependencies": [[1, 0], [4, 2], [4, 3], [4, 0], [5, 2], [5, 4], [6, 2], [6, 4], [6, 5]]}, "P3": {"index": 2, "arrival": 152.93546301946728, "quantity": 2, "duedate": 1096.8515474002722, "operations": ["O16", "O5", "O8", "O11", "O13", "O4"], "dependencies": [[2, 0], [2, 1], [3, 2], [4, 0], [5, 3]]}}}}