{"configurations": {"count": 5, "items": {"K1": {"index": 0, "setupTimes": [0, 2, 4, 5, 10]}, "K2": {"index": 1, "setupTimes": [3, 0, 2, 9, 2]}, "K3": {"index": 2, "setupTimes": [9, 1, 0, 4, 8]}, "K4": {"index": 3, "setupTimes": [0, 6, 6, 0, 1]}, "K5": {"index": 4, "setupTimes": [1, 10, 9, 7, 0]}}}, "testers": {"count": 5, "items": {"T1": {"supportedConfigurations": ["K4", "K5"]}, "T2": {"supportedConfigurations": ["K5", "K3"]}, "T3": {"supportedConfigurations": ["K5", "K1", "K2"]}, "T4": {"supportedConfigurations": ["K5", "K1"]}, "T5": {"supportedConfigurations": ["K1", "K5"]}}}, "operations": {"count": 20, "items": {"O1": {"estimatedTestTime": {"K4": {"distribution": "normal", "mean": 40.39804786887103, "std": 4.780823956333573}, "K1": {"distribution": "normal", "mean": 20.0431525523397, "std": 2.402230514857612}, "K5": {"distribution": "normal", "mean": 49.74294509267852, "std": 3.159213859291708}, "K3": {"distribution": "normal", "mean": 9.244356741631458, "std": 3.476373612298522}, "K2": {"distribution": "normal", "mean": 22.276722687229228, "std": 3.3346812363291782}}, "compatibleConfigurations": ["K4", "K1", "K5", "K3", "K2"]}, "O2": {"estimatedTestTime": {"K5": {"distribution": "normal", "mean": 11.227819916573516, "std": 3.8630300503685553}, "K4": {"distribution": "normal", "mean": 29.936226193723677, "std": 2.4065024456568853}, "K3": {"distribution": "normal", "mean": 28.242195809415108, "std": 4.2692168526790395}, "K1": {"distribution": "normal", "mean": 43.21829627100767, "std": 4.176948867664909}, "K2": {"distribution": "normal", "mean": 43.37351641270034, "std": 3.4325507718138315}}, "compatibleConfigurations": ["K5", "K4", "K3", "K1", "K2"]}, "O3": {"estimatedTestTime": {"K3": {"distribution": "normal", "mean": 49.28622782909337, "std": 4.7914841629193505}, "K1": {"distribution": "normal", "mean": 16.119200590045615, "std": 4.101440766390666}, "K5": {"distribution": "normal", "mean": 6.153279138319784, "std": 4.796602962663613}, "K4": {"distribution": "normal", "mean": 40.75895986454356, "std": 2.700004759970078}, "K2": {"distribution": "normal", "mean": 9.794242599866102, "std": 4.849973459079006}}, "compatibleConfigurations": ["K3", "K1", "K5", "K4", "K2"]}, "O4": {"estimatedTestTime": {"K5": {"distribution": "normal", "mean": 23.85750550217648, "std": 3.43037459186825}, "K3": {"distribution": "normal", "mean": 20.372598333987813, "std": 2.2809160703787947}, "K1": {"distribution": "normal", "mean": 15.281682716597953, "std": 2.3089189745902696}, "K2": {"distribution": "normal", "mean": 9.614932570994807, "std": 3.119205147758313}, "K4": {"distribution": "normal", "mean": 36.338830651956755, "std": 4.686280077678533}}, "compatibleConfigurations": ["K5", "K3", "K1", "K2", "K4"]}, "O5": {"estimatedTestTime": {"K1": {"distribution": "normal", "mean": 27.56979612499194, "std": 2.7780986724639263}, "K4": {"distribution": "normal", "mean": 32.807766004240634, "std": 2.6590239069334345}, "K2": {"distribution": "normal", "mean": 4.4628591213220865, "std": 4.865454875186601}, "K3": {"distribution": "normal", "mean": 10.08229201293042, "std": 3.1198256746273643}, "K5": {"distribution": "normal", "mean": 22.224005885700883, "std": 2.214771727066366}}, "compatibleConfigurations": ["K1", "K4", "K2", "K3", "K5"]}, "O6": {"estimatedTestTime": {"K1": {"distribution": "normal", "mean": 32.82917232385465, "std": 3.7204629412417893}, "K2": {"distribution": "normal", "mean": 21.78217535365057, "std": 2.579317461617382}, "K4": {"distribution": "normal", "mean": 16.090128761042074, "std": 2.45935464741391}, "K5": {"distribution": "normal", "mean": 17.83196962283961, "std": 2.199103935396278}, "K3": {"distribution": "normal", "mean": 38.91584121926008, "std": 4.506587104455065}}, "compatibleConfigurations": ["K1", "K2", "K4", "K5", "K3"]}, "O7": {"estimatedTestTime": {"K3": {"distribution": "normal", "mean": 48.46239290209783, "std": 4.795771761384403}, "K2": {"distribution": "normal", "mean": 42.06705949466876, "std": 2.5082384489986826}, "K5": {"distribution": "normal", "mean": 49.2184674395873, "std": 3.0229734640077064}, "K1": {"distribution": "normal", "mean": 30.67335646108644, "std": 4.603249083480927}, "K4": {"distribution": "normal", "mean": 11.806626536196262, "std": 3.8960851402904026}}, "compatibleConfigurations": ["K3", "K2", "K5", "K1", "K4"]}, "O8": {"estimatedTestTime": {"K1": {"distribution": "normal", "mean": 15.483619155530883, "std": 2.275666046744855}, "K4": {"distribution": "normal", "mean": 33.18903656689234, "std": 4.447574887381794}, "K3": {"distribution": "normal", "mean": 48.06205078081223, "std": 3.92217337544394}, "K5": {"distribution": "normal", "mean": 46.225054187823886, "std": 3.866056707462138}, "K2": {"distribution": "normal", "mean": 12.492084906615265, "std": 3.4957789407041746}}, "compatibleConfigurations": ["K1", "K4", "K3", "K5", "K2"]}, "O9": {"estimatedTestTime": {"K3": {"distribution": "normal", "mean": 4.932593421643906, "std": 2.8183760816173886}, "K1": {"distribution": "normal", "mean": 2.3550337620741626, "std": 3.869822058704539}, "K4": {"distribution": "normal", "mean": 4.651948309013662, "std": 2.9769291882867317}, "K2": {"distribution": "normal", "mean": 36.18290500325091, "std": 4.659953763427408}, "K5": {"distribution": "normal", "mean": 12.127538514677227, "std": 3.996545004086648}}, "compatibleConfigurations": ["K3", "K1", "K4", "K2", "K5"]}, "O10": {"estimatedTestTime": {"K3": {"distribution": "normal", "mean": 44.07019381912161, "std": 4.930269170669034}, "K5": {"distribution": "normal", "mean": 15.11389719674435, "std": 4.249670347313895}, "K4": {"distribution": "normal", "mean": 6.12354484355475, "std": 4.077089242516143}, "K2": {"distribution": "normal", "mean": 17.092667190271094, "std": 4.119726432447511}, "K1": {"distribution": "normal", "mean": 5.227400486589113, "std": 2.628548629890353}}, "compatibleConfigurations": ["K3", "K5", "K4", "K2", "K1"]}, "O11": {"estimatedTestTime": {"K5": {"distribution": "normal", "mean": 43.356813062974, "std": 3.341038264256061}, "K2": {"distribution": "normal", "mean": 17.703090141268063, "std": 3.5309285322051815}, "K1": {"distribution": "normal", "mean": 47.36443965903537, "std": 4.325649881117521}, "K3": {"distribution": "normal", "mean": 19.865263797341907, "std": 3.372193365679609}, "K4": {"distribution": "normal", "mean": 19.638283082982483, "std": 2.8115048276560084}}, "compatibleConfigurations": ["K5", "K2", "K1", "K3", "K4"]}, "O12": {"estimatedTestTime": {"K1": {"distribution": "normal", "mean": 18.26207232630196, "std": 4.158389318576351}, "K4": {"distribution": "normal", "mean": 48.495139896806116, "std": 3.0427916344472536}, "K3": {"distribution": "normal", "mean": 20.35722180614984, "std": 2.558575241268631}, "K2": {"distribution": "normal", "mean": 39.601315385374626, "std": 4.061932407726144}, "K5": {"distribution": "normal", "mean": 46.66182176194906, "std": 3.028062234564917}}, "compatibleConfigurations": ["K1", "K4", "K3", "K2", "K5"]}, "O13": {"estimatedTestTime": {"K5": {"distribution": "normal", "mean": 5.920777674789317, "std": 3.9730065227289186}, "K3": {"distribution": "normal", "mean": 36.26303177182617, "std": 2.4592776891723744}, "K4": {"distribution": "normal", "mean": 11.840801223818794, "std": 4.109026643294992}, "K2": {"distribution": "normal", "mean": 12.58860710075286, "std": 2.1296183846706978}, "K1": {"distribution": "normal", "mean": 35.45537174392312, "std": 3.08615026867985}}, "compatibleConfigurations": ["K5", "K3", "K4", "K2", "K1"]}, "O14": {"estimatedTestTime": {"K1": {"distribution": "normal", "mean": 30.43741205150475, "std": 3.3252332091914343}, "K2": {"distribution": "normal", "mean": 14.09429994918675, "std": 2.6181951295733055}, "K5": {"distribution": "normal", "mean": 49.86482932634863, "std": 3.2329008633448804}, "K4": {"distribution": "normal", "mean": 29.63709109834911, "std": 2.38346544608295}, "K3": {"distribution": "normal", "mean": 11.332283165168327, "std": 2.424477299289782}},