{"configurations": {"count": 4, "items": {"K1": {"index": 0, "setupTimes": [0, 9, 3, 10]}, "K2": {"index": 1, "setupTimes": [6, 0, 0, 2]}, "K3": {"index": 2, "setupTimes": [0, 6, 0, 0]}, "K4": {"index": 3, "setupTimes": [4, 2, 8, 0]}}}, "testers": {"count": 5, "items": {"T1": {"supportedConfigurations": ["K1", "K2"]}, "T2": {"supportedConfigurations": ["K4", "K3"]}, "T3": {"supportedConfigurations": ["K1", "K2", "K4"]}, "T4": {"supportedConfigurations": ["K4", "K2"]}, "T5": {"supportedConfigurations": ["K2", "K4"]}}}, "operations": {"count": 10, "items": {"O1": {"estimatedTestTime": {"K1": {"distribution": "normal", "mean": 3.144231876775729, "std": 2.8458467295517487}, "K3": {"distribution": "normal", "mean": 39.226101154348825, "std": 3.9419892248983213}, "K4": {"distribution": "normal", "mean": 4.934406192615633, "std": 4.69270808350334}}, "compatibleConfigurations": ["K1", "K3", "K4"]}, "O2": {"estimatedTestTime": {"K3": {"distribution": "normal", "mean": 29.446564325818088, "std": 2.3595722937857664}, "K1": {"distribution": "normal", "mean": 42.759879567808156, "std": 2.0956913567294833}}, "compatibleConfigurations": ["K3", "K1"]}, "O3": {"estimatedTestTime": {"K4": {"distribution": "normal", "mean": 20.796643751044755, "std": 4.063738646282031}, "K2": {"distribution": "normal", "mean": 15.57839479926125, "std": 3.364591725125429}}, "compatibleConfigurations": ["K4", "K2"]}, "O4": {"estimatedTestTime": {"K1": {"distribution": "normal", "mean": 18.247440459263398, "std": 3.2647004446772043}, "K3": {"distribution": "normal", "mean": 20.433816718608995, "std": 3.4024611064560353}, "K2": {"distribution": "normal", "mean": 26.077558801465962, "std": 3.0192363196913514}}, "compatibleConfigurations": ["K1", "K3", "K2"]}, "O5": {"estimatedTestTime": {"K2": {"distribution": "normal", "mean": 10.18367990202009, "std": 3.869898680506247}, "K3": {"distribution": "normal", "mean": 21.837019367732722, "std": 2.4076359551222417}, "K4": {"distribution": "normal", "mean": 47.7784512790154, "std": 3.82437364799536}}, "compatibleConfigurations": ["K2", "K3", "K4"]}, "O6": {"estimatedTestTime": {"K1": {"distribution": "normal", "mean": 24.006153310023688, "std": 2.9445886889969017}, "K2": {"distribution": "normal", "mean": 24.520088543546375, "std": 4.3163401919578135}}, "compatibleConfigurations": ["K1", "K2"]}, "O7": {"estimatedTestTime": {"K3": {"distribution": "normal", "mean": 16.296725977111713, "std": 2.928764063075524}, "K2": {"distribution": "normal", "mean": 20.085202685449094, "std": 3.199003822046369}}, "compatibleConfigurations": ["K3", "K2"]}, "O8": {"estimatedTestTime": {"K3": {"distribution": "normal", "mean": 37.26368842200446, "std": 4.204463170059941}, "K1": {"distribution": "normal", "mean": 15.307403008872928, "std": 4.9439668728257455}}, "compatibleConfigurations": ["K3", "K1"]}, "O9": {"estimatedTestTime": {"K3": {"distribution": "normal", "mean": 14.813567586565371, "std": 4.685108993706585}, "K1": {"distribution": "normal", "mean": 21.090707322306475, "std": 4.781430682435254}}, "compatibleConfigurations": ["K3", "K1"]}, "O10": {"estimatedTestTime": {"K2": {"distribution": "normal", "mean": 12.511276034441105, "std": 4.221644162129051}, "K4": {"distribution": "normal", "mean": 18.994219937177107, "std": 4.898573542878538}}, "compatibleConfigurations": ["K2", "K4"]}}}, "products": {"count": 2, "items": {"P1": {"index": 0, "arrival": 0, "quantity": 2, "duedate": 67.90402718596519, "operations": ["O5", "O3", "O10", "O6"], "dependencies": [[2, 0], [3, 1], [3, 2]]}, "P2": {"index": 1, "arrival": 15.61112657616836, "quantity": 5, "duedate": 98.62754960837967, "operations": ["O2", "O8", "O6", "O5", "O4"], "dependencies": [[1, 0], [2, 0], [4, 1], [4, 3]]}}}}