{"configurations": {"count": 5, "items": {"K1": {"index": 0, "setupTimes": [0, 19, 17, 26, 2]}, "K2": {"index": 1, "setupTimes": [42, 0, 2, 47, 54]}, "K3": {"index": 2, "setupTimes": [23, 32, 0, 40, 14]}, "K4": {"index": 3, "setupTimes": [25, 6, 40, 0, 13]}, "K5": {"index": 4, "setupTimes": [48, 57, 18, 11, 0]}}}, "testers": {"count": 3, "items": {"T1": {"supportedConfigurations": ["K3", "K4", "K1", "K5"]}, "T2": {"supportedConfigurations": ["K2", "K3", "K5", "K1", "K4"]}, "T3": {"supportedConfigurations": ["K3", "K4"]}}}, "operations": {"count": 13, "items": {"O1": {"estimatedTestTime": {"K2": {"distribution": "normal", "mean": 323.58060975594555, "std": 2.4718562591216533}, "K1": {"distribution": "normal", "mean": 428.5493785618551, "std": 3.096318960151404}, "K5": {"distribution": "normal", "mean": 113.88194999168493, "std": 2.0420175236371625}}, "compatibleConfigurations": ["K2", "K1", "K5"]}, "O2": {"estimatedTestTime": {"K2": {"distribution": "normal", "mean": 293.57432848323594, "std": 4.870130669809534}, "K4": {"distribution": "normal", "mean": 162.87214019466225, "std": 3.6729303273795932}, "K3": {"distribution": "normal", "mean": 162.98772379189728, "std": 2.9295965878251726}}, "compatibleConfigurations": ["K2", "K4", "K3"]}, "O3": {"estimatedTestTime": {"K1": {"distribution": "normal", "mean": 412.69937689170746, "std": 3.503877026968949}, "K4": {"distribution": "normal", "mean": 291.21852535605126, "std": 2.7640802327759335}}, "compatibleConfigurations": ["K1", "K4"]}, "O4": {"estimatedTestTime": {"K4": {"distribution": "normal", "mean": 192.13185142253752, "std": 2.506175440963883}, "K5": {"distribution": "normal", "mean": 458.807155432669, "std": 3.8903074880628763}, "K3": {"distribution": "normal", "mean": 54.5394022152328, "std": 4.312924940432759}}, "compatibleConfigurations": ["K4", "K5", "K3"]}, "O5": {"estimatedTestTime": {"K1": {"distribution": "normal", "mean": 404.3584810897625, "std": 2.21703754844432}, "K5": {"distribution": "normal", "mean": 261.64707396907033, "std": 3.140648320247771}}, "compatibleConfigurations": ["K1", "K5"]}, "O6": {"estimatedTestTime": {"K4": {"distribution": "normal", "mean": 346.7498183581078, "std": 2.0917895388570136}, "K1": {"distribution": "normal", "mean": 210.5646419643426, "std": 2.159073321092258}, "K2": {"distribution": "normal", "mean": 324.49449708131056, "std": 3.9714243455733875}, "K3": {"distribution": "normal", "mean": 206.7873738579596, "std": 3.7481661358090097}, "K5": {"distribution": "normal", "mean": 4.030847114601533, "std": 2.208029965892464}}, "compatibleConfigurations": ["K4", "K1", "K2", "K3", "K5"]}, "O7": {"estimatedTestTime": {"K5": {"distribution": "normal", "mean": 480.13871032307486, "std": 4.742375900159115}, "K1": {"distribution": "normal", "mean": 377.1545012009214, "std": 4.345689747412827}, "K2": {"distribution": "normal", "mean": 319.21893265655456, "std": 2.9604403692203407}}, "compatibleConfigurations": ["K5", "K1", "K2"]}, "O8": {"estimatedTestTime": {"K4": {"distribution": "normal", "mean": 25.825677399618442, "std": 4.260144696134538}, "K1": {"distribution": "normal", "mean": 59.81506546311394, "std": 4.216817957784768}, "K5": {"distribution": "normal", "mean": 479.6823087073982, "std": 2.7716115244783155}}, "compatibleConfigurations": ["K4", "K1", "K5"]}, "O9": {"estimatedTestTime": {"K4": {"distribution": "normal", "mean": 84.19690282100775, "std": 4.210128014797473}, "K5": {"distribution": "normal", "mean": 157.03887201411362, "std": 2.354543290021169}, "K3": {"distribution": "normal", "mean": 468.87043697655884, "std": 4.448194943564971}}, "compatibleConfigurations": ["K4", "K5", "K3"]}, "O10": {"estimatedTestTime": {"K1": {"distribution": "normal", "mean": 344.79748599798415, "std": 4.3394729681317}, "K2": {"distribution": "normal", "mean": 427.6035376912375, "std": 2.0667785420569427}}, "compatibleConfigurations": ["K1", "K2"]}, "O11": {"estimatedTestTime": {"K2": {"distribution": "normal", "mean": 390.6991615594201, "std": 4.495965832011047}, "K4": {"distribution": "normal", "mean": 230.76444066636162, "std": 2.8682920527668316}}, "compatibleConfigurations": ["K2", "K4"]}, "O12": {"estimatedTestTime": {"K1": {"distribution": "normal", "mean": 454.07963896109874, "std": 4.61415019608896}, "K4": {"distribution": "normal", "mean": 112.48757854954042, "std": 2.833849365463614}, "K5": {"distribution": "normal", "mean": 234.53189705679168, "std": 3.4619917883820976}, "K2": {"distribution": "normal", "mean": 31.820490642294136, "std": 4.956851243773526}}, "compatibleConfigurations": ["K1", "K4", "K5", "K2"]}, "O13": {"estimatedTestTime": {"K2": {"distribution": "normal", "mean": 374.0520061807588, "std": 4.799743600888553}, "K5": {"distribution": "normal", "mean": 418.0735375267842, "std": 2.6421415929076346}, "K4": {"distribution": "normal", "mean": 461.0639139007667, "std": 2.704089060775063}, "K1": {"distribution": "normal", "mean": 8.59619363679702, "std": 2.384657335862598}, "K3": {"distribution": "normal", "mean": 444.85704697449927, "std": 3.7736296422339337}}, "compatibleConfigurations": ["K2", "K5", "K4", "K1", "K3"]}}}, "products": {"count": 4, "items": {"P1": {"index": 0, "arrival": 0, "quantity": 4, "duedate": 1517.8765478601445, "operations": ["O4", "O7", "O11", "O12", "O5", "O6", "O8", "O1", "O3", "O13"], "dependencies": [[2, 0], [3, 1], [4, 0], [5, 0], [6, 1], [6, 2], [6, 4], [7, 0], [7, 2], [8, 2], [8, 3], [9, 1], [9, 7]]}, "P2": {"index": 1, "arrival": 71.51868497597712, "quantity": 2, "duedate": 1373.3067518564276, "operations": ["O11", "O3", "O8", "O6", "O2", "O4", "O7", "O13", "O10", "O9"], "dependencies": [[1, 0], [2, 0], [3, 2], [4, 2], [6, 3], [7, 0], [7, 3], [8, 1], [8, 2], [9, 2], [9, 3], [9, 5], [9, 6]]}, "P3": {"index": 2, "arrival": 130.92561719183087, "quantity": 3, "duedate": 1394.9587746387365, "operations": ["O6", "O3", "O1", "O10", "O13", "O11"], "dependencies": [[2, 1], [3, 2], [4, 0], [4, 1], [5, 2], [5, 3]]}, "P4": {"index": 3, "arrival": 212.7570140657915, "quantity": 5, "duedate": 3067.680697545128, "operations": ["O1", "O10", "O11", "O2", "O6", "O8", "O3", "O9", "O7", "O5", "O13"], "dependencies": [[2, 1], [3, 0], [3, 1], [4, 1], [4, 2], [4, 3], [5, 0], [5, 3], [5, 4], [6, 1], [6, 2], [6, 3], [6, 4], [6, 5], [7, 1], [7, 3], [8, 1], [9, 0], [9, 2], [9, 3], [9, 4], [9, 5], [9, 6], [9, 8], [10, 6]]}}}}