{"configurations": {"count": 3, "items": {"K1": {"index": 0, "setupTimes": [0, 0, 4]}, "K2": {"index": 1, "setupTimes": [5, 0, 8]}, "K3": {"index": 2, "setupTimes": [2, 5, 0]}}}, "testers": {"count": 4, "items": {"T1": {"supportedConfigurations": ["K1", "K3", "K2"]}, "T2": {"supportedConfigurations": ["K2", "K1"]}, "T3": {"supportedConfigurations": ["K1", "K2"]}, "T4": {"supportedConfigurations": ["K3", "K1"]}}}, "operations": {"count": 19, "items": {"O1": {"estimatedTestTime": {"K2": {"distribution": "normal", "mean": 13.651352918524276, "std": 3.91463866908075}, "K3": {"distribution": "normal", "mean": 24.974849074869436, "std": 3.3416442673404534}, "K1": {"distribution": "normal", "mean": 4.581818011239694, "std": 4.7191267965691654}}, "compatibleConfigurations": ["K2", "K3", "K1"]}, "O2": {"estimatedTestTime": {"K3": {"distribution": "normal", "mean": 40.78976592028507, "std": 2.6759625032487566}, "K1": {"distribution": "normal", "mean": 48.72578023644313, "std": 2.7102296106348183}}, "compatibleConfigurations": ["K3", "K1"]}, "O3": {"estimatedTestTime": {"K3": {"distribution": "normal", "mean": 10.73149152725093, "std": 4.789499238495181}, "K2": {"distribution": "normal", "mean": 49.22476823396287, "std": 4.144009925008141}, "K1": {"distribution": "normal", "mean": 26.008000629195042, "std": 4.503581369062989}}, "compatibleConfigurations": ["K3", "K2", "K1"]}, "O4": {"estimatedTestTime": {"K2": {"distribution": "normal", "mean": 42.80422006605108, "std": 3.631157179641888}, "K1": {"distribution": "normal", "mean": 19.451178879717236, "std": 4.167141100457315}, "K3": {"distribution": "normal", "mean": 5.715503928604631, "std": 3.8259316222678352}}, "compatibleConfigurations": ["K2", "K1", "K3"]}, "O5": {"estimatedTestTime": {"K2": {"distribution": "normal", "mean": 11.001003422234332, "std": 4.099069734623671}, "K3": {"distribution": "normal", "mean": 45.21972853460551, "std": 3.8228334762581393}, "K1": {"distribution": "normal", "mean": 12.815611431026754, "std": 2.3397245718344397}}, "compatibleConfigurations": ["K2", "K3", "K1"]}, "O6": {"estimatedTestTime": {"K1": {"distribution": "normal", "mean": 36.240062555956385, "std": 3.567160411644834}, "K3": {"distribution": "normal", "mean": 4.882909935877276, "std": 2.7130604730740036}}, "compatibleConfigurations": ["K1", "K3"]}, "O7": {"estimatedTestTime": {"K2": {"distribution": "normal", "mean": 37.49087202869315, "std": 2.118257206322288}, "K3": {"distribution": "normal", "mean": 44.113718371181676, "std": 2.0871232179110835}}, "compatibleConfigurations": ["K2", "K3"]}, "O8": {"estimatedTestTime": {"K3": {"distribution": "normal", "mean": 44.73413892123092, "std": 4.441167000265836}, "K1": {"distribution": "normal", "mean": 41.06085777501606, "std": 2.109507513695955}, "K2": {"distribution": "normal", "mean": 10.307351195928733, "std": 3.800359594935656}}, "compatibleConfigurations": ["K3", "K1", "K2"]}, "O9": {"estimatedTestTime": {"K2": {"distribution": "normal", "mean": 18.727576817646067, "std": 4.348258281635665}, "K1": {"distribution": "normal", "mean": 49.001342302381744, "std": 2.0244928865406187}, "K3": {"distribution": "normal", "mean": 48.94452027307995, "std": 4.276723210997053}}, "compatibleConfigurations": ["K2", "K1", "K3"]}, "O10": {"estimatedTestTime": {"K2": {"distribution": "normal", "mean": 14.450625772352092, "std": 3.033223634447567}, "K1": {"distribution": "normal", "mean": 35.49811195278281, "std": 4.089533320537514}}, "compatibleConfigurations": ["K2", "K1"]}, "O11": {"estimatedTestTime": {"K1": {"distribution": "normal", "mean": 44.84105838384632, "std": 4.918918606444901}, "K2": {"distribution": "normal", "mean": 46.32547752635478, "std": 2.5988379997861815}, "K3": {"distribution": "normal", "mean": 14.7180150649265, "std": 4.975473757543364}}, "compatibleConfigurations": ["K1", "K2", "K3"]}, "O12": {"estimatedTestTime": {"K2": {"distribution": "normal", "mean": 6.695054670980488, "std": 4.800500331956066}, "K3": {"distribution": "normal", "mean": 14.711842528914673, "std": 2.659094606748961}, "K1": {"distribution": "normal", "mean": 7.119277152322361, "std": 2.532017846511784}}, "compatibleConfigurations": ["K2", "K3", "K1"]}, "O13": {"estimatedTestTime": {"K2": {"distribution": "normal", "mean": 26.97144904301971, "std": 2.072401549716674}, "K1": {"distribution": "normal", "mean": 16.459944476537736, "std": 2.779981393556731}, "K3": {"distribution": "normal", "mean": 44.917323473972644, "std": 4.735485688045571}}, "compatibleConfigurations": ["K2", "K1", "K3"]}, "O14": {"estimatedTestTime": {"K3": {"distribution": "normal", "mean": 3.5765936461345724, "std": 2.662884501851246}, "K2": {"distribution": "normal", "mean": 14.81414558109934, "std": 3.544634376272511}, "K1": {"distribution": "normal", "mean": 24.98843468423132, "std": 4.6860912395941465}}, "compatibleConfigurations": ["K3", "K2", "K1"]}, "O15": {"estimatedTestTime": {"K2": {"distribution": "normal", "mean": 26.106078805157804, "std": 3.0102721672245742}, "K3": {"distribution": "normal", "mean": 37.16998856909783, "std": 4.2723455161822415}}, "compatibleConfigurations": ["K2", "K3"]}, "O16": {"estimatedTestTime": {"K1": {"distribution": "normal", "mean": 3.2045149463237053, "std": 4.133710820379492}, "K2": {"distribution": "normal", "mean": 9.494989459231522, "std": 3.610565221562693}}, "compatibleConfigurations": ["K1", "K2"]}, "O17": {"estimatedTestTime": {"K3": {"distribution": "normal", "mean": 46.24637437869727, "std": 3.4813771417722643}, "K1": {"distribution": "normal", "mean": 43.80001567018675, "std": 2.686082190139394}, "K2": {"distribution": "normal", "mean": 40.800926861271876, "std": 4.507426962352152}}, "compatibleConfigurations": ["K3", "K1", "K2"]}, "O18": {"estimatedTestTime": {"K3": {"distribution": "normal", "mean": 18.72525667176883, "std": 2.4010141776588845}, "K1": {"distribution": "normal", "mean": 12.191092350734255, "std": 2.5633885636452547}}, "compatibleConfigurations": ["K3", "K1"]}, "O19": {"estimatedTestTime": {"K1": {"distribution": "normal", "mean": 37.89048103211572, "std": 3.349534522409182}, "K3": {"distribution": "normal", "mean": 46.54329584305363, "std": 2.3310609979134997}}, "compatibleConfigurations": ["K1", "K3"]}}}, "products": {"count": 2, "items": {"P1": {"index": 0, "arrival": 0, "quantity": 5, "duedate": 94.50881856710473, "operations": ["O4", "O1", "O9", "O14", "O3"], "dependencies": [[2, 0], [2, 1], [3, 2], [4, 0]]}, "P2": {"index": 1, "arrival": 26.13919623376122, "quantity": 2, "duedate": 105.102471974739, "operations": ["O19", "O15", "O3", "O7", "O2"], "dependencies": [[2, 0], [2, 1], [3, 0], [4, 0]]}}}}