{"configurations": {"count": 5, "items": {"K1": {"index": 0, "setupTimes": [0, 45, 40, 40, 40]}, "K2": {"index": 1, "setupTimes": [31, 0, 15, 27, 40]}, "K3": {"index": 2, "setupTimes": [44, 2, 0, 22, 28]}, "K4": {"index": 3, "setupTimes": [59, 57, 39, 0, 36]}, "K5": {"index": 4, "setupTimes": [50, 41, 59, 55, 0]}}}, "testers": {"count": 2, "items": {"T1": {"supportedConfigurations": ["K2", "K5", "K4"]}, "T2": {"supportedConfigurations": ["K2", "K1", "K3", "K5"]}}}, "operations": {"count": 10, "items": {"O1": {"estimatedTestTime": {"K5": {"distribution": "normal", "mean": 494.1983595397527, "std": 2.222158980085146}, "K2": {"distribution": "normal", "mean": 89.90481521322151, "std": 3.343007250340929}}, "compatibleConfigurations": ["K5", "K2"]}, "O2": {"estimatedTestTime": {"K2": {"distribution": "normal", "mean": 295.51954935315484, "std": 4.445263318951044}, "K1": {"distribution": "normal", "mean": 329.51349979041254, "std": 3.941292818481504}}, "compatibleConfigurations": ["K2", "K1"]}, "O3": {"estimatedTestTime": {"K4": {"distribution": "normal", "mean": 452.8055597148248, "std": 4.317242062577983}, "K3": {"distribution": "normal", "mean": 281.8844024637553, "std": 2.3449659288991085}, "K5": {"distribution": "normal", "mean": 341.6338398491701, "std": 3.4293712208489433}}, "compatibleConfigurations": ["K4", "K3", "K5"]}, "O4": {"estimatedTestTime": {"K1": {"distribution": "normal", "mean": 111.640637036809, "std": 3.6542129010903928}, "K2": {"distribution": "normal", "mean": 230.14648652247448, "std": 2.56614197593034}, "K3": {"distribution": "normal", "mean": 165.75301714571285, "std": 3.6693822496562642}, "K5": {"distribution": "normal", "mean": 259.7023876795492, "std": 4.976976531858947}}, "compatibleConfigurations": ["K1", "K2", "K3", "K5"]}, "O5": {"estimatedTestTime": {"K5": {"distribution": "normal", "mean": 355.78762248616704, "std": 3.5797101842232757}, "K2": {"distribution": "normal", "mean": 98.91247242678398, "std": 2.5124118288267034}}, "compatibleConfigurations": ["K5", "K2"]}, "O6": {"estimatedTestTime": {"K4": {"distribution": "normal", "mean": 182.9666321012707, "std": 3.2560266100323836}, "K2": {"distribution": "normal", "mean": 225.4324813720695, "std": 3.771552030622555}}, "compatibleConfigurations": ["K4", "K2"]}, "O7": {"estimatedTestTime": {"K4": {"distribution": "normal", "mean": 43.146299890200666, "std": 2.099503222332809}, "K2": {"distribution": "normal", "mean": 368.5738619769668, "std": 2.921170555242708}}, "compatibleConfigurations": ["K4", "K2"]}, "O8": {"estimatedTestTime": {"K4": {"distribution": "normal", "mean": 148.26300931799756, "std": 4.966980898139822}, "K1": {"distribution": "normal", "mean": 234.4281388701979, "std": 4.94481197081047}, "K3": {"distribution": "normal", "mean": 406.7636332619971, "std": 3.2269940101664925}, "K5": {"distribution": "normal", "mean": 390.9536083511757, "std": 4.687985262109274}, "K2": {"distribution": "normal", "mean": 239.05882889531583, "std": 4.214644423859879}}, "compatibleConfigurations": ["K4", "K1", "K3", "K5", "K2"]}, "O9": {"estimatedTestTime": {"K2": {"distribution": "normal", "mean": 336.7360127342313, "std": 2.6736930315163563}, "K4": {"distribution": "normal", "mean": 8.768732651186845, "std": 3.553165316932113}, "K5": {"distribution": "normal", "mean": 444.581144530013, "std": 2.0857130531030865}}, "compatibleConfigurations": ["K2", "K4", "K5"]}, "O10": {"estimatedTestTime": {"K3": {"distribution": "normal", "mean": 235.4148507132688, "std": 4.583479530793294}, "K4": {"distribution": "normal", "mean": 104.53332537385026, "std": 4.686986659271559}, "K5": {"distribution": "normal", "mean": 192.1590938651859, "std": 3.062950252749342}, "K2": {"distribution": "normal", "mean": 238.65686953858133, "std": 2.306704639617555}}, "compatibleConfigurations": ["K3", "K4", "K5", "K2"]}}}, "products": {"count": 6, "items": {"P1": {"index": 0, "arrival": 0, "quantity": 4, "duedate": 1815.289409308162, "operations": ["O4", "O10", "O7", "O2", "O6", "O8", "O5"], "dependencies": [[2, 1], [4, 2], [5, 3], [5, 4], [5, 0], [6, 2]]}, "P2": {"index": 1, "arrival": 59.2531066043043, "quantity": 4, "duedate": 2172.157623697787, "operations": ["O3", "O5", "O1", "O6", "O9", "O8", "O2", "O7"], "dependencies": [[2, 1], [3, 0], [3, 1], [4, 1], [4, 3], [5, 0], [5, 3], [6, 0], [7, 2], [7, 5]]}, "P3": {"index": 2, "arrival": 136.95156089911646, "quantity": 5, "duedate": 2588.279329136679, "operations": ["O2", "O1", "O8", "O5", "O7", "O4"], "dependencies": [[2, 1], [4, 2], [4, 3], [5, 0], [5, 4]]}, "P4": {"index": 3, "arrival": 187.14050006087643, "quantity": 3, "duedate": 1853.3150287676017, "operations": ["O9", "O10", "O1", "O5", "O8", "O7", "O3", "O4", "O2", "O6"], "dependencies": [[1, 0], [3, 0], [4, 0], [4, 2], [5, 1], [5, 2], [5, 3], [6, 0], [6, 1], [6, 3], [7, 1], [7, 2], [7, 5], [8, 0], [8, 4], [8, 5], [9, 4], [9, 7]]}, "P5": {"index": 4, "arrival": 265.83513934263027, "quantity": 4, "duedate": 1766.7231900785134, "operations": ["O1", "O4", "O8", "O3", "O7"], "dependencies": [[2, 1], [3, 1], [4, 0], [4, 3]]}, "P6": {"index": 5, "arrival": 323.00870402010605, "quantity": 2, "duedate": 1063.243041593853, "operations": ["O9", "O10", "O4", "O2", "O5"], "dependencies": [[2, 1], [2, 0], [3, 2], [4, 0]]}}}}