{"configurations": {"count": 5, "items": {"K1": {"index": 0, "setupTimes": [0, 2, 0, 6, 4]}, "K2": {"index": 1, "setupTimes": [0, 0, 4, 7, 5]}, "K3": {"index": 2, "setupTimes": [9, 7, 0, 2, 1]}, "K4": {"index": 3, "setupTimes": [8, 6, 7, 0, 4]}, "K5": {"index": 4, "setupTimes": [8, 2, 10, 4, 0]}}}, "testers": {"count": 5, "items": {"T1": {"supportedConfigurations": ["K3", "K4"]}, "T2": {"supportedConfigurations": ["K1", "K2"]}, "T3": {"supportedConfigurations": ["K1", "K5"]}, "T4": {"supportedConfigurations": ["K3", "K2"]}, "T5": {"supportedConfigurations": ["K5", "K2"]}}}, "operations": {"count": 20, "items": {"O1": {"estimatedTestTime": {"K1": {"distribution": "normal", "mean": 34.69089070275004, "std": 3.2909439959823725}, "K5": {"distribution": "normal", "mean": 13.185263661695299, "std": 3.3904677666585163}, "K4": {"distribution": "normal", "mean": 19.704473874240207, "std": 2.7220377478284603}, "K2": {"distribution": "normal", "mean": 43.31521857998027, "std": 4.2373542312242485}, "K3": {"distribution": "normal", "mean": 21.079162320528688, "std": 2.2443355778678895}}, "compatibleConfigurations": ["K1", "K5", "K4", "K2", "K3"]}, "O2": {"estimatedTestTime": {"K5": {"distribution": "normal", "mean": 42.57531521759709, "std": 3.297172672044049}, "K1": {"distribution": "normal", "mean": 22.45938739432426, "std": 2.379702782132423}, "K4": {"distribution": "normal", "mean": 41.366550441148895, "std": 2.3013926635914346}, "K2": {"distribution": "normal", "mean": 47.776012994869696, "std": 2.3506445571365977}, "K3": {"distribution": "normal", "mean": 37.45855870975909, "std": 2.3739320082786417}}, "compatibleConfigurations": ["K5", "K1", "K4", "K2", "K3"]}, "O3": {"estimatedTestTime": {"K2": {"distribution": "normal", "mean": 39.99867701294881, "std": 2.7373589676718524}, "K5": {"distribution": "normal", "mean": 41.697964047472375, "std": 2.662700664239823}, "K3": {"distribution": "normal", "mean": 31.75997576717012, "std": 3.8167612099483788}, "K1": {"distribution": "normal", "mean": 41.822723561035595, "std": 4.24827978449599}, "K4": {"distribution": "normal", "mean": 12.275445706602838, "std": 4.791533998429417}}, "compatibleConfigurations": ["K2", "K5", "K3", "K1", "K4"]}, "O4": {"estimatedTestTime": {"K2": {"distribution": "normal", "mean": 42.43501711337875, "std": 3.410952463784973}, "K3": {"distribution": "normal", "mean": 40.147476470735086, "std": 4.806140713908646}, "K4": {"distribution": "normal", "mean": 35.82478193628753, "std": 3.380396950388741}, "K1": {"distribution": "normal", "mean": 19.143588450450604, "std": 4.728499529458357}, "K5": {"distribution": "normal", "mean": 41.172054337964084, "std": 2.476070489388646}}, "compatibleConfigurations": ["K2", "K3", "K4", "K1", "K5"]}, "O5": {"estimatedTestTime": {"K2": {"distribution": "normal", "mean": 39.76161597785716, "std": 3.860411297122418}, "K5": {"distribution": "normal", "mean": 15.059540460525138, "std": 2.723308174031543}, "K3": {"distribution": "normal", "mean": 44.512912643896215, "std": 3.204233076879026}, "K4": {"distribution": "normal", "mean": 23.384932086716006, "std": 3.348827182312917}, "K1": {"distribution": "normal", "mean": 26.52816722028961, "std": 2.733779102816651}}, "compatibleConfigurations": ["K2", "K5", "K3", "K4", "K1"]}, "O6": {"estimatedTestTime": {"K3": {"distribution": "normal", "mean": 21.429089054494597, "std": 3.442389966956535}, "K2": {"distribution": "normal", "mean": 45.25648318616554, "std": 4.835819416583886}, "K1": {"distribution": "normal", "mean": 24.03689008546928, "std": 2.6381930696689317}, "K5": {"distribution": "normal", "mean": 27.23778262163154, "std": 3.767122423126799}, "K4": {"distribution": "normal", "mean": 6.191546301699942, "std": 2.0957518753321165}}, "compatibleConfigurations": ["K3", "K2", "K1", "K5", "K4"]}, "O7": {"estimatedTestTime": {"K5": {"distribution": "normal", "mean": 34.70254395247847, "std": 2.170052998600938}, "K1": {"distribution": "normal", "mean": 25.685985276146006, "std": 3.163745091962788}, "K3": {"distribution": "normal", "mean": 38.155450110154476, "std": 2.350276804602863}, "K2": {"distribution": "normal", "mean": 35.60603992786429, "std": 2.025632255973685}, "K4": {"distribution": "normal", "mean": 20.20900413460015, "std": 2.0066324466229206}}, "compatibleConfigurations": ["K5", "K1", "K3", "K2", "K4"]}, "O8": {"estimatedTestTime": {"K2": {"distribution": "normal", "mean": 2.6368569280817358, "std": 3.5304497298326307}, "K3": {"distribution": "normal", "mean": 10.409817970263903, "std": 2.5870741789674554}, "K4": {"distribution": "normal", "mean": 2.8592982432785004, "std": 4.066707812589804}, "K1": {"distribution": "normal", "mean": 31.23687326381063, "std": 2.4541769003108787}, "K5": {"distribution": "normal", "mean": 31.361104545381266, "std": 3.3466752781372575}}, "compatibleConfigurations": ["K2", "K3", "K4", "K1", "K5"]}, "O9": {"estimatedTestTime": {"K2": {"distribution": "normal", "mean": 9.82309868839253, "std": 4.650576365149954}, "K1": {"distribution": "normal", "mean": 17.54765595999432, "std": 3.008425577039063}, "K4": {"distribution": "normal", "mean": 16.448291683905314, "std": 3.802212688447617}, "K3": {"distribution": "normal", "mean": 2.8328403820194286, "std": 2.843340701380125}, "K5": {"distribution": "normal", "mean": 4.391449374909019, "std": 2.00788602714987}}, "compatibleConfigurations": ["K2", "K1", "K4", "K3", "K5"]}, "O10": {"estimatedTestTime": {"K1": {"distribution": "normal", "mean": 15.202220721957334, "std": 2.001529406597102}, "K2": {"distribution": "normal", "mean": 10.970209775139788, "std": 4.50605633634695}, "K4": {"distribution": "normal", "mean": 39.93987070546788, "std": 3.8172438399879547}, "K5": {"distribution": "normal", "mean": 26.798660351927985, "std": 4.75946452525208}, "K3": {"distribution": "normal", "mean": 26.495419781881004, "std": 4.429377835482842}}, "compatibleConfigurations": ["K1", "K2", "K4", "K5", "K3"]}, "O11": {"estimatedTestTime": {"K2": {"distribution": "normal", "mean": 30.049418159933737, "std": 4.423429142000574}, "K4": {"distribution": "normal", "mean": 36.395347822648255, "std": 3.0109673844806837}, "K5": {"distribution": "normal", "mean": 26.118199938545793, "std": 4.0265958569766465}, "K3": {"distribution": "normal", "mean": 2.550106348420668, "std": 4.6195764835809126}, "K1": {"distribution": "normal", "mean": 14.336097735965678, "std": 3.7435662846445026}}, "compatibleConfigurations": ["K2", "K4", "K5", "K3", "K1"]}, "O12": {"estimatedTestTime": {"K2": {"distribution": "normal", "mean": 32.82522153592278, "std": 2.752970884449453}, "K5": {"distribution": "normal", "mean": 2.8171820895242874, "std": 3.4855710059292715}, "K1": {"distribution": "normal", "mean": 25.902139115514665, "std": 4.973124424827317}, "K4": {"distribution": "normal", "mean": 12.388196525676566, "std": 4.235315507928345}, "K3": {"distribution": "normal", "mean": 27.713100367671128, "std": 4.811632670046397}}, "compatibleConfigurations": ["K2", "K5", "K1", "K4", "K3"]}, "O13": {"estimatedTestTime": {"K4": {"distribution": "normal", "mean": 20.153938720900292, "std": 2.313878096089351}, "K2": {"distribution": "normal", "mean": 13.0354307299918, "std": 3.0644220059442606}, "K5": {"distribution": "normal", "mean": 34.117323878427136, "std": 4.637582022759247}, "K1": {"distribution": "normal", "mean": 17.055228098921233, "std": 3.1329666063761255}, "K3": {"distribution": "normal", "mean": 40.24770291986062, "std": 3.3838934626818737}}, "compatibleConfigurations": ["K4", "K2", "K5", "K1", "K3"]}, "O14": {"estimatedTestTime": {"K4": {"distribution": "normal", "mean": 36.234405367921944, "std": 3.965888417307143}, "K3": {"distribution": "normal", "mean": 35.37918192853825, "std": 3.423362133212902}, "K5": {"distribution": "normal", "mean": 38.52158856851953, "std": 2.1091554856516046}, "K1": {"distribution": "normal", "mean": 39.52102938563297, "std": 3.0089723796907357}, "K2": {"distribution": "normal", "mean": 39.083278444645984, "std": 3.0164326755760653}},