{"configurations": {"count": 4, "items": {"K1": {"index": 0, "setupTimes": [0, 2, 2, 6]}, "K2": {"index": 1, "setupTimes": [6, 0, 9, 8]}, "K3": {"index": 2, "setupTimes": [6, 5, 0, 6]}, "K4": {"index": 3, "setupTimes": [3, 7, 0, 0]}}}, "testers": {"count": 3, "items": {"T1": {"supportedConfigurations": ["K3", "K1"]}, "T2": {"supportedConfigurations": ["K3", "K1", "K4"]}, "T3": {"supportedConfigurations": ["K2", "K4"]}}}, "operations": {"count": 13, "items": {"O1": {"estimatedTestTime": {"K3": {"distribution": "normal", "mean": 2.8356691876735862, "std": 3.626938713114193}, "K1": {"distribution": "normal", "mean": 42.34620942114753, "std": 2.0912121708073284}}, "compatibleConfigurations": ["K3", "K1"]}, "O2": {"estimatedTestTime": {"K2": {"distribution": "normal", "mean": 43.64552776998826, "std": 4.973191746445462}, "K3": {"distribution": "normal", "mean": 14.729611720117335, "std": 3.0375301123559075}, "K4": {"distribution": "normal", "mean": 36.937258476102045, "std": 2.334033294207862}, "K1": {"distribution": "normal", "mean": 18.281663338740316, "std": 4.022924123767081}}, "compatibleConfigurations": ["K2", "K3", "K4", "K1"]}, "O3": {"estimatedTestTime": {"K2": {"distribution": "normal", "mean": 15.335753578345582, "std": 4.50245204037185}, "K3": {"distribution": "normal", "mean": 28.096724077545296, "std": 4.167354521396909}}, "compatibleConfigurations": ["K2", "K3"]}, "O4": {"estimatedTestTime": {"K2": {"distribution": "normal", "mean": 17.835279245655524, "std": 4.779145813837784}, "K4": {"distribution": "normal", "mean": 23.657149742754306, "std": 2.5630277544622175}, "K1": {"distribution": "normal", "mean": 21.08261535436185, "std": 4.3865659579882905}, "K3": {"distribution": "normal", "mean": 38.734431204608896, "std": 3.114097638459732}}, "compatibleConfigurations": ["K2", "K4", "K1", "K3"]}, "O5": {"estimatedTestTime": {"K4": {"distribution": "normal", "mean": 32.55580611328372, "std": 4.478215597739181}, "K3": {"distribution": "normal", "mean": 4.896310952099281, "std": 4.323226967943472}, "K2": {"distribution": "normal", "mean": 30.14376968329912, "std": 2.1032403047007557}, "K1": {"distribution": "normal", "mean": 15.878593125953023, "std": 4.265690408746313}}, "compatibleConfigurations": ["K4", "K3", "K2", "K1"]}, "O6": {"estimatedTestTime": {"K1": {"distribution": "normal", "mean": 45.082507312470185, "std": 4.908579903764678}, "K3": {"distribution": "normal", "mean": 17.16032374487257, "std": 3.2910335056040343}, "K4": {"distribution": "normal", "mean": 11.008712139367336, "std": 4.939692584196489}, "K2": {"distribution": "normal", "mean": 13.776635868692802, "std": 3.5720401786822475}}, "compatibleConfigurations": ["K1", "K3", "K4", "K2"]}, "O7": {"estimatedTestTime": {"K3": {"distribution": "normal", "mean": 47.62162384883905, "std": 2.5017884306687392}, "K1": {"distribution": "normal", "mean": 39.15853804357071, "std": 4.510869641136323}}, "compatibleConfigurations": ["K3", "K1"]}, "O8": {"estimatedTestTime": {"K3": {"distribution": "normal", "mean": 38.19225573617071, "std": 4.586709109675201}, "K4": {"distribution": "normal", "mean": 10.68213666323742, "std": 4.379844390590405}, "K1": {"distribution": "normal", "mean": 42.676631066651126, "std": 4.345130095612969}}, "compatibleConfigurations": ["K3", "K4", "K1"]}, "O9": {"estimatedTestTime": {"K4": {"distribution": "normal", "mean": 20.08264677408465, "std": 4.042677870774795}, "K1": {"distribution": "normal", "mean": 28.343578545594504, "std": 2.573267469884324}, "K3": {"distribution": "normal", "mean": 12.829591783093992, "std": 4.5222955866584496}, "K2": {"distribution": "normal", "mean": 6.824514478981589, "std": 4.781814612324103}}, "compatibleConfigurations": ["K4", "K1", "K3", "K2"]}, "O10": {"estimatedTestTime": {"K1": {"distribution": "normal", "mean": 18.331989869695597, "std": 3.197946088396195}, "K2": {"distribution": "normal", "mean": 36.71468629268769, "std": 2.0536381526669114}}, "compatibleConfigurations": ["K1", "K2"]}, "O11": {"estimatedTestTime": {"K3": {"distribution": "normal", "mean": 49.90970967625608, "std": 4.988161552602758}, "K1": {"distribution": "normal", "mean": 24.59588776364417, "std": 3.566031082823296}, "K2": {"distribution": "normal", "mean": 43.564136628936694, "std": 2.8281385774394394}}, "compatibleConfigurations": ["K3", "K1", "K2"]}, "O12": {"estimatedTestTime": {"K4": {"distribution": "normal", "mean": 9.842460957907202, "std": 2.6471383919110565}, "K2": {"distribution": "normal", "mean": 5.154876863768722, "std": 2.9231662806096326}}, "compatibleConfigurations": ["K4", "K2"]}, "O13": {"estimatedTestTime": {"K2": {"distribution": "normal", "mean": 12.306040907982418, "std": 4.8677825300877275}, "K4": {"distribution": "normal", "mean": 7.97873601304563, "std": 4.6039670496321845}}, "compatibleConfigurations": ["K2", "K4"]}}}, "products": {"count": 2, "items": {"P1": {"index": 0, "arrival": 0, "quantity": 3, "duedate": 42.73768955104571, "operations": ["O3", "O9"], "dependencies": [[1, 0]]}, "P2": {"index": 1, "arrival": 42.272244832911134, "quantity": 3, "duedate": 106.14960436388441, "operations": ["O2", "O1", "O11"], "dependencies": [[1, 0], [2, 0]]}}}}