{"configurations": {"count": 3, "items": {"K1": {"index": 0, "setupTimes": [0, 8, 3]}, "K2": {"index": 1, "setupTimes": [0, 0, 6]}, "K3": {"index": 2, "setupTimes": [3, 9, 0]}}}, "testers": {"count": 3, "items": {"T1": {"supportedConfigurations": ["K2", "K1"]}, "T2": {"supportedConfigurations": ["K1", "K2", "K3"]}, "T3": {"supportedConfigurations": ["K1", "K2", "K3"]}}}, "operations": {"count": 10, "items": {"O1": {"estimatedTestTime": {"K3": {"distribution": "normal", "mean": 23.978301325616187, "std": 2.973307838765492}, "K2": {"distribution": "normal", "mean": 49.899750841557555, "std": 2.058764858333385}}, "compatibleConfigurations": ["K3", "K2"]}, "O2": {"estimatedTestTime": {"K2": {"distribution": "normal", "mean": 7.868952055798058, "std": 4.719435753353349}, "K3": {"distribution": "normal", "mean": 30.457419761258553, "std": 2.616680541639236}}, "compatibleConfigurations": ["K2", "K3"]}, "O3": {"estimatedTestTime": {"K2": {"distribution": "normal", "mean": 16.37644328568798, "std": 4.066484186657508}, "K3": {"distribution": "normal", "mean": 27.22712609965083, "std": 3.6928519558288806}}, "compatibleConfigurations": ["K2", "K3"]}, "O4": {"estimatedTestTime": {"K2": {"distribution": "normal", "mean": 25.18090792840982, "std": 2.7361190470394767}, "K3": {"distribution": "normal", "mean": 19.872864147274385, "std": 2.423981540374231}}, "compatibleConfigurations": ["K2", "K3"]}, "O5": {"estimatedTestTime": {"K2": {"distribution": "normal", "mean": 15.712758196030373, "std": 4.259051108935491}, "K3": {"distribution": "normal", "mean": 43.88745292991212, "std": 3.2507005898617187}, "K1": {"distribution": "normal", "mean": 34.68089738120848, "std": 2.62143604503006}}, "compatibleConfigurations": ["K2", "K3", "K1"]}, "O6": {"estimatedTestTime": {"K1": {"distribution": "normal", "mean": 13.975307674759197, "std": 3.147458326615557}, "K3": {"distribution": "normal", "mean": 4.920924069397399, "std": 3.823872001238824}, "K2": {"distribution": "normal", "mean": 8.868154005057997, "std": 4.563674622720493}}, "compatibleConfigurations": ["K1", "K3", "K2"]}, "O7": {"estimatedTestTime": {"K2": {"distribution": "normal", "mean": 30.762241989323805, "std": 4.911387081868818}, "K1": {"distribution": "normal", "mean": 23.288454291987623, "std": 3.142355274770635}}, "compatibleConfigurations": ["K2", "K1"]}, "O8": {"estimatedTestTime": {"K2": {"distribution": "normal", "mean": 20.51989948767686, "std": 2.7973302879741313}, "K3": {"distribution": "normal", "mean": 16.15030650314378, "std": 4.281182455383937}, "K1": {"distribution": "normal", "mean": 13.127307845092925, "std": 2.2280445237544217}}, "compatibleConfigurations": ["K2", "K3", "K1"]}, "O9": {"estimatedTestTime": {"K2": {"distribution": "normal", "mean": 5.083316168191473, "std": 2.665025225275191}, "K3": {"distribution": "normal", "mean": 4.624315232804856, "std": 4.215373347152374}, "K1": {"distribution": "normal", "mean": 7.24112759174996, "std": 3.917773679165198}}, "compatibleConfigurations": ["K2", "K3", "K1"]}, "O10": {"estimatedTestTime": {"K3": {"distribution": "normal", "mean": 8.342609310689106, "std": 4.868512558138501}, "K2": {"distribution": "normal", "mean": 48.1595112640772, "std": 2.0453256293552435}}, "compatibleConfigurations": ["K3", "K2"]}}}, "products": {"count": 5, "items": {"P1": {"index": 0, "arrival": 0, "quantity": 5, "duedate": 106.78512955645505, "operations": ["O8", "O1", "O6", "O10", "O2"], "dependencies": [[3, 0], [3, 1], [4, 2], [4, 1]]}, "P2": {"index": 1, "arrival": 33.517723045195666, "quantity": 4, "duedate": 98.34088390043712, "operations": ["O5", "O2"], "dependencies": [[1, 0]]}, "P3": {"index": 2, "arrival": 82.15086311756366, "quantity": 2, "duedate": 104.24201072703364, "operations": ["O9", "O3"], "dependencies": [[1, 0]]}, "P4": {"index": 3, "arrival": 115.1667760117711, "quantity": 2, "duedate": 201.06251427273864, "operations": ["O10", "O6", "O7", "O5", "O1"], "dependencies": [[1, 0], [2, 1], [3, 2], [4, 1]]}, "P5": {"index": 4, "arrival": 141.04006801305715, "quantity": 4, "duedate": 181.35399665819406, "operations": ["O8", "O9", "O4"], "dependencies": [[2, 1], [2, 0]]}}}}