{"configurations": {"count": 3, "items": {"K1": {"index": 0, "setupTimes": [0, 5, 3]}, "K2": {"index": 1, "setupTimes": [6, 0, 7]}, "K3": {"index": 2, "setupTimes": [4, 9, 0]}}}, "testers": {"count": 2, "items": {"T1": {"supportedConfigurations": ["K3", "K1"]}, "T2": {"supportedConfigurations": ["K1", "K2", "K3"]}}}, "operations": {"count": 16, "items": {"O1": {"estimatedTestTime": {"K3": {"distribution": "normal", "mean": 42.53438146565418, "std": 4.0641170485779705}, "K2": {"distribution": "normal", "mean": 30.747850812752276, "std": 2.785611460239464}, "K1": {"distribution": "normal", "mean": 10.882982340132129, "std": 3.4010238608923236}}, "compatibleConfigurations": ["K3", "K2", "K1"]}, "O2": {"estimatedTestTime": {"K2": {"distribution": "normal", "mean": 35.7982655085213, "std": 4.332737870810918}, "K1": {"distribution": "normal", "mean": 15.82437412995609, "std": 3.9316495956144104}}, "compatibleConfigurations": ["K2", "K1"]}, "O3": {"estimatedTestTime": {"K3": {"distribution": "normal", "mean": 36.48933336829403, "std": 4.958778080357142}, "K1": {"distribution": "normal", "mean": 34.86392609602638, "std": 2.120435234021944}, "K2": {"distribution": "normal", "mean": 6.446197937883431, "std": 2.62995283082937}}, "compatibleConfigurations": ["K3", "K1", "K2"]}, "O4": {"estimatedTestTime": {"K3": {"distribution": "normal", "mean": 26.976546175991146, "std": 4.850604875714373}, "K1": {"distribution": "normal", "mean": 18.68736349069644, "std": 3.648735162112633}}, "compatibleConfigurations": ["K3", "K1"]}, "O5": {"estimatedTestTime": {"K1": {"distribution": "normal", "mean": 9.415091462385178, "std": 3.058214992863286}, "K2": {"distribution": "normal", "mean": 2.158811999161159, "std": 3.7717040510638458}}, "compatibleConfigurations": ["K1", "K2"]}, "O6": {"estimatedTestTime": {"K2": {"distribution": "normal", "mean": 28.594700534571082, "std": 2.2736917409359094}, "K1": {"distribution": "normal", "mean": 22.802560426383046, "std": 2.3685895664565857}}, "compatibleConfigurations": ["K2", "K1"]}, "O7": {"estimatedTestTime": {"K2": {"distribution": "normal", "mean": 43.68365472259573, "std": 3.752863791930511}, "K3": {"distribution": "normal", "mean": 48.2528187001715, "std": 3.88313396472125}, "K1": {"distribution": "normal", "mean": 15.842066130206689, "std": 2.2080095087500853}}, "compatibleConfigurations": ["K2", "K3", "K1"]}, "O8": {"estimatedTestTime": {"K2": {"distribution": "normal", "mean": 28.019681841959446, "std": 2.4591987540053513}, "K3": {"distribution": "normal", "mean": 44.05710857828237, "std": 4.759264785009542}}, "compatibleConfigurations": ["K2", "K3"]}, "O9": {"estimatedTestTime": {"K2": {"distribution": "normal", "mean": 45.3551233701851, "std": 3.913122550868954}, "K3": {"distribution": "normal", "mean": 13.335313951115587, "std": 4.468413298810066}, "K1": {"distribution": "normal", "mean": 2.1813815952895723, "std": 3.9603794882077956}}, "compatibleConfigurations": ["K2", "K3", "K1"]}, "O10": {"estimatedTestTime": {"K1": {"distribution": "normal", "mean": 38.638093430281984, "std": 3.5925744300672955}, "K2": {"distribution": "normal", "mean": 4.466757716522617, "std": 2.037570452644038}, "K3": {"distribution": "normal", "mean": 15.799433477372821, "std": 3.3716506443740295}}, "compatibleConfigurations": ["K1", "K2", "K3"]}, "O11": {"estimatedTestTime": {"K1": {"distribution": "normal", "mean": 36.13280497063526, "std": 2.057260258230274}, "K2": {"distribution": "normal", "mean": 47.505376750178996, "std": 4.147862418619214}}, "compatibleConfigurations": ["K1", "K2"]}, "O12": {"estimatedTestTime": {"K3": {"distribution": "normal", "mean": 32.9641026145428, "std": 3.1586500733510485}, "K1": {"distribution": "normal", "mean": 15.707082264204944, "std": 4.250005621149726}}, "compatibleConfigurations": ["K3", "K1"]}, "O13": {"estimatedTestTime": {"K2": {"distribution": "normal", "mean": 8.407338660105529, "std": 4.242435804845222}, "K3": {"distribution": "normal", "mean": 8.116071710784892, "std": 3.4749433047163647}}, "compatibleConfigurations": ["K2", "K3"]}, "O14": {"estimatedTestTime": {"K1": {"distribution": "normal", "mean": 43.477949336445235, "std": 4.961456452095687}, "K3": {"distribution": "normal", "mean": 17.38896719853883, "std": 4.2047236991925345}, "K2": {"distribution": "normal", "mean": 24.722132892048236, "std": 2.386364035797}}, "compatibleConfigurations": ["K1", "K3", "K2"]}, "O15": {"estimatedTestTime": {"K3": {"distribution": "normal", "mean": 45.580062177061905, "std": 4.812462750073368}, "K1": {"distribution": "normal", "mean": 29.546853710483674, "std": 4.443685980760344}}, "compatibleConfigurations": ["K3", "K1"]}, "O16": {"estimatedTestTime": {"K3": {"distribution": "normal", "mean": 7.800696877910168, "std": 2.1113457213224267}, "K2": {"distribution": "normal", "mean": 32.749928815763546, "std": 3.4390217200289617}}, "compatibleConfigurations": ["K3", "K2"]}}}, "products": {"count": 4, "items": {"P1": {"index": 0, "arrival": 0, "quantity": 4, "duedate": 106.24005011595196, "operations": ["O3", "O2"], "dependencies": [[1, 0]]}, "P2": {"index": 1, "arrival": 25.922430575035886, "quantity": 2, "duedate": 76.34879217062281, "operations": ["O3", "O6"], "dependencies": [[1, 0]]}, "P3": {"index": 2, "arrival": 37.69909862444664, "quantity": 4, "duedate": 239.7310517171488, "operations": ["O2", "O9", "O11", "O13", "O7"], "dependencies": [[2, 0], [2, 1], [4, 3], [4, 2]]}, "P4": {"index": 3, "arrival": 74.7481118827963, "quantity": 4, "duedate": 193.52811086051332, "operations": ["O12", "O14", "O13", "O3"], "dependencies": [[2, 0], [3, 1], [3, 2]]}}}}