{"configurations": {"count": 5, "items": {"K1": {"index": 0, "setupTimes": [0, 2, 2, 1, 10]}, "K2": {"index": 1, "setupTimes": [7, 0, 2, 9, 6]}, "K3": {"index": 2, "setupTimes": [4, 0, 0, 0, 7]}, "K4": {"index": 3, "setupTimes": [5, 1, 10, 0, 4]}, "K5": {"index": 4, "setupTimes": [8, 7, 8, 3, 0]}}}, "testers": {"count": 5, "items": {"T1": {"supportedConfigurations": ["K5", "K2"]}, "T2": {"supportedConfigurations": ["K4", "K3"]}, "T3": {"supportedConfigurations": ["K4", "K5"]}, "T4": {"supportedConfigurations": ["K2", "K5"]}, "T5": {"supportedConfigurations": ["K2", "K1"]}}}, "operations": {"count": 20, "items": {"O1": {"estimatedTestTime": {"K3": {"distribution": "normal", "mean": 43.53974047297327, "std": 3.880694508472744}, "K4": {"distribution": "normal", "mean": 37.148347641500614, "std": 2.0356090235309434}, "K5": {"distribution": "normal", "mean": 4.957137335430788, "std": 2.8622470477573505}, "K1": {"distribution": "normal", "mean": 15.376950947411368, "std": 2.1789847897092907}, "K2": {"distribution": "normal", "mean": 40.56685128820638, "std": 3.65492403139005}}, "compatibleConfigurations": ["K3", "K4", "K5", "K1", "K2"]}, "O2": {"estimatedTestTime": {"K1": {"distribution": "normal", "mean": 3.49862591780116, "std": 4.218698570494595}, "K3": {"distribution": "normal", "mean": 43.771777938390876, "std": 3.8992883807043417}, "K5": {"distribution": "normal", "mean": 36.14438455750499, "std": 4.135361476217646}, "K4": {"distribution": "normal", "mean": 20.997982149398474, "std": 3.883109213584167}, "K2": {"distribution": "normal", "mean": 20.995067796636615, "std": 2.062189420378624}}, "compatibleConfigurations": ["K1", "K3", "K5", "K4", "K2"]}, "O3": {"estimatedTestTime": {"K1": {"distribution": "normal", "mean": 12.565753398202965, "std": 4.915117776577727}, "K5": {"distribution": "normal", "mean": 8.146932044888253, "std": 2.7019223372924888}, "K2": {"distribution": "normal", "mean": 23.700490513175243, "std": 3.520536942902341}, "K4": {"distribution": "normal", "mean": 39.378924763785605, "std": 4.425567254631365}, "K3": {"distribution": "normal", "mean": 26.668439609330548, "std": 2.9898649555214236}}, "compatibleConfigurations": ["K1", "K5", "K2", "K4", "K3"]}, "O4": {"estimatedTestTime": {"K2": {"distribution": "normal", "mean": 42.752305608282825, "std": 3.052445118624018}, "K1": {"distribution": "normal", "mean": 39.91384598698852, "std": 2.0805289368827014}, "K5": {"distribution": "normal", "mean": 36.12248364607664, "std": 2.4370468291946157}, "K3": {"distribution": "normal", "mean": 46.44375382531115, "std": 3.4030759930537875}, "K4": {"distribution": "normal", "mean": 46.611342313584004, "std": 3.461403918353569}}, "compatibleConfigurations": ["K2", "K1", "K5", "K3", "K4"]}, "O5": {"estimatedTestTime": {"K5": {"distribution": "normal", "mean": 48.90253039897668, "std": 2.331410325733027}, "K3": {"distribution": "normal", "mean": 29.295039454639614, "std": 2.2680292563360642}, "K4": {"distribution": "normal", "mean": 23.63057168822037, "std": 2.0360297676853145}, "K2": {"distribution": "normal", "mean": 48.731654285844726, "std": 3.6457185839584616}, "K1": {"distribution": "normal", "mean": 22.389278812210513, "std": 2.281314064485814}}, "compatibleConfigurations": ["K5", "K3", "K4", "K2", "K1"]}, "O6": {"estimatedTestTime": {"K5": {"distribution": "normal", "mean": 20.26800080075978, "std": 3.56695390046314}, "K2": {"distribution": "normal", "mean": 3.9850216555979774, "std": 4.132661760980368}, "K3": {"distribution": "normal", "mean": 13.830355715402254, "std": 3.2673309675425717}, "K4": {"distribution": "normal", "mean": 34.01008282619744, "std": 3.686688487462644}, "K1": {"distribution": "normal", "mean": 35.99369809511512, "std": 2.139384265254632}}, "compatibleConfigurations": ["K5", "K2", "K3", "K4", "K1"]}, "O7": {"estimatedTestTime": {"K2": {"distribution": "normal", "mean": 32.92377255548165, "std": 3.6803888362207697}, "K4": {"distribution": "normal", "mean": 44.151886612820405, "std": 2.277887344768474}, "K3": {"distribution": "normal", "mean": 42.459679975162345, "std": 4.503303123383903}, "K1": {"distribution": "normal", "mean": 6.7718764914206275, "std": 2.5672796827551116}, "K5": {"distribution": "normal", "mean": 40.90058003968571, "std": 2.2139688970088427}}, "compatibleConfigurations": ["K2", "K4", "K3", "K1", "K5"]}, "O8": {"estimatedTestTime": {"K3": {"distribution": "normal", "mean": 36.93199973867311, "std": 3.717481885413127}, "K2": {"distribution": "normal", "mean": 24.557200956485268, "std": 3.409908767635405}, "K5": {"distribution": "normal", "mean": 13.140234213624558, "std": 4.028878060293349}, "K1": {"distribution": "normal", "mean": 25.951351601772927, "std": 2.095668147632838}, "K4": {"distribution": "normal", "mean": 22.533488291886563, "std": 4.677264693660673}}, "compatibleConfigurations": ["K3", "K2", "K5", "K1", "K4"]}, "O9": {"estimatedTestTime": {"K4": {"distribution": "normal", "mean": 33.526433879996794, "std": 2.632574450139855}, "K2": {"distribution": "normal", "mean": 8.233970016758716, "std": 2.2749575917204803}, "K5": {"distribution": "normal", "mean": 40.87627022880687, "std": 3.2876974201894513}, "K3": {"distribution": "normal", "mean": 16.297287302390192, "std": 3.5283882415162435}, "K1": {"distribution": "normal", "mean": 45.730942725947344, "std": 4.262266319135524}}, "compatibleConfigurations": ["K4", "K2", "K5", "K3", "K1"]}, "O10": {"estimatedTestTime": {"K4": {"distribution": "normal", "mean": 17.022214752870234, "std": 3.26031369405468}, "K2": {"distribution": "normal", "mean": 35.70403896631323, "std": 3.879793530489276}, "K3": {"distribution": "normal", "mean": 15.975469976804662, "std": 3.534550222117674}, "K1": {"distribution": "normal", "mean": 14.28277789019083, "std": 3.3337797972364194}, "K5": {"distribution": "normal", "mean": 22.260562906377324, "std": 4.820422514279878}}, "compatibleConfigurations": ["K4", "K2", "K3", "K1", "K5"]}, "O11": {"estimatedTestTime": {"K5": {"distribution": "normal", "mean": 47.609784347004194, "std": 2.2774627380254326}, "K3": {"distribution": "normal", "mean": 28.44734770030295, "std": 3.7922883480953926}, "K1": {"distribution": "normal", "mean": 48.21390737583166, "std": 2.0991306176909013}, "K2": {"distribution": "normal", "mean": 37.29908241621773, "std": 2.7736142016273293}, "K4": {"distribution": "normal", "mean": 21.893728095862823, "std": 3.496120933038565}}, "compatibleConfigurations": ["K5", "K3", "K1", "K2", "K4"]}, "O12": {"estimatedTestTime": {"K3": {"distribution": "normal", "mean": 20.296102266787145, "std": 3.0923624371135086}, "K1": {"distribution": "normal", "mean": 35.98444189931211, "std": 3.6568531443268553}, "K4": {"distribution": "normal", "mean": 47.20351441934622, "std": 4.4928155180771725}, "K5": {"distribution": "normal", "mean": 7.967162952473219, "std": 4.6597765356435765}, "K2": {"distribution": "normal", "mean": 2.567146232193922, "std": 2.036149384194724}}, "compatibleConfigurations": ["K3", "K1", "K4", "K5", "K2"]}, "O13": {"estimatedTestTime": {"K2": {"distribution": "normal", "mean": 32.33745843228819, "std": 3.670882732033705}, "K4": {"distribution": "normal", "mean": 4.608768166728755, "std": 4.676664708444015}, "K1": {"distribution": "normal", "mean": 40.51136070501895, "std": 4.500805655021935}, "K3": {"distribution": "normal", "mean": 8.331459085559407, "std": 4.599748315157688}, "K5": {"distribution": "normal", "mean": 45.55804411476898, "std": 2.4691527548419163}}, "compatibleConfigurations": ["K2", "K4", "K1", "K3", "K5"]}, "O14": {"estimatedTestTime": {"K3": {"distribution": "normal", "mean": 25.034146302768583, "std": 4.036035545196294}, "K2": {"distribution": "normal", "mean": 37.69692379279694, "std": 4.126965452281569}, "K1": {"distribution": "normal", "mean": 27.932452543078277, "std": 4.244508846133975}, "K4": {"distribution": "normal", "mean": 10.393865184942957, "std": 2.1268743460731967}, "K5": {"distribution": "normal", "mean": 31.853706043761967, "std": 3.958929508931019}},