{"configurations": {"count": 5, "items": {"K1": {"index": 0, "setupTimes": [0, 1, 2, 0, 4]}, "K2": {"index": 1, "setupTimes": [8, 0, 6, 4, 0]}, "K3": {"index": 2, "setupTimes": [4, 1, 0, 5, 5]}, "K4": {"index": 3, "setupTimes": [5, 2, 9, 0, 5]}, "K5": {"index": 4, "setupTimes": [3, 9, 1, 5, 0]}}}, "testers": {"count": 5, "items": {"T1": {"supportedConfigurations": ["K2", "K5"]}, "T2": {"supportedConfigurations": ["K5", "K1"]}, "T3": {"supportedConfigurations": ["K2", "K5"]}, "T4": {"supportedConfigurations": ["K1", "K3"]}, "T5": {"supportedConfigurations": ["K4", "K5"]}}}, "operations": {"count": 20, "items": {"O1": {"estimatedTestTime": {"K5": {"distribution": "normal", "mean": 18.13876130744901, "std": 2.976534271264492}, "K1": {"distribution": "normal", "mean": 37.26241539238318, "std": 2.50361836296171}, "K2": {"distribution": "normal", "mean": 24.68396533773648, "std": 3.8373516003546}, "K4": {"distribution": "normal", "mean": 37.45238455571243, "std": 2.4780888950018554}, "K3": {"distribution": "normal", "mean": 24.302018782865453, "std": 2.453270913384059}}, "compatibleConfigurations": ["K5", "K1", "K2", "K4", "K3"]}, "O2": {"estimatedTestTime": {"K3": {"distribution": "normal", "mean": 48.99682029395619, "std": 2.525749680247317}, "K5": {"distribution": "normal", "mean": 4.139432860585837, "std": 3.09009010547637}, "K1": {"distribution": "normal", "mean": 41.02513794627211, "std": 4.363081210922354}, "K2": {"distribution": "normal", "mean": 39.213458145670046, "std": 4.622087786017584}, "K4": {"distribution": "normal", "mean": 48.87487829839531, "std": 4.485505927570113}}, "compatibleConfigurations": ["K3", "K5", "K1", "K2", "K4"]}, "O3": {"estimatedTestTime": {"K4": {"distribution": "normal", "mean": 30.006262099463328, "std": 3.1858299304356517}, "K2": {"distribution": "normal", "mean": 5.204866784856897, "std": 3.674117688993908}, "K5": {"distribution": "normal", "mean": 7.752177667892399, "std": 4.684877298704601}, "K3": {"distribution": "normal", "mean": 31.892189287744948, "std": 4.937959095988914}, "K1": {"distribution": "normal", "mean": 9.271675771689607, "std": 3.704415115643556}}, "compatibleConfigurations": ["K4", "K2", "K5", "K3", "K1"]}, "O4": {"estimatedTestTime": {"K2": {"distribution": "normal", "mean": 37.66745502284853, "std": 3.498632688599308}, "K5": {"distribution": "normal", "mean": 21.3865672008516, "std": 2.7498080109292617}, "K1": {"distribution": "normal", "mean": 28.99907958621349, "std": 2.968712957685426}, "K4": {"distribution": "normal", "mean": 30.4642670465509, "std": 3.4755163446617723}, "K3": {"distribution": "normal", "mean": 12.332079021297396, "std": 2.9175118568254645}}, "compatibleConfigurations": ["K2", "K5", "K1", "K4", "K3"]}, "O5": {"estimatedTestTime": {"K2": {"distribution": "normal", "mean": 5.427227963769003, "std": 2.43606727407339}, "K3": {"distribution": "normal", "mean": 15.127732358277763, "std": 4.559599149482375}, "K4": {"distribution": "normal", "mean": 33.796700187655475, "std": 4.41946057926101}, "K5": {"distribution": "normal", "mean": 39.25502128260007, "std": 2.7684146349726593}, "K1": {"distribution": "normal", "mean": 30.14838336750534, "std": 4.526321704739766}}, "compatibleConfigurations": ["K2", "K3", "K4", "K5", "K1"]}, "O6": {"estimatedTestTime": {"K4": {"distribution": "normal", "mean": 16.46624033287445, "std": 4.060643147621551}, "K3": {"distribution": "normal", "mean": 34.793045768119065, "std": 2.1846895583680053}, "K2": {"distribution": "normal", "mean": 47.97115294680376, "std": 3.277265755846085}, "K5": {"distribution": "normal", "mean": 13.964926723437705, "std": 2.0833549897694255}, "K1": {"distribution": "normal", "mean": 48.21583179093492, "std": 2.1095394807692016}}, "compatibleConfigurations": ["K4", "K3", "K2", "K5", "K1"]}, "O7": {"estimatedTestTime": {"K3": {"distribution": "normal", "mean": 17.11375431822173, "std": 2.641495556565363}, "K2": {"distribution": "normal", "mean": 12.012649936964424, "std": 4.228267554067739}, "K4": {"distribution": "normal", "mean": 25.48190578577124, "std": 3.003330903712518}, "K5": {"distribution": "normal", "mean": 5.56195142065379, "std": 2.3183349459766056}, "K1": {"distribution": "normal", "mean": 29.579529544382012, "std": 2.003299467647703}}, "compatibleConfigurations": ["K3", "K2", "K4", "K5", "K1"]}, "O8": {"estimatedTestTime": {"K4": {"distribution": "normal", "mean": 30.349418188223027, "std": 4.424949945550589}, "K3": {"distribution": "normal", "mean": 21.053429443929105, "std": 4.286930468406743}, "K2": {"distribution": "normal", "mean": 21.61235407373311, "std": 4.438317515281464}, "K1": {"distribution": "normal", "mean": 36.25602451745127, "std": 2.2420559452648265}, "K5": {"distribution": "normal", "mean": 47.995781781315195, "std": 3.5744083286596355}}, "compatibleConfigurations": ["K4", "K3", "K2", "K1", "K5"]}, "O9": {"estimatedTestTime": {"K4": {"distribution": "normal", "mean": 14.664406865241958, "std": 3.0558273911564733}, "K1": {"distribution": "normal", "mean": 5.956761871262719, "std": 4.889164083773264}, "K2": {"distribution": "normal", "mean": 11.657330464923483, "std": 2.2676493750822444}, "K3": {"distribution": "normal", "mean": 45.0950385641569, "std": 4.2369819202413925}, "K5": {"distribution": "normal", "mean": 43.125185682765206, "std": 2.8116210529693437}}, "compatibleConfigurations": ["K4", "K1", "K2", "K3", "K5"]}, "O10": {"estimatedTestTime": {"K3": {"distribution": "normal", "mean": 18.590835335720886, "std": 3.3836789667031986}, "K5": {"distribution": "normal", "mean": 31.826199790840263, "std": 3.954150286898402}, "K4": {"distribution": "normal", "mean": 27.547081629318782, "std": 4.180709855504098}, "K1": {"distribution": "normal", "mean": 29.50147784183099, "std": 4.412720729454288}, "K2": {"distribution": "normal", "mean": 33.07445392721985, "std": 4.945320579786401}}, "compatibleConfigurations": ["K3", "K5", "K4", "K1", "K2"]}, "O11": {"estimatedTestTime": {"K1": {"distribution": "normal", "mean": 20.755784754363024, "std": 4.99260131006605}, "K4": {"distribution": "normal", "mean": 35.90651030006912, "std": 4.075115481773893}, "K2": {"distribution": "normal", "mean": 45.28938707267946, "std": 2.844860627979495}, "K3": {"distribution": "normal", "mean": 22.305095806686154, "std": 2.254474575963701}, "K5": {"distribution": "normal", "mean": 8.596827556043056, "std": 2.9404181780381653}}, "compatibleConfigurations": ["K1", "K4", "K2", "K3", "K5"]}, "O12": {"estimatedTestTime": {"K2": {"distribution": "normal", "mean": 36.00195297408607, "std": 2.995713340454964}, "K3": {"distribution": "normal", "mean": 4.933770111562641, "std": 2.115119126007478}, "K1": {"distribution": "normal", "mean": 16.83056757419947, "std": 4.9602762889183705}, "K4": {"distribution": "normal", "mean": 21.925135884936083, "std": 2.2541215033718354}, "K5": {"distribution": "normal", "mean": 49.23043322393477, "std": 2.6998388837534346}}, "compatibleConfigurations": ["K2", "K3", "K1", "K4", "K5"]}, "O13": {"estimatedTestTime": {"K1": {"distribution": "normal", "mean": 46.64914103288068, "std": 2.1780480286646786}, "K3": {"distribution": "normal", "mean": 21.710432638503832, "std": 4.278565503138898}, "K5": {"distribution": "normal", "mean": 16.972330916611444, "std": 2.493393055129435}, "K2": {"distribution": "normal", "mean": 4.647202615252848, "std": 4.984556702448084}, "K4": {"distribution": "normal", "mean": 18.715284787650045, "std": 2.0086128466964914}}, "compatibleConfigurations": ["K1", "K3", "K5", "K2", "K4"]}, "O14": {"estimatedTestTime": {"K3": {"distribution": "normal", "mean": 3.901454745053016, "std": 2.3166329054571726}, "K2": {"distribution": "normal", "mean": 45.116674006188276, "std": 2.0593174350253602}, "K4": {"distribution": "normal", "mean": 6.946658488508271, "std": 3.9686672662997475}, "K1": {"distribution": "normal", "mean": 2.8154491438637166, "std": 4.086229864780361}, "K5": {"distribution": "normal", "mean": 18.693981736398392, "std": 4.439082895614342}},