{"configurations": {"count": 3, "items": {"K1": {"index": 0, "setupTimes": [0, 46, 52]}, "K2": {"index": 1, "setupTimes": [59, 0, 17]}, "K3": {"index": 2, "setupTimes": [37, 49, 0]}}}, "testers": {"count": 5, "items": {"T1": {"supportedConfigurations": ["K1", "K3", "K2"]}, "T2": {"supportedConfigurations": ["K2", "K1"]}, "T3": {"supportedConfigurations": ["K1", "K2"]}, "T4": {"supportedConfigurations": ["K1", "K3", "K2"]}, "T5": {"supportedConfigurations": ["K1", "K3", "K2"]}}}, "operations": {"count": 17, "items": {"O1": {"estimatedTestTime": {"K3": {"distribution": "normal", "mean": 423.5977372836806, "std": 2.739775854474258}, "K2": {"distribution": "normal", "mean": 251.818697424652, "std": 4.216277055132064}}, "compatibleConfigurations": ["K3", "K2"]}, "O2": {"estimatedTestTime": {"K2": {"distribution": "normal", "mean": 29.995373105596013, "std": 4.822317990738256}, "K3": {"distribution": "normal", "mean": 409.99407420136004, "std": 2.985386938646708}, "K1": {"distribution": "normal", "mean": 95.64523801677058, "std": 3.4700018693908175}}, "compatibleConfigurations": ["K2", "K3", "K1"]}, "O3": {"estimatedTestTime": {"K1": {"distribution": "normal", "mean": 201.90374077554063, "std": 4.397792244574987}, "K3": {"distribution": "normal", "mean": 280.18259905615776, "std": 4.17862826980231}, "K2": {"distribution": "normal", "mean": 156.69016351572836, "std": 3.8414365500202665}}, "compatibleConfigurations": ["K1", "K3", "K2"]}, "O4": {"estimatedTestTime": {"K2": {"distribution": "normal", "mean": 471.6220136925282, "std": 2.403078691855502}, "K3": {"distribution": "normal", "mean": 288.519330427633, "std": 3.0210890150447107}}, "compatibleConfigurations": ["K2", "K3"]}, "O5": {"estimatedTestTime": {"K3": {"distribution": "normal", "mean": 159.7862899691909, "std": 4.777381867854734}, "K1": {"distribution": "normal", "mean": 66.59141697067619, "std": 3.4886090560494187}, "K2": {"distribution": "normal", "mean": 470.095715392423, "std": 4.564058193502281}}, "compatibleConfigurations": ["K3", "K1", "K2"]}, "O6": {"estimatedTestTime": {"K2": {"distribution": "normal", "mean": 86.49622214794529, "std": 4.035865142110794}, "K3": {"distribution": "normal", "mean": 421.14896689127244, "std": 3.372272334055108}, "K1": {"distribution": "normal", "mean": 260.7371562715873, "std": 3.660699031017729}}, "compatibleConfigurations": ["K2", "K3", "K1"]}, "O7": {"estimatedTestTime": {"K3": {"distribution": "normal", "mean": 198.17885648377745, "std": 3.7047356116645473}, "K2": {"distribution": "normal", "mean": 131.89879662425614, "std": 3.0937311842733846}, "K1": {"distribution": "normal", "mean": 336.5746432874417, "std": 2.431743991303724}}, "compatibleConfigurations": ["K3", "K2", "K1"]}, "O8": {"estimatedTestTime": {"K1": {"distribution": "normal", "mean": 442.94237206161336, "std": 3.9261419520606906}, "K3": {"distribution": "normal", "mean": 448.64151260927423, "std": 2.3735245596553054}, "K2": {"distribution": "normal", "mean": 495.4662139953336, "std": 3.1352218345212726}}, "compatibleConfigurations": ["K1", "K3", "K2"]}, "O9": {"estimatedTestTime": {"K1": {"distribution": "normal", "mean": 394.5934980685058, "std": 2.7454018688446244}, "K2": {"distribution": "normal", "mean": 251.65734328089025, "std": 4.213628376921253}}, "compatibleConfigurations": ["K1", "K2"]}, "O10": {"estimatedTestTime": {"K3": {"distribution": "normal", "mean": 309.70041536204525, "std": 4.53881440831797}, "K2": {"distribution": "normal", "mean": 139.05021255571592, "std": 4.780411957427276}}, "compatibleConfigurations": ["K3", "K2"]}, "O11": {"estimatedTestTime": {"K2": {"distribution": "normal", "mean": 59.98420088466623, "std": 2.9364066109900686}, "K1": {"distribution": "normal", "mean": 26.297244730622683, "std": 4.421886552678136}, "K3": {"distribution": "normal", "mean": 299.54413065119655, "std": 2.8300208613192703}}, "compatibleConfigurations": ["K2", "K1", "K3"]}, "O12": {"estimatedTestTime": {"K2": {"distribution": "normal", "mean": 61.03120519064379, "std": 4.880985829910183}, "K1": {"distribution": "normal", "mean": 370.93419083803144, "std": 3.042517594786736}, "K3": {"distribution": "normal", "mean": 393.93406486293986, "std": 2.4795765443694777}}, "compatibleConfigurations": ["K2", "K1", "K3"]}, "O13": {"estimatedTestTime": {"K3": {"distribution": "normal", "mean": 289.65694510622893, "std": 4.3468894158476665}, "K2": {"distribution": "normal", "mean": 258.0980352816237, "std": 2.5672470839273025}}, "compatibleConfigurations": ["K3", "K2"]}, "O14": {"estimatedTestTime": {"K1": {"distribution": "normal", "mean": 122.81636305563495, "std": 3.972417962430982}, "K2": {"distribution": "normal", "mean": 194.97090986931565, "std": 3.649459369447573}}, "compatibleConfigurations": ["K1", "K2"]}, "O15": {"estimatedTestTime": {"K1": {"distribution": "normal", "mean": 24.952066026834913, "std": 3.1475220122211582}, "K3": {"distribution": "normal", "mean": 439.9056870118871, "std": 2.1880211275662074}, "K2": {"distribution": "normal", "mean": 21.661004353616374, "std": 2.112498905653396}}, "compatibleConfigurations": ["K1", "K3", "K2"]}, "O16": {"estimatedTestTime": {"K3": {"distribution": "normal", "mean": 76.89539208297028, "std": 4.8480478929666555}, "K2": {"distribution": "normal", "mean": 377.2123034834094, "std": 2.7923780869318406}}, "compatibleConfigurations": ["K3", "K2"]}, "O17": {"estimatedTestTime": {"K3": {"distribution": "normal", "mean": 308.2230515252775, "std": 3.7182143060729933}, "K1": {"distribution": "normal", "mean": 434.99906773753145, "std": 2.8215798183099587}, "K2": {"distribution": "normal", "mean": 225.10231332787356, "std": 3.3629912036812453}}, "compatibleConfigurations": ["K3", "K1", "K2"]}}}, "products": {"count": 7, "items": {"P1": {"index": 0, "arrival": 0, "quantity": 2, "duedate": 1169.077438283727, "operations": ["O1", "O17", "O8", "O2", "O7", "O6", "O15", "O14", "O13"], "dependencies": [[3, 1], [4, 0], [4, 3], [5, 0], [5, 1], [5, 3], [6, 4], [6, 5], [7, 0], [7, 4], [8, 0], [8, 1], [8, 2], [8, 7]]}, "P2": {"index": 1, "arrival": 73.5642302865852, "quantity": 2, "duedate": 734.5606194207857, "operations": ["O15", "O10", "O8", "O6", "O7"], "dependencies": [[2, 1], [3, 0], [3, 1], [4, 0]]}, "P3": {"index": 2, "arrival": 147.69066310099373, "quantity": 3, "duedate": 897.478611425661, "operations": ["O7", "O14", "O4", "O10", "O15"], "dependencies": [[3, 1], [3, 2], [4, 0], [4, 3]]}, "P4": {"index": 3, "arrival": 233.10998275678924, "quantity": 2, "duedate": 1464.546937163406, "operations": ["O17", "O14", "O6", "O10", "O11", "O16", "O9", "O2", "O7", "O1", "O13"], "dependencies": [[1, 0], [2, 0], [2, 1], [3, 1], [5, 1], [5, 3], [6, 3], [6, 4], [7, 5], [8, 3], [8, 5], [8, 6], [9, 0], [9, 1], [9, 2], [10, 0], [10, 1], [10, 5]]}, "P5": {"index": 4, "arrival": 284.59734435141604, "quantity": 4, "duedate": 879.0159183635885, "operations": ["O6", "O1", "O9", "O2", "O4", "O16"], "dependencies": [[3, 1], [3, 2], [4, 0], [5, 0], [5, 1]]}, "P6": {"index": 5, "arrival": 379.505065199319, "quantity": 4, "duedate": 1658.2222673073754, "operations": ["O13", "O3", "O8", "O10", "O12", "O1", "O9"], "dependencies": [[1, 0], [3, 0], [3, 1], [4, 2], [4, 3], [5, 4], [6, 1], [6, 2], [6, 3], [6, 4]]}, "P7": {"index": 6, "arrival": 452.3654854443512, "quantity": 4, "duedate": 2490.9034359141483, "operations": ["O3", "O8", "O7", "O2", "O5", "O15", "O9", "O17", "O1", "O4", "O10", "O11", "O6", "O16"], "dependencies": [[1, 0], [3, 0], [3, 1], [4, 3], [5, 0], [5, 1], [6, 0], [6, 1], [7, 1], [7, 3], [7, 5], [8, 0], [8, 1], [8, 3], [8, 6], [8, 7], [9, 1], [9, 3], [9, 4], [9, 6], [9, 8], [10, 0], [10, 1], [10, 6], [10, 7], [10, 8], [10, 9], [11, 2], [11, 3], [11, 4], [11, 5], [11, 6], [12, 0], [12, 1], [12, 3], [12, 4], [12, 11], [13, 0], [13, 1], [13, 2], [13, 6], [13, 8], [13, 12]]}}}}