{"configurations": {"count": 4, "items": {"K1": {"index": 0, "setupTimes": [0, 9, 5, 0]}, "K2": {"index": 1, "setupTimes": [6, 0, 1, 0]}, "K3": {"index": 2, "setupTimes": [8, 7, 0, 7]}, "K4": {"index": 3, "setupTimes": [0, 4, 10, 0]}}}, "testers": {"count": 4, "items": {"T1": {"supportedConfigurations": ["K1", "K3", "K2", "K4"]}, "T2": {"supportedConfigurations": ["K1", "K3", "K4", "K2"]}, "T3": {"supportedConfigurations": ["K1", "K3"]}, "T4": {"supportedConfigurations": ["K3", "K4"]}}}, "operations": {"count": 14, "items": {"O1": {"estimatedTestTime": {"K1": {"distribution": "normal", "mean": 7.78279709714972, "std": 2.938160448244207}, "K3": {"distribution": "normal", "mean": 28.961144003447114, "std": 3.859595284963188}, "K4": {"distribution": "normal", "mean": 34.36336233528273, "std": 2.729470656556559}}, "compatibleConfigurations": ["K1", "K3", "K4"]}, "O2": {"estimatedTestTime": {"K1": {"distribution": "normal", "mean": 12.58575012038509, "std": 4.557369484015612}, "K4": {"distribution": "normal", "mean": 40.21710796175344, "std": 4.7526822288093005}}, "compatibleConfigurations": ["K1", "K4"]}, "O3": {"estimatedTestTime": {"K1": {"distribution": "normal", "mean": 12.860837495062796, "std": 3.7212838295784043}, "K2": {"distribution": "normal", "mean": 43.06369807188063, "std": 3.528069875617727}, "K3": {"distribution": "normal", "mean": 8.99836471994407, "std": 4.651057535140706}}, "compatibleConfigurations": ["K1", "K2", "K3"]}, "O4": {"estimatedTestTime": {"K3": {"distribution": "normal", "mean": 34.83886794964197, "std": 3.8080454525897345}, "K1": {"distribution": "normal", "mean": 46.33938908780332, "std": 2.487740254986489}, "K2": {"distribution": "normal", "mean": 18.973502397207035, "std": 2.517178851541773}}, "compatibleConfigurations": ["K3", "K1", "K2"]}, "O5": {"estimatedTestTime": {"K4": {"distribution": "normal", "mean": 35.714394552739876, "std": 3.042833133006278}, "K2": {"distribution": "normal", "mean": 26.30803806307172, "std": 2.7031354966517744}}, "compatibleConfigurations": ["K4", "K2"]}, "O6": {"estimatedTestTime": {"K1": {"distribution": "normal", "mean": 6.475749109869476, "std": 4.428555326395986}, "K2": {"distribution": "normal", "mean": 11.888277948957576, "std": 2.5149016422677004}}, "compatibleConfigurations": ["K1", "K2"]}, "O7": {"estimatedTestTime": {"K4": {"distribution": "normal", "mean": 30.445855252679955, "std": 3.308517345720805}, "K2": {"distribution": "normal", "mean": 3.26083805334844, "std": 4.185430453941052}}, "compatibleConfigurations": ["K4", "K2"]}, "O8": {"estimatedTestTime": {"K2": {"distribution": "normal", "mean": 42.8904259158131, "std": 4.223256611664834}, "K4": {"distribution": "normal", "mean": 15.720125615809783, "std": 2.386878735609093}, "K3": {"distribution": "normal", "mean": 38.94891520908125, "std": 2.3412528479865546}}, "compatibleConfigurations": ["K2", "K4", "K3"]}, "O9": {"estimatedTestTime": {"K3": {"distribution": "normal", "mean": 42.581104339244845, "std": 3.698375952914777}, "K4": {"distribution": "normal", "mean": 6.75336471211687, "std": 3.0021744505154335}, "K2": {"distribution": "normal", "mean": 24.386581746467755, "std": 2.139479944634521}}, "compatibleConfigurations": ["K3", "K4", "K2"]}, "O10": {"estimatedTestTime": {"K1": {"distribution": "normal", "mean": 39.25271738963047, "std": 2.056142556899496}, "K4": {"distribution": "normal", "mean": 37.668538521594066, "std": 4.703392796086966}, "K3": {"distribution": "normal", "mean": 28.40605080389399, "std": 2.873631556325544}}, "compatibleConfigurations": ["K1", "K4", "K3"]}, "O11": {"estimatedTestTime": {"K2": {"distribution": "normal", "mean": 7.232126624155619, "std": 2.1361878499498905}, "K3": {"distribution": "normal", "mean": 4.601409364328305, "std": 3.901905019752982}, "K1": {"distribution": "normal", "mean": 24.20474487960579, "std": 3.476973447398039}, "K4": {"distribution": "normal", "mean": 31.99502147169425, "std": 3.194158886513802}}, "compatibleConfigurations": ["K2", "K3", "K1", "K4"]}, "O12": {"estimatedTestTime": {"K2": {"distribution": "normal", "mean": 9.861211431085577, "std": 4.601743194183077}, "K1": {"distribution": "normal", "mean": 30.6412389459386, "std": 2.5524033816172818}, "K3": {"distribution": "normal", "mean": 26.234251847964337, "std": 2.2033694676112408}, "K4": {"distribution": "normal", "mean": 28.604831275333588, "std": 2.46784015951112}}, "compatibleConfigurations": ["K2", "K1", "K3", "K4"]}, "O13": {"estimatedTestTime": {"K3": {"distribution": "normal", "mean": 14.667169669034294, "std": 2.9233769203103313}, "K1": {"distribution": "normal", "mean": 12.61565224067317, "std": 3.518925154802428}}, "compatibleConfigurations": ["K3", "K1"]}, "O14": {"estimatedTestTime": {"K3": {"distribution": "normal", "mean": 39.41777051195022, "std": 3.8519836384814825}, "K2": {"distribution": "normal", "mean": 26.63788069952485, "std": 2.2987931721515373}, "K4": {"distribution": "normal", "mean": 11.906805855478815, "std": 3.94278396374389}}, "compatibleConfigurations": ["K3", "K2", "K4"]}}}, "products": {"count": 5, "items": {"P1": {"index": 0, "arrival": 0, "quantity": 2, "duedate": 51.006583048662634, "operations": ["O8", "O12", "O11"], "dependencies": [[2, 0], [2, 1]]}, "P2": {"index": 1, "arrival": 21.475307159916518, "quantity": 5, "duedate": 96.78018786220201, "operations": ["O14", "O10"], "dependencies": [[1, 0]]}, "P3": {"index": 2, "arrival": 52.87890335996576, "quantity": 3, "duedate": 103.20492294043325, "operations": ["O9", "O14", "O12", "O5"], "dependencies": [[1, 0], [2, 0], [3, 0]]}, "P4": {"index": 3, "arrival": 80.89881613124425, "quantity": 3, "duedate": 140.14278742615082, "operations": ["O11", "O13", "O8", "O4", "O6"], "dependencies": [[1, 0], [2, 1], [3, 0], [4, 0]]}, "P5": {"index": 4, "arrival": 100.79110767004536, "quantity": 2, "duedate": 152.97147505453873, "operations": ["O2", "O11", "O10"], "dependencies": [[2, 1], [2, 0]]}}}}