{"configurations": {"count": 3, "items": {"K1": {"index": 0, "setupTimes": [0, 8, 0]}, "K2": {"index": 1, "setupTimes": [7, 0, 2]}, "K3": {"index": 2, "setupTimes": [0, 3, 0]}}}, "testers": {"count": 4, "items": {"T1": {"supportedConfigurations": ["K1", "K3"]}, "T2": {"supportedConfigurations": ["K2", "K1"]}, "T3": {"supportedConfigurations": ["K3", "K2", "K1"]}, "T4": {"supportedConfigurations": ["K2", "K1", "K3"]}}}, "operations": {"count": 16, "items": {"O1": {"estimatedTestTime": {"K1": {"distribution": "normal", "mean": 48.82447220669887, "std": 4.2078573953343}, "K2": {"distribution": "normal", "mean": 20.487033791870914, "std": 2.371178913278922}, "K3": {"distribution": "normal", "mean": 10.634919850915859, "std": 2.8282054517222432}}, "compatibleConfigurations": ["K1", "K2", "K3"]}, "O2": {"estimatedTestTime": {"K3": {"distribution": "normal", "mean": 13.415634014344885, "std": 2.5208804741797635}, "K2": {"distribution": "normal", "mean": 43.78178964644092, "std": 3.2953713148170145}}, "compatibleConfigurations": ["K3", "K2"]}, "O3": {"estimatedTestTime": {"K1": {"distribution": "normal", "mean": 32.837089903558265, "std": 4.218480899355807}, "K2": {"distribution": "normal", "mean": 4.357384827445811, "std": 4.785362086868291}}, "compatibleConfigurations": ["K1", "K2"]}, "O4": {"estimatedTestTime": {"K1": {"distribution": "normal", "mean": 39.36694036998539, "std": 4.4615160377767795}, "K2": {"distribution": "normal", "mean": 28.565217872630875, "std": 4.834326432759748}, "K3": {"distribution": "normal", "mean": 25.445067010472172, "std": 3.4544194822605037}}, "compatibleConfigurations": ["K1", "K2", "K3"]}, "O5": {"estimatedTestTime": {"K3": {"distribution": "normal", "mean": 21.17290502063919, "std": 3.690673163037967}, "K1": {"distribution": "normal", "mean": 22.393140636037636, "std": 4.158937370142448}}, "compatibleConfigurations": ["K3", "K1"]}, "O6": {"estimatedTestTime": {"K1": {"distribution": "normal", "mean": 29.88469782292845, "std": 2.3530312754008316}, "K3": {"distribution": "normal", "mean": 4.231453211305528, "std": 4.0357973908359295}}, "compatibleConfigurations": ["K1", "K3"]}, "O7": {"estimatedTestTime": {"K3": {"distribution": "normal", "mean": 8.457672399074445, "std": 4.133111332961588}, "K2": {"distribution": "normal", "mean": 47.50833071637146, "std": 2.826041053814762}}, "compatibleConfigurations": ["K3", "K2"]}, "O8": {"estimatedTestTime": {"K2": {"distribution": "normal", "mean": 39.67580410249372, "std": 3.216907759377656}, "K1": {"distribution": "normal", "mean": 12.755818459641796, "std": 3.8532606549784467}}, "compatibleConfigurations": ["K2", "K1"]}, "O9": {"estimatedTestTime": {"K1": {"distribution": "normal", "mean": 21.16282989401843, "std": 2.990046831392606}, "K3": {"distribution": "normal", "mean": 47.937512739829046, "std": 2.688103232216089}, "K2": {"distribution": "normal", "mean": 33.619808336739254, "std": 2.5309597415761758}}, "compatibleConfigurations": ["K1", "K3", "K2"]}, "O10": {"estimatedTestTime": {"K2": {"distribution": "normal", "mean": 49.62723155287762, "std": 2.955610158419808}, "K3": {"distribution": "normal", "mean": 15.22715079621735, "std": 3.383646745212877}, "K1": {"distribution": "normal", "mean": 49.69355830094521, "std": 2.1841187552417543}}, "compatibleConfigurations": ["K2", "K3", "K1"]}, "O11": {"estimatedTestTime": {"K2": {"distribution": "normal", "mean": 36.481211375117255, "std": 3.7430253736352777}, "K1": {"distribution": "normal", "mean": 38.879125341463315, "std": 4.013045771233777}, "K3": {"distribution": "normal", "mean": 13.59800279428849, "std": 4.6685915090817645}}, "compatibleConfigurations": ["K2", "K1", "K3"]}, "O12": {"estimatedTestTime": {"K2": {"distribution": "normal", "mean": 25.093001072658623, "std": 3.7732740008879735}, "K1": {"distribution": "normal", "mean": 37.603862895436386, "std": 4.184506099481319}, "K3": {"distribution": "normal", "mean": 8.409945796581047, "std": 2.7502866193006943}}, "compatibleConfigurations": ["K2", "K1", "K3"]}, "O13": {"estimatedTestTime": {"K1": {"distribution": "normal", "mean": 35.805608714811136, "std": 2.2188157611266073}, "K3": {"distribution": "normal", "mean": 33.10924453812559, "std": 4.691592270772114}}, "compatibleConfigurations": ["K1", "K3"]}, "O14": {"estimatedTestTime": {"K1": {"distribution": "normal", "mean": 39.77373096338992, "std": 3.143182628055118}, "K2": {"distribution": "normal", "mean": 42.75095329427076, "std": 4.052694072256882}, "K3": {"distribution": "normal", "mean": 6.305133176383805, "std": 4.933237125477309}}, "compatibleConfigurations": ["K1", "K2", "K3"]}, "O15": {"estimatedTestTime": {"K1": {"distribution": "normal", "mean": 26.391312169106893, "std": 4.804442953131741}, "K3": {"distribution": "normal", "mean": 31.484370302847047, "std": 3.3020112270734794}}, "compatibleConfigurations": ["K1", "K3"]}, "O16": {"estimatedTestTime": {"K1": {"distribution": "normal", "mean": 19.12591900888024, "std": 3.021408768322312}, "K3": {"distribution": "normal", "mean": 43.86822263534741, "std": 3.0870440147858105}, "K2": {"distribution": "normal", "mean": 16.904010383225717, "std": 2.1529800602677156}}, "compatibleConfigurations": ["K1", "K3", "K2"]}}}, "products": {"count": 3, "items": {"P1": {"index": 0, "arrival": 0, "quantity": 3, "duedate": 49.30068120487837, "operations": ["O4", "O3"], "dependencies": [[1, 0]]}, "P2": {"index": 1, "arrival": 40.71601009728771, "quantity": 2, "duedate": 131.969066726708, "operations": ["O5", "O8", "O6", "O10", "O9"], "dependencies": [[2, 1], [2, 0], [3, 1], [4, 3]]}, "P3": {"index": 2, "arrival": 54.46590549930792, "quantity": 3, "duedate": 125.30469755620615, "operations": ["O4", "O7", "O3"], "dependencies": [[1, 0], [2, 1]]}}}}