{"configurations": {"count": 2, "items": {"K1": {"index": 0, "setupTimes": [0, 4]}, "K2": {"index": 1, "setupTimes": [9, 0]}}}, "testers": {"count": 2, "items": {"T1": {"supportedConfigurations": ["K1", "K2"]}, "T2": {"supportedConfigurations": ["K2", "K1"]}}}, "operations": {"count": 10, "items": {"O1": {"estimatedTestTime": {"K2": {"distribution": "normal", "mean": 6.642891614176062, "std": 4.883737558294217}, "K1": {"distribution": "normal", "mean": 4.875588223094923, "std": 4.906192710514075}}, "compatibleConfigurations": ["K2", "K1"]}, "O2": {"estimatedTestTime": {"K1": {"distribution": "normal", "mean": 24.07640575538294, "std": 2.2580754629847206}, "K2": {"distribution": "normal", "mean": 37.544812720230304, "std": 4.823142690980886}}, "compatibleConfigurations": ["K1", "K2"]}, "O3": {"estimatedTestTime": {"K1": {"distribution": "normal", "mean": 20.17397550981702, "std": 2.6143048873015706}, "K2": {"distribution": "normal", "mean": 20.514961122951423, "std": 2.9692524616618026}}, "compatibleConfigurations": ["K1", "K2"]}, "O4": {"estimatedTestTime": {"K2": {"distribution": "normal", "mean": 5.6759812758343, "std": 2.0081742970305507}, "K1": {"distribution": "normal", "mean": 44.839281266009095, "std": 2.745991220254371}}, "compatibleConfigurations": ["K2", "K1"]}, "O5": {"estimatedTestTime": {"K1": {"distribution": "normal", "mean": 15.268787814888162, "std": 4.43531380943522}, "K2": {"distribution": "normal", "mean": 25.36285611203423, "std": 2.192036062298131}}, "compatibleConfigurations": ["K1", "K2"]}, "O6": {"estimatedTestTime": {"K1": {"distribution": "normal", "mean": 13.95423041793564, "std": 2.9107932088015165}, "K2": {"distribution": "normal", "mean": 28.35243051287945, "std": 4.463179228041261}}, "compatibleConfigurations": ["K1", "K2"]}, "O7": {"estimatedTestTime": {"K2": {"distribution": "normal", "mean": 45.760957451378246, "std": 4.867775216168985}, "K1": {"distribution": "normal", "mean": 43.53025730301151, "std": 4.272282721776641}}, "compatibleConfigurations": ["K2", "K1"]}, "O8": {"estimatedTestTime": {"K2": {"distribution": "normal", "mean": 38.76766860528065, "std": 2.779472844134794}, "K1": {"distribution": "normal", "mean": 4.316739656016649, "std": 4.446313290136435}}, "compatibleConfigurations": ["K2", "K1"]}, "O9": {"estimatedTestTime": {"K1": {"distribution": "normal", "mean": 29.674103179026616, "std": 2.418672945222013}, "K2": {"distribution": "normal", "mean": 19.73134765496904, "std": 4.415196375568064}}, "compatibleConfigurations": ["K1", "K2"]}, "O10": {"estimatedTestTime": {"K1": {"distribution": "normal", "mean": 45.52365388282338, "std": 3.4109766374698793}, "K2": {"distribution": "normal", "mean": 30.35954129193773, "std": 2.293770338885843}}, "compatibleConfigurations": ["K1", "K2"]}}}, "products": {"count": 2, "items": {"P1": {"index": 0, "arrival": 0, "quantity": 3, "duedate": 103.80731001923867, "operations": ["O8", "O9", "O4", "O3", "O2"], "dependencies": [[1, 0], [2, 0], [3, 2], [4, 0]]}, "P2": {"index": 1, "arrival": 42.19122648644734, "quantity": 3, "duedate": 204.2216530110184, "operations": ["O1", "O7", "O10", "O2", "O4"], "dependencies": [[2, 1], [3, 0], [3, 2], [4, 2]]}}}}