{"configurations": {"count": 5, "items": {"K1": {"index": 0, "setupTimes": [0, 5, 5, 5, 5]}, "K2": {"index": 1, "setupTimes": [5, 0, 5, 5, 5]}, "K3": {"index": 2, "setupTimes": [5, 5, 0, 5, 5]}, "K4": {"index": 3, "setupTimes": [5, 5, 5, 0, 5]}, "K5": {"index": 4, "setupTimes": [5, 5, 5, 5, 0]}}}, "testers": {"count": 5, "items": {"T1": {"supportedConfigurations": ["K1", "K2"]}, "T2": {"supportedConfigurations": ["K2", "K5"]}, "T3": {"supportedConfigurations": ["K1", "K3"]}, "T4": {"supportedConfigurations": ["K5", "K4"]}, "T5": {"supportedConfigurations": ["K2", "K4"]}}}, "operations": {"count": 15, "items": {"O1": {"estimatedTestTime": {"K1": {"distribution": "normal", "mean": 29.06708660216747, "std": 3.554777645480486}, "K3": {"distribution": "normal", "mean": 31.44178497987616, "std": 4.805058070143869}, "K4": {"distribution": "normal", "mean": 6.444658498871192, "std": 4.326041011501866}, "K2": {"distribution": "normal", "mean": 5.6151302754246935, "std": 3.3687743185821954}, "K5": {"distribution": "normal", "mean": 25.72439467017884, "std": 3.4716007126866835}}, "compatibleConfigurations": ["K1", "K3", "K4", "K2", "K5"]}, "O2": {"estimatedTestTime": {"K3": {"distribution": "normal", "mean": 10.940000919231796, "std": 4.830749872591804}, "K5": {"distribution": "normal", "mean": 36.60935311269721, "std": 2.9602971048855284}, "K1": {"distribution": "normal", "mean": 22.510978567055872, "std": 2.7796428230023134}, "K4": {"distribution": "normal", "mean": 19.81911177654755, "std": 4.965359180287143}, "K2": {"distribution": "normal", "mean": 14.473721599722676, "std": 3.2230984636367737}}, "compatibleConfigurations": ["K3", "K5", "K1", "K4", "K2"]}, "O3": {"estimatedTestTime": {"K1": {"distribution": "normal", "mean": 41.34403885858191, "std": 2.427558887945517}, "K4": {"distribution": "normal", "mean": 40.06169453845844, "std": 3.3908508492612053}, "K5": {"distribution": "normal", "mean": 29.783965339186878, "std": 4.053219912733761}, "K2": {"distribution": "normal", "mean": 39.09965854877132, "std": 4.816813610221917}, "K3": {"distribution": "normal", "mean": 24.499188353311233, "std": 4.316111849438167}}, "compatibleConfigurations": ["K1", "K4", "K5", "K2", "K3"]}, "O4": {"estimatedTestTime": {"K1": {"distribution": "normal", "mean": 35.62058817033515, "std": 2.337308184576461}, "K5": {"distribution": "normal", "mean": 37.32126418743606, "std": 4.035811139740879}, "K3": {"distribution": "normal", "mean": 19.454988350608843, "std": 4.556496266746355}, "K2": {"distribution": "normal", "mean": 23.258420326185146, "std": 4.09823141741877}, "K4": {"distribution": "normal", "mean": 42.13808422149624, "std": 3.5504414836177185}}, "compatibleConfigurations": ["K1", "K5", "K3", "K2", "K4"]}, "O5": {"estimatedTestTime": {"K2": {"distribution": "normal", "mean": 47.10130302726449, "std": 3.5300180004228796}, "K1": {"distribution": "normal", "mean": 38.344497309000715, "std": 3.2340935520654503}, "K5": {"distribution": "normal", "mean": 48.878905990212495, "std": 3.2423897821411582}, "K3": {"distribution": "normal", "mean": 11.886291082198293, "std": 2.101013433985839}, "K4": {"distribution": "normal", "mean": 39.1702203776946, "std": 2.0647704391830013}}, "compatibleConfigurations": ["K2", "K1", "K5", "K3", "K4"]}, "O6": {"estimatedTestTime": {"K1": {"distribution": "normal", "mean": 5.733852598811744, "std": 3.8070243699482305}, "K5": {"distribution": "normal", "mean": 37.93927136837082, "std": 2.908180770385722}, "K3": {"distribution": "normal", "mean": 25.602260024212484, "std": 4.608924229859799}, "K2": {"distribution": "normal", "mean": 10.264977224693306, "std": 3.514978488207381}, "K4": {"distribution": "normal", "mean": 32.70972414732738, "std": 4.539988031341815}}, "compatibleConfigurations": ["K1", "K5", "K3", "K2", "K4"]}, "O7": {"estimatedTestTime": {"K1": {"distribution": "normal", "mean": 47.0395986389193, "std": 2.7252966164442207}, "K2": {"distribution": "normal", "mean": 16.35024450960849, "std": 4.657937616655353}, "K3": {"distribution": "normal", "mean": 7.698224101741051, "std": 2.6699414285132823}, "K4": {"distribution": "normal", "mean": 9.931630525655622, "std": 2.7792481550427413}, "K5": {"distribution": "normal", "mean": 36.45687126319635, "std": 2.0212663247478044}}, "compatibleConfigurations": ["K1", "K2", "K3", "K4", "K5"]}, "O8": {"estimatedTestTime": {"K3": {"distribution": "normal", "mean": 10.58026725321198, "std": 4.659257005610652}, "K2": {"distribution": "normal", "mean": 37.00225152338027, "std": 4.728533824135245}, "K4": {"distribution": "normal", "mean": 41.48405624650919, "std": 2.8413868863327147}, "K5": {"distribution": "normal", "mean": 38.301141355543805, "std": 4.298391738929032}, "K1": {"distribution": "normal", "mean": 39.3286485717124, "std": 4.520551875444324}}, "compatibleConfigurations": ["K3", "K2", "K4", "K5", "K1"]}, "O9": {"estimatedTestTime": {"K4": {"distribution": "normal", "mean": 41.74680761948539, "std": 3.778613798373387}, "K5": {"distribution": "normal", "mean": 42.84275464408361, "std": 4.973917427132924}, "K2": {"distribution": "normal", "mean": 27.858926988664006, "std": 3.7265911698659235}, "K3": {"distribution": "normal", "mean": 17.07739694689471, "std": 2.945709402165662}, "K1": {"distribution": "normal", "mean": 38.70407137419395, "std": 4.657552261384074}}, "compatibleConfigurations": ["K4", "K5", "K2", "K3", "K1"]}, "O10": {"estimatedTestTime": {"K4": {"distribution": "normal", "mean": 5.249791124890612, "std": 4.316752620269437}, "K3": {"distribution": "normal", "mean": 27.367899818405846, "std": 3.9696645408310824}, "K1": {"distribution": "normal", "mean": 16.989736691110917, "std": 3.001741298462043}, "K5": {"distribution": "normal", "mean": 43.23698424735046, "std": 2.04227771528329}, "K2": {"distribution": "normal", "mean": 42.32836383918614, "std": 3.6720636773480932}}, "compatibleConfigurations": ["K4", "K3", "K1", "K5", "K2"]}, "O11": {"estimatedTestTime": {"K5": {"distribution": "normal", "mean": 2.691352438816198, "std": 4.500714114397901}, "K1": {"distribution": "normal", "mean": 44.958515767498774, "std": 3.6288938638389974}, "K2": {"distribution": "normal", "mean": 37.734609132094945, "std": 4.0908743440030815}, "K4": {"distribution": "normal", "mean": 14.522953932026121, "std": 4.147816648340503}, "K3": {"distribution": "normal", "mean": 45.848035252170405, "std": 4.599518937905053}}, "compatibleConfigurations": ["K5", "K1", "K2", "K4", "K3"]}, "O12": {"estimatedTestTime": {"K2": {"distribution": "normal", "mean": 49.42501071611419, "std": 2.383520003690841}, "K4": {"distribution": "normal", "mean": 14.39977049753105, "std": 3.7204608000165686}, "K3": {"distribution": "normal", "mean": 24.07744967167845, "std": 3.629849530749412}, "K5": {"distribution": "normal", "mean": 8.250828225132585, "std": 2.922448610960428}, "K1": {"distribution": "normal", "mean": 11.588935290856426, "std": 2.7590464639874948}}, "compatibleConfigurations": ["K2", "K4", "K3", "K5", "K1"]}, "O13": {"estimatedTestTime": {"K3": {"distribution": "normal", "mean": 10.058610541585608, "std": 3.611034057378497}, "K1": {"distribution": "normal", "mean": 8.499035194816189, "std": 2.2970284385241833}, "K5": {"distribution": "normal", "mean": 26.690823050431504, "std": 4.54358353510135}, "K2": {"distribution": "normal", "mean": 29.93121812951514, "std": 3.7671997193061033}, "K4": {"distribution": "normal", "mean": 22.599039368323407, "std": 3.0020720637310827}}, "compatibleConfigurations": ["K3", "K1", "K5", "K2", "K4"]}, "O14": {"estimatedTestTime": {"K2": {"distribution": "normal", "mean": 3.240970345412098, "std": 3.7907520959641943}, "K5": {"distribution": "normal", "mean": 12.37003823502383, "std": 2.333289686172796}, "K1": {"distribution": "normal", "mean": 24.368257801396762, "std": 3.2947571848994697}, "K4": {"distribution": "normal", "mean": 28.757128502726776, "std": 3.346519906757433}, "K3": {"distribution": "normal", "mean": 26.374813498763594, "std": 2.268781255736385}},