{"configurations": {"count": 2, "items": {"K1": {"index": 0, "setupTimes": [0, 46]}, "K2": {"index": 1, "setupTimes": [54, 0]}}}, "testers": {"count": 4, "items": {"T1": {"supportedConfigurations": ["K1", "K2"]}, "T2": {"supportedConfigurations": ["K1", "K2"]}, "T3": {"supportedConfigurations": ["K2", "K1"]}, "T4": {"supportedConfigurations": ["K2", "K1"]}}}, "operations": {"count": 15, "items": {"O1": {"estimatedTestTime": {"K1": {"distribution": "normal", "mean": 459.6235175809918, "std": 2.117564303157117}, "K2": {"distribution": "normal", "mean": 110.83684705489952, "std": 4.183026871141596}}, "compatibleConfigurations": ["K1", "K2"]}, "O2": {"estimatedTestTime": {"K1": {"distribution": "normal", "mean": 279.3338636253562, "std": 4.640194238845239}, "K2": {"distribution": "normal", "mean": 49.91952189291736, "std": 4.356899094611942}}, "compatibleConfigurations": ["K1", "K2"]}, "O3": {"estimatedTestTime": {"K2": {"distribution": "normal", "mean": 145.78607400228574, "std": 4.27861818402922}, "K1": {"distribution": "normal", "mean": 41.71501678202426, "std": 2.530865418179944}}, "compatibleConfigurations": ["K2", "K1"]}, "O4": {"estimatedTestTime": {"K1": {"distribution": "normal", "mean": 180.88859840111851, "std": 2.437797723914282}, "K2": {"distribution": "normal", "mean": 406.310222206547, "std": 4.562565640708988}}, "compatibleConfigurations": ["K1", "K2"]}, "O5": {"estimatedTestTime": {"K2": {"distribution": "normal", "mean": 360.7534069178808, "std": 4.536710731141316}, "K1": {"distribution": "normal", "mean": 71.00951506524802, "std": 2.510639280673126}}, "compatibleConfigurations": ["K2", "K1"]}, "O6": {"estimatedTestTime": {"K1": {"distribution": "normal", "mean": 214.60779814289816, "std": 2.2269599138860374}, "K2": {"distribution": "normal", "mean": 391.31990473175176, "std": 4.573483369023767}}, "compatibleConfigurations": ["K1", "K2"]}, "O7": {"estimatedTestTime": {"K2": {"distribution": "normal", "mean": 323.03434790714886, "std": 3.5171171764269435}, "K1": {"distribution": "normal", "mean": 214.15966398385, "std": 4.126320997788747}}, "compatibleConfigurations": ["K2", "K1"]}, "O8": {"estimatedTestTime": {"K2": {"distribution": "normal", "mean": 104.37474328765387, "std": 4.216022341329923}, "K1": {"distribution": "normal", "mean": 374.26798833241156, "std": 3.3081898034380273}}, "compatibleConfigurations": ["K2", "K1"]}, "O9": {"estimatedTestTime": {"K1": {"distribution": "normal", "mean": 248.47470778080125, "std": 3.1574529131904856}, "K2": {"distribution": "normal", "mean": 138.31918053917732, "std": 3.509608977661702}}, "compatibleConfigurations": ["K1", "K2"]}, "O10": {"estimatedTestTime": {"K1": {"distribution": "normal", "mean": 24.643141747232814, "std": 3.186253251059334}, "K2": {"distribution": "normal", "mean": 390.8558174786269, "std": 3.182083770272252}}, "compatibleConfigurations": ["K1", "K2"]}, "O11": {"estimatedTestTime": {"K2": {"distribution": "normal", "mean": 50.62891022695523, "std": 2.6823062127473487}, "K1": {"distribution": "normal", "mean": 399.32869273965616, "std": 3.0328853932226747}}, "compatibleConfigurations": ["K2", "K1"]}, "O12": {"estimatedTestTime": {"K2": {"distribution": "normal", "mean": 363.753434888513, "std": 2.878845103818539}, "K1": {"distribution": "normal", "mean": 274.5646865821539, "std": 2.570458966312708}}, "compatibleConfigurations": ["K2", "K1"]}, "O13": {"estimatedTestTime": {"K1": {"distribution": "normal", "mean": 353.1084032301458, "std": 2.2778981458348886}, "K2": {"distribution": "normal", "mean": 245.18690781358322, "std": 3.179340639123009}}, "compatibleConfigurations": ["K1", "K2"]}, "O14": {"estimatedTestTime": {"K2": {"distribution": "normal", "mean": 179.73264585072485, "std": 3.055673184108786}, "K1": {"distribution": "normal", "mean": 405.2276018949123, "std": 4.744200039172403}}, "compatibleConfigurations": ["K2", "K1"]}, "O15": {"estimatedTestTime": {"K2": {"distribution": "normal", "mean": 294.3039772533081, "std": 3.047800317263654}, "K1": {"distribution": "normal", "mean": 296.453733514781, "std": 2.48498340947806}}, "compatibleConfigurations": ["K2", "K1"]}}}, "products": {"count": 2, "items": {"P1": {"index": 0, "arrival": 0, "quantity": 2, "duedate": 1788.5015988825844, "operations": ["O6", "O10", "O7", "O9", "O11", "O5", "O4", "O14", "O2", "O15", "O3", "O12", "O13"], "dependencies": [[1, 0], [2, 1], [3, 0], [3, 2], [4, 3], [5, 3], [6, 0], [6, 1], [6, 2], [7, 1], [7, 2], [7, 5], [8, 4], [9, 2], [9, 4], [10, 2], [10, 3], [10, 4], [11, 1], [11, 2], [11, 6], [11, 9], [12, 0], [12, 5]]}, "P2": {"index": 1, "arrival": 60.33748987753768, "quantity": 2, "duedate": 694.2359272653454, "operations": ["O2", "O8", "O3", "O7", "O6", "O10"], "dependencies": [[2, 1], [2, 0], [4, 3], [4, 2], [5, 1]]}}}}