{"configurations": {"count": 3, "items": {"K1": {"index": 0, "setupTimes": [0, 49, 25]}, "K2": {"index": 1, "setupTimes": [6, 0, 7]}, "K3": {"index": 2, "setupTimes": [55, 36, 0]}}}, "testers": {"count": 2, "items": {"T1": {"supportedConfigurations": ["K2", "K3", "K1"]}, "T2": {"supportedConfigurations": ["K3", "K2", "K1"]}}}, "operations": {"count": 13, "items": {"O1": {"estimatedTestTime": {"K2": {"distribution": "normal", "mean": 36.015934062474805, "std": 3.8861755370257036}, "K3": {"distribution": "normal", "mean": 265.2637764137015, "std": 2.7657987835374027}}, "compatibleConfigurations": ["K2", "K3"]}, "O2": {"estimatedTestTime": {"K3": {"distribution": "normal", "mean": 9.220579348456804, "std": 3.766612850223522}, "K1": {"distribution": "normal", "mean": 271.1725664577238, "std": 4.449596415843979}}, "compatibleConfigurations": ["K3", "K1"]}, "O3": {"estimatedTestTime": {"K3": {"distribution": "normal", "mean": 169.69967171395513, "std": 4.3444606360222195}, "K1": {"distribution": "normal", "mean": 197.25561879601486, "std": 2.409342520799091}, "K2": {"distribution": "normal", "mean": 184.75925464600314, "std": 3.9750497631416666}}, "compatibleConfigurations": ["K3", "K1", "K2"]}, "O4": {"estimatedTestTime": {"K3": {"distribution": "normal", "mean": 329.5787129665547, "std": 2.9481189331794897}, "K1": {"distribution": "normal", "mean": 17.92044897809433, "std": 2.1281684082924697}}, "compatibleConfigurations": ["K3", "K1"]}, "O5": {"estimatedTestTime": {"K3": {"distribution": "normal", "mean": 47.145243300636935, "std": 4.460255143236989}, "K1": {"distribution": "normal", "mean": 422.7798638475536, "std": 4.84872858008142}, "K2": {"distribution": "normal", "mean": 116.01368565167712, "std": 2.2991968122600195}}, "compatibleConfigurations": ["K3", "K1", "K2"]}, "O6": {"estimatedTestTime": {"K2": {"distribution": "normal", "mean": 238.98876148874507, "std": 4.077754691279107}, "K1": {"distribution": "normal", "mean": 162.9357151687454, "std": 3.681988897370001}}, "compatibleConfigurations": ["K2", "K1"]}, "O7": {"estimatedTestTime": {"K2": {"distribution": "normal", "mean": 232.3831653161097, "std": 2.27999240928729}, "K3": {"distribution": "normal", "mean": 310.42463271261244, "std": 2.1666869789019687}}, "compatibleConfigurations": ["K2", "K3"]}, "O8": {"estimatedTestTime": {"K1": {"distribution": "normal", "mean": 251.94211651031958, "std": 3.2434892810624283}, "K2": {"distribution": "normal", "mean": 445.70812610391647, "std": 3.792234834085964}}, "compatibleConfigurations": ["K1", "K2"]}, "O9": {"estimatedTestTime": {"K2": {"distribution": "normal", "mean": 199.73375271619173, "std": 2.8789378735252065}, "K3": {"distribution": "normal", "mean": 327.2950142789294, "std": 2.23826240474141}, "K1": {"distribution": "normal", "mean": 4.182851413291807, "std": 2.9033037032810367}}, "compatibleConfigurations": ["K2", "K3", "K1"]}, "O10": {"estimatedTestTime": {"K3": {"distribution": "normal", "mean": 241.91258310778184, "std": 3.054282080604628}, "K2": {"distribution": "normal", "mean": 499.7603043458566, "std": 4.284288662732657}}, "compatibleConfigurations": ["K3", "K2"]}, "O11": {"estimatedTestTime": {"K2": {"distribution": "normal", "mean": 53.177475882242405, "std": 4.398500478341573}, "K3": {"distribution": "normal", "mean": 258.6274701623927, "std": 4.747273008141519}}, "compatibleConfigurations": ["K2", "K3"]}, "O12": {"estimatedTestTime": {"K3": {"distribution": "normal", "mean": 438.2169257832965, "std": 2.9863716834046743}, "K1": {"distribution": "normal", "mean": 201.36076834050533, "std": 4.896846630395635}, "K2": {"distribution": "normal", "mean": 45.10920191511113, "std": 4.659342036620396}}, "compatibleConfigurations": ["K3", "K1", "K2"]}, "O13": {"estimatedTestTime": {"K2": {"distribution": "normal", "mean": 91.30039925513405, "std": 4.339833405261417}, "K3": {"distribution": "normal", "mean": 23.068283309611875, "std": 3.8375390206707367}, "K1": {"distribution": "normal", "mean": 37.93050144837969, "std": 2.249632686395581}}, "compatibleConfigurations": ["K2", "K3", "K1"]}}}, "products": {"count": 4, "items": {"P1": {"index": 0, "arrival": 0, "quantity": 2, "duedate": 562.4326580785516, "operations": ["O3", "O5", "O9", "O8", "O12", "O2", "O1", "O11"], "dependencies": [[1, 0], [4, 0], [5, 1], [5, 2], [6, 1], [7, 3], [7, 4]]}, "P2": {"index": 1, "arrival": 65.17560188647434, "quantity": 2, "duedate": 994.8669593412953, "operations": ["O9", "O10", "O7", "O6", "O3", "O2", "O4", "O8"], "dependencies": [[2, 1], [3, 1], [5, 0], [5, 2], [6, 1], [6, 2], [6, 3], [7, 2], [7, 3], [7, 4]]}, "P3": {"index": 2, "arrival": 144.7701275493618, "quantity": 5, "duedate": 2117.3257549622003, "operations": ["O11", "O2", "O12", "O4", "O8", "O1", "O3", "O13", "O10"], "dependencies": [[3, 0], [3, 1], [3, 2], [4, 3], [5, 0], [6, 3], [7, 0], [7, 2], [7, 4], [8, 3]]}, "P4": {"index": 3, "arrival": 212.3078859548091, "quantity": 2, "duedate": 1304.4495005253204, "operations": ["O3", "O10", "O9", "O11", "O7", "O13", "O8"], "dependencies": [[2, 1], [4, 2], [4, 3], [5, 0], [5, 2], [6, 1], [6, 4]]}}}}