{"configurations": {"count": 3, "items": {"K1": {"index": 0, "setupTimes": [0, 44, 14]}, "K2": {"index": 1, "setupTimes": [48, 0, 4]}, "K3": {"index": 2, "setupTimes": [33, 33, 0]}}}, "testers": {"count": 3, "items": {"T1": {"supportedConfigurations": ["K1", "K2", "K3"]}, "T2": {"supportedConfigurations": ["K3", "K2"]}, "T3": {"supportedConfigurations": ["K1", "K3"]}}}, "operations": {"count": 14, "items": {"O1": {"estimatedTestTime": {"K2": {"distribution": "normal", "mean": 353.39142723449055, "std": 4.526424971665415}, "K3": {"distribution": "normal", "mean": 381.56617983716194, "std": 4.2191694616673265}}, "compatibleConfigurations": ["K2", "K3"]}, "O2": {"estimatedTestTime": {"K3": {"distribution": "normal", "mean": 221.46489580254382, "std": 2.435511712076999}, "K2": {"distribution": "normal", "mean": 436.0096830062789, "std": 2.9234688695693825}, "K1": {"distribution": "normal", "mean": 328.16489362115664, "std": 3.1440747782907543}}, "compatibleConfigurations": ["K3", "K2", "K1"]}, "O3": {"estimatedTestTime": {"K3": {"distribution": "normal", "mean": 40.342343186225094, "std": 2.5005550094636853}, "K2": {"distribution": "normal", "mean": 173.99125558476084, "std": 4.211968828554989}}, "compatibleConfigurations": ["K3", "K2"]}, "O4": {"estimatedTestTime": {"K3": {"distribution": "normal", "mean": 9.227531376109123, "std": 2.2401704097476234}, "K1": {"distribution": "normal", "mean": 313.98551309874904, "std": 2.787838139441763}}, "compatibleConfigurations": ["K3", "K1"]}, "O5": {"estimatedTestTime": {"K2": {"distribution": "normal", "mean": 258.5908824361984, "std": 4.792854855050155}, "K3": {"distribution": "normal", "mean": 385.69172915697453, "std": 4.744090790873512}, "K1": {"distribution": "normal", "mean": 109.73388092782223, "std": 2.0057042516683494}}, "compatibleConfigurations": ["K2", "K3", "K1"]}, "O6": {"estimatedTestTime": {"K2": {"distribution": "normal", "mean": 66.58965879699763, "std": 2.5570985645515045}, "K1": {"distribution": "normal", "mean": 38.44659010467259, "std": 4.588272225708039}, "K3": {"distribution": "normal", "mean": 452.9101331118253, "std": 2.9227701252269003}}, "compatibleConfigurations": ["K2", "K1", "K3"]}, "O7": {"estimatedTestTime": {"K3": {"distribution": "normal", "mean": 297.2821721724028, "std": 2.316432810127513}, "K1": {"distribution": "normal", "mean": 425.9118681498505, "std": 3.7799916408374865}}, "compatibleConfigurations": ["K3", "K1"]}, "O8": {"estimatedTestTime": {"K1": {"distribution": "normal", "mean": 239.49275037966817, "std": 2.653169750657879}, "K2": {"distribution": "normal", "mean": 179.28018913900934, "std": 4.438528014767359}}, "compatibleConfigurations": ["K1", "K2"]}, "O9": {"estimatedTestTime": {"K3": {"distribution": "normal", "mean": 183.1918673849962, "std": 3.4737094409570304}, "K2": {"distribution": "normal", "mean": 303.72535253211885, "std": 4.8900713031372565}}, "compatibleConfigurations": ["K3", "K2"]}, "O10": {"estimatedTestTime": {"K3": {"distribution": "normal", "mean": 470.5587083491795, "std": 4.131843871533363}, "K2": {"distribution": "normal", "mean": 214.86495604831134, "std": 3.0856679457234204}, "K1": {"distribution": "normal", "mean": 464.6901567119144, "std": 4.4545670736236325}}, "compatibleConfigurations": ["K3", "K2", "K1"]}, "O11": {"estimatedTestTime": {"K3": {"distribution": "normal", "mean": 448.8716559099017, "std": 4.9382165433222385}, "K2": {"distribution": "normal", "mean": 317.0186677518865, "std": 3.7289275430141853}}, "compatibleConfigurations": ["K3", "K2"]}, "O12": {"estimatedTestTime": {"K1": {"distribution": "normal", "mean": 274.80524005658833, "std": 2.493032594982866}, "K3": {"distribution": "normal", "mean": 258.520166616831, "std": 3.791735929786804}}, "compatibleConfigurations": ["K1", "K3"]}, "O13": {"estimatedTestTime": {"K2": {"distribution": "normal", "mean": 158.91839366278535, "std": 2.5940209999192403}, "K1": {"distribution": "normal", "mean": 122.91475089638178, "std": 3.5671432929366658}}, "compatibleConfigurations": ["K2", "K1"]}, "O14": {"estimatedTestTime": {"K3": {"distribution": "normal", "mean": 112.65555057750782, "std": 4.260119782264985}, "K1": {"distribution": "normal", "mean": 382.05419453977026, "std": 2.4464807023888335}, "K2": {"distribution": "normal", "mean": 392.00037596695466, "std": 2.72327901416674}}, "compatibleConfigurations": ["K3", "K1", "K2"]}}}, "products": {"count": 4, "items": {"P1": {"index": 0, "arrival": 0, "quantity": 5, "duedate": 1585.107790550494, "operations": ["O9", "O1", "O12", "O2", "O7"], "dependencies": [[2, 0], [2, 1], [3, 2], [4, 2]]}, "P2": {"index": 1, "arrival": 98.60708473699873, "quantity": 4, "duedate": 1055.3927655708007, "operations": ["O4", "O2", "O11", "O10", "O8", "O6", "O7", "O1"], "dependencies": [[3, 0], [3, 2], [4, 0], [5, 2], [6, 1], [6, 4], [7, 0]]}, "P3": {"index": 2, "arrival": 197.39077534332046, "quantity": 2, "duedate": 2375.2865386358135, "operations": ["O5", "O1", "O13", "O3", "O4", "O8", "O9", "O11", "O6", "O10", "O12", "O14", "O2", "O7"], "dependencies": [[2, 1], [3, 0], [3, 2], [4, 2], [4, 3], [5, 0], [5, 3], [6, 0], [6, 4], [6, 5], [7, 0], [7, 4], [7, 6], [8, 7], [9, 0], [10, 1], [10, 2], [10, 5], [10, 8], [11, 2], [11, 3], [11, 4], [12, 1], [12, 7], [13, 3], [13, 4], [13, 6], [13, 7], [13, 8], [13, 10], [13, 12]]}, "P4": {"index": 3, "arrival": 271.65402919461513, "quantity": 2, "duedate": 835.4724476657349, "operations": ["O13", "O14", "O1", "O3", "O4"], "dependencies": [[1, 0], [2, 0], [3, 1], [4, 1]]}}}}