{"configurations": {"count": 4, "items": {"K1": {"index": 0, "setupTimes": [0, 4, 7, 22]}, "K2": {"index": 1, "setupTimes": [2, 0, 28, 11]}, "K3": {"index": 2, "setupTimes": [45, 52, 0, 4]}, "K4": {"index": 3, "setupTimes": [26, 58, 33, 0]}}}, "testers": {"count": 5, "items": {"T1": {"supportedConfigurations": ["K3", "K1", "K4"]}, "T2": {"supportedConfigurations": ["K2", "K4", "K3"]}, "T3": {"supportedConfigurations": ["K1", "K2", "K3"]}, "T4": {"supportedConfigurations": ["K3", "K1", "K4"]}, "T5": {"supportedConfigurations": ["K3", "K1", "K4", "K2"]}}}, "operations": {"count": 19, "items": {"O1": {"estimatedTestTime": {"K2": {"distribution": "normal", "mean": 241.3664927367502, "std": 4.008891966998171}, "K1": {"distribution": "normal", "mean": 31.839947341891495, "std": 3.3397560347132473}, "K3": {"distribution": "normal", "mean": 221.57328059287443, "std": 3.8485627703153455}, "K4": {"distribution": "normal", "mean": 24.11892687922302, "std": 3.1056201869353135}}, "compatibleConfigurations": ["K2", "K1", "K3", "K4"]}, "O2": {"estimatedTestTime": {"K2": {"distribution": "normal", "mean": 404.3946952093588, "std": 2.6136163912071306}, "K3": {"distribution": "normal", "mean": 397.26815620653343, "std": 3.776167539774078}, "K1": {"distribution": "normal", "mean": 92.67546679080242, "std": 2.1221766061581184}}, "compatibleConfigurations": ["K2", "K3", "K1"]}, "O3": {"estimatedTestTime": {"K2": {"distribution": "normal", "mean": 190.72049369222069, "std": 2.3776661477806114}, "K1": {"distribution": "normal", "mean": 196.08015055789895, "std": 4.863782776175201}}, "compatibleConfigurations": ["K2", "K1"]}, "O4": {"estimatedTestTime": {"K2": {"distribution": "normal", "mean": 86.04051687013335, "std": 2.6405610505643136}, "K3": {"distribution": "normal", "mean": 390.32700708722916, "std": 2.320224739203179}, "K1": {"distribution": "normal", "mean": 456.26087088009757, "std": 4.556504922934995}}, "compatibleConfigurations": ["K2", "K3", "K1"]}, "O5": {"estimatedTestTime": {"K2": {"distribution": "normal", "mean": 255.8699342766367, "std": 4.072553211983859}, "K4": {"distribution": "normal", "mean": 484.4718888965843, "std": 4.333230991652988}}, "compatibleConfigurations": ["K2", "K4"]}, "O6": {"estimatedTestTime": {"K1": {"distribution": "normal", "mean": 66.72086208270186, "std": 2.4560384172234766}, "K3": {"distribution": "normal", "mean": 396.1472335619437, "std": 4.734046603833756}}, "compatibleConfigurations": ["K1", "K3"]}, "O7": {"estimatedTestTime": {"K3": {"distribution": "normal", "mean": 51.7608648659412, "std": 3.5826714285371675}, "K2": {"distribution": "normal", "mean": 456.53930735904663, "std": 2.1388766476210628}, "K1": {"distribution": "normal", "mean": 269.16669081376426, "std": 3.578314355439514}}, "compatibleConfigurations": ["K3", "K2", "K1"]}, "O8": {"estimatedTestTime": {"K1": {"distribution": "normal", "mean": 199.10353809631312, "std": 3.3443181083784093}, "K3": {"distribution": "normal", "mean": 113.52797295504276, "std": 4.766166315331443}, "K2": {"distribution": "normal", "mean": 129.69212426976875, "std": 3.7225971163724703}}, "compatibleConfigurations": ["K1", "K3", "K2"]}, "O9": {"estimatedTestTime": {"K4": {"distribution": "normal", "mean": 345.0908360741983, "std": 2.676552674403601}, "K3": {"distribution": "normal", "mean": 441.40891099136564, "std": 4.8693835416768545}, "K2": {"distribution": "normal", "mean": 218.19074212376384, "std": 2.9126852176931637}}, "compatibleConfigurations": ["K4", "K3", "K2"]}, "O10": {"estimatedTestTime": {"K2": {"distribution": "normal", "mean": 113.83833762689294, "std": 2.107360452815885}, "K4": {"distribution": "normal", "mean": 486.72112679116935, "std": 2.257018369438649}}, "compatibleConfigurations": ["K2", "K4"]}, "O11": {"estimatedTestTime": {"K2": {"distribution": "normal", "mean": 21.820300174934108, "std": 2.5892176992733065}, "K3": {"distribution": "normal", "mean": 108.92614055208784, "std": 3.081076970646071}, "K1": {"distribution": "normal", "mean": 157.70470891674367, "std": 2.823348469136324}}, "compatibleConfigurations": ["K2", "K3", "K1"]}, "O12": {"estimatedTestTime": {"K3": {"distribution": "normal", "mean": 457.525084539612, "std": 3.107737126233379}, "K4": {"distribution": "normal", "mean": 352.5475689392733, "std": 3.4951342132765326}, "K2": {"distribution": "normal", "mean": 164.28976988706822, "std": 3.5764622756708713}}, "compatibleConfigurations": ["K3", "K4", "K2"]}, "O13": {"estimatedTestTime": {"K3": {"distribution": "normal", "mean": 68.64891588287603, "std": 4.737675604097447}, "K2": {"distribution": "normal", "mean": 423.87180317441164, "std": 3.293380348272207}, "K1": {"distribution": "normal", "mean": 321.6023954731979, "std": 2.086967843604365}}, "compatibleConfigurations": ["K3", "K2", "K1"]}, "O14": {"estimatedTestTime": {"K4": {"distribution": "normal", "mean": 299.5824169105001, "std": 3.4750332127039543}, "K2": {"distribution": "normal", "mean": 30.523723834185386, "std": 3.6757443411687345}, "K1": {"distribution": "normal", "mean": 165.77423491116184, "std": 3.3689754594160246}}, "compatibleConfigurations": ["K4", "K2", "K1"]}, "O15": {"estimatedTestTime": {"K4": {"distribution": "normal", "mean": 112.17004845995628, "std": 4.993360634402801}, "K1": {"distribution": "normal", "mean": 302.73646115357025, "std": 3.1371575852977474}, "K3": {"distribution": "normal", "mean": 377.0692964409451, "std": 4.900495825399581}, "K2": {"distribution": "normal", "mean": 28.328820560160864, "std": 2.6545496659389833}}, "compatibleConfigurations": ["K4", "K1", "K3", "K2"]}, "O16": {"estimatedTestTime": {"K1": {"distribution": "normal", "mean": 207.88898093578757, "std": 4.933388707749581}, "K3": {"distribution": "normal", "mean": 362.48780554208054, "std": 4.544669207363109}}, "compatibleConfigurations": ["K1", "K3"]}, "O17": {"estimatedTestTime": {"K4": {"distribution": "normal", "mean": 261.66703707702135, "std": 4.696478597291973}, "K2": {"distribution": "normal", "mean": 274.9230483951694, "std": 2.2262300725771462}, "K3": {"distribution": "normal", "mean": 174.52934726647146, "std": 4.430381179819879}}, "compatibleConfigurations": ["K4", "K2", "K3"]}, "O18": {"estimatedTestTime": {"K1": {"distribution": "normal", "mean": 391.24579079710196, "std": 3.348910342853911}, "K2": {"distribution": "normal", "mean": 71.01884622221874, "std": 4.495674869643774}, "K4": {"distribution": "normal", "mean": 169.6161933578673, "std": 4.293162228818927}}, "compatibleConfigurations": ["K1", "K2", "K4"]}, "O19": {"estimatedTestTime": {"K2": {"distribution": "normal", "mean": 330.2943210605706, "std": 3.378947012947871}, "K1": {"distribution": "normal", "mean": 421.5819681318515, "std": 4.613290427618608}, "K4": {"distribution": "normal", "mean": 492.9910751313537, "std": 3.026805070576351}, "K3": {"distribution": "normal", "mean": 165.48162515810506, "std": 2.7839573129616944}}, "compatibleConfigurations": ["K2", "K1", "K4", "K3"]}}}, "products": {"count": 5, "items": {"P1": {"index": 0, "arrival": 0, "quantity": 2, "duedate": 1664.6112903181722, "operations": ["O19", "O17", "O9", "O10", "O18", "O16", "O7", "O8", "O15"], "dependencies": [[2, 0], [2, 1], [3, 0], [3, 1], [3, 2], [4, 3], [5, 3], [5, 4], [6, 0], [6, 3], [6, 4], [6, 5], [7, 4], [8, 1], [8, 2], [8, 3], [8, 5]]}, "P2": {"index": 1, "arrival": 83.83089106337167, "quantity": 3, "duedate": 1995.6523220674283, "operations": ["O11", "O14", "O2", "O18", "O16", "O6", "O17", "O5", "O9", "O10", "O15", "O13", "O12"], "dependencies": [[3, 1], [4, 0], [4, 2], [4, 3], [5, 2], [5, 4], [6, 0], [7, 1], [7, 2], [7, 3], [7, 6], [8, 2], [8, 4], [8, 5], [9, 1], [9, 5], [9, 6], [10, 9], [11, 3], [11, 7], [11, 10], [12, 1], [12, 6], [12, 8], [12, 11]]}, "P3": {"index": 2, "arrival": 147.18363032306667, "quantity": 2, "duedate": 2613.968160387654, "operations": ["O4", "O7", "O18", "O13", "O8", "O10", "O15", "O6", "O19", "O14", "O16"],