{"configurations": {"count": 2, "items": {"K1": {"index": 0, "setupTimes": [0, 37]}, "K2": {"index": 1, "setupTimes": [18, 0]}}}, "testers": {"count": 5, "items": {"T1": {"supportedConfigurations": ["K1", "K2"]}, "T2": {"supportedConfigurations": ["K1", "K2"]}, "T3": {"supportedConfigurations": ["K2", "K1"]}, "T4": {"supportedConfigurations": ["K2", "K1"]}, "T5": {"supportedConfigurations": ["K1", "K2"]}}}, "operations": {"count": 11, "items": {"O1": {"estimatedTestTime": {"K2": {"distribution": "normal", "mean": 285.7894904855019, "std": 3.8220240051915146}, "K1": {"distribution": "normal", "mean": 66.10726037752457, "std": 4.258256276037375}}, "compatibleConfigurations": ["K2", "K1"]}, "O2": {"estimatedTestTime": {"K1": {"distribution": "normal", "mean": 320.4094657115959, "std": 2.9102586853992376}, "K2": {"distribution": "normal", "mean": 178.49191738086193, "std": 3.350394942643795}}, "compatibleConfigurations": ["K1", "K2"]}, "O3": {"estimatedTestTime": {"K2": {"distribution": "normal", "mean": 472.72730317259845, "std": 2.799277560409653}, "K1": {"distribution": "normal", "mean": 408.81647788455183, "std": 2.301713399346414}}, "compatibleConfigurations": ["K2", "K1"]}, "O4": {"estimatedTestTime": {"K1": {"distribution": "normal", "mean": 332.9508963350802, "std": 3.677413283858512}, "K2": {"distribution": "normal", "mean": 317.441719226011, "std": 2.027015601358584}}, "compatibleConfigurations": ["K1", "K2"]}, "O5": {"estimatedTestTime": {"K1": {"distribution": "normal", "mean": 144.91683618447132, "std": 3.0295318385401933}, "K2": {"distribution": "normal", "mean": 335.585399015017, "std": 2.7525530176260946}}, "compatibleConfigurations": ["K1", "K2"]}, "O6": {"estimatedTestTime": {"K1": {"distribution": "normal", "mean": 456.58775180559553, "std": 3.756259307024097}, "K2": {"distribution": "normal", "mean": 307.78478173735317, "std": 2.2996266417400593}}, "compatibleConfigurations": ["K1", "K2"]}, "O7": {"estimatedTestTime": {"K2": {"distribution": "normal", "mean": 67.12296185629312, "std": 2.1385512374280786}, "K1": {"distribution": "normal", "mean": 139.2375330232935, "std": 3.1328369922839934}}, "compatibleConfigurations": ["K2", "K1"]}, "O8": {"estimatedTestTime": {"K1": {"distribution": "normal", "mean": 402.1774773675613, "std": 3.5045416348460874}, "K2": {"distribution": "normal", "mean": 231.98019071093063, "std": 4.5405676871392}}, "compatibleConfigurations": ["K1", "K2"]}, "O9": {"estimatedTestTime": {"K1": {"distribution": "normal", "mean": 60.770193409680246, "std": 3.5560361503023525}, "K2": {"distribution": "normal", "mean": 317.17472506765495, "std": 2.0203554269343558}}, "compatibleConfigurations": ["K1", "K2"]}, "O10": {"estimatedTestTime": {"K1": {"distribution": "normal", "mean": 218.02650549588736, "std": 3.9314279550490676}, "K2": {"distribution": "normal", "mean": 272.9566506364033, "std": 4.496555068107548}}, "compatibleConfigurations": ["K1", "K2"]}, "O11": {"estimatedTestTime": {"K2": {"distribution": "normal", "mean": 134.7836319307715, "std": 4.668871580265459}, "K1": {"distribution": "normal", "mean": 20.170696209100463, "std": 2.2364707372243027}}, "compatibleConfigurations": ["K2", "K1"]}}}, "products": {"count": 10, "items": {"P1": {"index": 0, "arrival": 0, "quantity": 5, "duedate": 1199.2089994722865, "operations": ["O3", "O1", "O11", "O2", "O8", "O7", "O6", "O4"], "dependencies": [[2, 0], [2, 1], [3, 0], [3, 2], [4, 1], [4, 2], [5, 3], [5, 4], [6, 1], [6, 3], [7, 0], [7, 1], [7, 5]]}, "P2": {"index": 1, "arrival": 80.86698562776921, "quantity": 5, "duedate": 950.3244770643931, "operations": ["O3", "O5", "O6", "O4", "O1", "O2", "O7", "O8", "O10", "O11"], "dependencies": [[4, 0], [4, 3], [5, 1], [6, 0], [6, 2], [6, 5], [7, 2], [7, 4], [8, 0], [9, 0], [9, 5], [9, 6], [9, 8]]}, "P3": {"index": 2, "arrival": 143.5371285981703, "quantity": 3, "duedate": 1019.6871086051449, "operations": ["O3", "O2", "O11", "O8", "O1", "O5", "O6", "O10"], "dependencies": [[1, 0], [2, 0], [4, 2], [4, 3], [5, 3], [5, 4], [6, 0], [7, 3]]}, "P4": {"index": 3, "arrival": 205.94907810649886, "quantity": 4, "duedate": 1202.8752759096, "operations": ["O3", "O2", "O1", "O6", "O5", "O7", "O8", "O9", "O11"], "dependencies": [[1, 0], [4, 0], [4, 2], [5, 0], [5, 4], [6, 0], [6, 2], [6, 3], [6, 4], [7, 0], [7, 2], [8, 1], [8, 2], [8, 4], [8, 6]]}, "P5": {"index": 4, "arrival": 297.023559203808, "quantity": 4, "duedate": 904.9919105989146, "operations": ["O3", "O1", "O4", "O7", "O10", "O6", "O5"], "dependencies": [[3, 1], [4, 1], [4, 2], [6, 0], [6, 5], [6, 1]]}, "P6": {"index": 5, "arrival": 370.6315159768325, "quantity": 2, "duedate": 1170.1071684235985, "operations": ["O11", "O7", "O3", "O6", "O10", "O4", "O5", "O9", "O1", "O2", "O8"], "dependencies": [[2, 1], [4, 0], [4, 3], [5, 3], [6, 1], [7, 0], [7, 3], [7, 6], [8, 3], [8, 5], [9, 0], [9, 1], [9, 7], [10, 3], [10, 7]]}, "P7": {"index": 6, "arrival": 459.1860108671989, "quantity": 3, "duedate": 1582.7257094984163, "operations": ["O10", "O8", "O3", "O5", "O1", "O6"], "dependencies": [[1, 0], [2, 0], [3, 0], [4, 2], [4, 3], [5, 4]]}, "P8": {"index": 7, "arrival": 526.1261864122976, "quantity": 3, "duedate": 1434.8857595608647, "operations": ["O10", "O2", "O11", "O8", "O4", "O6", "O7", "O3", "O1"], "dependencies": [[1, 0], [2, 1], [4, 0], [5, 0], [6, 0], [6, 3], [7, 0], [7, 2], [8, 6]]}, "P9": {"index": 8, "arrival": 606.3265475494485, "quantity": 3, "duedate": 1414.1586943570148, "operations": ["O7", "O6", "O2", "O1", "O10", "O9", "O11", "O5", "O8"], "dependencies": [[1, 0], [2, 0], [5, 4], [6, 0], [6, 1], [6, 5], [7, 0], [7, 2], [8, 5], [8, 7], [8, 3]]}, "P10": {"index": 9, "arrival": 692.8261599859253, "quantity": 2, "duedate": 1700.7054946584824, "operations": ["O3", "O9", "O6", "O4", "O10", "O7", "O8"], "dependencies": [[2, 1], [3, 1], [3, 2], [4, 0], [4, 3], [5, 2], [5, 3], [6, 0]]}}}}