{"configurations": {"count": 2, "items": {"K1": {"index": 0, "setupTimes": [0, 5]}, "K2": {"index": 1, "setupTimes": [7, 0]}}}, "testers": {"count": 5, "items": {"T1": {"supportedConfigurations": ["K2", "K1"]}, "T2": {"supportedConfigurations": ["K2", "K1"]}, "T3": {"supportedConfigurations": ["K1", "K2"]}, "T4": {"supportedConfigurations": ["K1", "K2"]}, "T5": {"supportedConfigurations": ["K1", "K2"]}}}, "operations": {"count": 16, "items": {"O1": {"estimatedTestTime": {"K2": {"distribution": "normal", "mean": 14.82936820056851, "std": 3.2871871652400944}, "K1": {"distribution": "normal", "mean": 14.9695151066196, "std": 3.6949085763560436}}, "compatibleConfigurations": ["K2", "K1"]}, "O2": {"estimatedTestTime": {"K1": {"distribution": "normal", "mean": 33.67989704264853, "std": 4.803173276823548}, "K2": {"distribution": "normal", "mean": 47.39219963310952, "std": 4.34969588157144}}, "compatibleConfigurations": ["K1", "K2"]}, "O3": {"estimatedTestTime": {"K2": {"distribution": "normal", "mean": 45.67099479773364, "std": 4.526874447248358}, "K1": {"distribution": "normal", "mean": 42.79230722252002, "std": 2.1176745121036626}}, "compatibleConfigurations": ["K2", "K1"]}, "O4": {"estimatedTestTime": {"K2": {"distribution": "normal", "mean": 35.32853435900269, "std": 3.876157515153233}, "K1": {"distribution": "normal", "mean": 43.780585336879746, "std": 2.1990234716705346}}, "compatibleConfigurations": ["K2", "K1"]}, "O5": {"estimatedTestTime": {"K2": {"distribution": "normal", "mean": 9.958770677085099, "std": 3.880963226308134}, "K1": {"distribution": "normal", "mean": 20.820997044469035, "std": 3.5908551444027483}}, "compatibleConfigurations": ["K2", "K1"]}, "O6": {"estimatedTestTime": {"K1": {"distribution": "normal", "mean": 18.931315725442396, "std": 3.0593957190673837}, "K2": {"distribution": "normal", "mean": 43.4097323100466, "std": 4.637863300498784}}, "compatibleConfigurations": ["K1", "K2"]}, "O7": {"estimatedTestTime": {"K2": {"distribution": "normal", "mean": 27.159278539958727, "std": 2.6709657577337005}, "K1": {"distribution": "normal", "mean": 16.308661349882236, "std": 4.555475312226809}}, "compatibleConfigurations": ["K2", "K1"]}, "O8": {"estimatedTestTime": {"K1": {"distribution": "normal", "mean": 29.534929035813633, "std": 2.2884558885579454}, "K2": {"distribution": "normal", "mean": 27.815458536434647, "std": 2.9053670020719466}}, "compatibleConfigurations": ["K1", "K2"]}, "O9": {"estimatedTestTime": {"K1": {"distribution": "normal", "mean": 27.822840707589712, "std": 2.83539368912566}, "K2": {"distribution": "normal", "mean": 47.46949858295921, "std": 2.171719410740567}}, "compatibleConfigurations": ["K1", "K2"]}, "O10": {"estimatedTestTime": {"K2": {"distribution": "normal", "mean": 7.016325653896667, "std": 2.0245290713727293}, "K1": {"distribution": "normal", "mean": 20.897375305554, "std": 4.001917101172267}}, "compatibleConfigurations": ["K2", "K1"]}, "O11": {"estimatedTestTime": {"K1": {"distribution": "normal", "mean": 21.811690144747466, "std": 2.280835347650659}, "K2": {"distribution": "normal", "mean": 32.95419794027522, "std": 4.994101067207751}}, "compatibleConfigurations": ["K1", "K2"]}, "O12": {"estimatedTestTime": {"K1": {"distribution": "normal", "mean": 32.24667808901813, "std": 4.361078258524845}, "K2": {"distribution": "normal", "mean": 3.927562394516828, "std": 4.465780934046024}}, "compatibleConfigurations": ["K1", "K2"]}, "O13": {"estimatedTestTime": {"K2": {"distribution": "normal", "mean": 2.884717515070088, "std": 2.2059945292769205}, "K1": {"distribution": "normal", "mean": 32.776822292484084, "std": 2.873341104668939}}, "compatibleConfigurations": ["K2", "K1"]}, "O14": {"estimatedTestTime": {"K1": {"distribution": "normal", "mean": 31.555777050733724, "std": 3.1301556770201344}, "K2": {"distribution": "normal", "mean": 11.410147675169501, "std": 2.008046447512378}}, "compatibleConfigurations": ["K1", "K2"]}, "O15": {"estimatedTestTime": {"K2": {"distribution": "normal", "mean": 40.362712351413144, "std": 3.5717097331245657}, "K1": {"distribution": "normal", "mean": 16.824279637906052, "std": 4.8135830414584415}}, "compatibleConfigurations": ["K2", "K1"]}, "O16": {"estimatedTestTime": {"K1": {"distribution": "normal", "mean": 32.627553930765615, "std": 2.6701217867202693}, "K2": {"distribution": "normal", "mean": 9.218219787126122, "std": 2.6137701927835}}, "compatibleConfigurations": ["K1", "K2"]}}}, "products": {"count": 5, "items": {"P1": {"index": 0, "arrival": 0, "quantity": 5, "duedate": 69.05257547911715, "operations": ["O4", "O6", "O11"], "dependencies": [[1, 0], [2, 0]]}, "P2": {"index": 1, "arrival": 17.452009173313755, "quantity": 3, "duedate": 107.13836027457586, "operations": ["O5", "O9", "O14", "O4"], "dependencies": [[1, 0], [2, 0], [3, 1]]}, "P3": {"index": 2, "arrival": 58.614926273656316, "quantity": 3, "duedate": 122.86459841588994, "operations": ["O8", "O4", "O10", "O5"], "dependencies": [[2, 1], [3, 0], [3, 2]]}, "P4": {"index": 3, "arrival": 64.10044388637621, "quantity": 2, "duedate": 127.62631461779978, "operations": ["O6", "O15", "O2"], "dependencies": [[1, 0], [2, 0]]}, "P5": {"index": 4, "arrival": 67.81218667887241, "quantity": 2, "duedate": 103.63678308099817, "operations": ["O10", "O11"], "dependencies": [[1, 0]]}}}}