{"configurations": {"count": 5, "items": {"K1": {"index": 0, "setupTimes": [0, 44, 47, 22, 23]}, "K2": {"index": 1, "setupTimes": [10, 0, 53, 51, 59]}, "K3": {"index": 2, "setupTimes": [10, 51, 0, 34, 24]}, "K4": {"index": 3, "setupTimes": [45, 28, 23, 0, 37]}, "K5": {"index": 4, "setupTimes": [28, 7, 8, 45, 0]}}}, "testers": {"count": 4, "items": {"T1": {"supportedConfigurations": ["K2", "K5", "K4", "K1", "K3"]}, "T2": {"supportedConfigurations": ["K1", "K3", "K2", "K5", "K4"]}, "T3": {"supportedConfigurations": ["K2", "K4", "K1"]}, "T4": {"supportedConfigurations": ["K5", "K3", "K1", "K2"]}}}, "operations": {"count": 12, "items": {"O1": {"estimatedTestTime": {"K2": {"distribution": "normal", "mean": 337.4353265426856, "std": 4.032639669058394}, "K5": {"distribution": "normal", "mean": 75.55372851280973, "std": 3.4908572104385205}, "K4": {"distribution": "normal", "mean": 286.04773916701953, "std": 2.5896870125289473}}, "compatibleConfigurations": ["K2", "K5", "K4"]}, "O2": {"estimatedTestTime": {"K1": {"distribution": "normal", "mean": 49.248691119785505, "std": 4.168177031043779}, "K3": {"distribution": "normal", "mean": 173.2233854224457, "std": 4.501816956202284}, "K2": {"distribution": "normal", "mean": 34.660213967829506, "std": 3.58037987711072}}, "compatibleConfigurations": ["K1", "K3", "K2"]}, "O3": {"estimatedTestTime": {"K3": {"distribution": "normal", "mean": 342.81286005732494, "std": 2.1907941528889734}, "K2": {"distribution": "normal", "mean": 499.26901250816707, "std": 2.297569705902239}, "K4": {"distribution": "normal", "mean": 145.0982314373989, "std": 2.9763534032713017}, "K5": {"distribution": "normal", "mean": 440.281617163926, "std": 2.99863707722289}, "K1": {"distribution": "normal", "mean": 251.02531432162925, "std": 3.368502207530438}}, "compatibleConfigurations": ["K3", "K2", "K4", "K5", "K1"]}, "O4": {"estimatedTestTime": {"K4": {"distribution": "normal", "mean": 120.98742666567234, "std": 4.1910840402431}, "K5": {"distribution": "normal", "mean": 461.90250322635114, "std": 4.271433307812269}, "K3": {"distribution": "normal", "mean": 200.0794790787731, "std": 4.263695331276121}, "K2": {"distribution": "normal", "mean": 376.8892205460835, "std": 4.186330525984196}, "K1": {"distribution": "normal", "mean": 289.950149414277, "std": 4.578195114239994}}, "compatibleConfigurations": ["K4", "K5", "K3", "K2", "K1"]}, "O5": {"estimatedTestTime": {"K3": {"distribution": "normal", "mean": 290.44718596634823, "std": 4.991778454694293}, "K5": {"distribution": "normal", "mean": 160.89982745048079, "std": 3.3105042155847966}, "K1": {"distribution": "normal", "mean": 219.4609290538506, "std": 4.180227038592738}}, "compatibleConfigurations": ["K3", "K5", "K1"]}, "O6": {"estimatedTestTime": {"K1": {"distribution": "normal", "mean": 324.4969076533014, "std": 2.9403907736086174}, "K4": {"distribution": "normal", "mean": 286.7000732263421, "std": 2.624390502948883}, "K5": {"distribution": "normal", "mean": 228.02492306786115, "std": 4.8929750361754545}, "K3": {"distribution": "normal", "mean": 196.0521619244068, "std": 3.033540963287703}}, "compatibleConfigurations": ["K1", "K4", "K5", "K3"]}, "O7": {"estimatedTestTime": {"K2": {"distribution": "normal", "mean": 287.36309847201676, "std": 4.0157127996023165}, "K1": {"distribution": "normal", "mean": 377.86987136069234, "std": 3.2716956938756185}, "K3": {"distribution": "normal", "mean": 76.46342594234706, "std": 3.3661268582420827}, "K5": {"distribution": "normal", "mean": 127.05171677562087, "std": 2.8039029131635083}, "K4": {"distribution": "normal", "mean": 38.30458020257624, "std": 4.3387130139681735}}, "compatibleConfigurations": ["K2", "K1", "K3", "K5", "K4"]}, "O8": {"estimatedTestTime": {"K4": {"distribution": "normal", "mean": 128.53647724038493, "std": 2.4580805620834765}, "K2": {"distribution": "normal", "mean": 181.55666870627914, "std": 4.489646856820487}}, "compatibleConfigurations": ["K4", "K2"]}, "O9": {"estimatedTestTime": {"K4": {"distribution": "normal", "mean": 483.2611822699497, "std": 2.8442375381182536}, "K2": {"distribution": "normal", "mean": 81.74863792620371, "std": 2.609465216030962}}, "compatibleConfigurations": ["K4", "K2"]}, "O10": {"estimatedTestTime": {"K1": {"distribution": "normal", "mean": 4.124493972005309, "std": 2.875525207696706}, "K2": {"distribution": "normal", "mean": 385.80634352514244, "std": 4.585422208835327}, "K3": {"distribution": "normal", "mean": 438.1309191825545, "std": 3.4457920494741447}, "K5": {"distribution": "normal", "mean": 233.10007098106206, "std": 2.150409581911598}}, "compatibleConfigurations": ["K1", "K2", "K3", "K5"]}, "O11": {"estimatedTestTime": {"K5": {"distribution": "normal", "mean": 428.02047407294043, "std": 3.502054300056269}, "K3": {"distribution": "normal", "mean": 119.36068841778263, "std": 2.0764374024184993}, "K2": {"distribution": "normal", "mean": 216.14640286487966, "std": 4.436271109668194}, "K1": {"distribution": "normal", "mean": 285.7512620045889, "std": 2.3564410120994}, "K4": {"distribution": "normal", "mean": 257.58697383094733, "std": 3.8906309936159356}}, "compatibleConfigurations": ["K5", "K3", "K2", "K1", "K4"]}, "O12": {"estimatedTestTime": {"K2": {"distribution": "normal", "mean": 404.1591658532974, "std": 2.4990954865892796}, "K4": {"distribution": "normal", "mean": 270.6631773806839, "std": 3.8769684077078956}}, "compatibleConfigurations": ["K2", "K4"]}}}, "products": {"count": 3, "items": {"P1": {"index": 0, "arrival": 0, "quantity": 4, "duedate": 903.4873434054787, "operations": ["O7", "O10", "O4", "O1", "O2", "O6"], "dependencies": [[2, 1], [4, 0], [4, 2], [5, 4], [5, 3]]}, "P2": {"index": 1, "arrival": 56.25427268424208, "quantity": 5, "duedate": 1083.8069753479654, "operations": ["O2", "O12", "O5", "O3", "O9", "O1", "O10"], "dependencies": [[4, 0], [4, 2], [5, 0], [5, 3], [5, 1], [6, 2], [6, 3], [6, 5]]}, "P3": {"index": 2, "arrival": 109.58304592939547, "quantity": 5, "duedate": 1518.3855959101047, "operations": ["O7", "O8", "O1", "O11", "O4", "O9", "O2", "O12", "O3"], "dependencies": [[2, 0], [2, 1], [3, 1], [4, 2], [5, 2], [6, 5], [7, 2], [7, 5], [7, 6], [8, 0], [8, 1], [8, 2], [8, 3], [8, 6]]}}}}