{"configurations": {"count": 5, "items": {"K1": {"index": 0, "setupTimes": [0, 5, 5, 5, 5]}, "K2": {"index": 1, "setupTimes": [5, 0, 5, 5, 5]}, "K3": {"index": 2, "setupTimes": [5, 5, 0, 5, 5]}, "K4": {"index": 3, "setupTimes": [5, 5, 5, 0, 5]}, "K5": {"index": 4, "setupTimes": [5, 5, 5, 5, 0]}}}, "testers": {"count": 5, "items": {"T1": {"supportedConfigurations": ["K2", "K1"]}, "T2": {"supportedConfigurations": ["K4", "K1"]}, "T3": {"supportedConfigurations": ["K2", "K3"]}, "T4": {"supportedConfigurations": ["K5", "K3"]}, "T5": {"supportedConfigurations": ["K1", "K3"]}}}, "operations": {"count": 15, "items": {"O1": {"estimatedTestTime": {"K1": {"distribution": "normal", "mean": 29.83232734462699, "std": 2.017340825034715}, "K5": {"distribution": "normal", "mean": 10.264155388553828, "std": 3.543016686694716}, "K3": {"distribution": "normal", "mean": 7.154905237516179, "std": 4.963729335509765}, "K2": {"distribution": "normal", "mean": 44.49534969387, "std": 3.167580717906966}, "K4": {"distribution": "normal", "mean": 19.536057601556266, "std": 3.665144155834083}}, "compatibleConfigurations": ["K1", "K5", "K3", "K2", "K4"]}, "O2": {"estimatedTestTime": {"K1": {"distribution": "normal", "mean": 4.929616146029934, "std": 4.873726471955001}, "K4": {"distribution": "normal", "mean": 25.571189992707744, "std": 3.0059815956832563}, "K2": {"distribution": "normal", "mean": 43.685939564654944, "std": 3.7533455064276313}, "K3": {"distribution": "normal", "mean": 11.615388047281918, "std": 3.937964116197727}, "K5": {"distribution": "normal", "mean": 25.49035215681878, "std": 4.287384183126806}}, "compatibleConfigurations": ["K1", "K4", "K2", "K3", "K5"]}, "O3": {"estimatedTestTime": {"K1": {"distribution": "normal", "mean": 13.495530731958878, "std": 3.1044946117652787}, "K3": {"distribution": "normal", "mean": 21.508228442120515, "std": 2.510241292095242}, "K5": {"distribution": "normal", "mean": 10.944934746749503, "std": 4.893610133954361}, "K4": {"distribution": "normal", "mean": 44.123736435207476, "std": 4.521035306388972}, "K2": {"distribution": "normal", "mean": 19.158345267866146, "std": 2.693192238648111}}, "compatibleConfigurations": ["K1", "K3", "K5", "K4", "K2"]}, "O4": {"estimatedTestTime": {"K4": {"distribution": "normal", "mean": 42.12430802481441, "std": 4.4462478768664155}, "K1": {"distribution": "normal", "mean": 41.931154058204925, "std": 3.4358165909558673}, "K5": {"distribution": "normal", "mean": 42.756553759917324, "std": 2.514684041142872}, "K3": {"distribution": "normal", "mean": 34.60361346241059, "std": 3.521267723799908}, "K2": {"distribution": "normal", "mean": 23.411638269355777, "std": 3.2513013642760145}}, "compatibleConfigurations": ["K4", "K1", "K5", "K3", "K2"]}, "O5": {"estimatedTestTime": {"K2": {"distribution": "normal", "mean": 40.79378694939912, "std": 3.467527897542377}, "K3": {"distribution": "normal", "mean": 20.689098274205563, "std": 3.5830097388253965}, "K1": {"distribution": "normal", "mean": 17.867280604429816, "std": 2.9232267305368302}, "K5": {"distribution": "normal", "mean": 22.822820677302207, "std": 3.2625676741643344}, "K4": {"distribution": "normal", "mean": 46.40248326452689, "std": 4.836344937277772}}, "compatibleConfigurations": ["K2", "K3", "K1", "K5", "K4"]}, "O6": {"estimatedTestTime": {"K2": {"distribution": "normal", "mean": 32.13948462824059, "std": 3.5689428981850124}, "K4": {"distribution": "normal", "mean": 27.97172967986696, "std": 4.217629332357614}, "K1": {"distribution": "normal", "mean": 21.330787982489063, "std": 2.757096480518386}, "K3": {"distribution": "normal", "mean": 12.654554578272773, "std": 4.306413591806486}, "K5": {"distribution": "normal", "mean": 8.746604505516204, "std": 4.6809074439769365}}, "compatibleConfigurations": ["K2", "K4", "K1", "K3", "K5"]}, "O7": {"estimatedTestTime": {"K5": {"distribution": "normal", "mean": 36.18627353625108, "std": 2.3742060901497712}, "K2": {"distribution": "normal", "mean": 45.83838395667744, "std": 2.97523905832471}, "K4": {"distribution": "normal", "mean": 44.538747543054754, "std": 4.060846453115573}, "K1": {"distribution": "normal", "mean": 11.668574881238348, "std": 3.5957838073709802}, "K3": {"distribution": "normal", "mean": 31.60205314593611, "std": 2.6992833089861135}}, "compatibleConfigurations": ["K5", "K2", "K4", "K1", "K3"]}, "O8": {"estimatedTestTime": {"K1": {"distribution": "normal", "mean": 47.714319654525646, "std": 4.903187099245237}, "K5": {"distribution": "normal", "mean": 26.35690370557385, "std": 3.3468686456619565}, "K4": {"distribution": "normal", "mean": 22.838566692906795, "std": 3.275802148930008}, "K2": {"distribution": "normal", "mean": 27.157788786951773, "std": 4.294715326884321}, "K3": {"distribution": "normal", "mean": 23.905241209512198, "std": 2.4487743589694837}}, "compatibleConfigurations": ["K1", "K5", "K4", "K2", "K3"]}, "O9": {"estimatedTestTime": {"K1": {"distribution": "normal", "mean": 14.662119498701365, "std": 2.7344089279308763}, "K2": {"distribution": "normal", "mean": 9.577134444930318, "std": 3.025822311645592}, "K3": {"distribution": "normal", "mean": 4.6343699202720625, "std": 3.2079963454732217}, "K5": {"distribution": "normal", "mean": 12.29795490142385, "std": 3.9102505405804457}, "K4": {"distribution": "normal", "mean": 40.227928328825385, "std": 3.915243374702633}}, "compatibleConfigurations": ["K1", "K2", "K3", "K5", "K4"]}, "O10": {"estimatedTestTime": {"K5": {"distribution": "normal", "mean": 25.650672243462907, "std": 4.369989279372874}, "K4": {"distribution": "normal", "mean": 18.939363913322584, "std": 3.6343036785560487}, "K1": {"distribution": "normal", "mean": 43.89926613771202, "std": 2.589394926293149}, "K3": {"distribution": "normal", "mean": 47.58244231566911, "std": 4.278689367481593}, "K2": {"distribution": "normal", "mean": 43.25086356653347, "std": 4.438814291164229}}, "compatibleConfigurations": ["K5", "K4", "K1", "K3", "K2"]}, "O11": {"estimatedTestTime": {"K2": {"distribution": "normal", "mean": 32.297902360815755, "std": 4.355988610014874}, "K4": {"distribution": "normal", "mean": 39.434217513276124, "std": 2.8907945038595493}, "K5": {"distribution": "normal", "mean": 47.69595716409934, "std": 4.447943654052502}, "K1": {"distribution": "normal", "mean": 19.743961422014902, "std": 3.3234716918931504}, "K3": {"distribution": "normal", "mean": 38.70098448578426, "std": 4.607382509616161}}, "compatibleConfigurations": ["K2", "K4", "K5", "K1", "K3"]}, "O12": {"estimatedTestTime": {"K3": {"distribution": "normal", "mean": 26.45649650967861, "std": 4.852820955213115}, "K2": {"distribution": "normal", "mean": 26.99123415926695, "std": 3.423287735139056}, "K5": {"distribution": "normal", "mean": 11.202261786515379, "std": 2.4319775901262473}, "K4": {"distribution": "normal", "mean": 19.43583966090263, "std": 4.266359531079366}, "K1": {"distribution": "normal", "mean": 39.25384397018303, "std": 4.501936528659957}}, "compatibleConfigurations": ["K3", "K2", "K5", "K4", "K1"]}, "O13": {"estimatedTestTime": {"K2": {"distribution": "normal", "mean": 22.587439484088023, "std": 4.934222166264204}, "K3": {"distribution": "normal", "mean": 49.59155921337057, "std": 4.767910484851239}, "K1": {"distribution": "normal", "mean": 3.182693277385969, "std": 2.3913658946496716}, "K5": {"distribution": "normal", "mean": 35.581860300858516, "std": 2.726618033531631}, "K4": {"distribution": "normal", "mean": 17.879377841028642, "std": 2.086179871496476}}, "compatibleConfigurations": ["K2", "K3", "K1", "K5", "K4"]}, "O14": {"estimatedTestTime": {"K5": {"distribution": "normal", "mean": 40.143262154390555, "std": 3.763728357869145}, "K3": {"distribution": "normal", "mean": 24.585318427540088, "std": 3.6914366512277197}, "K4": {"distribution": "normal", "mean": 39.40515500869473, "std": 2.986666502727983}, "K1": {"distribution": "normal", "mean": 24.735548303815392, "std": 2.0652407176394703}, "K2": {"distribution": "normal", "mean": 10.85179688971186, "std": 2.761096553652155}},