{"configurations": {"count": 5, "items": {"K1": {"index": 0, "setupTimes": [0, 57, 37, 60, 55]}, "K2": {"index": 1, "setupTimes": [45, 0, 49, 57, 57]}, "K3": {"index": 2, "setupTimes": [42, 42, 0, 30, 2]}, "K4": {"index": 3, "setupTimes": [10, 32, 10, 0, 34]}, "K5": {"index": 4, "setupTimes": [4, 39, 29, 36, 0]}}}, "testers": {"count": 4, "items": {"T1": {"supportedConfigurations": ["K1", "K5", "K2", "K4"]}, "T2": {"supportedConfigurations": ["K4", "K5", "K3", "K2", "K1"]}, "T3": {"supportedConfigurations": ["K2", "K1", "K5"]}, "T4": {"supportedConfigurations": ["K3", "K1", "K2"]}}}, "operations": {"count": 18, "items": {"O1": {"estimatedTestTime": {"K1": {"distribution": "normal", "mean": 28.303238268593553, "std": 2.4191965286949157}, "K4": {"distribution": "normal", "mean": 380.356034517788, "std": 4.917629447332624}, "K3": {"distribution": "normal", "mean": 164.59948762658928, "std": 2.2265519039891664}, "K5": {"distribution": "normal", "mean": 79.4327940653522, "std": 4.284068188939285}}, "compatibleConfigurations": ["K1", "K4", "K3", "K5"]}, "O2": {"estimatedTestTime": {"K4": {"distribution": "normal", "mean": 102.9268011332748, "std": 4.634385167523283}, "K5": {"distribution": "normal", "mean": 299.8898390211901, "std": 4.6123700362222735}}, "compatibleConfigurations": ["K4", "K5"]}, "O3": {"estimatedTestTime": {"K1": {"distribution": "normal", "mean": 165.82723686309632, "std": 3.7086291194224614}, "K3": {"distribution": "normal", "mean": 312.8796703094605, "std": 3.204792793498608}}, "compatibleConfigurations": ["K1", "K3"]}, "O4": {"estimatedTestTime": {"K2": {"distribution": "normal", "mean": 15.481115054263826, "std": 2.2505331045102976}, "K3": {"distribution": "normal", "mean": 209.46737636767685, "std": 4.329619530571097}, "K5": {"distribution": "normal", "mean": 45.97070413286792, "std": 2.3055851810265517}, "K4": {"distribution": "normal", "mean": 45.94961544951849, "std": 3.8533607615908183}}, "compatibleConfigurations": ["K2", "K3", "K5", "K4"]}, "O5": {"estimatedTestTime": {"K5": {"distribution": "normal", "mean": 380.6456971273585, "std": 4.1540470368802636}, "K1": {"distribution": "normal", "mean": 54.653671570437425, "std": 2.2291902643861166}, "K3": {"distribution": "normal", "mean": 270.66331923002963, "std": 2.177024246545729}}, "compatibleConfigurations": ["K5", "K1", "K3"]}, "O6": {"estimatedTestTime": {"K3": {"distribution": "normal", "mean": 86.19109214437208, "std": 4.305030487523416}, "K2": {"distribution": "normal", "mean": 36.405784884445296, "std": 4.196858392595233}}, "compatibleConfigurations": ["K3", "K2"]}, "O7": {"estimatedTestTime": {"K4": {"distribution": "normal", "mean": 445.71353148622313, "std": 4.337943703582958}, "K2": {"distribution": "normal", "mean": 140.7904528051818, "std": 3.4013664620013015}, "K1": {"distribution": "normal", "mean": 364.6053764473958, "std": 4.516696723583228}, "K5": {"distribution": "normal", "mean": 182.28982146695984, "std": 4.904446944587381}, "K3": {"distribution": "normal", "mean": 259.94707075832844, "std": 4.698091480889811}}, "compatibleConfigurations": ["K4", "K2", "K1", "K5", "K3"]}, "O8": {"estimatedTestTime": {"K1": {"distribution": "normal", "mean": 175.21240344957252, "std": 3.0105469512149696}, "K4": {"distribution": "normal", "mean": 408.31030312218195, "std": 2.368513655778005}}, "compatibleConfigurations": ["K1", "K4"]}, "O9": {"estimatedTestTime": {"K4": {"distribution": "normal", "mean": 224.59656988446446, "std": 2.6369670328169863}, "K3": {"distribution": "normal", "mean": 396.9689180997539, "std": 3.2883109001098263}, "K5": {"distribution": "normal", "mean": 262.419435644048, "std": 2.9148686432007964}, "K1": {"distribution": "normal", "mean": 435.7237656591298, "std": 3.9435743088707205}}, "compatibleConfigurations": ["K4", "K3", "K5", "K1"]}, "O10": {"estimatedTestTime": {"K5": {"distribution": "normal", "mean": 21.86070158334169, "std": 4.946797132563422}, "K2": {"distribution": "normal", "mean": 399.0703967918935, "std": 4.819410850690799}, "K3": {"distribution": "normal", "mean": 79.9599307795633, "std": 3.5102560380514625}, "K4": {"distribution": "normal", "mean": 102.7372144096647, "std": 2.2278611328802453}, "K1": {"distribution": "normal", "mean": 73.64325544227253, "std": 2.569330656251147}}, "compatibleConfigurations": ["K5", "K2", "K3", "K4", "K1"]}, "O11": {"estimatedTestTime": {"K5": {"distribution": "normal", "mean": 391.5672676396727, "std": 2.442525848348442}, "K3": {"distribution": "normal", "mean": 446.17124383574077, "std": 3.453246043285057}, "K4": {"distribution": "normal", "mean": 180.47645054066587, "std": 3.6983208803317646}, "K2": {"distribution": "normal", "mean": 423.7624757369849, "std": 3.5815293503648427}, "K1": {"distribution": "normal", "mean": 471.7284192637005, "std": 2.73549627111852}}, "compatibleConfigurations": ["K5", "K3", "K4", "K2", "K1"]}, "O12": {"estimatedTestTime": {"K1": {"distribution": "normal", "mean": 298.25116849750117, "std": 3.317793684907789}, "K5": {"distribution": "normal", "mean": 219.20700193627172, "std": 4.471485018817511}, "K2": {"distribution": "normal", "mean": 487.811553033032, "std": 3.8931956389231255}}, "compatibleConfigurations": ["K1", "K5", "K2"]}, "O13": {"estimatedTestTime": {"K4": {"distribution": "normal", "mean": 292.6315557272103, "std": 3.229151844831436}, "K2": {"distribution": "normal", "mean": 355.1030366062878, "std": 4.860065464593287}}, "compatibleConfigurations": ["K4", "K2"]}, "O14": {"estimatedTestTime": {"K2": {"distribution": "normal", "mean": 80.2320995168299, "std": 2.5516882072408427}, "K1": {"distribution": "normal", "mean": 313.9474362641941, "std": 4.59606554638674}}, "compatibleConfigurations": ["K2", "K1"]}, "O15": {"estimatedTestTime": {"K4": {"distribution": "normal", "mean": 186.51222782586697, "std": 3.0043462479630354}, "K2": {"distribution": "normal", "mean": 282.5018605955334, "std": 2.179742564379895}, "K3": {"distribution": "normal", "mean": 50.8819133910323, "std": 3.1468776790347057}, "K1": {"distribution": "normal", "mean": 33.44607120320153, "std": 4.174304557496379}, "K5": {"distribution": "normal", "mean": 460.61193407356524, "std": 4.420037587294537}}, "compatibleConfigurations": ["K4", "K2", "K3", "K1", "K5"]}, "O16": {"estimatedTestTime": {"K5": {"distribution": "normal", "mean": 169.12096751409373, "std": 3.8081308138377103}, "K3": {"distribution": "normal", "mean": 475.91880962985823, "std": 2.717066362054444}, "K1": {"distribution": "normal", "mean": 192.49815159952314, "std": 2.6660880985740807}}, "compatibleConfigurations": ["K5", "K3", "K1"]}, "O17": {"estimatedTestTime": {"K5": {"distribution": "normal", "mean": 464.8877245349569, "std": 4.130322913711984}, "K1": {"distribution": "normal", "mean": 25.08133591956733, "std": 3.3398635287237983}, "K3": {"distribution": "normal", "mean": 352.6152680016513, "std": 2.689258603317393}, "K2": {"distribution": "normal", "mean": 195.0062002671341, "std": 3.7186163148490916}}, "compatibleConfigurations": ["K5", "K1", "K3", "K2"]}, "O18": {"estimatedTestTime": {"K5": {"distribution": "normal", "mean": 166.2202313129479, "std": 2.0836784126604986}, "K3": {"distribution": "normal", "mean": 150.89838695425115, "std": 4.834436154591355}, "K4": {"distribution": "normal", "mean": 80.7141127152453, "std": 4.267151389901514}, "K2": {"distribution": "normal", "mean": 81.25665884651778, "std": 4.0631034789835105}}, "compatibleConfigurations": ["K5", "K3", "K4", "K2"]}}}, "products": {"count": 4, "items": {"P1": {"index": 0, "arrival": 0, "quantity": 2, "duedate": 1433.6865369909601, "operations": ["O2", "O5", "O4", "O13", "O3", "O17", "O9", "O15", "O10", "O11"], "dependencies": [[2, 1], [3, 0], [5, 0], [5, 1], [5, 2], [6, 2], [6, 4], [6, 5], [7, 1], [7, 2], [7, 3], [7, 4], [8, 1], [8, 2], [8, 3], [8, 6], [8, 7], [9, 0], [9, 2], [9, 3], [9, 8]]}, "P2": {"index": 1, "arrival": 51.51209086103152, "quantity": 3, "duedate": 1629.413934651347,