{"configurations": {"count": 4, "items": {"K1": {"index": 0, "setupTimes": [0, 52, 19, 21]}, "K2": {"index": 1, "setupTimes": [49, 0, 28, 22]}, "K3": {"index": 2, "setupTimes": [59, 24, 0, 36]}, "K4": {"index": 3, "setupTimes": [11, 5, 10, 0]}}}, "testers": {"count": 5, "items": {"T1": {"supportedConfigurations": ["K3", "K1", "K4"]}, "T2": {"supportedConfigurations": ["K2", "K1", "K3", "K4"]}, "T3": {"supportedConfigurations": ["K4", "K2", "K3"]}, "T4": {"supportedConfigurations": ["K4", "K2", "K3"]}, "T5": {"supportedConfigurations": ["K1", "K4"]}}}, "operations": {"count": 13, "items": {"O1": {"estimatedTestTime": {"K1": {"distribution": "normal", "mean": 339.2599233948171, "std": 2.4944675822504196}, "K3": {"distribution": "normal", "mean": 386.98048384764303, "std": 4.681717101294419}, "K4": {"distribution": "normal", "mean": 299.61935685351347, "std": 3.5443369652752357}}, "compatibleConfigurations": ["K1", "K3", "K4"]}, "O2": {"estimatedTestTime": {"K3": {"distribution": "normal", "mean": 27.14026503733152, "std": 4.904200350574889}, "K1": {"distribution": "normal", "mean": 408.59203667232975, "std": 2.3790893486053717}, "K2": {"distribution": "normal", "mean": 272.36980171409033, "std": 4.043926160225733}}, "compatibleConfigurations": ["K3", "K1", "K2"]}, "O3": {"estimatedTestTime": {"K3": {"distribution": "normal", "mean": 152.96365057145815, "std": 2.301293356037828}, "K2": {"distribution": "normal", "mean": 279.9728333527427, "std": 2.9998314950822347}, "K1": {"distribution": "normal", "mean": 190.70444641996764, "std": 3.5136386463655227}, "K4": {"distribution": "normal", "mean": 130.60530491545217, "std": 2.488479458963093}}, "compatibleConfigurations": ["K3", "K2", "K1", "K4"]}, "O4": {"estimatedTestTime": {"K2": {"distribution": "normal", "mean": 89.01699010626842, "std": 4.603690125285482}, "K3": {"distribution": "normal", "mean": 3.8101843765546493, "std": 3.2506796693651836}, "K4": {"distribution": "normal", "mean": 314.7945973380963, "std": 2.4803521949209943}}, "compatibleConfigurations": ["K2", "K3", "K4"]}, "O5": {"estimatedTestTime": {"K1": {"distribution": "normal", "mean": 494.4549513946089, "std": 3.741079320969046}, "K4": {"distribution": "normal", "mean": 259.40551047346594, "std": 2.8495356494265947}}, "compatibleConfigurations": ["K1", "K4"]}, "O6": {"estimatedTestTime": {"K3": {"distribution": "normal", "mean": 276.5879557058573, "std": 4.667519880736222}, "K1": {"distribution": "normal", "mean": 78.67458859488084, "std": 4.31124330694239}, "K2": {"distribution": "normal", "mean": 278.0988756410535, "std": 4.156563474815311}, "K4": {"distribution": "normal", "mean": 90.55072604135823, "std": 3.27734830067068}}, "compatibleConfigurations": ["K3", "K1", "K2", "K4"]}, "O7": {"estimatedTestTime": {"K4": {"distribution": "normal", "mean": 374.20489691922796, "std": 3.1704085128187973}, "K3": {"distribution": "normal", "mean": 345.62658815816513, "std": 4.563805844315439}, "K2": {"distribution": "normal", "mean": 477.9349362716136, "std": 2.806881084259363}, "K1": {"distribution": "normal", "mean": 287.8566733289346, "std": 3.0065994639436395}}, "compatibleConfigurations": ["K4", "K3", "K2", "K1"]}, "O8": {"estimatedTestTime": {"K2": {"distribution": "normal", "mean": 66.06963116463125, "std": 3.5014244777765264}, "K4": {"distribution": "normal", "mean": 121.43806520514956, "std": 4.399455602048704}, "K3": {"distribution": "normal", "mean": 293.08700402275286, "std": 3.827454378137555}, "K1": {"distribution": "normal", "mean": 446.211195255476, "std": 4.08984363637297}}, "compatibleConfigurations": ["K2", "K4", "K3", "K1"]}, "O9": {"estimatedTestTime": {"K3": {"distribution": "normal", "mean": 11.97165508610827, "std": 2.8203208173572545}, "K2": {"distribution": "normal", "mean": 182.91500060527318, "std": 4.249077542417597}, "K1": {"distribution": "normal", "mean": 204.78437443605992, "std": 2.8435238410542634}, "K4": {"distribution": "normal", "mean": 360.7041392025592, "std": 4.142742084306332}}, "compatibleConfigurations": ["K3", "K2", "K1", "K4"]}, "O10": {"estimatedTestTime": {"K4": {"distribution": "normal", "mean": 346.79951417840033, "std": 2.4671266864200665}, "K2": {"distribution": "normal", "mean": 234.98705645719434, "std": 4.429841541618778}}, "compatibleConfigurations": ["K4", "K2"]}, "O11": {"estimatedTestTime": {"K2": {"distribution": "normal", "mean": 226.2090893929462, "std": 4.1390691719515775}, "K3": {"distribution": "normal", "mean": 37.26947598775465, "std": 2.7786485954559064}, "K4": {"distribution": "normal", "mean": 223.90127702385627, "std": 4.303906331780996}}, "compatibleConfigurations": ["K2", "K3", "K4"]}, "O12": {"estimatedTestTime": {"K3": {"distribution": "normal", "mean": 112.5300809125617, "std": 4.78719662212335}, "K4": {"distribution": "normal", "mean": 401.5382177397652, "std": 2.0601534564478663}, "K2": {"distribution": "normal", "mean": 172.9286199812888, "std": 2.6421706487228476}}, "compatibleConfigurations": ["K3", "K4", "K2"]}, "O13": {"estimatedTestTime": {"K4": {"distribution": "normal", "mean": 62.389155838818304, "std": 2.9685662199497487}, "K3": {"distribution": "normal", "mean": 61.60972128577177, "std": 2.0552895678851715}}, "compatibleConfigurations": ["K4", "K3"]}}}, "products": {"count": 5, "items": {"P1": {"index": 0, "arrival": 0, "quantity": 2, "duedate": 1466.323838679473, "operations": ["O13", "O7", "O10", "O3", "O11", "O2", "O6", "O12", "O5", "O8", "O9", "O4", "O1"], "dependencies": [[1, 0], [2, 0], [2, 1], [3, 1], [3, 2], [4, 1], [4, 2], [5, 4], [6, 2], [6, 5], [7, 5], [8, 1], [9, 0], [9, 3], [10, 0], [10, 3], [11, 1], [11, 5], [11, 7], [11, 8], [12, 3]]}, "P2": {"index": 1, "arrival": 88.64819963011726, "quantity": 3, "duedate": 1338.4250395598704, "operations": ["O2", "O6", "O8", "O9", "O13", "O7", "O5", "O1", "O12"], "dependencies": [[3, 1], [4, 0], [4, 2], [5, 1], [5, 2], [6, 4], [6, 5], [7, 2], [7, 3], [7, 4], [7, 6], [8, 3]]}, "P3": {"index": 2, "arrival": 149.89580327774303, "quantity": 4, "duedate": 1041.0356750020999, "operations": ["O4", "O10", "O13", "O7", "O9", "O12", "O3", "O1", "O6", "O11", "O8", "O5"], "dependencies": [[4, 1], [4, 3], [5, 1], [7, 1], [7, 2], [7, 3], [8, 0], [8, 2], [8, 3], [8, 6], [9, 1], [9, 3], [9, 6], [9, 7], [10, 3], [10, 4], [10, 7], [10, 8], [11, 3], [11, 8]]}, "P4": {"index": 3, "arrival": 214.20333923460282, "quantity": 4, "duedate": 1387.6072005241558, "operations": ["O1", "O6", "O12", "O13", "O10", "O2", "O8", "O9", "O3"], "dependencies": [[1, 0], [2, 1], [3, 2], [4, 2], [4, 3], [5, 2], [6, 5], [7, 1], [8, 7]]}, "P5": {"index": 4, "arrival": 304.7944609180968, "quantity": 2, "duedate": 1548.2388583089778, "operations": ["O6", "O2", "O3", "O11", "O10", "O7", "O8", "O13"], "dependencies": [[1, 0], [2, 1], [4, 1], [4, 3], [5, 1], [5, 2], [5, 4], [6, 5], [7, 1], [7, 2]]}}}}