{"configurations": {"count": 2, "items": {"K1": {"index": 0, "setupTimes": [0, 2]}, "K2": {"index": 1, "setupTimes": [2, 0]}}}, "testers": {"count": 4, "items": {"T1": {"supportedConfigurations": ["K1", "K2"]}, "T2": {"supportedConfigurations": ["K1", "K2"]}, "T3": {"supportedConfigurations": ["K2", "K1"]}, "T4": {"supportedConfigurations": ["K2", "K1"]}}}, "operations": {"count": 19, "items": {"O1": {"estimatedTestTime": {"K1": {"distribution": "normal", "mean": 29.964939462543448, "std": 2.6079351602990184}, "K2": {"distribution": "normal", "mean": 32.92244008370766, "std": 2.6214770336325373}}, "compatibleConfigurations": ["K1", "K2"]}, "O2": {"estimatedTestTime": {"K2": {"distribution": "normal", "mean": 48.00757672550918, "std": 2.6676560062286696}, "K1": {"distribution": "normal", "mean": 25.096597805530138, "std": 2.019073075213945}}, "compatibleConfigurations": ["K2", "K1"]}, "O3": {"estimatedTestTime": {"K2": {"distribution": "normal", "mean": 14.312394051135868, "std": 2.1977001171217774}, "K1": {"distribution": "normal", "mean": 47.951579207306494, "std": 4.045420333351537}}, "compatibleConfigurations": ["K2", "K1"]}, "O4": {"estimatedTestTime": {"K2": {"distribution": "normal", "mean": 45.23640250645722, "std": 4.818670336656394}, "K1": {"distribution": "normal", "mean": 19.19318040894041, "std": 4.1758245177874675}}, "compatibleConfigurations": ["K2", "K1"]}, "O5": {"estimatedTestTime": {"K2": {"distribution": "normal", "mean": 41.34079715042594, "std": 4.446077424151152}, "K1": {"distribution": "normal", "mean": 31.505267089472255, "std": 3.5373600926162827}}, "compatibleConfigurations": ["K2", "K1"]}, "O6": {"estimatedTestTime": {"K2": {"distribution": "normal", "mean": 48.80534187393259, "std": 4.330733576226274}, "K1": {"distribution": "normal", "mean": 38.587675439326695, "std": 2.578924621394137}}, "compatibleConfigurations": ["K2", "K1"]}, "O7": {"estimatedTestTime": {"K2": {"distribution": "normal", "mean": 7.342616681485813, "std": 3.480755910860753}, "K1": {"distribution": "normal", "mean": 21.337567723258648, "std": 4.878789523913596}}, "compatibleConfigurations": ["K2", "K1"]}, "O8": {"estimatedTestTime": {"K2": {"distribution": "normal", "mean": 47.16232215749008, "std": 4.449179538643346}, "K1": {"distribution": "normal", "mean": 39.175171451762424, "std": 2.623685892330876}}, "compatibleConfigurations": ["K2", "K1"]}, "O9": {"estimatedTestTime": {"K2": {"distribution": "normal", "mean": 31.934912786496305, "std": 4.610042613326197}, "K1": {"distribution": "normal", "mean": 13.49906677993595, "std": 3.244757482865032}}, "compatibleConfigurations": ["K2", "K1"]}, "O10": {"estimatedTestTime": {"K1": {"distribution": "normal", "mean": 4.3311075529078575, "std": 2.566477735054108}, "K2": {"distribution": "normal", "mean": 2.176733750510028, "std": 2.54463865427915}}, "compatibleConfigurations": ["K1", "K2"]}, "O11": {"estimatedTestTime": {"K2": {"distribution": "normal", "mean": 24.534800577876, "std": 2.4571249201411414}, "K1": {"distribution": "normal", "mean": 44.21336457203143, "std": 4.182052828573564}}, "compatibleConfigurations": ["K2", "K1"]}, "O12": {"estimatedTestTime": {"K2": {"distribution": "normal", "mean": 18.53223921211569, "std": 4.481065878580866}, "K1": {"distribution": "normal", "mean": 23.957490679841776, "std": 2.1332862798575745}}, "compatibleConfigurations": ["K2", "K1"]}, "O13": {"estimatedTestTime": {"K1": {"distribution": "normal", "mean": 17.60900004566693, "std": 2.5503863907517306}, "K2": {"distribution": "normal", "mean": 16.169736818067115, "std": 2.796070604407597}}, "compatibleConfigurations": ["K1", "K2"]}, "O14": {"estimatedTestTime": {"K1": {"distribution": "normal", "mean": 12.182631093378047, "std": 4.997001209041493}, "K2": {"distribution": "normal", "mean": 10.285217798593033, "std": 3.9641262657347722}}, "compatibleConfigurations": ["K1", "K2"]}, "O15": {"estimatedTestTime": {"K2": {"distribution": "normal", "mean": 31.920753197736673, "std": 3.2014687465223064}, "K1": {"distribution": "normal", "mean": 2.333824307556071, "std": 2.6104891584650995}}, "compatibleConfigurations": ["K2", "K1"]}, "O16": {"estimatedTestTime": {"K2": {"distribution": "normal", "mean": 23.304390766226778, "std": 3.2640725246652877}, "K1": {"distribution": "normal", "mean": 9.994601833334093, "std": 3.2767156580358643}}, "compatibleConfigurations": ["K2", "K1"]}, "O17": {"estimatedTestTime": {"K2": {"distribution": "normal", "mean": 14.488635854350543, "std": 3.434673857689779}, "K1": {"distribution": "normal", "mean": 15.665276833215982, "std": 3.3828525776504885}}, "compatibleConfigurations": ["K2", "K1"]}, "O18": {"estimatedTestTime": {"K2": {"distribution": "normal", "mean": 34.98095391191479, "std": 3.9970839688038233}, "K1": {"distribution": "normal", "mean": 22.61071309101183, "std": 2.3672531642416397}}, "compatibleConfigurations": ["K2", "K1"]}, "O19": {"estimatedTestTime": {"K1": {"distribution": "normal", "mean": 7.620792120245907, "std": 2.9703438609051185}, "K2": {"distribution": "normal", "mean": 18.17511713750896, "std": 2.0762165262062906}}, "compatibleConfigurations": ["K1", "K2"]}}}, "products": {"count": 2, "items": {"P1": {"index": 0, "arrival": 0, "quantity": 2, "duedate": 78.48813944830887, "operations": ["O18", "O5", "O2", "O14", "O9"], "dependencies": [[2, 1], [2, 0], [3, 2], [4, 0]]}, "P2": {"index": 1, "arrival": 47.73113840171676, "quantity": 2, "duedate": 119.15727190033729, "operations": ["O11", "O17", "O9", "O4"], "dependencies": [[1, 0], [3, 2], [3, 1]]}}}}