{"configurations": {"count": 5, "items": {"K1": {"index": 0, "setupTimes": [0, 8, 7, 6, 7]}, "K2": {"index": 1, "setupTimes": [5, 0, 9, 4, 3]}, "K3": {"index": 2, "setupTimes": [6, 7, 0, 7, 3]}, "K4": {"index": 3, "setupTimes": [7, 7, 0, 0, 8]}, "K5": {"index": 4, "setupTimes": [8, 2, 9, 8, 0]}}}, "testers": {"count": 5, "items": {"T1": {"supportedConfigurations": ["K3", "K2"]}, "T2": {"supportedConfigurations": ["K2", "K1"]}, "T3": {"supportedConfigurations": ["K1", "K4"]}, "T4": {"supportedConfigurations": ["K4", "K1"]}, "T5": {"supportedConfigurations": ["K2", "K5"]}}}, "operations": {"count": 20, "items": {"O1": {"estimatedTestTime": {"K1": {"distribution": "normal", "mean": 48.58363905098093, "std": 4.8798620749439205}, "K4": {"distribution": "normal", "mean": 34.987898354002105, "std": 3.2820116591811894}, "K3": {"distribution": "normal", "mean": 39.995123564585356, "std": 4.714615552328372}, "K5": {"distribution": "normal", "mean": 25.937036816895972, "std": 4.460623304701973}, "K2": {"distribution": "normal", "mean": 27.887882717885596, "std": 4.717859689543079}}, "compatibleConfigurations": ["K1", "K4", "K3", "K5", "K2"]}, "O2": {"estimatedTestTime": {"K1": {"distribution": "normal", "mean": 18.688810375360912, "std": 2.1527178667679516}, "K3": {"distribution": "normal", "mean": 16.84634138889222, "std": 3.4812941131664217}, "K5": {"distribution": "normal", "mean": 34.45103459258009, "std": 2.357439138547054}, "K2": {"distribution": "normal", "mean": 10.841300381973793, "std": 4.085850975646589}, "K4": {"distribution": "normal", "mean": 27.98875870995627, "std": 3.9714293885794563}}, "compatibleConfigurations": ["K1", "K3", "K5", "K2", "K4"]}, "O3": {"estimatedTestTime": {"K1": {"distribution": "normal", "mean": 20.243866828976714, "std": 2.7698065570494497}, "K5": {"distribution": "normal", "mean": 35.38760778134093, "std": 4.515009521277114}, "K4": {"distribution": "normal", "mean": 4.343842786241128, "std": 4.8572625465670525}, "K3": {"distribution": "normal", "mean": 11.672808492978497, "std": 3.007625148750562}, "K2": {"distribution": "normal", "mean": 29.22346762629133, "std": 2.0995713002554743}}, "compatibleConfigurations": ["K1", "K5", "K4", "K3", "K2"]}, "O4": {"estimatedTestTime": {"K2": {"distribution": "normal", "mean": 46.45850472281407, "std": 4.79920233598921}, "K5": {"distribution": "normal", "mean": 24.788488034736794, "std": 4.680321792499369}, "K4": {"distribution": "normal", "mean": 15.578889846279909, "std": 4.218492604254053}, "K1": {"distribution": "normal", "mean": 40.00076228130669, "std": 3.459971902953324}, "K3": {"distribution": "normal", "mean": 24.253272321340045, "std": 3.1237039226313583}}, "compatibleConfigurations": ["K2", "K5", "K4", "K1", "K3"]}, "O5": {"estimatedTestTime": {"K1": {"distribution": "normal", "mean": 24.22271255902143, "std": 2.6503373652022395}, "K2": {"distribution": "normal", "mean": 24.52241420774616, "std": 4.796455475672106}, "K4": {"distribution": "normal", "mean": 24.991303958753925, "std": 4.768114803249063}, "K3": {"distribution": "normal", "mean": 35.7631893144154, "std": 2.178976213429898}, "K5": {"distribution": "normal", "mean": 13.6173251923978, "std": 4.408917350265312}}, "compatibleConfigurations": ["K1", "K2", "K4", "K3", "K5"]}, "O6": {"estimatedTestTime": {"K2": {"distribution": "normal", "mean": 25.201968262676274, "std": 2.9726346378525674}, "K5": {"distribution": "normal", "mean": 6.456556179137737, "std": 3.4898865030461126}, "K4": {"distribution": "normal", "mean": 35.76640361385233, "std": 2.7007518289866863}, "K1": {"distribution": "normal", "mean": 15.414580131399513, "std": 4.651161184302786}, "K3": {"distribution": "normal", "mean": 7.938341395616128, "std": 4.854715511354374}}, "compatibleConfigurations": ["K2", "K5", "K4", "K1", "K3"]}, "O7": {"estimatedTestTime": {"K5": {"distribution": "normal", "mean": 35.517342697833286, "std": 3.2445281759219116}, "K3": {"distribution": "normal", "mean": 15.58623329643466, "std": 2.2319798352844704}, "K1": {"distribution": "normal", "mean": 23.052351391833614, "std": 3.466192770936159}, "K2": {"distribution": "normal", "mean": 7.732385661194737, "std": 4.455057871341754}, "K4": {"distribution": "normal", "mean": 37.42089826587894, "std": 2.424960207791294}}, "compatibleConfigurations": ["K5", "K3", "K1", "K2", "K4"]}, "O8": {"estimatedTestTime": {"K3": {"distribution": "normal", "mean": 25.01870604650447, "std": 3.7975287863918794}, "K2": {"distribution": "normal", "mean": 38.5713546116813, "std": 2.3016264636185237}, "K1": {"distribution": "normal", "mean": 12.431312526477807, "std": 4.543894198739451}, "K4": {"distribution": "normal", "mean": 15.112055789019138, "std": 4.921167867602723}, "K5": {"distribution": "normal", "mean": 38.27436118025443, "std": 4.423088405166727}}, "compatibleConfigurations": ["K3", "K2", "K1", "K4", "K5"]}, "O9": {"estimatedTestTime": {"K3": {"distribution": "normal", "mean": 33.2125072020617, "std": 4.830638319743398}, "K2": {"distribution": "normal", "mean": 34.89471608223775, "std": 4.342969002106083}, "K5": {"distribution": "normal", "mean": 28.77114942715918, "std": 2.4716831006397095}, "K1": {"distribution": "normal", "mean": 13.53496391109927, "std": 3.1955586766261663}, "K4": {"distribution": "normal", "mean": 36.31765050444283, "std": 2.1450580372846444}}, "compatibleConfigurations": ["K3", "K2", "K5", "K1", "K4"]}, "O10": {"estimatedTestTime": {"K2": {"distribution": "normal", "mean": 24.18492928797157, "std": 3.7856485655908654}, "K5": {"distribution": "normal", "mean": 10.831309214054336, "std": 3.4205016325257143}, "K4": {"distribution": "normal", "mean": 39.69540417161005, "std": 2.1250867148157546}, "K3": {"distribution": "normal", "mean": 23.713630753535313, "std": 2.3476982645973887}, "K1": {"distribution": "normal", "mean": 11.463697239763531, "std": 2.285147120478036}}, "compatibleConfigurations": ["K2", "K5", "K4", "K3", "K1"]}, "O11": {"estimatedTestTime": {"K3": {"distribution": "normal", "mean": 44.27909310480262, "std": 3.1051222885484293}, "K2": {"distribution": "normal", "mean": 12.072000566780297, "std": 4.7631812529727915}, "K5": {"distribution": "normal", "mean": 29.13598353766055, "std": 2.017165761822726}, "K4": {"distribution": "normal", "mean": 43.76916539354471, "std": 4.1484038958907785}, "K1": {"distribution": "normal", "mean": 12.638426403602148, "std": 3.1474314239919545}}, "compatibleConfigurations": ["K3", "K2", "K5", "K4", "K1"]}, "O12": {"estimatedTestTime": {"K4": {"distribution": "normal", "mean": 23.55775509922643, "std": 4.9099361475781045}, "K3": {"distribution": "normal", "mean": 42.656355998782615, "std": 2.611739114958071}, "K2": {"distribution": "normal", "mean": 44.24639833015559, "std": 4.703624440798688}, "K1": {"distribution": "normal", "mean": 16.346452173320998, "std": 2.5324491291766007}, "K5": {"distribution": "normal", "mean": 21.424716049267175, "std": 3.2912261349223524}}, "compatibleConfigurations": ["K4", "K3", "K2", "K1", "K5"]}, "O13": {"estimatedTestTime": {"K1": {"distribution": "normal", "mean": 35.924383677597035, "std": 3.469406557990741}, "K3": {"distribution": "normal", "mean": 40.097993239653476, "std": 4.83899411954958}, "K2": {"distribution": "normal", "mean": 46.93936630457907, "std": 2.258801130178299}, "K5": {"distribution": "normal", "mean": 29.828130104992724, "std": 4.738921386792944}, "K4": {"distribution": "normal", "mean": 29.409280083029607, "std": 4.551238270125535}}, "compatibleConfigurations": ["K1", "K3", "K2", "K5", "K4"]}, "O14": {"estimatedTestTime": {"K4": {"distribution": "normal", "mean": 18.461296460712106, "std": 3.6442436894993753}, "K3": {"distribution": "normal", "mean": 47.82566773261139, "std": 4.6159836260735325}, "K5": {"distribution": "normal", "mean": 4.997389086024404, "std": 3.4870163303825796}, "K1": {"distribution": "normal", "mean": 20.07147788750333, "std": 3.6532661770513863}, "K2": {"distribution": "normal", "mean": 3.591200892356232, "std": 4.916193441175997}},