{"configurations": {"count": 2, "items": {"K1": {"index": 0, "setupTimes": [0, 4]}, "K2": {"index": 1, "setupTimes": [7, 0]}}}, "testers": {"count": 5, "items": {"T1": {"supportedConfigurations": ["K2", "K1"]}, "T2": {"supportedConfigurations": ["K2", "K1"]}, "T3": {"supportedConfigurations": ["K2", "K1"]}, "T4": {"supportedConfigurations": ["K2", "K1"]}, "T5": {"supportedConfigurations": ["K2", "K1"]}}}, "operations": {"count": 13, "items": {"O1": {"estimatedTestTime": {"K2": {"distribution": "normal", "mean": 17.51466192859251, "std": 2.301346373091726}, "K1": {"distribution": "normal", "mean": 35.93599894478729, "std": 4.861663456154342}}, "compatibleConfigurations": ["K2", "K1"]}, "O2": {"estimatedTestTime": {"K2": {"distribution": "normal", "mean": 37.62336365503328, "std": 2.7927982789926076}, "K1": {"distribution": "normal", "mean": 38.96445956710663, "std": 3.3168509133048536}}, "compatibleConfigurations": ["K2", "K1"]}, "O3": {"estimatedTestTime": {"K2": {"distribution": "normal", "mean": 9.13411467576383, "std": 4.078639245646631}, "K1": {"distribution": "normal", "mean": 15.82489488400433, "std": 3.968488618081569}}, "compatibleConfigurations": ["K2", "K1"]}, "O4": {"estimatedTestTime": {"K1": {"distribution": "normal", "mean": 21.15561990105332, "std": 4.979371222073672}, "K2": {"distribution": "normal", "mean": 10.256127192028192, "std": 4.930136407851935}}, "compatibleConfigurations": ["K1", "K2"]}, "O5": {"estimatedTestTime": {"K1": {"distribution": "normal", "mean": 47.998684020280194, "std": 2.8114784844972935}, "K2": {"distribution": "normal", "mean": 25.609808469992725, "std": 4.588454351422641}}, "compatibleConfigurations": ["K1", "K2"]}, "O6": {"estimatedTestTime": {"K2": {"distribution": "normal", "mean": 33.912841801015844, "std": 2.317619834603838}, "K1": {"distribution": "normal", "mean": 33.89587949993403, "std": 4.330371132340194}}, "compatibleConfigurations": ["K2", "K1"]}, "O7": {"estimatedTestTime": {"K2": {"distribution": "normal", "mean": 20.907292619969553, "std": 4.307550005366996}, "K1": {"distribution": "normal", "mean": 19.904935938950395, "std": 4.4095910883573355}}, "compatibleConfigurations": ["K2", "K1"]}, "O8": {"estimatedTestTime": {"K2": {"distribution": "normal", "mean": 7.564344697752842, "std": 4.96535720240574}, "K1": {"distribution": "normal", "mean": 24.19094154512534, "std": 4.375919042359134}}, "compatibleConfigurations": ["K2", "K1"]}, "O9": {"estimatedTestTime": {"K1": {"distribution": "normal", "mean": 15.68286009535517, "std": 4.40994235228241}, "K2": {"distribution": "normal", "mean": 42.0532141987626, "std": 2.9441423098821224}}, "compatibleConfigurations": ["K1", "K2"]}, "O10": {"estimatedTestTime": {"K1": {"distribution": "normal", "mean": 14.262213701245905, "std": 3.098809283526839}, "K2": {"distribution": "normal", "mean": 49.57883525553749, "std": 3.6655898769159903}}, "compatibleConfigurations": ["K1", "K2"]}, "O11": {"estimatedTestTime": {"K1": {"distribution": "normal", "mean": 9.091169379706944, "std": 4.9854734993511745}, "K2": {"distribution": "normal", "mean": 41.287734178167455, "std": 2.1824917483001665}}, "compatibleConfigurations": ["K1", "K2"]}, "O12": {"estimatedTestTime": {"K1": {"distribution": "normal", "mean": 17.606026147290482, "std": 2.8305440984002623}, "K2": {"distribution": "normal", "mean": 16.1882503324129, "std": 4.081554671496263}}, "compatibleConfigurations": ["K1", "K2"]}, "O13": {"estimatedTestTime": {"K2": {"distribution": "normal", "mean": 8.085361323445017, "std": 4.707601809081804}, "K1": {"distribution": "normal", "mean": 25.795870647369995, "std": 3.251968557577043}}, "compatibleConfigurations": ["K2", "K1"]}}}, "products": {"count": 2, "items": {"P1": {"index": 0, "arrival": 0, "quantity": 5, "duedate": 68.58774620605027, "operations": ["O6", "O10", "O1", "O5"], "dependencies": [[2, 1], [3, 1], [3, 0]]}, "P2": {"index": 1, "arrival": 46.080811202688, "quantity": 4, "duedate": 96.45676090779311, "operations": ["O3", "O1", "O8", "O9"], "dependencies": [[2, 1], [2, 0], [3, 1]]}}}}