{"configurations": {"count": 2, "items": {"K1": {"index": 0, "setupTimes": [0, 1]}, "K2": {"index": 1, "setupTimes": [2, 0]}}}, "testers": {"count": 5, "items": {"T1": {"supportedConfigurations": ["K2", "K1"]}, "T2": {"supportedConfigurations": ["K2", "K1"]}, "T3": {"supportedConfigurations": ["K1", "K2"]}, "T4": {"supportedConfigurations": ["K1", "K2"]}, "T5": {"supportedConfigurations": ["K2", "K1"]}}}, "operations": {"count": 13, "items": {"O1": {"estimatedTestTime": {"K1": {"distribution": "normal", "mean": 27.27552855132318, "std": 3.44096166549536}, "K2": {"distribution": "normal", "mean": 37.28703076965296, "std": 4.463541310896375}}, "compatibleConfigurations": ["K1", "K2"]}, "O2": {"estimatedTestTime": {"K1": {"distribution": "normal", "mean": 27.11079307858502, "std": 4.221038117136896}, "K2": {"distribution": "normal", "mean": 14.857378795829495, "std": 2.465801793306049}}, "compatibleConfigurations": ["K1", "K2"]}, "O3": {"estimatedTestTime": {"K2": {"distribution": "normal", "mean": 32.887199887826505, "std": 2.021707155598028}, "K1": {"distribution": "normal", "mean": 19.497675740505713, "std": 4.138264745302332}}, "compatibleConfigurations": ["K2", "K1"]}, "O4": {"estimatedTestTime": {"K2": {"distribution": "normal", "mean": 36.13633197277891, "std": 3.6974137253321677}, "K1": {"distribution": "normal", "mean": 28.25729095001698, "std": 2.9534289404052494}}, "compatibleConfigurations": ["K2", "K1"]}, "O5": {"estimatedTestTime": {"K2": {"distribution": "normal", "mean": 23.19829348020474, "std": 3.9605773262061237}, "K1": {"distribution": "normal", "mean": 46.02568015398535, "std": 2.2266680501927785}}, "compatibleConfigurations": ["K2", "K1"]}, "O6": {"estimatedTestTime": {"K2": {"distribution": "normal", "mean": 19.319696659480375, "std": 2.5604924985181388}, "K1": {"distribution": "normal", "mean": 4.975647978328627, "std": 2.8122017512777413}}, "compatibleConfigurations": ["K2", "K1"]}, "O7": {"estimatedTestTime": {"K2": {"distribution": "normal", "mean": 7.4159643259809815, "std": 3.8153539529280582}, "K1": {"distribution": "normal", "mean": 44.59274045381572, "std": 3.39330105140547}}, "compatibleConfigurations": ["K2", "K1"]}, "O8": {"estimatedTestTime": {"K2": {"distribution": "normal", "mean": 25.36753808851538, "std": 4.342061404295359}, "K1": {"distribution": "normal", "mean": 26.28381351448968, "std": 2.9000048234212534}}, "compatibleConfigurations": ["K2", "K1"]}, "O9": {"estimatedTestTime": {"K1": {"distribution": "normal", "mean": 27.039832145671383, "std": 2.1546993307952973}, "K2": {"distribution": "normal", "mean": 13.620886744376284, "std": 3.4486832592446603}}, "compatibleConfigurations": ["K1", "K2"]}, "O10": {"estimatedTestTime": {"K2": {"distribution": "normal", "mean": 49.808042165088224, "std": 2.250153473410646}, "K1": {"distribution": "normal", "mean": 22.202799999857568, "std": 2.7754418007879225}}, "compatibleConfigurations": ["K2", "K1"]}, "O11": {"estimatedTestTime": {"K2": {"distribution": "normal", "mean": 6.780907635509658, "std": 3.433545066527429}, "K1": {"distribution": "normal", "mean": 31.938150813457987, "std": 3.3341586039863804}}, "compatibleConfigurations": ["K2", "K1"]}, "O12": {"estimatedTestTime": {"K1": {"distribution": "normal", "mean": 4.502595554435244, "std": 4.440115716173285}, "K2": {"distribution": "normal", "mean": 5.211553591092894, "std": 3.7634945410152643}}, "compatibleConfigurations": ["K1", "K2"]}, "O13": {"estimatedTestTime": {"K2": {"distribution": "normal", "mean": 41.86731230135048, "std": 2.956424656411939}, "K1": {"distribution": "normal", "mean": 19.18961126065078, "std": 2.5636268697056743}}, "compatibleConfigurations": ["K2", "K1"]}}}, "products": {"count": 3, "items": {"P1": {"index": 0, "arrival": 0, "quantity": 5, "duedate": 54.970731552908646, "operations": ["O11", "O12", "O6", "O5"], "dependencies": [[1, 0], [2, 1], [3, 1]]}, "P2": {"index": 1, "arrival": 7.4844223560638525, "quantity": 3, "duedate": 69.51717499721495, "operations": ["O2", "O3", "O4", "O9", "O6"], "dependencies": [[1, 0], [3, 1], [4, 1], [4, 2]]}, "P3": {"index": 2, "arrival": 36.23785998308257, "quantity": 5, "duedate": 92.59047772306042, "operations": ["O9", "O13", "O4", "O5"], "dependencies": [[2, 0], [2, 1], [3, 1]]}}}}