{"configurations": {"count": 3, "items": {"K1": {"index": 0, "setupTimes": [0, 49, 48]}, "K2": {"index": 1, "setupTimes": [14, 0, 29]}, "K3": {"index": 2, "setupTimes": [14, 41, 0]}}}, "testers": {"count": 4, "items": {"T1": {"supportedConfigurations": ["K3", "K1"]}, "T2": {"supportedConfigurations": ["K2", "K1"]}, "T3": {"supportedConfigurations": ["K1", "K3", "K2"]}, "T4": {"supportedConfigurations": ["K3", "K2"]}}}, "operations": {"count": 17, "items": {"O1": {"estimatedTestTime": {"K1": {"distribution": "normal", "mean": 346.1294164231011, "std": 4.6192860965878015}, "K2": {"distribution": "normal", "mean": 296.10268274338887, "std": 3.8259789203172265}}, "compatibleConfigurations": ["K1", "K2"]}, "O2": {"estimatedTestTime": {"K2": {"distribution": "normal", "mean": 18.205275042698098, "std": 2.5437472962163623}, "K3": {"distribution": "normal", "mean": 170.10066119036267, "std": 4.123877637591631}}, "compatibleConfigurations": ["K2", "K3"]}, "O3": {"estimatedTestTime": {"K3": {"distribution": "normal", "mean": 77.47525575845762, "std": 3.2132994216873003}, "K1": {"distribution": "normal", "mean": 415.95136195080653, "std": 4.727316409131824}, "K2": {"distribution": "normal", "mean": 443.6049275198265, "std": 4.64857376228884}}, "compatibleConfigurations": ["K3", "K1", "K2"]}, "O4": {"estimatedTestTime": {"K1": {"distribution": "normal", "mean": 425.0660861103689, "std": 4.5372980055827945}, "K2": {"distribution": "normal", "mean": 12.968635194284523, "std": 2.862521933834732}, "K3": {"distribution": "normal", "mean": 215.1962986892216, "std": 2.83039307402644}}, "compatibleConfigurations": ["K1", "K2", "K3"]}, "O5": {"estimatedTestTime": {"K3": {"distribution": "normal", "mean": 21.190741254062736, "std": 3.404832818020704}, "K1": {"distribution": "normal", "mean": 384.61501663323037, "std": 2.2787326586332077}, "K2": {"distribution": "normal", "mean": 477.72605251090033, "std": 4.867930474813932}}, "compatibleConfigurations": ["K3", "K1", "K2"]}, "O6": {"estimatedTestTime": {"K2": {"distribution": "normal", "mean": 434.7264918171027, "std": 2.606750720228448}, "K1": {"distribution": "normal", "mean": 245.64003492223625, "std": 4.5280643711180355}}, "compatibleConfigurations": ["K2", "K1"]}, "O7": {"estimatedTestTime": {"K2": {"distribution": "normal", "mean": 264.87751635636977, "std": 3.9857447971446653}, "K1": {"distribution": "normal", "mean": 215.28559979876283, "std": 4.856402776978344}}, "compatibleConfigurations": ["K2", "K1"]}, "O8": {"estimatedTestTime": {"K1": {"distribution": "normal", "mean": 471.814969502442, "std": 3.5587501870808977}, "K3": {"distribution": "normal", "mean": 36.81672471486092, "std": 2.3062757225028765}, "K2": {"distribution": "normal", "mean": 337.61307266235127, "std": 3.1415372838683573}}, "compatibleConfigurations": ["K1", "K3", "K2"]}, "O9": {"estimatedTestTime": {"K2": {"distribution": "normal", "mean": 121.94746747542982, "std": 2.5118117174361467}, "K3": {"distribution": "normal", "mean": 20.95440558423086, "std": 3.5070951401747648}}, "compatibleConfigurations": ["K2", "K3"]}, "O10": {"estimatedTestTime": {"K1": {"distribution": "normal", "mean": 369.07479121847416, "std": 4.654096957956117}, "K2": {"distribution": "normal", "mean": 167.44733086786397, "std": 3.0009078378505802}}, "compatibleConfigurations": ["K1", "K2"]}, "O11": {"estimatedTestTime": {"K2": {"distribution": "normal", "mean": 495.8837494317255, "std": 4.795076922529743}, "K1": {"distribution": "normal", "mean": 418.41808104900826, "std": 2.314799089129507}, "K3": {"distribution": "normal", "mean": 389.30678391932014, "std": 4.400614642636014}}, "compatibleConfigurations": ["K2", "K1", "K3"]}, "O12": {"estimatedTestTime": {"K2": {"distribution": "normal", "mean": 249.77712541684846, "std": 3.2651280119589723}, "K3": {"distribution": "normal", "mean": 60.2620121319214, "std": 3.3892503030304217}}, "compatibleConfigurations": ["K2", "K3"]}, "O13": {"estimatedTestTime": {"K1": {"distribution": "normal", "mean": 81.27278537243572, "std": 2.319129662523669}, "K2": {"distribution": "normal", "mean": 200.88970044078005, "std": 3.6371761289578446}}, "compatibleConfigurations": ["K1", "K2"]}, "O14": {"estimatedTestTime": {"K3": {"distribution": "normal", "mean": 476.7310380504818, "std": 4.083072427554418}, "K1": {"distribution": "normal", "mean": 452.90116005578125, "std": 2.5234569990629527}}, "compatibleConfigurations": ["K3", "K1"]}, "O15": {"estimatedTestTime": {"K1": {"distribution": "normal", "mean": 157.97684374516896, "std": 2.975571823312306}, "K2": {"distribution": "normal", "mean": 411.7406662876666, "std": 4.2501529283061465}, "K3": {"distribution": "normal", "mean": 243.44779994704928, "std": 2.7450843230692286}}, "compatibleConfigurations": ["K1", "K2", "K3"]}, "O16": {"estimatedTestTime": {"K3": {"distribution": "normal", "mean": 481.85128164806883, "std": 2.402284188908528}, "K2": {"distribution": "normal", "mean": 326.87276791821756, "std": 4.927187271662668}}, "compatibleConfigurations": ["K3", "K2"]}, "O17": {"estimatedTestTime": {"K1": {"distribution": "normal", "mean": 21.074761438154237, "std": 4.527817612582634}, "K2": {"distribution": "normal", "mean": 138.39418060587428, "std": 2.1099423348484247}, "K3": {"distribution": "normal", "mean": 341.37421629702703, "std": 4.5856005560407755}}, "compatibleConfigurations": ["K1", "K2", "K3"]}}}, "products": {"count": 10, "items": {"P1": {"index": 0, "arrival": 0, "quantity": 5, "duedate": 1844.6123750375566, "operations": ["O13", "O4", "O5", "O15", "O10", "O6", "O7", "O16", "O17"], "dependencies": [[1, 0], [2, 1], [3, 2], [5, 3], [6, 0], [6, 1], [6, 2], [6, 3], [6, 5], [7, 2], [7, 3], [7, 4], [8, 1], [8, 2], [8, 3], [8, 4], [8, 5]]}, "P2": {"index": 1, "arrival": 65.67520438084452, "quantity": 5, "duedate": 2538.982177533778, "operations": ["O2", "O9", "O11", "O10", "O17", "O8", "O14", "O1", "O15", "O7", "O12", "O4", "O5", "O13", "O3"], "dependencies": [[3, 1], [4, 0], [4, 1], [4, 2], [5, 0], [6, 3], [7, 0], [7, 6], [8, 2], [8, 6], [9, 7], [9, 8], [10, 0], [10, 7], [10, 9], [11, 0], [11, 1], [11, 4], [11, 10], [12, 2], [12, 8], [12, 10], [12, 11], [13, 2], [13, 4], [13, 6], [13, 7], [14, 5], [14, 7], [14, 9], [14, 13]]}, "P3": {"index": 2, "arrival": 164.90475484451076, "quantity": 3, "duedate": 1626.0251541390232, "operations": ["O9", "O17", "O16", "O8", "O12", "O2", "O7", "O3", "O13", "O4", "O11", "O15"], "dependencies": [[1, 0], [2, 0], [2, 1], [4, 0], [4, 1], [5, 0], [7, 4], [7, 6], [8, 3], [8, 7], [9, 0], [9, 2], [9, 4], [9, 5], [9, 6], [9, 8], [10, 0], [10, 1], [10, 5], [10, 8], [10, 9], [11, 0], [11, 4], [11, 6], [11, 9]]}, "P4": {"index": 3, "arrival": 246.67991511353046, "quantity": 5, "duedate": 2293.444204143577, "operations": ["O8", "O16", "O13", "O11", "O5", "O9", "O14", "O1", "O2", "O10", "O6"], "dependencies": [[1, 0], [2, 0], [3, 1], [4, 3], [5, 2], [6, 2], [6, 3], [7, 0], [7, 4], [8, 1], [8, 5], [9, 2], [9, 3], [10, 0], [10, 2], [10, 3], [10, 5]]}, "P5": {"index": 4, "arrival": 329.4130547732328, "quantity": 3, "duedate": 1668.6812997627933, "operations": ["O14", "O3", "O11", "O7", "O2", "O8", "O10", "O5", "O15", "O17", "O16", "O1"], "dependencies": [[2, 0], [3, 0], [3, 1], [4, 3], [7, 4], [7, 6], [8, 3], [8, 4], [9, 2], [9, 5], [9, 6], [10, 4], [11, 1], [11, 2], [11, 4], [11, 7]]}, "P6": {"index": 5, "arrival": 386.3128485240388, "quantity": 5, "duedate": 2757.656516075537, "operations": ["O17", "O15", "O9", "O6", "O1", "O4", "O14", "O11", "O12", "O16", "O8"], "dependencies": [[1, 0], [2, 1], [4, 2], [4, 3], [5, 1], [6, 5], [7, 2], [7, 6], [8, 2], [8, 5], [8, 6], [8, 7], [9, 6], [9, 7], [10, 1], [10, 3], [10, 4], [10, 5], [10, 8]]}, "P7": {"index": 6, "arrival": 477.37570015653586, "quantity": 4, "duedate": 1967.1605252092697, "operations": ["O13", "O15", "O10", "O4", "O14", "O9", "O17", "O6", "O16", "O2", "O12", "O5", "O1"],