{"configurations": {"count": 5, "items": {"K1": {"index": 0, "setupTimes": [0, 8, 5, 8, 9]}, "K2": {"index": 1, "setupTimes": [4, 0, 3, 0, 3]}, "K3": {"index": 2, "setupTimes": [8, 1, 0, 0, 5]}, "K4": {"index": 3, "setupTimes": [0, 4, 6, 0, 4]}, "K5": {"index": 4, "setupTimes": [8, 10, 1, 0, 0]}}}, "testers": {"count": 4, "items": {"T1": {"supportedConfigurations": ["K2", "K4"]}, "T2": {"supportedConfigurations": ["K3", "K2", "K1", "K5"]}, "T3": {"supportedConfigurations": ["K1", "K4"]}, "T4": {"supportedConfigurations": ["K1", "K2"]}}}, "operations": {"count": 12, "items": {"O1": {"estimatedTestTime": {"K3": {"distribution": "normal", "mean": 43.22390445293263, "std": 2.447075766856395}, "K5": {"distribution": "normal", "mean": 40.056897796420216, "std": 2.8339066569601243}}, "compatibleConfigurations": ["K3", "K5"]}, "O2": {"estimatedTestTime": {"K3": {"distribution": "normal", "mean": 37.23499391692586, "std": 4.431528796770991}, "K1": {"distribution": "normal", "mean": 48.6058742093973, "std": 4.5915222503564745}, "K5": {"distribution": "normal", "mean": 19.879941470645253, "std": 2.812287322180465}, "K2": {"distribution": "normal", "mean": 27.91020284891418, "std": 3.8081442245265458}}, "compatibleConfigurations": ["K3", "K1", "K5", "K2"]}, "O3": {"estimatedTestTime": {"K4": {"distribution": "normal", "mean": 7.6616474539653066, "std": 3.529547325343659}, "K5": {"distribution": "normal", "mean": 3.219088275552023, "std": 4.161753507419288}}, "compatibleConfigurations": ["K4", "K5"]}, "O4": {"estimatedTestTime": {"K4": {"distribution": "normal", "mean": 9.447743416417518, "std": 3.247879348389992}, "K1": {"distribution": "normal", "mean": 27.694713281377602, "std": 4.46390198663474}, "K2": {"distribution": "normal", "mean": 49.653198315448485, "std": 2.7362692526663395}, "K5": {"distribution": "normal", "mean": 17.07381997521702, "std": 4.732504077536801}}, "compatibleConfigurations": ["K4", "K1", "K2", "K5"]}, "O5": {"estimatedTestTime": {"K4": {"distribution": "normal", "mean": 16.173898016399367, "std": 3.4522757896684375}, "K3": {"distribution": "normal", "mean": 42.734541926284415, "std": 2.702228810392098}, "K2": {"distribution": "normal", "mean": 17.437785054938523, "std": 3.0164854519748046}, "K5": {"distribution": "normal", "mean": 40.28377139507536, "std": 3.2055972598691165}}, "compatibleConfigurations": ["K4", "K3", "K2", "K5"]}, "O6": {"estimatedTestTime": {"K3": {"distribution": "normal", "mean": 29.63517733658542, "std": 4.6490541011828554}, "K1": {"distribution": "normal", "mean": 14.310870638266708, "std": 2.808249948396015}, "K4": {"distribution": "normal", "mean": 15.702714097995164, "std": 2.5011606509695983}}, "compatibleConfigurations": ["K3", "K1", "K4"]}, "O7": {"estimatedTestTime": {"K5": {"distribution": "normal", "mean": 9.202117798745892, "std": 3.906766813449897}, "K4": {"distribution": "normal", "mean": 7.359820311041014, "std": 4.753998928709915}, "K2": {"distribution": "normal", "mean": 19.842177528521844, "std": 2.968066964932972}}, "compatibleConfigurations": ["K5", "K4", "K2"]}, "O8": {"estimatedTestTime": {"K5": {"distribution": "normal", "mean": 8.820207643849523, "std": 4.011585938101057}, "K1": {"distribution": "normal", "mean": 33.57818396307028, "std": 2.1468311708076775}, "K4": {"distribution": "normal", "mean": 9.650963427360313, "std": 4.855288727398805}}, "compatibleConfigurations": ["K5", "K1", "K4"]}, "O9": {"estimatedTestTime": {"K4": {"distribution": "normal", "mean": 8.70902924285614, "std": 2.832508710804417}, "K1": {"distribution": "normal", "mean": 13.299555908689818, "std": 3.680847492258748}, "K5": {"distribution": "normal", "mean": 2.579817920471708, "std": 4.5314531353163865}, "K2": {"distribution": "normal", "mean": 25.370769365727227, "std": 2.225441718559359}, "K3": {"distribution": "normal", "mean": 47.73997621567504, "std": 4.897847487911222}}, "compatibleConfigurations": ["K4", "K1", "K5", "K2", "K3"]}, "O10": {"estimatedTestTime": {"K1": {"distribution": "normal", "mean": 23.943624187056194, "std": 3.4388710786614873}, "K5": {"distribution": "normal", "mean": 45.850905544265565, "std": 4.013604697730306}, "K4": {"distribution": "normal", "mean": 40.85336693781577, "std": 2.0864600900849073}}, "compatibleConfigurations": ["K1", "K5", "K4"]}, "O11": {"estimatedTestTime": {"K5": {"distribution": "normal", "mean": 28.114038404793067, "std": 2.1206986442121134}, "K1": {"distribution": "normal", "mean": 8.971230166012136, "std": 3.994256140952725}, "K2": {"distribution": "normal", "mean": 28.38512274258519, "std": 4.492415702137928}}, "compatibleConfigurations": ["K5", "K1", "K2"]}, "O12": {"estimatedTestTime": {"K3": {"distribution": "normal", "mean": 31.311954198979638, "std": 3.683592719411517}, "K4": {"distribution": "normal", "mean": 15.922658501822253, "std": 3.179635398968385}, "K2": {"distribution": "normal", "mean": 18.6548326317007, "std": 4.705578984021567}, "K5": {"distribution": "normal", "mean": 34.32326020907736, "std": 2.5634278270313127}}, "compatibleConfigurations": ["K3", "K4", "K2", "K5"]}}}, "products": {"count": 5, "items": {"P1": {"index": 0, "arrival": 0, "quantity": 5, "duedate": 121.0194206540426, "operations": ["O1", "O9", "O8", "O10"], "dependencies": [[1, 0], [2, 0], [3, 2]]}, "P2": {"index": 1, "arrival": 24.4166212597395, "quantity": 2, "duedate": 76.04478369170472, "operations": ["O9", "O2"], "dependencies": [[1, 0]]}, "P3": {"index": 2, "arrival": 69.43911557943383, "quantity": 5, "duedate": 149.57213140980048, "operations": ["O7", "O3", "O11", "O8", "O12"], "dependencies": [[1, 0], [2, 1], [4, 3], [4, 2]]}, "P4": {"index": 3, "arrival": 83.49053995294884, "quantity": 3, "duedate": 153.00112901511704, "operations": ["O8", "O11", "O2", "O12"], "dependencies": [[2, 0], [3, 1], [3, 2]]}, "P5": {"index": 4, "arrival": 122.6835658676262, "quantity": 5, "duedate": 194.87903334265334, "operations": ["O9", "O6", "O10", "O2", "O7"], "dependencies": [[1, 0], [3, 0], [4, 2], [4, 3]]}}}}