{"configurations": {"count": 3, "items": {"K1": {"index": 0, "setupTimes": [0, 26, 46]}, "K2": {"index": 1, "setupTimes": [32, 0, 50]}, "K3": {"index": 2, "setupTimes": [20, 46, 0]}}}, "testers": {"count": 5, "items": {"T1": {"supportedConfigurations": ["K3", "K1", "K2"]}, "T2": {"supportedConfigurations": ["K1", "K3", "K2"]}, "T3": {"supportedConfigurations": ["K3", "K2"]}, "T4": {"supportedConfigurations": ["K1", "K3"]}, "T5": {"supportedConfigurations": ["K2", "K3", "K1"]}}}, "operations": {"count": 12, "items": {"O1": {"estimatedTestTime": {"K2": {"distribution": "normal", "mean": 18.091083054991543, "std": 4.173736055644192}, "K3": {"distribution": "normal", "mean": 234.38736957479344, "std": 4.475004457399574}}, "compatibleConfigurations": ["K2", "K3"]}, "O2": {"estimatedTestTime": {"K2": {"distribution": "normal", "mean": 462.22618884052974, "std": 2.8920648584123567}, "K3": {"distribution": "normal", "mean": 157.46001638561216, "std": 4.902046024770511}, "K1": {"distribution": "normal", "mean": 116.910089470783, "std": 4.732028383001664}}, "compatibleConfigurations": ["K2", "K3", "K1"]}, "O3": {"estimatedTestTime": {"K2": {"distribution": "normal", "mean": 212.02746415702075, "std": 2.5881453306555278}, "K3": {"distribution": "normal", "mean": 151.02184375431247, "std": 2.5947582006395233}}, "compatibleConfigurations": ["K2", "K3"]}, "O4": {"estimatedTestTime": {"K2": {"distribution": "normal", "mean": 453.0134627875253, "std": 4.956822495515094}, "K3": {"distribution": "normal", "mean": 16.47292813083259, "std": 4.6414224231791525}}, "compatibleConfigurations": ["K2", "K3"]}, "O5": {"estimatedTestTime": {"K1": {"distribution": "normal", "mean": 464.84605509936057, "std": 4.000435013441246}, "K3": {"distribution": "normal", "mean": 486.06193145040646, "std": 4.46966699115867}}, "compatibleConfigurations": ["K1", "K3"]}, "O6": {"estimatedTestTime": {"K3": {"distribution": "normal", "mean": 34.35279509260947, "std": 4.477229273337997}, "K1": {"distribution": "normal", "mean": 173.48475971338195, "std": 2.751384085972325}}, "compatibleConfigurations": ["K3", "K1"]}, "O7": {"estimatedTestTime": {"K1": {"distribution": "normal", "mean": 137.24180599795415, "std": 3.6339208621904096}, "K3": {"distribution": "normal", "mean": 160.36751041272515, "std": 4.564383933524757}, "K2": {"distribution": "normal", "mean": 135.30069174547492, "std": 4.681947580467329}}, "compatibleConfigurations": ["K1", "K3", "K2"]}, "O8": {"estimatedTestTime": {"K3": {"distribution": "normal", "mean": 162.19701084493056, "std": 3.13449160760156}, "K1": {"distribution": "normal", "mean": 344.1742968627332, "std": 4.047401136535241}}, "compatibleConfigurations": ["K3", "K1"]}, "O9": {"estimatedTestTime": {"K1": {"distribution": "normal", "mean": 105.63025115078571, "std": 2.0013409749240085}, "K3": {"distribution": "normal", "mean": 469.4844061112199, "std": 3.3597234102971045}, "K2": {"distribution": "normal", "mean": 435.5682541398132, "std": 3.0994675730886074}}, "compatibleConfigurations": ["K1", "K3", "K2"]}, "O10": {"estimatedTestTime": {"K3": {"distribution": "normal", "mean": 322.8519993269142, "std": 2.963242562823188}, "K2": {"distribution": "normal", "mean": 176.60154774988192, "std": 2.4565001569132052}}, "compatibleConfigurations": ["K3", "K2"]}, "O11": {"estimatedTestTime": {"K2": {"distribution": "normal", "mean": 382.4199760648529, "std": 4.280527597948486}, "K1": {"distribution": "normal", "mean": 2.4991673234429594, "std": 3.616523025274351}}, "compatibleConfigurations": ["K2", "K1"]}, "O12": {"estimatedTestTime": {"K1": {"distribution": "normal", "mean": 146.8346745961858, "std": 2.1736433038913123}, "K3": {"distribution": "normal", "mean": 307.80676213890456, "std": 4.378095431631256}, "K2": {"distribution": "normal", "mean": 256.2740506104881, "std": 4.856400811659839}}, "compatibleConfigurations": ["K1", "K3", "K2"]}}}, "products": {"count": 4, "items": {"P1": {"index": 0, "arrival": 0, "quantity": 2, "duedate": 1382.3486444194693, "operations": ["O9", "O12", "O10", "O3", "O7", "O4", "O5", "O11", "O2", "O8", "O1"], "dependencies": [[5, 0], [5, 1], [5, 2], [5, 3], [6, 0], [7, 1], [7, 5], [8, 0], [8, 2], [8, 4], [8, 5], [8, 7], [9, 0], [9, 7], [9, 8], [10, 2], [10, 5], [10, 9]]}, "P2": {"index": 1, "arrival": 56.52671486090722, "quantity": 3, "duedate": 1422.6168749281444, "operations": ["O8", "O1", "O12", "O10", "O11", "O4", "O5", "O3", "O9", "O2", "O7", "O6"], "dependencies": [[2, 0], [3, 0], [3, 2], [4, 1], [4, 2], [5, 3], [6, 0], [6, 4], [7, 3], [7, 4], [8, 2], [9, 0], [9, 1], [9, 3], [9, 5], [9, 6], [9, 7], [9, 8], [10, 0], [10, 1], [10, 3], [10, 5], [10, 8], [11, 0], [11, 2], [11, 8]]}, "P3": {"index": 2, "arrival": 122.93637737263609, "quantity": 5, "duedate": 988.0497273732125, "operations": ["O10", "O2", "O3", "O11", "O8", "O7"], "dependencies": [[1, 0], [2, 0], [3, 2], [4, 3], [5, 0], [5, 2]]}, "P4": {"index": 3, "arrival": 204.08095494874465, "quantity": 3, "duedate": 1011.0756454937462, "operations": ["O3", "O5", "O6", "O1", "O8", "O11", "O4", "O2"], "dependencies": [[3, 0], [3, 1], [3, 2], [4, 0], [4, 2], [5, 2], [6, 1], [7, 2], [7, 3]]}}}}