{"configurations": {"count": 5, "items": {"K1": {"index": 0, "setupTimes": [0, 43, 3, 44, 7]}, "K2": {"index": 1, "setupTimes": [4, 0, 36, 15, 57]}, "K3": {"index": 2, "setupTimes": [24, 47, 0, 27, 49]}, "K4": {"index": 3, "setupTimes": [7, 43, 45, 0, 43]}, "K5": {"index": 4, "setupTimes": [32, 37, 32, 52, 0]}}}, "testers": {"count": 4, "items": {"T1": {"supportedConfigurations": ["K1", "K2", "K5", "K3", "K4"]}, "T2": {"supportedConfigurations": ["K5", "K4", "K2"]}, "T3": {"supportedConfigurations": ["K4", "K5", "K2", "K1", "K3"]}, "T4": {"supportedConfigurations": ["K5", "K3", "K4", "K2"]}}}, "operations": {"count": 16, "items": {"O1": {"estimatedTestTime": {"K1": {"distribution": "normal", "mean": 487.4547815344489, "std": 2.1430582506583833}, "K5": {"distribution": "normal", "mean": 89.63726704415161, "std": 2.921813092593733}, "K3": {"distribution": "normal", "mean": 294.17410649751383, "std": 3.8563052566364346}, "K2": {"distribution": "normal", "mean": 40.290878298628364, "std": 2.7588344494514083}, "K4": {"distribution": "normal", "mean": 494.07506599114464, "std": 2.5533103191522377}}, "compatibleConfigurations": ["K1", "K5", "K3", "K2", "K4"]}, "O2": {"estimatedTestTime": {"K5": {"distribution": "normal", "mean": 50.6593005789944, "std": 2.949884764116994}, "K4": {"distribution": "normal", "mean": 480.30696394776237, "std": 4.425129029548629}, "K2": {"distribution": "normal", "mean": 78.72005684201639, "std": 2.53205417220571}, "K1": {"distribution": "normal", "mean": 399.222236695275, "std": 2.5298327373866236}, "K3": {"distribution": "normal", "mean": 150.27234080461133, "std": 4.13705623132763}}, "compatibleConfigurations": ["K5", "K4", "K2", "K1", "K3"]}, "O3": {"estimatedTestTime": {"K5": {"distribution": "normal", "mean": 215.8874338532576, "std": 3.3935366322588822}, "K3": {"distribution": "normal", "mean": 448.0479649836628, "std": 2.8082974220360772}, "K2": {"distribution": "normal", "mean": 224.52578691432151, "std": 3.9620014659202307}, "K4": {"distribution": "normal", "mean": 18.80116996751651, "std": 2.413402475685208}, "K1": {"distribution": "normal", "mean": 10.044710571180214, "std": 4.370145029050968}}, "compatibleConfigurations": ["K5", "K3", "K2", "K4", "K1"]}, "O4": {"estimatedTestTime": {"K4": {"distribution": "normal", "mean": 248.43283144975976, "std": 2.798854341739678}, "K5": {"distribution": "normal", "mean": 331.6762465420535, "std": 3.23041329161747}}, "compatibleConfigurations": ["K4", "K5"]}, "O5": {"estimatedTestTime": {"K2": {"distribution": "normal", "mean": 178.89247820992685, "std": 4.322645863579953}, "K4": {"distribution": "normal", "mean": 128.73079883845338, "std": 3.531654322859635}, "K1": {"distribution": "normal", "mean": 28.80339146583185, "std": 3.9876271799614815}}, "compatibleConfigurations": ["K2", "K4", "K1"]}, "O6": {"estimatedTestTime": {"K3": {"distribution": "normal", "mean": 14.324452555240605, "std": 2.295787712249547}, "K1": {"distribution": "normal", "mean": 290.0530987238211, "std": 2.2028129437831825}, "K2": {"distribution": "normal", "mean": 53.74059044499654, "std": 3.4411344592726816}}, "compatibleConfigurations": ["K3", "K1", "K2"]}, "O7": {"estimatedTestTime": {"K5": {"distribution": "normal", "mean": 499.1192181728354, "std": 4.685722867990767}, "K2": {"distribution": "normal", "mean": 247.21285186236094, "std": 3.972832074985276}, "K1": {"distribution": "normal", "mean": 54.86243017029749, "std": 3.149856292604707}, "K3": {"distribution": "normal", "mean": 215.23879784439623, "std": 4.942287660829903}, "K4": {"distribution": "normal", "mean": 169.8143939245984, "std": 2.714371407700393}}, "compatibleConfigurations": ["K5", "K2", "K1", "K3", "K4"]}, "O8": {"estimatedTestTime": {"K3": {"distribution": "normal", "mean": 134.8341831927717, "std": 2.8667156610066327}, "K4": {"distribution": "normal", "mean": 52.958924004101576, "std": 4.520233938885971}, "K1": {"distribution": "normal", "mean": 152.1892911677183, "std": 2.8596120994683285}, "K5": {"distribution": "normal", "mean": 80.4584466290071, "std": 3.8591600158940333}}, "compatibleConfigurations": ["K3", "K4", "K1", "K5"]}, "O9": {"estimatedTestTime": {"K3": {"distribution": "normal", "mean": 415.0569075213069, "std": 3.0742189494172454}, "K5": {"distribution": "normal", "mean": 398.86868202555155, "std": 3.4794950677360337}, "K1": {"distribution": "normal", "mean": 327.8059946855973, "std": 2.0223219867853395}, "K4": {"distribution": "normal", "mean": 186.38539350486593, "std": 3.037484152070946}}, "compatibleConfigurations": ["K3", "K5", "K1", "K4"]}, "O10": {"estimatedTestTime": {"K1": {"distribution": "normal", "mean": 40.89708758130111, "std": 3.5832929125374657}, "K2": {"distribution": "normal", "mean": 388.4676114295425, "std": 2.0734393919343277}, "K5": {"distribution": "normal", "mean": 190.55226585588858, "std": 3.005775735684452}}, "compatibleConfigurations": ["K1", "K2", "K5"]}, "O11": {"estimatedTestTime": {"K4": {"distribution": "normal", "mean": 276.93510748307625, "std": 4.1936766948873885}, "K3": {"distribution": "normal", "mean": 320.46782773565957, "std": 3.9201207826403373}, "K2": {"distribution": "normal", "mean": 213.6409763449069, "std": 3.925274374325549}, "K1": {"distribution": "normal", "mean": 434.6143292960516, "std": 4.865531453101047}, "K5": {"distribution": "normal", "mean": 111.49714099347189, "std": 4.668779833252059}}, "compatibleConfigurations": ["K4", "K3", "K2", "K1", "K5"]}, "O12": {"estimatedTestTime": {"K2": {"distribution": "normal", "mean": 102.73681213272597, "std": 2.1290160524139377}, "K3": {"distribution": "normal", "mean": 468.45708080960947, "std": 3.957332450621653}, "K1": {"distribution": "normal", "mean": 165.46269463470477, "std": 2.0868669149808805}, "K4": {"distribution": "normal", "mean": 320.7848735103381, "std": 4.036843548172491}}, "compatibleConfigurations": ["K2", "K3", "K1", "K4"]}, "O13": {"estimatedTestTime": {"K2": {"distribution": "normal", "mean": 499.77267477231214, "std": 3.860164215023922}, "K4": {"distribution": "normal", "mean": 260.0981500038329, "std": 2.641586609754893}, "K1": {"distribution": "normal", "mean": 392.9877590556634, "std": 3.1849327107902954}, "K5": {"distribution": "normal", "mean": 29.66551503859905, "std": 3.493760089885659}, "K3": {"distribution": "normal", "mean": 303.5083611489342, "std": 3.2596783817159842}}, "compatibleConfigurations": ["K2", "K4", "K1", "K5", "K3"]}, "O14": {"estimatedTestTime": {"K2": {"distribution": "normal", "mean": 425.16741181128356, "std": 4.763644140236456}, "K1": {"distribution": "normal", "mean": 121.56184614063801, "std": 4.905849203593418}, "K4": {"distribution": "normal", "mean": 294.57288518384087, "std": 2.3246786579484184}, "K3": {"distribution": "normal", "mean": 159.6812846578745, "std": 2.9014424154285363}, "K5": {"distribution": "normal", "mean": 132.83329949650008, "std": 4.415989725942131}}, "compatibleConfigurations": ["K2", "K1", "K4", "K3", "K5"]}, "O15": {"estimatedTestTime": {"K1": {"distribution": "normal", "mean": 264.8425791998767, "std": 3.5056496210482195}, "K4": {"distribution": "normal", "mean": 426.1307613406389, "std": 2.754251549109384}, "K5": {"distribution": "normal", "mean": 249.62882823306262, "std": 2.3604032693330286}, "K3": {"distribution": "normal", "mean": 350.0671218008175, "std": 3.598308454857839}}, "compatibleConfigurations": ["K1", "K4", "K5", "K3"]}, "O16": {"estimatedTestTime": {"K4": {"distribution": "normal", "mean": 202.86527949571806, "std": 2.506139417846485}, "K3": {"distribution": "normal", "mean": 251.3994777253741, "std": 3.436615682447895}, "K2": {"distribution": "normal", "mean": 136.48398635424527, "std": 3.5738948510659703}, "K1": {"distribution": "normal", "mean": 314.9601853525925, "std": 4.706864705976704}}, "compatibleConfigurations": ["K4", "K3", "K2", "K1"]}}}, "products": {"count": 6, "items": {"P1": {"index": 0, "arrival": 0, "quantity": 2, "duedate": 755.0885033009957,