{"configurations": {"count": 4, "items": {"K1": {"index": 0, "setupTimes": [0, 9, 2, 35]}, "K2": {"index": 1, "setupTimes": [29, 0, 38, 16]}, "K3": {"index": 2, "setupTimes": [8, 37, 0, 8]}, "K4": {"index": 3, "setupTimes": [53, 15, 53, 0]}}}, "testers": {"count": 3, "items": {"T1": {"supportedConfigurations": ["K2", "K1", "K3", "K4"]}, "T2": {"supportedConfigurations": ["K4", "K2", "K1"]}, "T3": {"supportedConfigurations": ["K1", "K2", "K4"]}}}, "operations": {"count": 39, "items": {"O1": {"estimatedTestTime": {"K2": {"distribution": "normal", "mean": 9.28332916950994, "std": 4.647187785476419}, "K3": {"distribution": "normal", "mean": 154.40399796440147, "std": 2.454903551895244}, "K4": {"distribution": "normal", "mean": 261.3494165367429, "std": 3.994774263690671}, "K1": {"distribution": "normal", "mean": 297.8115980557653, "std": 4.1382133276328785}}, "compatibleConfigurations": ["K2", "K3", "K4", "K1"]}, "O2": {"estimatedTestTime": {"K4": {"distribution": "normal", "mean": 497.54221109358343, "std": 3.997440798047784}, "K3": {"distribution": "normal", "mean": 342.52301415242096, "std": 3.7458135702858337}, "K2": {"distribution": "normal", "mean": 225.95426369335956, "std": 2.7595776600605895}, "K1": {"distribution": "normal", "mean": 111.19058135701248, "std": 3.6434560930103417}}, "compatibleConfigurations": ["K4", "K3", "K2", "K1"]}, "O3": {"estimatedTestTime": {"K4": {"distribution": "normal", "mean": 459.76364566582293, "std": 4.686237868824527}, "K2": {"distribution": "normal", "mean": 227.04302585784006, "std": 2.5949419734798953}, "K1": {"distribution": "normal", "mean": 251.73737016024134, "std": 2.876298520492881}, "K3": {"distribution": "normal", "mean": 65.17190504411533, "std": 2.3401432316925392}}, "compatibleConfigurations": ["K4", "K2", "K1", "K3"]}, "O4": {"estimatedTestTime": {"K1": {"distribution": "normal", "mean": 173.3743712319219, "std": 2.949525178763694}, "K2": {"distribution": "normal", "mean": 413.31637324072943, "std": 4.219894625847756}, "K3": {"distribution": "normal", "mean": 193.4772745036695, "std": 3.2425763245910026}, "K4": {"distribution": "normal", "mean": 322.7562468288056, "std": 2.4604254938167047}}, "compatibleConfigurations": ["K1", "K2", "K3", "K4"]}, "O5": {"estimatedTestTime": {"K1": {"distribution": "normal", "mean": 272.6634696483789, "std": 4.126297578558115}, "K4": {"distribution": "normal", "mean": 296.474035851692, "std": 3.8618431481780364}, "K3": {"distribution": "normal", "mean": 315.5021231894528, "std": 3.535285080791658}, "K2": {"distribution": "normal", "mean": 85.72304727386866, "std": 2.964259586168689}}, "compatibleConfigurations": ["K1", "K4", "K3", "K2"]}, "O6": {"estimatedTestTime": {"K2": {"distribution": "normal", "mean": 6.925687062545364, "std": 4.0578311918712995}, "K4": {"distribution": "normal", "mean": 240.14111346360767, "std": 4.6764038118573374}, "K3": {"distribution": "normal", "mean": 384.8955282157281, "std": 4.426309921287713}, "K1": {"distribution": "normal", "mean": 365.51026675876506, "std": 2.6694085479162624}}, "compatibleConfigurations": ["K2", "K4", "K3", "K1"]}, "O7": {"estimatedTestTime": {"K1": {"distribution": "normal", "mean": 269.89024429305414, "std": 3.728183822445013}, "K2": {"distribution": "normal", "mean": 205.34764276760927, "std": 3.181681040618221}, "K3": {"distribution": "normal", "mean": 176.07237176218126, "std": 3.789404932161201}, "K4": {"distribution": "normal", "mean": 76.65494418963743, "std": 3.9454504771550187}}, "compatibleConfigurations": ["K1", "K2", "K3", "K4"]}, "O8": {"estimatedTestTime": {"K3": {"distribution": "normal", "mean": 206.17184533703337, "std": 3.2777533883125427}, "K1": {"distribution": "normal", "mean": 200.2562047073628, "std": 2.3457621485152047}, "K4": {"distribution": "normal", "mean": 82.93593395672413, "std": 3.0533951460450517}, "K2": {"distribution": "normal", "mean": 398.04938709641766, "std": 4.384623862587572}}, "compatibleConfigurations": ["K3", "K1", "K4", "K2"]}, "O9": {"estimatedTestTime": {"K3": {"distribution": "normal", "mean": 62.37596279940661, "std": 2.91046526053445}, "K4": {"distribution": "normal", "mean": 173.42605405857952, "std": 3.341574491365849}, "K1": {"distribution": "normal", "mean": 333.13448999872713, "std": 4.840961746071459}, "K2": {"distribution": "normal", "mean": 71.7271414854913, "std": 2.093578733349096}}, "compatibleConfigurations": ["K3", "K4", "K1", "K2"]}, "O10": {"estimatedTestTime": {"K1": {"distribution": "normal", "mean": 324.3278486501021, "std": 4.052512588946804}, "K2": {"distribution": "normal", "mean": 220.32676051718528, "std": 2.455945810132424}, "K3": {"distribution": "normal", "mean": 411.4459940409758, "std": 2.7492701035553977}, "K4": {"distribution": "normal", "mean": 238.54120715964598, "std": 3.3406031351652827}}, "compatibleConfigurations": ["K1", "K2", "K3", "K4"]}, "O11": {"estimatedTestTime": {"K2": {"distribution": "normal", "mean": 74.62539329883835, "std": 3.979363410030989}, "K3": {"distribution": "normal", "mean": 39.803428805569055, "std": 3.0479322274137375}, "K1": {"distribution": "normal", "mean": 102.5714933058896, "std": 4.7764349021614025}, "K4": {"distribution": "normal", "mean": 351.6185547484825, "std": 4.4015623591607955}}, "compatibleConfigurations": ["K2", "K3", "K1", "K4"]}, "O12": {"estimatedTestTime": {"K4": {"distribution": "normal", "mean": 73.61292405007197, "std": 3.1364543019291986}, "K2": {"distribution": "normal", "mean": 170.15070967517406, "std": 2.192998294723242}, "K1": {"distribution": "normal", "mean": 68.48845379074434, "std": 4.522066310986427}, "K3": {"distribution": "normal", "mean": 199.15397910696123, "std": 2.66561579715898}}, "compatibleConfigurations": ["K4", "K2", "K1", "K3"]}, "O13": {"estimatedTestTime": {"K1": {"distribution": "normal", "mean": 396.10133974531624, "std": 4.487860514664739}, "K4": {"distribution": "normal", "mean": 80.55756110483635, "std": 4.3539227164689915}, "K3": {"distribution": "normal", "mean": 148.39761093725613, "std": 3.7279491738891433}, "K2": {"distribution": "normal", "mean": 73.28492725786016, "std": 4.240724039496148}}, "compatibleConfigurations": ["K1", "K4", "K3", "K2"]}, "O14": {"estimatedTestTime": {"K1": {"distribution": "normal", "mean": 147.68799143499572, "std": 2.4462125765992724}, "K3": {"distribution": "normal", "mean": 97.17075559979703, "std": 2.2853646586042657}, "K2": {"distribution": "normal", "mean": 43.63731786306401, "std": 3.043266472614265}, "K4": {"distribution": "normal", "mean": 334.0335544358561, "std": 2.7937348014810386}}, "compatibleConfigurations": ["K1", "K3", "K2", "K4"]}, "O15": {"estimatedTestTime": {"K1": {"distribution": "normal", "mean": 470.6336664073964, "std": 4.83951045161192}, "K4": {"distribution": "normal", "mean": 66.10029444307541, "std": 4.539393453905535}, "K3": {"distribution": "normal", "mean": 374.82134411002664, "std": 3.2205306404360288}, "K2": {"distribution": "normal", "mean": 57.98323868662697, "std": 2.911086453529613}}, "compatibleConfigurations": ["K1", "K4", "K3", "K2"]}, "O16": {"estimatedTestTime": {"K2": {"distribution": "normal", "mean": 341.25298308752144, "std": 2.808168851785766}, "K4": {"distribution": "normal", "mean": 266.5255308643321, "std": 4.763395163604633}, "K1": {"distribution": "normal", "mean": 200.37651465692076, "std": 2.2954906288050414}, "K3": {"distribution": "normal", "mean": 338.52852642354196, "std": 3.8297290401464217}}, "compatibleConfigurations": ["K2", "K4", "K1", "K3"]}, "O17": {"estimatedTestTime": {"K4": {"distribution": "normal", "mean": 455.1938481900814, "std": 4.824965630309302}, "K2": {"distribution": "normal", "mean": 292.855979937098, "std": 2.5430652789958157}, "K1": {"distribution": "normal", "mean": 470.21471853905314, "std": 4.747951507206754}, "K3": {"distribution": "normal", "mean": 196.4356590789876, "std": 4.124904737108332}}, "compatibleConfigurations": ["K4", "K2", "K1", "K3"]}, "O18": {"estimatedTestTime": {"K2": {"distribution": "normal",