{"configurations": {"count": 3, "items": {"K1": {"index": 0, "setupTimes": [0, 15, 48]}, "K2": {"index": 1, "setupTimes": [14, 0, 43]}, "K3": {"index": 2, "setupTimes": [12, 12, 0]}}}, "testers": {"count": 2, "items": {"T1": {"supportedConfigurations": ["K3", "K1", "K2"]}, "T2": {"supportedConfigurations": ["K2", "K3", "K1"]}}}, "operations": {"count": 10, "items": {"O1": {"estimatedTestTime": {"K2": {"distribution": "normal", "mean": 287.5507800366759, "std": 3.148560309597899}, "K1": {"distribution": "normal", "mean": 417.674428242804, "std": 3.142509282216326}, "K3": {"distribution": "normal", "mean": 43.12292992407388, "std": 3.719012562101452}}, "compatibleConfigurations": ["K2", "K1", "K3"]}, "O2": {"estimatedTestTime": {"K1": {"distribution": "normal", "mean": 470.95878473933266, "std": 4.943244368955456}, "K2": {"distribution": "normal", "mean": 175.7017416560331, "std": 3.148283150287254}}, "compatibleConfigurations": ["K1", "K2"]}, "O3": {"estimatedTestTime": {"K2": {"distribution": "normal", "mean": 390.9259618968166, "std": 2.886297895926624}, "K3": {"distribution": "normal", "mean": 440.059225664786, "std": 2.8904843469583534}, "K1": {"distribution": "normal", "mean": 497.75809728278597, "std": 2.3886818510651904}}, "compatibleConfigurations": ["K2", "K3", "K1"]}, "O4": {"estimatedTestTime": {"K3": {"distribution": "normal", "mean": 166.60671939134548, "std": 2.834939455172943}, "K1": {"distribution": "normal", "mean": 451.019352294979, "std": 3.808793776148147}}, "compatibleConfigurations": ["K3", "K1"]}, "O5": {"estimatedTestTime": {"K1": {"distribution": "normal", "mean": 446.86497147604035, "std": 2.482711131205585}, "K3": {"distribution": "normal", "mean": 346.5721050938704, "std": 4.897184293682496}}, "compatibleConfigurations": ["K1", "K3"]}, "O6": {"estimatedTestTime": {"K2": {"distribution": "normal", "mean": 346.89945504592686, "std": 2.484849951265881}, "K1": {"distribution": "normal", "mean": 79.54192438334276, "std": 3.034305879820064}, "K3": {"distribution": "normal", "mean": 195.58225096021874, "std": 3.1625824182713593}}, "compatibleConfigurations": ["K2", "K1", "K3"]}, "O7": {"estimatedTestTime": {"K2": {"distribution": "normal", "mean": 461.595365873495, "std": 2.2187815684490295}, "K3": {"distribution": "normal", "mean": 141.5829922925569, "std": 3.6493528026911113}, "K1": {"distribution": "normal", "mean": 111.43856593762064, "std": 3.899415038395114}}, "compatibleConfigurations": ["K2", "K3", "K1"]}, "O8": {"estimatedTestTime": {"K1": {"distribution": "normal", "mean": 142.92277515627825, "std": 4.460172832042472}, "K2": {"distribution": "normal", "mean": 483.6417888580892, "std": 2.4566446286923913}}, "compatibleConfigurations": ["K1", "K2"]}, "O9": {"estimatedTestTime": {"K2": {"distribution": "normal", "mean": 356.3571776012745, "std": 3.6974978555329945}, "K3": {"distribution": "normal", "mean": 362.76624261721315, "std": 3.362121066640551}, "K1": {"distribution": "normal", "mean": 45.85881814705567, "std": 2.3310120325027976}}, "compatibleConfigurations": ["K2", "K3", "K1"]}, "O10": {"estimatedTestTime": {"K1": {"distribution": "normal", "mean": 400.6772461628718, "std": 4.621675919865863}, "K2": {"distribution": "normal", "mean": 488.11795407329896, "std": 4.3363331895669415}}, "compatibleConfigurations": ["K1", "K2"]}}}, "products": {"count": 8, "items": {"P1": {"index": 0, "arrival": 0, "quantity": 3, "duedate": 1694.3130454621617, "operations": ["O3", "O8", "O9", "O2", "O10", "O7", "O1"], "dependencies": [[3, 0], [3, 2], [4, 2], [5, 0], [5, 4], [6, 0], [6, 1], [6, 5]]}, "P2": {"index": 1, "arrival": 59.41756744542947, "quantity": 5, "duedate": 1708.1070897407362, "operations": ["O10", "O6", "O5", "O7", "O9"], "dependencies": [[3, 0], [3, 1], [3, 2], [4, 0]]}, "P3": {"index": 2, "arrival": 141.52396781827218, "quantity": 2, "duedate": 1393.2405186838048, "operations": ["O3", "O8", "O6", "O5", "O1", "O9", "O2"], "dependencies": [[1, 0], [2, 0], [3, 0], [3, 2], [4, 3], [5, 1], [5, 2], [6, 0], [6, 5]]}, "P4": {"index": 3, "arrival": 210.2589652661264, "quantity": 3, "duedate": 2349.131243105474, "operations": ["O5", "O10", "O9", "O2", "O6", "O1", "O3", "O7", "O4", "O8"], "dependencies": [[3, 1], [4, 1], [5, 0], [5, 2], [6, 1], [6, 2], [6, 3], [6, 4], [7, 5], [8, 3], [8, 4], [8, 5], [9, 1], [9, 4], [9, 6]]}, "P5": {"index": 4, "arrival": 263.9929449489536, "quantity": 4, "duedate": 2205.847168507304, "operations": ["O5", "O8", "O6", "O2", "O3", "O9"], "dependencies": [[2, 0], [3, 1], [3, 2], [4, 1], [4, 2], [5, 1], [5, 2]]}, "P6": {"index": 5, "arrival": 330.8885745444304, "quantity": 2, "duedate": 1188.437305937029, "operations": ["O1", "O9", "O10", "O8", "O7"], "dependencies": [[2, 1], [3, 1], [4, 2], [4, 0]]}, "P7": {"index": 6, "arrival": 423.507024264691, "quantity": 4, "duedate": 3032.8299991817285, "operations": ["O2", "O8", "O10", "O9", "O1", "O6", "O3", "O7", "O5"], "dependencies": [[2, 0], [2, 1], [5, 0], [5, 1], [6, 1], [6, 4], [7, 2], [7, 5], [7, 6], [8, 1], [8, 2], [8, 3], [8, 7]]}, "P8": {"index": 7, "arrival": 510.85440271735035, "quantity": 5, "duedate": 3929.852696694359, "operations": ["O8", "O5", "O6", "O9", "O7", "O1", "O4", "O10", "O2", "O3"], "dependencies": [[2, 1], [4, 3], [5, 4], [6, 1], [7, 1], [7, 3], [7, 6], [8, 0], [8, 1], [8, 5], [8, 7], [9, 0], [9, 2], [9, 3]]}}}}