{"configurations": {"count": 4, "items": {"K1": {"index": 0, "setupTimes": [0, 7, 6, 2]}, "K2": {"index": 1, "setupTimes": [10, 0, 3, 1]}, "K3": {"index": 2, "setupTimes": [10, 4, 0, 8]}, "K4": {"index": 3, "setupTimes": [7, 9, 1, 0]}}}, "testers": {"count": 4, "items": {"T1": {"supportedConfigurations": ["K2", "K1", "K4"]}, "T2": {"supportedConfigurations": ["K4", "K3", "K2", "K1"]}, "T3": {"supportedConfigurations": ["K4", "K1"]}, "T4": {"supportedConfigurations": ["K1", "K3", "K4", "K2"]}}}, "operations": {"count": 17, "items": {"O1": {"estimatedTestTime": {"K3": {"distribution": "normal", "mean": 33.510255554485155, "std": 4.231878520571438}, "K4": {"distribution": "normal", "mean": 28.822893087416507, "std": 2.4202201388202598}, "K2": {"distribution": "normal", "mean": 43.572893689995055, "std": 3.7233507110790196}, "K1": {"distribution": "normal", "mean": 34.649705372824556, "std": 3.792063797006016}}, "compatibleConfigurations": ["K3", "K4", "K2", "K1"]}, "O2": {"estimatedTestTime": {"K2": {"distribution": "normal", "mean": 16.111574165880818, "std": 2.476811231786673}, "K1": {"distribution": "normal", "mean": 17.695323483574697, "std": 4.028457363273075}}, "compatibleConfigurations": ["K2", "K1"]}, "O3": {"estimatedTestTime": {"K3": {"distribution": "normal", "mean": 25.713404264900287, "std": 2.337318472233577}, "K1": {"distribution": "normal", "mean": 31.77014275173916, "std": 4.84370237527727}, "K2": {"distribution": "normal", "mean": 10.665004904555355, "std": 4.707430191012029}, "K4": {"distribution": "normal", "mean": 2.2323631000334494, "std": 4.669701680935275}}, "compatibleConfigurations": ["K3", "K1", "K2", "K4"]}, "O4": {"estimatedTestTime": {"K3": {"distribution": "normal", "mean": 39.09545096240776, "std": 4.0441238476039025}, "K1": {"distribution": "normal", "mean": 21.604612519925148, "std": 4.211845562271677}, "K2": {"distribution": "normal", "mean": 24.21290417343662, "std": 3.8253055944863736}, "K4": {"distribution": "normal", "mean": 40.00538037411877, "std": 2.716443204022604}}, "compatibleConfigurations": ["K3", "K1", "K2", "K4"]}, "O5": {"estimatedTestTime": {"K3": {"distribution": "normal", "mean": 21.207146148084295, "std": 4.893148409794496}, "K2": {"distribution": "normal", "mean": 38.32022025582717, "std": 4.607370885474884}, "K1": {"distribution": "normal", "mean": 35.673023972742165, "std": 4.421442247328348}, "K4": {"distribution": "normal", "mean": 2.2050907416707695, "std": 2.3641932106027523}}, "compatibleConfigurations": ["K3", "K2", "K1", "K4"]}, "O6": {"estimatedTestTime": {"K4": {"distribution": "normal", "mean": 32.763779575929846, "std": 2.765168174901013}, "K1": {"distribution": "normal", "mean": 19.251364012032056, "std": 4.57790864412998}, "K3": {"distribution": "normal", "mean": 2.4089056307564913, "std": 4.902672841862156}}, "compatibleConfigurations": ["K4", "K1", "K3"]}, "O7": {"estimatedTestTime": {"K4": {"distribution": "normal", "mean": 43.60121875119269, "std": 4.241135265273992}, "K2": {"distribution": "normal", "mean": 25.35193525525636, "std": 2.057115526167089}, "K3": {"distribution": "normal", "mean": 30.23767766054091, "std": 3.253200140492085}, "K1": {"distribution": "normal", "mean": 17.07884362846878, "std": 2.50227425408372}}, "compatibleConfigurations": ["K4", "K2", "K3", "K1"]}, "O8": {"estimatedTestTime": {"K2": {"distribution": "normal", "mean": 14.331023540913144, "std": 4.105899916700877}, "K4": {"distribution": "normal", "mean": 7.264315346567889, "std": 2.870845618848583}, "K1": {"distribution": "normal", "mean": 16.481101401264052, "std": 3.3815435114541357}, "K3": {"distribution": "normal", "mean": 44.602232224134035, "std": 4.0409623392762475}}, "compatibleConfigurations": ["K2", "K4", "K1", "K3"]}, "O9": {"estimatedTestTime": {"K4": {"distribution": "normal", "mean": 5.644294394101879, "std": 3.4925167336976988}, "K2": {"distribution": "normal", "mean": 45.668058232035754, "std": 2.005370598707775}}, "compatibleConfigurations": ["K4", "K2"]}, "O10": {"estimatedTestTime": {"K2": {"distribution": "normal", "mean": 10.16504658575419, "std": 3.714314457662016}, "K3": {"distribution": "normal", "mean": 28.609520770821806, "std": 2.8307659623313617}, "K4": {"distribution": "normal", "mean": 16.056529630961947, "std": 4.322752577992173}, "K1": {"distribution": "normal", "mean": 33.250538468335584, "std": 2.848213910988646}}, "compatibleConfigurations": ["K2", "K3", "K4", "K1"]}, "O11": {"estimatedTestTime": {"K4": {"distribution": "normal", "mean": 36.53439213519552, "std": 2.6250383057805102}, "K1": {"distribution": "normal", "mean": 23.32508298908054, "std": 2.51611420448201}, "K2": {"distribution": "normal", "mean": 42.29908553890475, "std": 3.072474141770967}, "K3": {"distribution": "normal", "mean": 37.741665596743346, "std": 4.051095278541942}}, "compatibleConfigurations": ["K4", "K1", "K2", "K3"]}, "O12": {"estimatedTestTime": {"K2": {"distribution": "normal", "mean": 44.7840750062818, "std": 3.3836959849818786}, "K1": {"distribution": "normal", "mean": 32.91744236312692, "std": 3.4983658562524638}}, "compatibleConfigurations": ["K2", "K1"]}, "O13": {"estimatedTestTime": {"K2": {"distribution": "normal", "mean": 3.487169485662278, "std": 3.1384470152123622}, "K3": {"distribution": "normal", "mean": 30.89751334021902, "std": 3.0260819905130036}, "K1": {"distribution": "normal", "mean": 27.18341279234854, "std": 4.001690606447576}, "K4": {"distribution": "normal", "mean": 38.61778544624613, "std": 3.1667885537956915}}, "compatibleConfigurations": ["K2", "K3", "K1", "K4"]}, "O14": {"estimatedTestTime": {"K3": {"distribution": "normal", "mean": 30.736244503987063, "std": 4.06613694623031}, "K1": {"distribution": "normal", "mean": 17.615182228415147, "std": 3.6941955014585237}, "K2": {"distribution": "normal", "mean": 31.079146336160747, "std": 4.666010072761976}, "K4": {"distribution": "normal", "mean": 29.286058914108416, "std": 2.0441778495319354}}, "compatibleConfigurations": ["K3", "K1", "K2", "K4"]}, "O15": {"estimatedTestTime": {"K2": {"distribution": "normal", "mean": 25.18096094180433, "std": 3.2416254352869607}, "K3": {"distribution": "normal", "mean": 17.356607915890194, "std": 3.2783872599538704}}, "compatibleConfigurations": ["K2", "K3"]}, "O16": {"estimatedTestTime": {"K2": {"distribution": "normal", "mean": 13.926971685048194, "std": 3.2019544617168076}, "K1": {"distribution": "normal", "mean": 16.117303833208094, "std": 3.0874823326391696}, "K4": {"distribution": "normal", "mean": 32.76044515908592, "std": 3.467757484985426}, "K3": {"distribution": "normal", "mean": 34.2381022234429, "std": 4.848408216769749}}, "compatibleConfigurations": ["K2", "K1", "K4", "K3"]}, "O17": {"estimatedTestTime": {"K2": {"distribution": "normal", "mean": 32.45300656061191, "std": 4.307713511322804}, "K3": {"distribution": "normal", "mean": 7.801613102910528, "std": 4.575783362436058}, "K1": {"distribution": "normal", "mean": 3.7660947017531594, "std": 4.604649209658384}}, "compatibleConfigurations": ["K2", "K3", "K1"]}}}, "products": {"count": 5, "items": {"P1": {"index": 0, "arrival": 0, "quantity": 2, "duedate": 85.22000790128676, "operations": ["O1", "O15", "O10", "O5", "O9"], "dependencies": [[1, 0], [3, 2], [4, 3], [4, 1]]}, "P2": {"index": 1, "arrival": 42.076585546841194, "quantity": 5, "duedate": 167.26444032490093, "operations": ["O14", "O8", "O12", "O7", "O11"], "dependencies": [[3, 1], [3, 2], [3, 0], [4, 3]]}, "P3": {"index": 2, "arrival": 84.5499259383077, "quantity": 5, "duedate": 196.61021996287926, "operations": ["O1", "O17", "O11", "O16"], "dependencies": [[2, 0], [3, 2], [3, 1]]}, "P4": {"index": 3, "arrival": 114.69129095109132, "quantity": 2, "duedate": 186.85228380361548, "operations": ["O8", "O3", "O12", "O15", "O5"], "dependencies": [[2, 1], [3, 0], [4, 0], [4, 2]]}, "P5": {"index": 4, "arrival": 149.42628750807262, "quantity": 4, "duedate": 186.59171524839545, "operations": ["O13", "O5"], "dependencies": [[1, 0]]}}}}