{"configurations": {"count": 3, "items": {"K1": {"index": 0, "setupTimes": [0, 3, 0]}, "K2": {"index": 1, "setupTimes": [3, 0, 0]}, "K3": {"index": 2, "setupTimes": [5, 7, 0]}}}, "testers": {"count": 3, "items": {"T1": {"supportedConfigurations": ["K2", "K3", "K1"]}, "T2": {"supportedConfigurations": ["K3", "K2", "K1"]}, "T3": {"supportedConfigurations": ["K2", "K1", "K3"]}}}, "operations": {"count": 17, "items": {"O1": {"estimatedTestTime": {"K2": {"distribution": "normal", "mean": 21.00760345881535, "std": 3.246108295742851}, "K3": {"distribution": "normal", "mean": 48.57723469987733, "std": 4.041494582994739}, "K1": {"distribution": "normal", "mean": 11.113677148055308, "std": 2.7301831680570174}}, "compatibleConfigurations": ["K2", "K3", "K1"]}, "O2": {"estimatedTestTime": {"K3": {"distribution": "normal", "mean": 27.131292097893045, "std": 4.174068394171895}, "K2": {"distribution": "normal", "mean": 34.594351725621856, "std": 4.26572839330578}, "K1": {"distribution": "normal", "mean": 2.802223388507505, "std": 3.7710205312799943}}, "compatibleConfigurations": ["K3", "K2", "K1"]}, "O3": {"estimatedTestTime": {"K2": {"distribution": "normal", "mean": 44.042522706792155, "std": 3.5545985998135547}, "K1": {"distribution": "normal", "mean": 18.566516973835245, "std": 4.899152980630492}}, "compatibleConfigurations": ["K2", "K1"]}, "O4": {"estimatedTestTime": {"K1": {"distribution": "normal", "mean": 25.22585510572073, "std": 2.000471851886722}, "K2": {"distribution": "normal", "mean": 37.475777363944985, "std": 3.0059907938403527}}, "compatibleConfigurations": ["K1", "K2"]}, "O5": {"estimatedTestTime": {"K3": {"distribution": "normal", "mean": 13.797527222612114, "std": 3.6446176100143113}, "K1": {"distribution": "normal", "mean": 46.10321986355104, "std": 3.141031610225539}}, "compatibleConfigurations": ["K3", "K1"]}, "O6": {"estimatedTestTime": {"K1": {"distribution": "normal", "mean": 26.64670941557482, "std": 3.59126527699467}, "K3": {"distribution": "normal", "mean": 8.083474552327887, "std": 4.720846826256122}, "K2": {"distribution": "normal", "mean": 23.246025845585045, "std": 3.78642708378361}}, "compatibleConfigurations": ["K1", "K3", "K2"]}, "O7": {"estimatedTestTime": {"K3": {"distribution": "normal", "mean": 31.420783194118822, "std": 2.839893997377488}, "K1": {"distribution": "normal", "mean": 40.09739092469496, "std": 4.420898709271153}, "K2": {"distribution": "normal", "mean": 25.020981249877664, "std": 4.884617262273663}}, "compatibleConfigurations": ["K3", "K1", "K2"]}, "O8": {"estimatedTestTime": {"K3": {"distribution": "normal", "mean": 36.64244055632079, "std": 4.35229030607955}, "K1": {"distribution": "normal", "mean": 3.5514204487404513, "std": 2.778185423415117}}, "compatibleConfigurations": ["K3", "K1"]}, "O9": {"estimatedTestTime": {"K2": {"distribution": "normal", "mean": 49.844434171394724, "std": 3.046824910072634}, "K3": {"distribution": "normal", "mean": 17.57339073475982, "std": 2.762006211394943}}, "compatibleConfigurations": ["K2", "K3"]}, "O10": {"estimatedTestTime": {"K1": {"distribution": "normal", "mean": 6.533358462077576, "std": 4.449703982764141}, "K3": {"distribution": "normal", "mean": 8.179865786103152, "std": 2.1032260454646243}}, "compatibleConfigurations": ["K1", "K3"]}, "O11": {"estimatedTestTime": {"K2": {"distribution": "normal", "mean": 21.052061972502997, "std": 3.9490053222004184}, "K1": {"distribution": "normal", "mean": 32.70134464826645, "std": 3.0748479668508026}}, "compatibleConfigurations": ["K2", "K1"]}, "O12": {"estimatedTestTime": {"K3": {"distribution": "normal", "mean": 42.82286362622688, "std": 2.1372661465258895}, "K1": {"distribution": "normal", "mean": 30.569777410785356, "std": 4.873303643599126}, "K2": {"distribution": "normal", "mean": 25.24089782177043, "std": 3.9809499717633567}}, "compatibleConfigurations": ["K3", "K1", "K2"]}, "O13": {"estimatedTestTime": {"K2": {"distribution": "normal", "mean": 21.682225311151285, "std": 2.895114781876028}, "K1": {"distribution": "normal", "mean": 10.1821639907747, "std": 3.6826074143054917}, "K3": {"distribution": "normal", "mean": 18.881340543729788, "std": 3.449789052616457}}, "compatibleConfigurations": ["K2", "K1", "K3"]}, "O14": {"estimatedTestTime": {"K3": {"distribution": "normal", "mean": 28.129617374674602, "std": 4.314581856277787}, "K2": {"distribution": "normal", "mean": 45.5376204562989, "std": 4.611263459512332}}, "compatibleConfigurations": ["K3", "K2"]}, "O15": {"estimatedTestTime": {"K2": {"distribution": "normal", "mean": 34.169520075123344, "std": 4.329467634982004}, "K1": {"distribution": "normal", "mean": 39.84670322390876, "std": 4.671915499586086}, "K3": {"distribution": "normal", "mean": 18.691735592926175, "std": 4.027837661593942}}, "compatibleConfigurations": ["K2", "K1", "K3"]}, "O16": {"estimatedTestTime": {"K1": {"distribution": "normal", "mean": 30.085626401438894, "std": 4.529456766540706}, "K3": {"distribution": "normal", "mean": 23.308531725533065, "std": 3.141292139424642}}, "compatibleConfigurations": ["K1", "K3"]}, "O17": {"estimatedTestTime": {"K1": {"distribution": "normal", "mean": 4.646412317372702, "std": 4.284555320037253}, "K3": {"distribution": "normal", "mean": 21.518295460895693, "std": 4.17428546727257}}, "compatibleConfigurations": ["K1", "K3"]}}}, "products": {"count": 2, "items": {"P1": {"index": 0, "arrival": 0, "quantity": 2, "duedate": 37.94501876796366, "operations": ["O3", "O10"], "dependencies": [[1, 0]]}, "P2": {"index": 1, "arrival": 35.29235738663998, "quantity": 2, "duedate": 92.92099830881908, "operations": ["O17", "O1", "O10", "O2", "O16"], "dependencies": [[2, 1], [4, 0], [4, 3], [4, 2]]}}}}