{"configurations": {"count": 5, "items": {"K1": {"index": 0, "setupTimes": [0, 5, 10, 0, 10]}, "K2": {"index": 1, "setupTimes": [5, 0, 10, 3, 2]}, "K3": {"index": 2, "setupTimes": [7, 8, 0, 5, 9]}, "K4": {"index": 3, "setupTimes": [4, 9, 8, 0, 6]}, "K5": {"index": 4, "setupTimes": [3, 2, 9, 5, 0]}}}, "testers": {"count": 3, "items": {"T1": {"supportedConfigurations": ["K4", "K1", "K2"]}, "T2": {"supportedConfigurations": ["K5", "K2", "K3"]}, "T3": {"supportedConfigurations": ["K2", "K5", "K4"]}}}, "operations": {"count": 11, "items": {"O1": {"estimatedTestTime": {"K2": {"distribution": "normal", "mean": 45.591522207920065, "std": 4.806935194774708}, "K3": {"distribution": "normal", "mean": 26.644824578330443, "std": 2.264759480474275}, "K1": {"distribution": "normal", "mean": 36.09573847522121, "std": 3.312153825387661}, "K4": {"distribution": "normal", "mean": 35.17668840816832, "std": 4.1377628325058184}, "K5": {"distribution": "normal", "mean": 4.906886447654221, "std": 3.0493581392516167}}, "compatibleConfigurations": ["K2", "K3", "K1", "K4", "K5"]}, "O2": {"estimatedTestTime": {"K3": {"distribution": "normal", "mean": 43.734780149190954, "std": 4.7540493462810876}, "K1": {"distribution": "normal", "mean": 41.66819355073793, "std": 4.486651900717581}, "K4": {"distribution": "normal", "mean": 33.75001266771525, "std": 4.3054950381594725}, "K2": {"distribution": "normal", "mean": 43.70330988926923, "std": 3.4163947908636882}, "K5": {"distribution": "normal", "mean": 33.85580142960362, "std": 3.0504861502685476}}, "compatibleConfigurations": ["K3", "K1", "K4", "K2", "K5"]}, "O3": {"estimatedTestTime": {"K5": {"distribution": "normal", "mean": 42.04522037493665, "std": 3.0131714019500038}, "K3": {"distribution": "normal", "mean": 11.517787613833415, "std": 4.1811462577966}, "K1": {"distribution": "normal", "mean": 45.722410562517595, "std": 3.9122528091692814}}, "compatibleConfigurations": ["K5", "K3", "K1"]}, "O4": {"estimatedTestTime": {"K2": {"distribution": "normal", "mean": 33.72830433930827, "std": 3.000272625278026}, "K1": {"distribution": "normal", "mean": 46.8818699560089, "std": 3.8449718944061035}}, "compatibleConfigurations": ["K2", "K1"]}, "O5": {"estimatedTestTime": {"K5": {"distribution": "normal", "mean": 49.62751352123803, "std": 4.390609888507237}, "K3": {"distribution": "normal", "mean": 5.235971960194425, "std": 2.0301049033779592}, "K1": {"distribution": "normal", "mean": 26.417642951816617, "std": 2.8463498311318216}}, "compatibleConfigurations": ["K5", "K3", "K1"]}, "O6": {"estimatedTestTime": {"K5": {"distribution": "normal", "mean": 16.140992334815138, "std": 4.833021279239691}, "K2": {"distribution": "normal", "mean": 13.579278183032953, "std": 3.6054533393424832}, "K4": {"distribution": "normal", "mean": 14.227776156654782, "std": 4.3749364253134555}}, "compatibleConfigurations": ["K5", "K2", "K4"]}, "O7": {"estimatedTestTime": {"K4": {"distribution": "normal", "mean": 15.086314598431477, "std": 2.390917087454534}, "K1": {"distribution": "normal", "mean": 30.895721207451473, "std": 2.1408397297640667}, "K5": {"distribution": "normal", "mean": 11.853029052323452, "std": 2.4006553941331337}}, "compatibleConfigurations": ["K4", "K1", "K5"]}, "O8": {"estimatedTestTime": {"K4": {"distribution": "normal", "mean": 11.618825443988941, "std": 2.648716975295578}, "K5": {"distribution": "normal", "mean": 8.204559973107626, "std": 4.977518760134815}, "K1": {"distribution": "normal", "mean": 7.319115171588079, "std": 3.846887455111317}, "K3": {"distribution": "normal", "mean": 2.046240579404305, "std": 2.6218555813346582}}, "compatibleConfigurations": ["K4", "K5", "K1", "K3"]}, "O9": {"estimatedTestTime": {"K2": {"distribution": "normal", "mean": 7.392731309679185, "std": 4.944761237672523}, "K3": {"distribution": "normal", "mean": 9.306582418547467, "std": 4.437031600672746}, "K1": {"distribution": "normal", "mean": 49.1556211207146, "std": 3.3070262731069944}}, "compatibleConfigurations": ["K2", "K3", "K1"]}, "O10": {"estimatedTestTime": {"K5": {"distribution": "normal", "mean": 41.306589724337755, "std": 2.9335839280430878}, "K2": {"distribution": "normal", "mean": 38.161140344107956, "std": 3.5554567615499644}, "K4": {"distribution": "normal", "mean": 31.330642544000114, "std": 3.8705547456305713}, "K1": {"distribution": "normal", "mean": 35.6885049447985, "std": 4.10579065408357}, "K3": {"distribution": "normal", "mean": 6.635849826004362, "std": 3.537378140110038}}, "compatibleConfigurations": ["K5", "K2", "K4", "K1", "K3"]}, "O11": {"estimatedTestTime": {"K1": {"distribution": "normal", "mean": 25.484927711721692, "std": 3.750433219357055}, "K3": {"distribution": "normal", "mean": 24.128059187859204, "std": 4.373238812983842}, "K5": {"distribution": "normal", "mean": 21.095190552191582, "std": 4.5606066649894945}}, "compatibleConfigurations": ["K1", "K3", "K5"]}}}, "products": {"count": 2, "items": {"P1": {"index": 0, "arrival": 0, "quantity": 4, "duedate": 99.32027199770536, "operations": ["O10", "O4", "O1", "O9", "O3"], "dependencies": [[3, 2], [3, 0], [4, 1], [4, 2]]}, "P2": {"index": 1, "arrival": 12.593628004336743, "quantity": 5, "duedate": 107.1159192626424, "operations": ["O10", "O4", "O6"], "dependencies": [[2, 0], [2, 1]]}}}}