{"configurations": {"count": 5, "items": {"K1": {"index": 0, "setupTimes": [0, 8, 8, 6, 2]}, "K2": {"index": 1, "setupTimes": [8, 0, 10, 9, 4]}, "K3": {"index": 2, "setupTimes": [1, 7, 0, 5, 9]}, "K4": {"index": 3, "setupTimes": [3, 1, 2, 0, 2]}, "K5": {"index": 4, "setupTimes": [7, 3, 6, 5, 0]}}}, "testers": {"count": 4, "items": {"T1": {"supportedConfigurations": ["K3", "K5", "K4", "K1"]}, "T2": {"supportedConfigurations": ["K5", "K2", "K4", "K1"]}, "T3": {"supportedConfigurations": ["K5", "K4", "K1", "K2", "K3"]}, "T4": {"supportedConfigurations": ["K1", "K4", "K2", "K3", "K5"]}}}, "operations": {"count": 10, "items": {"O1": {"estimatedTestTime": {"K3": {"distribution": "normal", "mean": 21.99076847949378, "std": 4.013833258694493}, "K4": {"distribution": "normal", "mean": 24.73477196131885, "std": 2.1211236849217405}}, "compatibleConfigurations": ["K3", "K4"]}, "O2": {"estimatedTestTime": {"K4": {"distribution": "normal", "mean": 35.16611554878319, "std": 2.110432940696976}, "K2": {"distribution": "normal", "mean": 17.861294979713303, "std": 4.687710381964854}, "K3": {"distribution": "normal", "mean": 22.928345673044266, "std": 3.5079261453441752}}, "compatibleConfigurations": ["K4", "K2", "K3"]}, "O3": {"estimatedTestTime": {"K3": {"distribution": "normal", "mean": 20.14424918390325, "std": 2.8480095015048086}, "K4": {"distribution": "normal", "mean": 35.968480164303195, "std": 3.267594438741804}, "K1": {"distribution": "normal", "mean": 25.16559163030373, "std": 4.382650219991717}, "K2": {"distribution": "normal", "mean": 29.174298194298512, "std": 2.909464856824268}, "K5": {"distribution": "normal", "mean": 43.17884634304228, "std": 2.7358410081774056}}, "compatibleConfigurations": ["K3", "K4", "K1", "K2", "K5"]}, "O4": {"estimatedTestTime": {"K5": {"distribution": "normal", "mean": 31.272228457782347, "std": 2.407168934731202}, "K1": {"distribution": "normal", "mean": 24.270004884431664, "std": 4.641323775282796}, "K4": {"distribution": "normal", "mean": 49.042840356233135, "std": 3.66923158382446}}, "compatibleConfigurations": ["K5", "K1", "K4"]}, "O5": {"estimatedTestTime": {"K3": {"distribution": "normal", "mean": 20.16586634874529, "std": 4.807806246508257}, "K5": {"distribution": "normal", "mean": 17.941214337319217, "std": 2.6977068865376856}, "K4": {"distribution": "normal", "mean": 30.484776578736998, "std": 4.409473001396025}, "K1": {"distribution": "normal", "mean": 9.76392582157386, "std": 3.022146179034068}}, "compatibleConfigurations": ["K3", "K5", "K4", "K1"]}, "O6": {"estimatedTestTime": {"K1": {"distribution": "normal", "mean": 7.036906578506414, "std": 2.802268643829213}, "K3": {"distribution": "normal", "mean": 2.539412268179049, "std": 2.813827378187652}, "K2": {"distribution": "normal", "mean": 19.041342271081774, "std": 2.2541451998222164}, "K4": {"distribution": "normal", "mean": 34.95443438496315, "std": 2.3394094161210113}, "K5": {"distribution": "normal", "mean": 48.55682206329876, "std": 4.911715505320181}}, "compatibleConfigurations": ["K1", "K3", "K2", "K4", "K5"]}, "O7": {"estimatedTestTime": {"K2": {"distribution": "normal", "mean": 41.217869334501984, "std": 3.6494292892699067}, "K1": {"distribution": "normal", "mean": 32.65272584147679, "std": 3.1229605617256055}, "K4": {"distribution": "normal", "mean": 25.93022075349414, "std": 4.5276889199052945}, "K5": {"distribution": "normal", "mean": 27.973963775554875, "std": 2.087623662754476}, "K3": {"distribution": "normal", "mean": 25.743522470033838, "std": 3.8177883120437612}}, "compatibleConfigurations": ["K2", "K1", "K4", "K5", "K3"]}, "O8": {"estimatedTestTime": {"K5": {"distribution": "normal", "mean": 49.509799606175534, "std": 3.3582427929289964}, "K1": {"distribution": "normal", "mean": 31.63101994593267, "std": 3.3146540257279717}}, "compatibleConfigurations": ["K5", "K1"]}, "O9": {"estimatedTestTime": {"K4": {"distribution": "normal", "mean": 13.64189704095221, "std": 2.430076389463128}, "K5": {"distribution": "normal", "mean": 14.093352790736812, "std": 2.316614760868053}, "K1": {"distribution": "normal", "mean": 2.6275766384325436, "std": 3.7358912038408607}, "K2": {"distribution": "normal", "mean": 7.835055232887246, "std": 2.219265732377254}}, "compatibleConfigurations": ["K4", "K5", "K1", "K2"]}, "O10": {"estimatedTestTime": {"K4": {"distribution": "normal", "mean": 35.11131686533817, "std": 2.006998931691477}, "K3": {"distribution": "normal", "mean": 48.782861601568285, "std": 3.6648688165160146}, "K1": {"distribution": "normal", "mean": 3.4699453003859784, "std": 4.180978880851074}}, "compatibleConfigurations": ["K4", "K3", "K1"]}}}, "products": {"count": 2, "items": {"P1": {"index": 0, "arrival": 0, "quantity": 4, "duedate": 36.37372854506223, "operations": ["O6", "O9"], "dependencies": [[1, 0]]}, "P2": {"index": 1, "arrival": 2.1110372051770465, "quantity": 3, "duedate": 89.90389788626645, "operations": ["O6", "O10", "O4", "O5", "O3"], "dependencies": [[1, 0], [2, 1], [3, 1], [4, 1]]}}}}