{"configurations": {"count": 3, "items": {"K1": {"index": 0, "setupTimes": [0, 0, 3]}, "K2": {"index": 1, "setupTimes": [10, 0, 0]}, "K3": {"index": 2, "setupTimes": [1, 8, 0]}}}, "testers": {"count": 4, "items": {"T1": {"supportedConfigurations": ["K1", "K3", "K2"]}, "T2": {"supportedConfigurations": ["K1", "K3"]}, "T3": {"supportedConfigurations": ["K3", "K1"]}, "T4": {"supportedConfigurations": ["K3", "K2"]}}}, "operations": {"count": 11, "items": {"O1": {"estimatedTestTime": {"K3": {"distribution": "normal", "mean": 6.446370333358217, "std": 3.4649813723709832}, "K2": {"distribution": "normal", "mean": 20.869450225968144, "std": 3.070678589462198}}, "compatibleConfigurations": ["K3", "K2"]}, "O2": {"estimatedTestTime": {"K1": {"distribution": "normal", "mean": 18.890770945740577, "std": 4.429081939125978}, "K2": {"distribution": "normal", "mean": 45.90720062675845, "std": 3.760867332851254}}, "compatibleConfigurations": ["K1", "K2"]}, "O3": {"estimatedTestTime": {"K3": {"distribution": "normal", "mean": 18.76480507621846, "std": 3.773817671775789}, "K1": {"distribution": "normal", "mean": 9.75973455164896, "std": 4.570466310551474}, "K2": {"distribution": "normal", "mean": 6.303965213754074, "std": 4.3846494081602705}}, "compatibleConfigurations": ["K3", "K1", "K2"]}, "O4": {"estimatedTestTime": {"K2": {"distribution": "normal", "mean": 15.10882540025349, "std": 3.0892997886468088}, "K3": {"distribution": "normal", "mean": 41.82331906412738, "std": 3.230886985053166}}, "compatibleConfigurations": ["K2", "K3"]}, "O5": {"estimatedTestTime": {"K3": {"distribution": "normal", "mean": 32.35417973166857, "std": 3.860489597423048}, "K2": {"distribution": "normal", "mean": 48.46266087227002, "std": 4.953138271014287}, "K1": {"distribution": "normal", "mean": 16.66096777349601, "std": 4.074626630417118}}, "compatibleConfigurations": ["K3", "K2", "K1"]}, "O6": {"estimatedTestTime": {"K1": {"distribution": "normal", "mean": 49.002552431391884, "std": 3.4287839086989065}, "K2": {"distribution": "normal", "mean": 27.149699192059746, "std": 4.505088469633037}, "K3": {"distribution": "normal", "mean": 43.50109330683374, "std": 3.51306087515229}}, "compatibleConfigurations": ["K1", "K2", "K3"]}, "O7": {"estimatedTestTime": {"K2": {"distribution": "normal", "mean": 13.145204825357245, "std": 4.793563789790404}, "K1": {"distribution": "normal", "mean": 38.876565332230456, "std": 2.8086371953158107}}, "compatibleConfigurations": ["K2", "K1"]}, "O8": {"estimatedTestTime": {"K3": {"distribution": "normal", "mean": 33.26801708902766, "std": 2.673312655890909}, "K2": {"distribution": "normal", "mean": 34.17697546189588, "std": 4.884738830992415}}, "compatibleConfigurations": ["K3", "K2"]}, "O9": {"estimatedTestTime": {"K3": {"distribution": "normal", "mean": 24.522043691252264, "std": 4.806119974464191}, "K1": {"distribution": "normal", "mean": 20.064402452971294, "std": 4.843764031511656}, "K2": {"distribution": "normal", "mean": 21.329084596458856, "std": 4.390215913726787}}, "compatibleConfigurations": ["K3", "K1", "K2"]}, "O10": {"estimatedTestTime": {"K3": {"distribution": "normal", "mean": 34.5563614320085, "std": 4.997113333094107}, "K2": {"distribution": "normal", "mean": 42.558674235592235, "std": 4.263726715787137}, "K1": {"distribution": "normal", "mean": 28.314722464772725, "std": 4.315721000639872}}, "compatibleConfigurations": ["K3", "K2", "K1"]}, "O11": {"estimatedTestTime": {"K3": {"distribution": "normal", "mean": 44.591745854509945, "std": 3.233347345188064}, "K1": {"distribution": "normal", "mean": 21.65438449411225, "std": 2.937402092182546}}, "compatibleConfigurations": ["K3", "K1"]}}}, "products": {"count": 5, "items": {"P1": {"index": 0, "arrival": 0, "quantity": 3, "duedate": 66.56546848805701, "operations": ["O4", "O6"], "dependencies": [[1, 0]]}, "P2": {"index": 1, "arrival": 25.95782538581236, "quantity": 4, "duedate": 88.30005749456771, "operations": ["O4", "O2", "O10"], "dependencies": [[2, 1], [2, 0]]}, "P3": {"index": 2, "arrival": 50.29730503472513, "quantity": 4, "duedate": 125.34770843028608, "operations": ["O10", "O1", "O7", "O4", "O2"], "dependencies": [[1, 0], [3, 1], [4, 2], [4, 1]]}, "P4": {"index": 3, "arrival": 70.50163969424287, "quantity": 2, "duedate": 136.0128346995068, "operations": ["O7", "O11", "O5", "O3", "O4"], "dependencies": [[3, 0], [3, 2], [4, 3], [4, 1]]}, "P5": {"index": 4, "arrival": 83.974420576847, "quantity": 5, "duedate": 204.21073949901375, "operations": ["O11", "O6", "O8", "O3", "O9"], "dependencies": [[1, 0], [2, 1], [4, 0], [4, 3]]}}}}