{"configurations": {"count": 4, "items": {"K1": {"index": 0, "setupTimes": [0, 31, 50, 4]}, "K2": {"index": 1, "setupTimes": [38, 0, 31, 47]}, "K3": {"index": 2, "setupTimes": [54, 51, 0, 25]}, "K4": {"index": 3, "setupTimes": [34, 9, 49, 0]}}}, "testers": {"count": 2, "items": {"T1": {"supportedConfigurations": ["K1", "K4"]}, "T2": {"supportedConfigurations": ["K4", "K1", "K3", "K2"]}}}, "operations": {"count": 16, "items": {"O1": {"estimatedTestTime": {"K1": {"distribution": "normal", "mean": 135.40209630588834, "std": 4.27299154335987}, "K2": {"distribution": "normal", "mean": 47.68570794457242, "std": 2.4594244332922575}, "K3": {"distribution": "normal", "mean": 119.37811763603989, "std": 4.183930216778024}, "K4": {"distribution": "normal", "mean": 169.7346243189171, "std": 2.2984775400389266}}, "compatibleConfigurations": ["K1", "K2", "K3", "K4"]}, "O2": {"estimatedTestTime": {"K1": {"distribution": "normal", "mean": 421.6131080675596, "std": 3.0213059354971965}, "K3": {"distribution": "normal", "mean": 245.58378870199812, "std": 4.467767869758986}}, "compatibleConfigurations": ["K1", "K3"]}, "O3": {"estimatedTestTime": {"K4": {"distribution": "normal", "mean": 44.37589828665335, "std": 4.460700318770252}, "K1": {"distribution": "normal", "mean": 356.9819597251848, "std": 4.7067552282242335}}, "compatibleConfigurations": ["K4", "K1"]}, "O4": {"estimatedTestTime": {"K1": {"distribution": "normal", "mean": 419.1322478859946, "std": 2.0848700936569076}, "K2": {"distribution": "normal", "mean": 365.46518916300585, "std": 2.459444114029305}, "K3": {"distribution": "normal", "mean": 454.04165544795393, "std": 2.6422183904494205}, "K4": {"distribution": "normal", "mean": 181.7322522408512, "std": 2.6722069200472687}}, "compatibleConfigurations": ["K1", "K2", "K3", "K4"]}, "O5": {"estimatedTestTime": {"K1": {"distribution": "normal", "mean": 388.51951157184516, "std": 3.477864783113623}, "K2": {"distribution": "normal", "mean": 190.77784824231455, "std": 2.5174681276608397}, "K4": {"distribution": "normal", "mean": 291.57439660342715, "std": 4.0111051230298775}, "K3": {"distribution": "normal", "mean": 141.27967995335828, "std": 4.544762603115058}}, "compatibleConfigurations": ["K1", "K2", "K4", "K3"]}, "O6": {"estimatedTestTime": {"K3": {"distribution": "normal", "mean": 26.024774689753126, "std": 3.306959121995956}, "K4": {"distribution": "normal", "mean": 18.391172282702048, "std": 2.4091694949465623}, "K2": {"distribution": "normal", "mean": 418.65162091680895, "std": 3.325550691345572}}, "compatibleConfigurations": ["K3", "K4", "K2"]}, "O7": {"estimatedTestTime": {"K3": {"distribution": "normal", "mean": 452.9493780262796, "std": 3.5278362264426324}, "K1": {"distribution": "normal", "mean": 290.2425299895886, "std": 4.922185025069572}, "K4": {"distribution": "normal", "mean": 214.40919957922165, "std": 3.8333159168832056}, "K2": {"distribution": "normal", "mean": 182.7759192720223, "std": 3.6549091975791828}}, "compatibleConfigurations": ["K3", "K1", "K4", "K2"]}, "O8": {"estimatedTestTime": {"K1": {"distribution": "normal", "mean": 169.92201000886698, "std": 4.2250196986850534}, "K2": {"distribution": "normal", "mean": 156.2539974523399, "std": 4.5895029521774}}, "compatibleConfigurations": ["K1", "K2"]}, "O9": {"estimatedTestTime": {"K2": {"distribution": "normal", "mean": 45.91114791096049, "std": 4.558163634472502}, "K4": {"distribution": "normal", "mean": 492.4538821575975, "std": 3.897873251330986}}, "compatibleConfigurations": ["K2", "K4"]}, "O10": {"estimatedTestTime": {"K2": {"distribution": "normal", "mean": 372.6483093311319, "std": 2.7751099027302217}, "K1": {"distribution": "normal", "mean": 188.01778863560483, "std": 4.79836940879851}, "K4": {"distribution": "normal", "mean": 266.92983073236445, "std": 2.442611512691972}, "K3": {"distribution": "normal", "mean": 204.43193989340313, "std": 3.4607018669570078}}, "compatibleConfigurations": ["K2", "K1", "K4", "K3"]}, "O11": {"estimatedTestTime": {"K2": {"distribution": "normal", "mean": 81.6009613415663, "std": 2.5319216290405357}, "K4": {"distribution": "normal", "mean": 71.23225464594837, "std": 2.662554152960318}, "K3": {"distribution": "normal", "mean": 392.3706985615758, "std": 4.969630451924997}, "K1": {"distribution": "normal", "mean": 105.50737210172767, "std": 2.6458130952905896}}, "compatibleConfigurations": ["K2", "K4", "K3", "K1"]}, "O12": {"estimatedTestTime": {"K1": {"distribution": "normal", "mean": 267.48857377442806, "std": 4.465678960921091}, "K4": {"distribution": "normal", "mean": 246.49500036889933, "std": 4.803263295146548}, "K3": {"distribution": "normal", "mean": 70.60093969309192, "std": 3.7101320710509818}}, "compatibleConfigurations": ["K1", "K4", "K3"]}, "O13": {"estimatedTestTime": {"K3": {"distribution": "normal", "mean": 60.12901248052975, "std": 2.8989064772080244}, "K2": {"distribution": "normal", "mean": 61.28783601341031, "std": 2.8756818347540705}, "K4": {"distribution": "normal", "mean": 471.96125788734474, "std": 2.8945300966714806}, "K1": {"distribution": "normal", "mean": 280.9172657951821, "std": 3.3468224507827595}}, "compatibleConfigurations": ["K3", "K2", "K4", "K1"]}, "O14": {"estimatedTestTime": {"K2": {"distribution": "normal", "mean": 112.56030116329295, "std": 4.6024406144117656}, "K4": {"distribution": "normal", "mean": 191.1647778366272, "std": 2.2264115902903914}}, "compatibleConfigurations": ["K2", "K4"]}, "O15": {"estimatedTestTime": {"K2": {"distribution": "normal", "mean": 264.4930709452929, "std": 4.580124072079484}, "K4": {"distribution": "normal", "mean": 220.2745015971483, "std": 2.6957576047688887}, "K3": {"distribution": "normal", "mean": 479.2265910910868, "std": 3.0829024386020247}}, "compatibleConfigurations": ["K2", "K4", "K3"]}, "O16": {"estimatedTestTime": {"K2": {"distribution": "normal", "mean": 28.726697782049886, "std": 4.585335217718797}, "K3": {"distribution": "normal", "mean": 183.2573074697558, "std": 2.5139372728951606}, "K1": {"distribution": "normal", "mean": 147.61982249288218, "std": 2.0438298103998065}, "K4": {"distribution": "normal", "mean": 163.58000173739435, "std": 4.931917646408996}}, "compatibleConfigurations": ["K2", "K3", "K1", "K4"]}}}, "products": {"count": 8, "items": {"P1": {"index": 0, "arrival": 0, "quantity": 2, "duedate": 1208.9456805188913, "operations": ["O15", "O14", "O6", "O11", "O5", "O1", "O3", "O8", "O7", "O10", "O4"], "dependencies": [[3, 0], [4, 2], [5, 2], [6, 0], [6, 3], [6, 5], [7, 0], [7, 4], [8, 0], [8, 2], [8, 7], [9, 1], [9, 3], [9, 4], [9, 6], [9, 7], [9, 8], [10, 0], [10, 2], [10, 5], [10, 8]]}, "P2": {"index": 1, "arrival": 67.32533209109522, "quantity": 4, "duedate": 1240.7735330362898, "operations": ["O2", "O16", "O9", "O6", "O8", "O1"], "dependencies": [[2, 0], [4, 0], [5, 0], [5, 3], [5, 1]]}, "P3": {"index": 2, "arrival": 124.51197700322116, "quantity": 4, "duedate": 2694.0859605472315, "operations": ["O10", "O5", "O12", "O1", "O3", "O8", "O4", "O15", "O16", "O9", "O13"], "dependencies": [[2, 0], [2, 1], [3, 0], [4, 1], [4, 3], [5, 4], [6, 1], [6, 2], [7, 2], [7, 4], [7, 5], [8, 0], [8, 3], [8, 5], [9, 0], [9, 1], [9, 2], [9, 3], [9, 4], [9, 5], [9, 6], [10, 6], [10, 7]]}, "P4": {"index": 3, "arrival": 223.58814862362777, "quantity": 2, "duedate": 1415.3975682432963, "operations": ["O1", "O6", "O9", "O10", "O15", "O14", "O16", "O12", "O3", "O7", "O11", "O8", "O4", "O2"], "dependencies": [[3, 0], [4, 0], [4, 1], [4, 2], [4, 3], [6, 0], [6, 5], [7, 3], [7, 6], [8, 1], [8, 3], [8, 5], [9, 1], [9, 2], [9, 3], [10, 1], [10, 4], [10, 5], [10, 6], [10, 8], [10, 9], [11, 3], [11, 4], [11, 6], [11, 9], [12, 4], [12, 5], [12, 6], [12, 7], [12, 10], [13, 0], [13, 3], [13, 10]]}, "P5": {"index": 4, "arrival": 293.8543666254328, "quantity": 3, "duedate": 3448.8549006921176, "operations": ["O2", "O9", "O3", "O11", "O8", "O12", "O5", "O15", "O4", "O6", "O16"],