{"configurations": {"count": 5, "items": {"K1": {"index": 0, "setupTimes": [0, 10, 4, 1, 1]}, "K2": {"index": 1, "setupTimes": [8, 0, 2, 7, 3]}, "K3": {"index": 2, "setupTimes": [7, 4, 0, 3, 1]}, "K4": {"index": 3, "setupTimes": [6, 3, 5, 0, 2]}, "K5": {"index": 4, "setupTimes": [5, 0, 2, 3, 0]}}}, "testers": {"count": 5, "items": {"T1": {"supportedConfigurations": ["K2", "K4"]}, "T2": {"supportedConfigurations": ["K4", "K1"]}, "T3": {"supportedConfigurations": ["K2", "K5"]}, "T4": {"supportedConfigurations": ["K3", "K4"]}, "T5": {"supportedConfigurations": ["K1", "K5"]}}}, "operations": {"count": 20, "items": {"O1": {"estimatedTestTime": {"K4": {"distribution": "normal", "mean": 38.02289013033338, "std": 4.312445802553457}, "K3": {"distribution": "normal", "mean": 33.62406245745686, "std": 3.123354757348827}, "K2": {"distribution": "normal", "mean": 15.43139906209286, "std": 2.3482646906065625}, "K5": {"distribution": "normal", "mean": 21.665440032621177, "std": 2.62521679836877}, "K1": {"distribution": "normal", "mean": 14.722745713329388, "std": 3.0527487547200867}}, "compatibleConfigurations": ["K4", "K3", "K2", "K5", "K1"]}, "O2": {"estimatedTestTime": {"K3": {"distribution": "normal", "mean": 18.589926284822585, "std": 2.2702373494119286}, "K2": {"distribution": "normal", "mean": 22.52519510872674, "std": 2.0165398187789365}, "K1": {"distribution": "normal", "mean": 8.901984958105933, "std": 3.1285800374255017}, "K5": {"distribution": "normal", "mean": 15.929613240795751, "std": 3.4474960577015223}, "K4": {"distribution": "normal", "mean": 17.188604095391362, "std": 4.090320221053988}}, "compatibleConfigurations": ["K3", "K2", "K1", "K5", "K4"]}, "O3": {"estimatedTestTime": {"K3": {"distribution": "normal", "mean": 10.171516713511274, "std": 2.9703307406076553}, "K5": {"distribution": "normal", "mean": 31.616907165640132, "std": 3.5340364590124542}, "K4": {"distribution": "normal", "mean": 28.363961189142326, "std": 2.1528821923068087}, "K1": {"distribution": "normal", "mean": 2.010638818515858, "std": 3.044818576039984}, "K2": {"distribution": "normal", "mean": 5.4765159915552015, "std": 2.5405616249770753}}, "compatibleConfigurations": ["K3", "K5", "K4", "K1", "K2"]}, "O4": {"estimatedTestTime": {"K4": {"distribution": "normal", "mean": 21.658935882223, "std": 3.7581473725532852}, "K3": {"distribution": "normal", "mean": 17.784626898106524, "std": 2.2967515702073515}, "K2": {"distribution": "normal", "mean": 31.802783836586038, "std": 3.0341457325443266}, "K1": {"distribution": "normal", "mean": 36.62578497089322, "std": 4.178025760394464}, "K5": {"distribution": "normal", "mean": 12.378663694944214, "std": 3.939998881897486}}, "compatibleConfigurations": ["K4", "K3", "K2", "K1", "K5"]}, "O5": {"estimatedTestTime": {"K3": {"distribution": "normal", "mean": 34.61428437540387, "std": 4.107757013022326}, "K4": {"distribution": "normal", "mean": 48.09338886507933, "std": 2.8078694435719425}, "K1": {"distribution": "normal", "mean": 34.20765113923782, "std": 2.0389773601156413}, "K5": {"distribution": "normal", "mean": 25.5335436756694, "std": 3.49774816392233}, "K2": {"distribution": "normal", "mean": 18.587895304174168, "std": 4.195934306132454}}, "compatibleConfigurations": ["K3", "K4", "K1", "K5", "K2"]}, "O6": {"estimatedTestTime": {"K4": {"distribution": "normal", "mean": 12.888780357922185, "std": 4.974027964142385}, "K5": {"distribution": "normal", "mean": 24.21498167912865, "std": 3.245668837308385}, "K1": {"distribution": "normal", "mean": 33.80094467911912, "std": 3.2174428153716015}, "K3": {"distribution": "normal", "mean": 35.92448085186852, "std": 2.048940358433195}, "K2": {"distribution": "normal", "mean": 14.83250847610425, "std": 4.538522534816099}}, "compatibleConfigurations": ["K4", "K5", "K1", "K3", "K2"]}, "O7": {"estimatedTestTime": {"K2": {"distribution": "normal", "mean": 29.224722147123956, "std": 3.917521530629275}, "K3": {"distribution": "normal", "mean": 22.972984380330246, "std": 2.8078225206008836}, "K4": {"distribution": "normal", "mean": 27.341000956480308, "std": 3.1201631128915945}, "K1": {"distribution": "normal", "mean": 2.326175097910985, "std": 3.9140353728295616}, "K5": {"distribution": "normal", "mean": 6.5827810847971495, "std": 4.3588665331858945}}, "compatibleConfigurations": ["K2", "K3", "K4", "K1", "K5"]}, "O8": {"estimatedTestTime": {"K1": {"distribution": "normal", "mean": 4.531984604120094, "std": 3.7295199877995335}, "K4": {"distribution": "normal", "mean": 45.7869693774344, "std": 2.326219220994721}, "K5": {"distribution": "normal", "mean": 16.947591420770255, "std": 2.243245310945935}, "K3": {"distribution": "normal", "mean": 21.67532755614591, "std": 3.916565913853666}, "K2": {"distribution": "normal", "mean": 42.56096405247532, "std": 2.6263252001852444}}, "compatibleConfigurations": ["K1", "K4", "K5", "K3", "K2"]}, "O9": {"estimatedTestTime": {"K5": {"distribution": "normal", "mean": 25.663792528837746, "std": 3.3958536895375766}, "K4": {"distribution": "normal", "mean": 34.15167051274597, "std": 3.6481410738835307}, "K1": {"distribution": "normal", "mean": 7.290436601491212, "std": 4.157185059790967}, "K3": {"distribution": "normal", "mean": 27.713116732598394, "std": 3.0199631537012905}, "K2": {"distribution": "normal", "mean": 40.97217225923889, "std": 2.5121772634092885}}, "compatibleConfigurations": ["K5", "K4", "K1", "K3", "K2"]}, "O10": {"estimatedTestTime": {"K1": {"distribution": "normal", "mean": 49.75746477777792, "std": 3.700384495770402}, "K3": {"distribution": "normal", "mean": 18.65976389974841, "std": 4.190797360758893}, "K4": {"distribution": "normal", "mean": 17.00191315923977, "std": 3.3457074937808784}, "K5": {"distribution": "normal", "mean": 9.545814026458237, "std": 4.793224806200597}, "K2": {"distribution": "normal", "mean": 5.1564756753091885, "std": 3.987788192541548}}, "compatibleConfigurations": ["K1", "K3", "K4", "K5", "K2"]}, "O11": {"estimatedTestTime": {"K4": {"distribution": "normal", "mean": 32.846818310110145, "std": 4.809777833105993}, "K2": {"distribution": "normal", "mean": 10.95858348083891, "std": 4.683664629117201}, "K1": {"distribution": "normal", "mean": 19.036868915146243, "std": 2.3636574603717504}, "K5": {"distribution": "normal", "mean": 48.98435689106655, "std": 2.3197893213884258}, "K3": {"distribution": "normal", "mean": 42.259867762885904, "std": 4.276545225404783}}, "compatibleConfigurations": ["K4", "K2", "K1", "K5", "K3"]}, "O12": {"estimatedTestTime": {"K1": {"distribution": "normal", "mean": 14.102131831415829, "std": 4.029257474928363}, "K2": {"distribution": "normal", "mean": 31.233455876231986, "std": 2.6925049192834973}, "K5": {"distribution": "normal", "mean": 24.336766575895197, "std": 2.176687363897103}, "K4": {"distribution": "normal", "mean": 3.9363225949616822, "std": 4.139502961807654}, "K3": {"distribution": "normal", "mean": 41.24572241054604, "std": 2.8571065936477877}}, "compatibleConfigurations": ["K1", "K2", "K5", "K4", "K3"]}, "O13": {"estimatedTestTime": {"K2": {"distribution": "normal", "mean": 24.96641227763449, "std": 3.9777204075291404}, "K4": {"distribution": "normal", "mean": 46.07913222313589, "std": 2.5043137326294205}, "K5": {"distribution": "normal", "mean": 40.8500293651417, "std": 3.2447423975982046}, "K1": {"distribution": "normal", "mean": 3.6710827059055227, "std": 4.269594101279251}, "K3": {"distribution": "normal", "mean": 28.701706955407918, "std": 4.731162104507237}}, "compatibleConfigurations": ["K2", "K4", "K5", "K1", "K3"]}, "O14": {"estimatedTestTime": {"K3": {"distribution": "normal", "mean": 34.015305660903756, "std": 3.927656341469196}, "K2": {"distribution": "normal", "mean": 47.56733284413424, "std": 4.106974991280899}, "K1": {"distribution": "normal", "mean": 32.50931578526202, "std": 4.297071491123763}, "K5": {"distribution": "normal", "mean": 27.01208206403068, "std": 3.7639735198326716}, "K4": {"distribution": "normal", "mean": 17.90553304647776, "std": 3.842775960629031}},