{"configurations": {"count": 4, "items": {"K1": {"index": 0, "setupTimes": [0, 7, 3, 5]}, "K2": {"index": 1, "setupTimes": [10, 0, 3, 4]}, "K3": {"index": 2, "setupTimes": [6, 3, 0, 6]}, "K4": {"index": 3, "setupTimes": [4, 9, 10, 0]}}}, "testers": {"count": 3, "items": {"T1": {"supportedConfigurations": ["K1", "K4", "K2"]}, "T2": {"supportedConfigurations": ["K1", "K2"]}, "T3": {"supportedConfigurations": ["K4", "K2", "K3", "K1"]}}}, "operations": {"count": 15, "items": {"O1": {"estimatedTestTime": {"K2": {"distribution": "normal", "mean": 24.09928005145745, "std": 4.242359454213192}, "K3": {"distribution": "normal", "mean": 4.5040545217807075, "std": 4.801870688444602}, "K1": {"distribution": "normal", "mean": 22.00922374508241, "std": 2.48602655315433}, "K4": {"distribution": "normal", "mean": 8.417520317594725, "std": 2.0969342352710334}}, "compatibleConfigurations": ["K2", "K3", "K1", "K4"]}, "O2": {"estimatedTestTime": {"K1": {"distribution": "normal", "mean": 36.779776890307076, "std": 3.399923913101165}, "K2": {"distribution": "normal", "mean": 41.60007131839319, "std": 4.7724469207260825}}, "compatibleConfigurations": ["K1", "K2"]}, "O3": {"estimatedTestTime": {"K4": {"distribution": "normal", "mean": 16.273037734597704, "std": 2.9365061228048925}, "K1": {"distribution": "normal", "mean": 48.43273639632818, "std": 2.6922294546432712}}, "compatibleConfigurations": ["K4", "K1"]}, "O4": {"estimatedTestTime": {"K1": {"distribution": "normal", "mean": 45.712454128026614, "std": 3.265225687692896}, "K2": {"distribution": "normal", "mean": 11.410325290488444, "std": 2.897721950327184}}, "compatibleConfigurations": ["K1", "K2"]}, "O5": {"estimatedTestTime": {"K3": {"distribution": "normal", "mean": 11.516131210232372, "std": 4.716948571009189}, "K1": {"distribution": "normal", "mean": 49.3091599282415, "std": 2.08718631404116}, "K4": {"distribution": "normal", "mean": 44.26275877086644, "std": 4.788229247586509}}, "compatibleConfigurations": ["K3", "K1", "K4"]}, "O6": {"estimatedTestTime": {"K3": {"distribution": "normal", "mean": 34.00696021505993, "std": 4.916035731628955}, "K2": {"distribution": "normal", "mean": 41.514671858538726, "std": 2.194896355979575}}, "compatibleConfigurations": ["K3", "K2"]}, "O7": {"estimatedTestTime": {"K3": {"distribution": "normal", "mean": 41.63566837340796, "std": 3.0330407211649515}, "K2": {"distribution": "normal", "mean": 14.022145375557198, "std": 2.814709674686471}, "K4": {"distribution": "normal", "mean": 28.142733795046553, "std": 2.9540211470646094}, "K1": {"distribution": "normal", "mean": 43.030142936396125, "std": 2.8030162153341864}}, "compatibleConfigurations": ["K3", "K2", "K4", "K1"]}, "O8": {"estimatedTestTime": {"K1": {"distribution": "normal", "mean": 44.91116128747727, "std": 2.9650422340056055}, "K2": {"distribution": "normal", "mean": 20.151865721624958, "std": 4.061290944956224}, "K3": {"distribution": "normal", "mean": 34.758418184563844, "std": 2.6242786213902756}, "K4": {"distribution": "normal", "mean": 2.0214555987841383, "std": 4.816171121151927}}, "compatibleConfigurations": ["K1", "K2", "K3", "K4"]}, "O9": {"estimatedTestTime": {"K3": {"distribution": "normal", "mean": 23.755574564753672, "std": 4.611856952649477}, "K1": {"distribution": "normal", "mean": 19.59148116941772, "std": 3.932843369439242}, "K4": {"distribution": "normal", "mean": 17.411881005171015, "std": 3.051816552710132}}, "compatibleConfigurations": ["K3", "K1", "K4"]}, "O10": {"estimatedTestTime": {"K1": {"distribution": "normal", "mean": 9.304002510611282, "std": 4.291686602800318}, "K3": {"distribution": "normal", "mean": 38.48844156717577, "std": 2.0030070320689335}}, "compatibleConfigurations": ["K1", "K3"]}, "O11": {"estimatedTestTime": {"K3": {"distribution": "normal", "mean": 27.864368404389616, "std": 2.872498039736059}, "K1": {"distribution": "normal", "mean": 4.778292862260997, "std": 3.842209410475329}}, "compatibleConfigurations": ["K3", "K1"]}, "O12": {"estimatedTestTime": {"K4": {"distribution": "normal", "mean": 40.0495269061001, "std": 3.5317713892198075}, "K1": {"distribution": "normal", "mean": 47.70241298655742, "std": 2.522669030948523}}, "compatibleConfigurations": ["K4", "K1"]}, "O13": {"estimatedTestTime": {"K1": {"distribution": "normal", "mean": 4.061923579915451, "std": 3.3989227903684656}, "K3": {"distribution": "normal", "mean": 21.89301563118909, "std": 3.8446835675013453}, "K2": {"distribution": "normal", "mean": 48.57236905953513, "std": 3.5497113823894617}, "K4": {"distribution": "normal", "mean": 10.219263094967044, "std": 3.320148330208382}}, "compatibleConfigurations": ["K1", "K3", "K2", "K4"]}, "O14": {"estimatedTestTime": {"K3": {"distribution": "normal", "mean": 15.934255553495946, "std": 4.152136004713272}, "K4": {"distribution": "normal", "mean": 37.65197866800193, "std": 3.6253036848253863}}, "compatibleConfigurations": ["K3", "K4"]}, "O15": {"estimatedTestTime": {"K4": {"distribution": "normal", "mean": 39.34292885334273, "std": 4.4988367988217774}, "K1": {"distribution": "normal", "mean": 41.64125192135289, "std": 2.7417806108377443}}, "compatibleConfigurations": ["K4", "K1"]}}}, "products": {"count": 4, "items": {"P1": {"index": 0, "arrival": 0, "quantity": 5, "duedate": 103.0459508694811, "operations": ["O12", "O11"], "dependencies": [[1, 0]]}, "P2": {"index": 1, "arrival": 4.65279991451733, "quantity": 2, "duedate": 48.25894029444784, "operations": ["O8", "O1"], "dependencies": [[1, 0]]}, "P3": {"index": 2, "arrival": 25.553379616635564, "quantity": 3, "duedate": 87.80470736610587, "operations": ["O4", "O5"], "dependencies": [[1, 0]]}, "P4": {"index": 3, "arrival": 45.690218644977634, "quantity": 2, "duedate": 94.39160201515809, "operations": ["O14", "O10"], "dependencies": [[1, 0]]}}}}