{"configurations": {"count": 5, "items": {"K1": {"index": 0, "setupTimes": [0, 3, 8, 8, 3]}, "K2": {"index": 1, "setupTimes": [9, 0, 5, 1, 9]}, "K3": {"index": 2, "setupTimes": [6, 3, 0, 2, 8]}, "K4": {"index": 3, "setupTimes": [6, 0, 1, 0, 6]}, "K5": {"index": 4, "setupTimes": [2, 10, 3, 8, 0]}}}, "testers": {"count": 5, "items": {"T1": {"supportedConfigurations": ["K3", "K1"]}, "T2": {"supportedConfigurations": ["K2", "K1"]}, "T3": {"supportedConfigurations": ["K3", "K4"]}, "T4": {"supportedConfigurations": ["K5", "K4"]}, "T5": {"supportedConfigurations": ["K1", "K3"]}}}, "operations": {"count": 20, "items": {"O1": {"estimatedTestTime": {"K2": {"distribution": "normal", "mean": 26.979562074079276, "std": 4.488912034839074}, "K4": {"distribution": "normal", "mean": 41.554081899064315, "std": 2.132006660374295}, "K1": {"distribution": "normal", "mean": 16.950520155585693, "std": 3.0683874881990003}, "K3": {"distribution": "normal", "mean": 22.25660714520881, "std": 2.354171748353605}, "K5": {"distribution": "normal", "mean": 12.073393058577537, "std": 4.635341019234449}}, "compatibleConfigurations": ["K2", "K4", "K1", "K3", "K5"]}, "O2": {"estimatedTestTime": {"K3": {"distribution": "normal", "mean": 12.179483679617128, "std": 3.7977605557325402}, "K2": {"distribution": "normal", "mean": 39.82416690220106, "std": 4.118809372500394}, "K5": {"distribution": "normal", "mean": 45.613151275921375, "std": 3.5546541195104004}, "K1": {"distribution": "normal", "mean": 25.058166825015746, "std": 3.2569102437472335}, "K4": {"distribution": "normal", "mean": 7.149641632167823, "std": 2.6091476801954014}}, "compatibleConfigurations": ["K3", "K2", "K5", "K1", "K4"]}, "O3": {"estimatedTestTime": {"K3": {"distribution": "normal", "mean": 41.43180099993215, "std": 2.1631359785417064}, "K1": {"distribution": "normal", "mean": 46.581222526997834, "std": 2.45105372518647}, "K5": {"distribution": "normal", "mean": 38.288986069212996, "std": 2.0791687263114307}, "K2": {"distribution": "normal", "mean": 41.40722154861975, "std": 4.717107845502347}, "K4": {"distribution": "normal", "mean": 25.114583919140596, "std": 4.07638191459501}}, "compatibleConfigurations": ["K3", "K1", "K5", "K2", "K4"]}, "O4": {"estimatedTestTime": {"K1": {"distribution": "normal", "mean": 49.586660357436, "std": 2.5029754529754547}, "K2": {"distribution": "normal", "mean": 14.012276274304925, "std": 2.586586927638002}, "K3": {"distribution": "normal", "mean": 24.683530911393873, "std": 4.299203182695592}, "K5": {"distribution": "normal", "mean": 30.69568545846178, "std": 2.0822907265589476}, "K4": {"distribution": "normal", "mean": 45.259019233802476, "std": 2.415097703466009}}, "compatibleConfigurations": ["K1", "K2", "K3", "K5", "K4"]}, "O5": {"estimatedTestTime": {"K1": {"distribution": "normal", "mean": 49.98625140673653, "std": 2.8264311349816467}, "K2": {"distribution": "normal", "mean": 21.48135655006503, "std": 2.319074832075688}, "K4": {"distribution": "normal", "mean": 12.751325791212821, "std": 2.2202602475332975}, "K5": {"distribution": "normal", "mean": 32.28012915003552, "std": 2.9410099775165968}, "K3": {"distribution": "normal", "mean": 38.42746333086867, "std": 2.5961144108977887}}, "compatibleConfigurations": ["K1", "K2", "K4", "K5", "K3"]}, "O6": {"estimatedTestTime": {"K4": {"distribution": "normal", "mean": 16.704882394736543, "std": 4.892404732263927}, "K2": {"distribution": "normal", "mean": 40.69191037690523, "std": 3.968865670739212}, "K5": {"distribution": "normal", "mean": 45.85853146552169, "std": 3.3294058494084693}, "K1": {"distribution": "normal", "mean": 35.45091989027775, "std": 4.0352331385527}, "K3": {"distribution": "normal", "mean": 35.12573760252465, "std": 4.898566514625511}}, "compatibleConfigurations": ["K4", "K2", "K5", "K1", "K3"]}, "O7": {"estimatedTestTime": {"K5": {"distribution": "normal", "mean": 4.481167954869058, "std": 2.7883400562567076}, "K4": {"distribution": "normal", "mean": 3.3061414685313455, "std": 2.8751832505009793}, "K2": {"distribution": "normal", "mean": 9.835769011948925, "std": 3.601100038380555}, "K3": {"distribution": "normal", "mean": 41.01178761131097, "std": 4.802364169445667}, "K1": {"distribution": "normal", "mean": 10.944067088212565, "std": 2.311857933583858}}, "compatibleConfigurations": ["K5", "K4", "K2", "K3", "K1"]}, "O8": {"estimatedTestTime": {"K1": {"distribution": "normal", "mean": 36.98269671349456, "std": 2.1152909201214265}, "K4": {"distribution": "normal", "mean": 45.300289119490444, "std": 2.7968987048231932}, "K3": {"distribution": "normal", "mean": 38.3111269521658, "std": 4.739195774336251}, "K5": {"distribution": "normal", "mean": 33.03506221348365, "std": 4.291206297673436}, "K2": {"distribution": "normal", "mean": 18.295776130842654, "std": 3.44292026505541}}, "compatibleConfigurations": ["K1", "K4", "K3", "K5", "K2"]}, "O9": {"estimatedTestTime": {"K3": {"distribution": "normal", "mean": 37.066750768439334, "std": 4.632051316336451}, "K4": {"distribution": "normal", "mean": 11.470384554969893, "std": 4.914772841083163}, "K2": {"distribution": "normal", "mean": 5.893109769119569, "std": 3.2349055536092948}, "K5": {"distribution": "normal", "mean": 20.917428788611126, "std": 2.8171896441836726}, "K1": {"distribution": "normal", "mean": 35.78807977748107, "std": 2.7194858776621396}}, "compatibleConfigurations": ["K3", "K4", "K2", "K5", "K1"]}, "O10": {"estimatedTestTime": {"K4": {"distribution": "normal", "mean": 38.72955504266334, "std": 4.703506217446863}, "K1": {"distribution": "normal", "mean": 29.615493110176267, "std": 3.2052158976865206}, "K5": {"distribution": "normal", "mean": 28.65325216782169, "std": 2.302017932513856}, "K2": {"distribution": "normal", "mean": 26.667385290256558, "std": 2.116113127658724}, "K3": {"distribution": "normal", "mean": 47.16623824191053, "std": 3.7719175409024683}}, "compatibleConfigurations": ["K4", "K1", "K5", "K2", "K3"]}, "O11": {"estimatedTestTime": {"K2": {"distribution": "normal", "mean": 18.140932611932783, "std": 3.646901004224625}, "K5": {"distribution": "normal", "mean": 48.50129558972667, "std": 2.5350137411055282}, "K1": {"distribution": "normal", "mean": 33.89217078994538, "std": 2.3623287733325}, "K3": {"distribution": "normal", "mean": 46.10408525553514, "std": 3.721723491131196}, "K4": {"distribution": "normal", "mean": 40.648261992296085, "std": 2.4748490463298713}}, "compatibleConfigurations": ["K2", "K5", "K1", "K3", "K4"]}, "O12": {"estimatedTestTime": {"K2": {"distribution": "normal", "mean": 39.2613558980524, "std": 2.6791353197355168}, "K5": {"distribution": "normal", "mean": 12.190229636602837, "std": 3.2534012209081786}, "K4": {"distribution": "normal", "mean": 6.063202062722089, "std": 3.182307583593335}, "K1": {"distribution": "normal", "mean": 21.628316269935272, "std": 4.428493885952877}, "K3": {"distribution": "normal", "mean": 6.032352562586713, "std": 3.6178268025403684}}, "compatibleConfigurations": ["K2", "K5", "K4", "K1", "K3"]}, "O13": {"estimatedTestTime": {"K2": {"distribution": "normal", "mean": 25.7061873730364, "std": 4.567749083546697}, "K5": {"distribution": "normal", "mean": 6.984472183137896, "std": 2.575744497069704}, "K4": {"distribution": "normal", "mean": 24.851476766596804, "std": 3.4298952276033186}, "K1": {"distribution": "normal", "mean": 27.547191156601542, "std": 4.863727830695121}, "K3": {"distribution": "normal", "mean": 25.797622664554964, "std": 3.4218752431015256}}, "compatibleConfigurations": ["K2", "K5", "K4", "K1", "K3"]}, "O14": {"estimatedTestTime": {"K1": {"distribution": "normal", "mean": 17.468845609899848, "std": 3.181972663573496}, "K3": {"distribution": "normal", "mean": 3.865314159193863, "std": 4.553115902168244}, "K4": {"distribution": "normal", "mean": 36.2684169345955, "std": 4.854631893523658}, "K2": {"distribution": "normal", "mean": 16.84118253798978, "std": 2.5195421930973465}, "K5": {"distribution": "normal", "mean": 24.609574321247436, "std": 2.377786522192113}},