{"configurations": {"count": 5, "items": {"K1": {"index": 0, "setupTimes": [0, 2, 8, 9, 4]}, "K2": {"index": 1, "setupTimes": [8, 0, 1, 7, 7]}, "K3": {"index": 2, "setupTimes": [3, 8, 0, 3, 2]}, "K4": {"index": 3, "setupTimes": [4, 9, 6, 0, 3]}, "K5": {"index": 4, "setupTimes": [2, 1, 6, 10, 0]}}}, "testers": {"count": 4, "items": {"T1": {"supportedConfigurations": ["K3", "K4"]}, "T2": {"supportedConfigurations": ["K3", "K5", "K2"]}, "T3": {"supportedConfigurations": ["K5", "K2", "K3"]}, "T4": {"supportedConfigurations": ["K4", "K2", "K1"]}}}, "operations": {"count": 14, "items": {"O1": {"estimatedTestTime": {"K5": {"distribution": "normal", "mean": 37.96422616515643, "std": 2.5217308342178377}, "K4": {"distribution": "normal", "mean": 2.476464026311003, "std": 3.3492724706941637}, "K2": {"distribution": "normal", "mean": 48.133171905668064, "std": 3.798388751356306}, "K3": {"distribution": "normal", "mean": 12.27042018316088, "std": 4.9023648802159885}, "K1": {"distribution": "normal", "mean": 34.94671371887886, "std": 2.488779743006644}}, "compatibleConfigurations": ["K5", "K4", "K2", "K3", "K1"]}, "O2": {"estimatedTestTime": {"K4": {"distribution": "normal", "mean": 14.339769623863901, "std": 3.7506483566281315}, "K2": {"distribution": "normal", "mean": 34.17125508277517, "std": 2.925470692347284}, "K5": {"distribution": "normal", "mean": 31.148827359451175, "std": 3.374567691815267}}, "compatibleConfigurations": ["K4", "K2", "K5"]}, "O3": {"estimatedTestTime": {"K5": {"distribution": "normal", "mean": 45.877551173921695, "std": 3.1716027886738676}, "K4": {"distribution": "normal", "mean": 9.189646631656197, "std": 3.8380892091574155}, "K2": {"distribution": "normal", "mean": 16.940127910608442, "std": 2.938926336447702}, "K1": {"distribution": "normal", "mean": 4.252136370183958, "std": 2.1176031568253513}, "K3": {"distribution": "normal", "mean": 4.974484503396459, "std": 3.110051009293419}}, "compatibleConfigurations": ["K5", "K4", "K2", "K1", "K3"]}, "O4": {"estimatedTestTime": {"K3": {"distribution": "normal", "mean": 12.620277086614589, "std": 3.236972389553479}, "K4": {"distribution": "normal", "mean": 7.206115585993986, "std": 4.453680900864698}, "K5": {"distribution": "normal", "mean": 19.699404869898558, "std": 2.8484540897658785}, "K1": {"distribution": "normal", "mean": 2.8948104842945472, "std": 4.229080815473843}}, "compatibleConfigurations": ["K3", "K4", "K5", "K1"]}, "O5": {"estimatedTestTime": {"K3": {"distribution": "normal", "mean": 21.199201148146777, "std": 3.6290515587307173}, "K2": {"distribution": "normal", "mean": 26.274231793021286, "std": 3.7452714906182765}, "K4": {"distribution": "normal", "mean": 30.592605045557725, "std": 3.723182543357627}}, "compatibleConfigurations": ["K3", "K2", "K4"]}, "O6": {"estimatedTestTime": {"K3": {"distribution": "normal", "mean": 25.2307361836792, "std": 3.8370023963692415}, "K1": {"distribution": "normal", "mean": 46.326151827602686, "std": 4.746469253211728}, "K2": {"distribution": "normal", "mean": 41.66772807293074, "std": 4.966946564821372}, "K4": {"distribution": "normal", "mean": 22.51324590745174, "std": 2.1634389123351463}}, "compatibleConfigurations": ["K3", "K1", "K2", "K4"]}, "O7": {"estimatedTestTime": {"K5": {"distribution": "normal", "mean": 44.29357868068953, "std": 3.6028281945168983}, "K4": {"distribution": "normal", "mean": 43.29865466534792, "std": 3.62430501896085}, "K3": {"distribution": "normal", "mean": 27.2074184238327, "std": 3.8992796902843785}}, "compatibleConfigurations": ["K5", "K4", "K3"]}, "O8": {"estimatedTestTime": {"K4": {"distribution": "normal", "mean": 5.951385338991372, "std": 2.6263453697845556}, "K1": {"distribution": "normal", "mean": 16.936359790858184, "std": 2.9132577420173336}, "K3": {"distribution": "normal", "mean": 23.447552194690694, "std": 2.132702934561176}, "K5": {"distribution": "normal", "mean": 38.90167949209403, "std": 3.809351244652048}}, "compatibleConfigurations": ["K4", "K1", "K3", "K5"]}, "O9": {"estimatedTestTime": {"K5": {"distribution": "normal", "mean": 41.194273306024144, "std": 3.391404825611738}, "K2": {"distribution": "normal", "mean": 33.502150679593186, "std": 2.2256512497873846}, "K3": {"distribution": "normal", "mean": 29.473393811098823, "std": 4.873107825132459}, "K4": {"distribution": "normal", "mean": 13.119619094352274, "std": 4.846849431589106}}, "compatibleConfigurations": ["K5", "K2", "K3", "K4"]}, "O10": {"estimatedTestTime": {"K4": {"distribution": "normal", "mean": 23.80670535003305, "std": 2.921811234860937}, "K3": {"distribution": "normal", "mean": 39.17271972901504, "std": 3.422957553079961}, "K1": {"distribution": "normal", "mean": 28.39771305710321, "std": 4.606211527911716}, "K5": {"distribution": "normal", "mean": 20.887806933228546, "std": 3.5841696559130796}}, "compatibleConfigurations": ["K4", "K3", "K1", "K5"]}, "O11": {"estimatedTestTime": {"K2": {"distribution": "normal", "mean": 28.203348911251474, "std": 4.279537164622836}, "K3": {"distribution": "normal", "mean": 18.637867943333674, "std": 3.49740671107995}, "K5": {"distribution": "normal", "mean": 18.240789605547825, "std": 3.1276878217534527}, "K4": {"distribution": "normal", "mean": 25.83016395943698, "std": 2.3669765568795946}, "K1": {"distribution": "normal", "mean": 30.044245231298596, "std": 2.1942617330701455}}, "compatibleConfigurations": ["K2", "K3", "K5", "K4", "K1"]}, "O12": {"estimatedTestTime": {"K4": {"distribution": "normal", "mean": 42.39939719803728, "std": 4.994380197837373}, "K5": {"distribution": "normal", "mean": 31.967204249476374, "std": 3.990540510743571}}, "compatibleConfigurations": ["K4", "K5"]}, "O13": {"estimatedTestTime": {"K1": {"distribution": "normal", "mean": 28.920027492864612, "std": 4.908732822346739}, "K4": {"distribution": "normal", "mean": 41.72001307402254, "std": 4.117145673672187}, "K3": {"distribution": "normal", "mean": 18.279586179451286, "std": 2.233095252706713}}, "compatibleConfigurations": ["K1", "K4", "K3"]}, "O14": {"estimatedTestTime": {"K5": {"distribution": "normal", "mean": 46.4574995241577, "std": 4.72152097107381}, "K4": {"distribution": "normal", "mean": 10.022567433805957, "std": 3.700427818624319}}, "compatibleConfigurations": ["K5", "K4"]}}}, "products": {"count": 4, "items": {"P1": {"index": 0, "arrival": 0, "quantity": 2, "duedate": 72.18091447908553, "operations": ["O8", "O10", "O7", "O6", "O3"], "dependencies": [[1, 0], [3, 2], [3, 0], [4, 0]]}, "P2": {"index": 1, "arrival": 33.90672662838139, "quantity": 4, "duedate": 95.17296093756927, "operations": ["O13", "O2", "O6", "O10"], "dependencies": [[2, 0], [2, 1], [3, 0]]}, "P3": {"index": 2, "arrival": 42.300737826447275, "quantity": 3, "duedate": 95.14059874031068, "operations": ["O9", "O11", "O5"], "dependencies": [[2, 1], [2, 0]]}, "P4": {"index": 3, "arrival": 71.40138278759879, "quantity": 3, "duedate": 135.70556270264117, "operations": ["O8", "O13", "O7", "O3"], "dependencies": [[1, 0], [3, 1], [3, 2]]}}}}