{"configurations": {"count": 5, "items": {"K1": {"index": 0, "setupTimes": [0, 48, 13, 43, 19]}, "K2": {"index": 1, "setupTimes": [55, 0, 31, 51, 21]}, "K3": {"index": 2, "setupTimes": [26, 11, 0, 39, 25]}, "K4": {"index": 3, "setupTimes": [16, 17, 55, 0, 45]}, "K5": {"index": 4, "setupTimes": [33, 27, 53, 42, 0]}}}, "testers": {"count": 2, "items": {"T1": {"supportedConfigurations": ["K5", "K4", "K1", "K2"]}, "T2": {"supportedConfigurations": ["K1", "K2", "K5", "K4", "K3"]}}}, "operations": {"count": 17, "items": {"O1": {"estimatedTestTime": {"K4": {"distribution": "normal", "mean": 407.63032426289914, "std": 3.3054750992048496}, "K2": {"distribution": "normal", "mean": 427.17135662457736, "std": 3.6273677786608705}, "K5": {"distribution": "normal", "mean": 477.27034674786074, "std": 3.1655692354249108}, "K3": {"distribution": "normal", "mean": 135.28405014050915, "std": 3.753114470236187}}, "compatibleConfigurations": ["K4", "K2", "K5", "K3"]}, "O2": {"estimatedTestTime": {"K2": {"distribution": "normal", "mean": 395.49587164841495, "std": 3.276923772338023}, "K4": {"distribution": "normal", "mean": 430.65983515564886, "std": 2.5260258390038968}, "K3": {"distribution": "normal", "mean": 398.87866393388657, "std": 2.767258305311398}, "K5": {"distribution": "normal", "mean": 434.59387904621127, "std": 3.6789020786971367}, "K1": {"distribution": "normal", "mean": 2.0328707676412607, "std": 2.148659911597836}}, "compatibleConfigurations": ["K2", "K4", "K3", "K5", "K1"]}, "O3": {"estimatedTestTime": {"K2": {"distribution": "normal", "mean": 4.102937676557996, "std": 4.405588727968727}, "K4": {"distribution": "normal", "mean": 346.8993275045985, "std": 3.67124413900193}, "K5": {"distribution": "normal", "mean": 430.2784218979735, "std": 3.559398696209315}}, "compatibleConfigurations": ["K2", "K4", "K5"]}, "O4": {"estimatedTestTime": {"K4": {"distribution": "normal", "mean": 465.48860564435523, "std": 4.615868635290788}, "K5": {"distribution": "normal", "mean": 353.6865046048577, "std": 3.249986679816235}}, "compatibleConfigurations": ["K4", "K5"]}, "O5": {"estimatedTestTime": {"K5": {"distribution": "normal", "mean": 96.16551380229117, "std": 3.912607152922296}, "K4": {"distribution": "normal", "mean": 145.09338436734635, "std": 2.926776942073812}, "K2": {"distribution": "normal", "mean": 116.86198410893925, "std": 2.252010603538378}, "K1": {"distribution": "normal", "mean": 57.280046374172144, "std": 3.5306556968397795}, "K3": {"distribution": "normal", "mean": 408.17326953347487, "std": 4.0207682915178875}}, "compatibleConfigurations": ["K5", "K4", "K2", "K1", "K3"]}, "O6": {"estimatedTestTime": {"K4": {"distribution": "normal", "mean": 312.4154876036222, "std": 3.9350077027848096}, "K5": {"distribution": "normal", "mean": 446.7281806881483, "std": 4.935298457285076}, "K1": {"distribution": "normal", "mean": 122.79887020450269, "std": 4.536344164171968}, "K3": {"distribution": "normal", "mean": 49.80430803645864, "std": 3.9716958888293576}, "K2": {"distribution": "normal", "mean": 80.00518785574845, "std": 3.6914892723878605}}, "compatibleConfigurations": ["K4", "K5", "K1", "K3", "K2"]}, "O7": {"estimatedTestTime": {"K2": {"distribution": "normal", "mean": 194.667740397795, "std": 2.704899171282748}, "K5": {"distribution": "normal", "mean": 388.8487873394492, "std": 4.816576058127331}, "K3": {"distribution": "normal", "mean": 63.26957624816787, "std": 3.6679549696123375}, "K4": {"distribution": "normal", "mean": 112.66691786258829, "std": 3.4334723429522995}, "K1": {"distribution": "normal", "mean": 45.40223834281351, "std": 3.471565279764513}}, "compatibleConfigurations": ["K2", "K5", "K3", "K4", "K1"]}, "O8": {"estimatedTestTime": {"K4": {"distribution": "normal", "mean": 105.32011517036433, "std": 4.785541972682624}, "K3": {"distribution": "normal", "mean": 127.27240467238309, "std": 2.4963186955005408}, "K1": {"distribution": "normal", "mean": 135.27536882725568, "std": 4.661583669508664}, "K2": {"distribution": "normal", "mean": 483.9217544456808, "std": 4.650199568363359}}, "compatibleConfigurations": ["K4", "K3", "K1", "K2"]}, "O9": {"estimatedTestTime": {"K2": {"distribution": "normal", "mean": 291.9398053614921, "std": 3.0704691228318697}, "K1": {"distribution": "normal", "mean": 104.09457561811415, "std": 2.8032013780844767}, "K3": {"distribution": "normal", "mean": 342.7316168334415, "std": 2.2630188156600575}, "K4": {"distribution": "normal", "mean": 194.10395481988328, "std": 3.9840632894409453}, "K5": {"distribution": "normal", "mean": 174.51640286579337, "std": 4.120387417622793}}, "compatibleConfigurations": ["K2", "K1", "K3", "K4", "K5"]}, "O10": {"estimatedTestTime": {"K5": {"distribution": "normal", "mean": 398.58338106867484, "std": 2.952202552544027}, "K3": {"distribution": "normal", "mean": 142.05397167604488, "std": 3.465929531469285}, "K4": {"distribution": "normal", "mean": 91.53779187275822, "std": 3.4206945374317566}, "K1": {"distribution": "normal", "mean": 430.5374172605851, "std": 2.7615999071376067}}, "compatibleConfigurations": ["K5", "K3", "K4", "K1"]}, "O11": {"estimatedTestTime": {"K1": {"distribution": "normal", "mean": 276.42690617922665, "std": 4.093269455906744}, "K2": {"distribution": "normal", "mean": 344.35437077420397, "std": 2.186414983865951}, "K3": {"distribution": "normal", "mean": 292.6016789890351, "std": 4.084469093844975}, "K5": {"distribution": "normal", "mean": 412.0555146114428, "std": 3.2991841096783148}, "K4": {"distribution": "normal", "mean": 202.9216125681007, "std": 3.7470756647516006}}, "compatibleConfigurations": ["K1", "K2", "K3", "K5", "K4"]}, "O12": {"estimatedTestTime": {"K4": {"distribution": "normal", "mean": 460.0390647222128, "std": 3.243323714709474}, "K3": {"distribution": "normal", "mean": 369.6150200948147, "std": 2.2895986681017253}, "K2": {"distribution": "normal", "mean": 496.1628363404811, "std": 2.1493681999189147}}, "compatibleConfigurations": ["K4", "K3", "K2"]}, "O13": {"estimatedTestTime": {"K1": {"distribution": "normal", "mean": 385.2292783582206, "std": 3.6685281735970796}, "K2": {"distribution": "normal", "mean": 413.2611160355522, "std": 4.843043536076369}}, "compatibleConfigurations": ["K1", "K2"]}, "O14": {"estimatedTestTime": {"K2": {"distribution": "normal", "mean": 186.42233692400018, "std": 2.7616184317921464}, "K1": {"distribution": "normal", "mean": 95.40905991398503, "std": 2.6349165107605046}, "K4": {"distribution": "normal", "mean": 400.4248249832725, "std": 2.6972077692376155}, "K3": {"distribution": "normal", "mean": 385.1619982654382, "std": 2.3527719937811686}, "K5": {"distribution": "normal", "mean": 64.31307279320288, "std": 3.447681796432456}}, "compatibleConfigurations": ["K2", "K1", "K4", "K3", "K5"]}, "O15": {"estimatedTestTime": {"K3": {"distribution": "normal", "mean": 27.725878717954842, "std": 3.764659916685284}, "K2": {"distribution": "normal", "mean": 214.790056216647, "std": 3.745755197422664}, "K5": {"distribution": "normal", "mean": 23.51554383797714, "std": 4.921076780164965}, "K4": {"distribution": "normal", "mean": 328.0849529009645, "std": 2.695599425867999}, "K1": {"distribution": "normal", "mean": 249.8725770700034, "std": 4.306753346757454}}, "compatibleConfigurations": ["K3", "K2", "K5", "K4", "K1"]}, "O16": {"estimatedTestTime": {"K4": {"distribution": "normal", "mean": 221.02322560219554, "std": 3.2972368414257622}, "K3": {"distribution": "normal", "mean": 286.4539509578485, "std": 3.5538508447694115}, "K1": {"distribution": "normal", "mean": 8.56503478214108, "std": 4.178718360375706}, "K5": {"distribution": "normal", "mean": 173.2037242506407, "std": 4.395569443320723}}, "compatibleConfigurations": ["K4", "K3", "K1", "K5"]}, "O17": {"estimatedTestTime": {"K3": {"distribution": "normal", "mean": 428.3025981170056, "std": 3.433807568186541}, "K4": {"distribution": "normal", "mean": 451.9717200654982, "std": 2.258732008253566}, "K1": {"distribution": "normal", "mean": 95.84022813086057, "std": 4.090642527739377}},