{"configurations": {"count": 3, "items": {"K1": {"index": 0, "setupTimes": [0, 6, 10]}, "K2": {"index": 1, "setupTimes": [0, 0, 7]}, "K3": {"index": 2, "setupTimes": [9, 1, 0]}}}, "testers": {"count": 2, "items": {"T1": {"supportedConfigurations": ["K3", "K1"]}, "T2": {"supportedConfigurations": ["K1", "K2", "K3"]}}}, "operations": {"count": 11, "items": {"O1": {"estimatedTestTime": {"K3": {"distribution": "normal", "mean": 38.155566036944734, "std": 4.658728165812262}, "K1": {"distribution": "normal", "mean": 7.5447614699392975, "std": 3.5330279651582366}, "K2": {"distribution": "normal", "mean": 27.739226581852662, "std": 2.4924466106531344}}, "compatibleConfigurations": ["K3", "K1", "K2"]}, "O2": {"estimatedTestTime": {"K3": {"distribution": "normal", "mean": 8.404542203894596, "std": 2.1659945185580227}, "K1": {"distribution": "normal", "mean": 43.650408638460874, "std": 3.04172768473423}, "K2": {"distribution": "normal", "mean": 28.562747945099368, "std": 2.240467212553111}}, "compatibleConfigurations": ["K3", "K1", "K2"]}, "O3": {"estimatedTestTime": {"K3": {"distribution": "normal", "mean": 40.54866643998202, "std": 3.6443438886353707}, "K1": {"distribution": "normal", "mean": 26.384839848063727, "std": 2.129514223249472}, "K2": {"distribution": "normal", "mean": 17.152004788818374, "std": 2.3576121091583504}}, "compatibleConfigurations": ["K3", "K1", "K2"]}, "O4": {"estimatedTestTime": {"K3": {"distribution": "normal", "mean": 11.637109527108866, "std": 4.085170337458585}, "K2": {"distribution": "normal", "mean": 5.180243886237719, "std": 2.6690921622211374}}, "compatibleConfigurations": ["K3", "K2"]}, "O5": {"estimatedTestTime": {"K3": {"distribution": "normal", "mean": 7.1704953034574785, "std": 3.7282555223959704}, "K1": {"distribution": "normal", "mean": 34.42518073929351, "std": 3.8967280949285104}}, "compatibleConfigurations": ["K3", "K1"]}, "O6": {"estimatedTestTime": {"K1": {"distribution": "normal", "mean": 40.7426936304136, "std": 4.475921975855083}, "K2": {"distribution": "normal", "mean": 32.164818463875896, "std": 2.539896690946736}, "K3": {"distribution": "normal", "mean": 41.95953787416469, "std": 3.6151225185296014}}, "compatibleConfigurations": ["K1", "K2", "K3"]}, "O7": {"estimatedTestTime": {"K1": {"distribution": "normal", "mean": 21.995463874530337, "std": 4.95887128425101}, "K2": {"distribution": "normal", "mean": 10.852853489781815, "std": 4.500424084860519}, "K3": {"distribution": "normal", "mean": 14.303534882100763, "std": 3.986946105880657}}, "compatibleConfigurations": ["K1", "K2", "K3"]}, "O8": {"estimatedTestTime": {"K1": {"distribution": "normal", "mean": 40.47517649206798, "std": 3.6068159676228193}, "K2": {"distribution": "normal", "mean": 42.62683146786087, "std": 4.229620293626161}}, "compatibleConfigurations": ["K1", "K2"]}, "O9": {"estimatedTestTime": {"K2": {"distribution": "normal", "mean": 25.283147024943965, "std": 3.7494369797042317}, "K1": {"distribution": "normal", "mean": 42.84439155050593, "std": 3.48843259219525}}, "compatibleConfigurations": ["K2", "K1"]}, "O10": {"estimatedTestTime": {"K3": {"distribution": "normal", "mean": 24.410621516484696, "std": 2.1061181907945086}, "K2": {"distribution": "normal", "mean": 17.12425977443515, "std": 4.2601333077832475}}, "compatibleConfigurations": ["K3", "K2"]}, "O11": {"estimatedTestTime": {"K1": {"distribution": "normal", "mean": 27.462785340691195, "std": 4.504255176631204}, "K3": {"distribution": "normal", "mean": 27.727801270399134, "std": 3.554175002938593}, "K2": {"distribution": "normal", "mean": 39.26101714401917, "std": 2.964491548436289}}, "compatibleConfigurations": ["K1", "K3", "K2"]}}}, "products": {"count": 5, "items": {"P1": {"index": 0, "arrival": 0, "quantity": 4, "duedate": 118.00162314290037, "operations": ["O2", "O10", "O6", "O7"], "dependencies": [[2, 1], [3, 0], [3, 1]]}, "P2": {"index": 1, "arrival": 29.33641036270553, "quantity": 5, "duedate": 151.66117896512094, "operations": ["O2", "O5"], "dependencies": [[1, 0]]}, "P3": {"index": 2, "arrival": 32.340934577153, "quantity": 3, "duedate": 131.60366094674433, "operations": ["O2", "O4", "O8", "O11", "O9"], "dependencies": [[2, 0], [3, 1], [4, 0], [4, 1]]}, "P4": {"index": 3, "arrival": 68.85768294698022, "quantity": 3, "duedate": 152.5391684669435, "operations": ["O5", "O6", "O4"], "dependencies": [[1, 0], [2, 0]]}, "P5": {"index": 4, "arrival": 75.87916962721127, "quantity": 4, "duedate": 245.88290072014397, "operations": ["O5", "O1", "O8"], "dependencies": [[1, 0], [2, 1]]}}}}