{"configurations": {"count": 5, "items": {"K1": {"index": 0, "setupTimes": [0, 7, 7, 1, 7]}, "K2": {"index": 1, "setupTimes": [8, 0, 1, 10, 7]}, "K3": {"index": 2, "setupTimes": [1, 2, 0, 9, 0]}, "K4": {"index": 3, "setupTimes": [9, 8, 3, 0, 9]}, "K5": {"index": 4, "setupTimes": [7, 5, 5, 1, 0]}}}, "testers": {"count": 4, "items": {"T1": {"supportedConfigurations": ["K4", "K2", "K1", "K3"]}, "T2": {"supportedConfigurations": ["K5", "K1", "K3", "K2", "K4"]}, "T3": {"supportedConfigurations": ["K3", "K5", "K4", "K1", "K2"]}, "T4": {"supportedConfigurations": ["K5", "K2", "K4"]}}}, "operations": {"count": 15, "items": {"O1": {"estimatedTestTime": {"K3": {"distribution": "normal", "mean": 28.790077034648057, "std": 4.145770581635344}, "K4": {"distribution": "normal", "mean": 21.13261672849673, "std": 2.878684777254231}}, "compatibleConfigurations": ["K3", "K4"]}, "O2": {"estimatedTestTime": {"K2": {"distribution": "normal", "mean": 42.60251292311211, "std": 4.812641756457289}, "K4": {"distribution": "normal", "mean": 22.14530353238085, "std": 3.0300533089964246}, "K5": {"distribution": "normal", "mean": 15.439858280710476, "std": 3.5582315319197164}}, "compatibleConfigurations": ["K2", "K4", "K5"]}, "O3": {"estimatedTestTime": {"K4": {"distribution": "normal", "mean": 5.763749219667602, "std": 2.9761753258358707}, "K3": {"distribution": "normal", "mean": 40.491629499748356, "std": 4.0640499298095065}, "K2": {"distribution": "normal", "mean": 32.65790075282149, "std": 3.4014058970845884}, "K1": {"distribution": "normal", "mean": 10.610803889264812, "std": 4.803155417131}, "K5": {"distribution": "normal", "mean": 4.774365027113678, "std": 4.311004298937484}}, "compatibleConfigurations": ["K4", "K3", "K2", "K1", "K5"]}, "O4": {"estimatedTestTime": {"K2": {"distribution": "normal", "mean": 28.451371183239793, "std": 3.5136470715707717}, "K5": {"distribution": "normal", "mean": 48.82183485215145, "std": 2.8043984885253015}, "K3": {"distribution": "normal", "mean": 27.25478205197387, "std": 2.2928989706632334}}, "compatibleConfigurations": ["K2", "K5", "K3"]}, "O5": {"estimatedTestTime": {"K2": {"distribution": "normal", "mean": 44.16187726864872, "std": 4.253341527410078}, "K1": {"distribution": "normal", "mean": 13.743959627612654, "std": 4.7523205621599045}}, "compatibleConfigurations": ["K2", "K1"]}, "O6": {"estimatedTestTime": {"K3": {"distribution": "normal", "mean": 5.0396564553470995, "std": 2.3964595700281217}, "K1": {"distribution": "normal", "mean": 6.347796934485267, "std": 4.406035359977313}}, "compatibleConfigurations": ["K3", "K1"]}, "O7": {"estimatedTestTime": {"K4": {"distribution": "normal", "mean": 32.903796292084365, "std": 3.0963034689996034}, "K2": {"distribution": "normal", "mean": 34.797756755480414, "std": 2.0961071783597904}}, "compatibleConfigurations": ["K4", "K2"]}, "O8": {"estimatedTestTime": {"K3": {"distribution": "normal", "mean": 11.095780346663691, "std": 2.5845701122880014}, "K1": {"distribution": "normal", "mean": 32.80513141996102, "std": 2.9673773153221843}, "K4": {"distribution": "normal", "mean": 17.938652190919452, "std": 4.521450436645367}}, "compatibleConfigurations": ["K3", "K1", "K4"]}, "O9": {"estimatedTestTime": {"K1": {"distribution": "normal", "mean": 9.23593103760756, "std": 4.82773243589102}, "K4": {"distribution": "normal", "mean": 39.118862436574965, "std": 2.232896559762338}, "K5": {"distribution": "normal", "mean": 14.548149919504484, "std": 3.7967167743276438}, "K2": {"distribution": "normal", "mean": 33.11570537168203, "std": 3.5138373278500166}}, "compatibleConfigurations": ["K1", "K4", "K5", "K2"]}, "O10": {"estimatedTestTime": {"K4": {"distribution": "normal", "mean": 14.051879190015567, "std": 4.41987278403336}, "K2": {"distribution": "normal", "mean": 3.8125293528303192, "std": 3.6790731654965274}}, "compatibleConfigurations": ["K4", "K2"]}, "O11": {"estimatedTestTime": {"K2": {"distribution": "normal", "mean": 29.20796204516155, "std": 4.304529252679174}, "K1": {"distribution": "normal", "mean": 43.383743119831195, "std": 3.515524684742299}, "K3": {"distribution": "normal", "mean": 37.00051516956243, "std": 4.8536236697010935}, "K4": {"distribution": "normal", "mean": 32.704146251537075, "std": 4.059321374092892}, "K5": {"distribution": "normal", "mean": 34.42880591992548, "std": 2.5556858835425245}}, "compatibleConfigurations": ["K2", "K1", "K3", "K4", "K5"]}, "O12": {"estimatedTestTime": {"K4": {"distribution": "normal", "mean": 16.12470143620214, "std": 2.067870266799325}, "K5": {"distribution": "normal", "mean": 18.976758220651934, "std": 3.034614558413412}}, "compatibleConfigurations": ["K4", "K5"]}, "O13": {"estimatedTestTime": {"K3": {"distribution": "normal", "mean": 8.37453994501319, "std": 4.004514121963695}, "K2": {"distribution": "normal", "mean": 12.98459528976554, "std": 4.577278426061364}, "K1": {"distribution": "normal", "mean": 19.356461558056054, "std": 3.182970094337233}, "K4": {"distribution": "normal", "mean": 44.32018336583957, "std": 3.884318763885508}}, "compatibleConfigurations": ["K3", "K2", "K1", "K4"]}, "O14": {"estimatedTestTime": {"K5": {"distribution": "normal", "mean": 7.939716221799495, "std": 4.835152071972084}, "K4": {"distribution": "normal", "mean": 24.858263848797378, "std": 2.481351087235234}}, "compatibleConfigurations": ["K5", "K4"]}, "O15": {"estimatedTestTime": {"K4": {"distribution": "normal", "mean": 9.701954819272613, "std": 3.7036585815749747}, "K2": {"distribution": "normal", "mean": 36.4267248446696, "std": 4.095517726450703}}, "compatibleConfigurations": ["K4", "K2"]}}}, "products": {"count": 4, "items": {"P1": {"index": 0, "arrival": 0, "quantity": 4, "duedate": 33.81470455423152, "operations": ["O3", "O10"], "dependencies": [[1, 0]]}, "P2": {"index": 1, "arrival": 35.380050165597964, "quantity": 2, "duedate": 78.02291418803766, "operations": ["O12", "O9", "O1", "O10"], "dependencies": [[2, 0], [3, 0], [3, 1]]}, "P3": {"index": 2, "arrival": 56.81610419040067, "quantity": 5, "duedate": 145.06101765013554, "operations": ["O3", "O8", "O9", "O2"], "dependencies": [[2, 0], [3, 2], [3, 1]]}, "P4": {"index": 3, "arrival": 74.25068859500871, "quantity": 2, "duedate": 149.9486988774022, "operations": ["O12", "O4", "O2", "O7", "O10"], "dependencies": [[3, 1], [3, 2], [4, 0], [4, 3]]}}}}