{"configurations": {"count": 2, "items": {"K1": {"index": 0, "setupTimes": [0, 4]}, "K2": {"index": 1, "setupTimes": [3, 0]}}}, "testers": {"count": 2, "items": {"T1": {"supportedConfigurations": ["K2", "K1"]}, "T2": {"supportedConfigurations": ["K2", "K1"]}}}, "operations": {"count": 20, "items": {"O1": {"estimatedTestTime": {"K1": {"distribution": "normal", "mean": 25.056922264048232, "std": 4.636284503306516}, "K2": {"distribution": "normal", "mean": 31.056923086947798, "std": 3.7159191980587845}}, "compatibleConfigurations": ["K1", "K2"]}, "O2": {"estimatedTestTime": {"K1": {"distribution": "normal", "mean": 12.486756495098616, "std": 3.8334507083660405}, "K2": {"distribution": "normal", "mean": 17.398985399013817, "std": 2.1195297071340806}}, "compatibleConfigurations": ["K1", "K2"]}, "O3": {"estimatedTestTime": {"K1": {"distribution": "normal", "mean": 8.31016967351501, "std": 2.7374406727671037}, "K2": {"distribution": "normal", "mean": 41.94007165087443, "std": 4.29496766171176}}, "compatibleConfigurations": ["K1", "K2"]}, "O4": {"estimatedTestTime": {"K2": {"distribution": "normal", "mean": 43.96545539938795, "std": 2.387021663684741}, "K1": {"distribution": "normal", "mean": 21.830973916277102, "std": 2.506593998899493}}, "compatibleConfigurations": ["K2", "K1"]}, "O5": {"estimatedTestTime": {"K2": {"distribution": "normal", "mean": 23.832902869544043, "std": 3.167174858585565}, "K1": {"distribution": "normal", "mean": 22.12825105387158, "std": 4.505037503919717}}, "compatibleConfigurations": ["K2", "K1"]}, "O6": {"estimatedTestTime": {"K1": {"distribution": "normal", "mean": 38.3034048694066, "std": 4.6638898506535815}, "K2": {"distribution": "normal", "mean": 22.177393503888254, "std": 4.647604006963947}}, "compatibleConfigurations": ["K1", "K2"]}, "O7": {"estimatedTestTime": {"K2": {"distribution": "normal", "mean": 22.294781315835987, "std": 2.590820421892984}, "K1": {"distribution": "normal", "mean": 3.291553400061275, "std": 4.661014413882672}}, "compatibleConfigurations": ["K2", "K1"]}, "O8": {"estimatedTestTime": {"K1": {"distribution": "normal", "mean": 33.451533895617594, "std": 4.636913783730179}, "K2": {"distribution": "normal", "mean": 44.970032061996314, "std": 3.943832292157389}}, "compatibleConfigurations": ["K1", "K2"]}, "O9": {"estimatedTestTime": {"K2": {"distribution": "normal", "mean": 37.43087025652924, "std": 2.6691927166559135}, "K1": {"distribution": "normal", "mean": 25.49321876628581, "std": 4.799151154906004}}, "compatibleConfigurations": ["K2", "K1"]}, "O10": {"estimatedTestTime": {"K2": {"distribution": "normal", "mean": 41.08549475023867, "std": 4.458606613338354}, "K1": {"distribution": "normal", "mean": 17.329732008749613, "std": 4.470982011257055}}, "compatibleConfigurations": ["K2", "K1"]}, "O11": {"estimatedTestTime": {"K2": {"distribution": "normal", "mean": 38.35217926356919, "std": 3.4532398556695947}, "K1": {"distribution": "normal", "mean": 28.347462659535033, "std": 3.2501928940504476}}, "compatibleConfigurations": ["K2", "K1"]}, "O12": {"estimatedTestTime": {"K2": {"distribution": "normal", "mean": 26.0822295798391, "std": 4.146742034889844}, "K1": {"distribution": "normal", "mean": 11.20291990299167, "std": 3.0794054282918486}}, "compatibleConfigurations": ["K2", "K1"]}, "O13": {"estimatedTestTime": {"K1": {"distribution": "normal", "mean": 18.585427200971175, "std": 3.8670088792851023}, "K2": {"distribution": "normal", "mean": 28.823348064351034, "std": 3.089254851777397}}, "compatibleConfigurations": ["K1", "K2"]}, "O14": {"estimatedTestTime": {"K1": {"distribution": "normal", "mean": 9.167964480664692, "std": 4.783345568477314}, "K2": {"distribution": "normal", "mean": 24.936880032537708, "std": 3.3191816268579086}}, "compatibleConfigurations": ["K1", "K2"]}, "O15": {"estimatedTestTime": {"K2": {"distribution": "normal", "mean": 20.19327319385581, "std": 3.122746984355846}, "K1": {"distribution": "normal", "mean": 10.886507994347951, "std": 2.6839624463584952}}, "compatibleConfigurations": ["K2", "K1"]}, "O16": {"estimatedTestTime": {"K1": {"distribution": "normal", "mean": 36.65326816522567, "std": 4.562959040529554}, "K2": {"distribution": "normal", "mean": 29.128705548014377, "std": 3.4013844977434764}}, "compatibleConfigurations": ["K1", "K2"]}, "O17": {"estimatedTestTime": {"K2": {"distribution": "normal", "mean": 48.618881979313265, "std": 2.064203542920043}, "K1": {"distribution": "normal", "mean": 9.201006044494411, "std": 4.154272930138177}}, "compatibleConfigurations": ["K2", "K1"]}, "O18": {"estimatedTestTime": {"K1": {"distribution": "normal", "mean": 33.54197505290688, "std": 2.9061150602032804}, "K2": {"distribution": "normal", "mean": 22.207318806248637, "std": 3.2283437873534955}}, "compatibleConfigurations": ["K1", "K2"]}, "O19": {"estimatedTestTime": {"K1": {"distribution": "normal", "mean": 42.551692920069755, "std": 3.5853603351128545}, "K2": {"distribution": "normal", "mean": 10.451340315323469, "std": 2.0051977526632285}}, "compatibleConfigurations": ["K1", "K2"]}, "O20": {"estimatedTestTime": {"K2": {"distribution": "normal", "mean": 34.802554061995835, "std": 4.104341836580271}, "K1": {"distribution": "normal", "mean": 24.29477298949778, "std": 4.493306859120587}}, "compatibleConfigurations": ["K2", "K1"]}}}, "products": {"count": 2, "items": {"P1": {"index": 0, "arrival": 0, "quantity": 4, "duedate": 128.91730858327944, "operations": ["O17", "O8", "O7"], "dependencies": [[1, 0], [2, 0]]}, "P2": {"index": 1, "arrival": 13.301718401862821, "quantity": 4, "duedate": 134.07617311547952, "operations": ["O8", "O12", "O3"], "dependencies": [[2, 0], [2, 1]]}}}}