{"configurations": {"count": 4, "items": {"K1": {"index": 0, "setupTimes": [0, 4, 2, 4]}, "K2": {"index": 1, "setupTimes": [1, 0, 5, 2]}, "K3": {"index": 2, "setupTimes": [2, 9, 0, 6]}, "K4": {"index": 3, "setupTimes": [7, 7, 6, 0]}}}, "testers": {"count": 3, "items": {"T1": {"supportedConfigurations": ["K1", "K2", "K3", "K4"]}, "T2": {"supportedConfigurations": ["K3", "K4", "K1"]}, "T3": {"supportedConfigurations": ["K2", "K3"]}}}, "operations": {"count": 13, "items": {"O1": {"estimatedTestTime": {"K3": {"distribution": "normal", "mean": 37.42563829424237, "std": 4.0113180207611006}, "K2": {"distribution": "normal", "mean": 8.58292362259427, "std": 2.8454509757706976}}, "compatibleConfigurations": ["K3", "K2"]}, "O2": {"estimatedTestTime": {"K3": {"distribution": "normal", "mean": 27.837784856453005, "std": 4.498609985005574}, "K4": {"distribution": "normal", "mean": 46.21100862610739, "std": 3.3461714573344503}, "K1": {"distribution": "normal", "mean": 21.609928427873957, "std": 4.583596403862513}, "K2": {"distribution": "normal", "mean": 38.160304265160214, "std": 2.202388753243758}}, "compatibleConfigurations": ["K3", "K4", "K1", "K2"]}, "O3": {"estimatedTestTime": {"K2": {"distribution": "normal", "mean": 25.694257671954343, "std": 3.960831117039534}, "K3": {"distribution": "normal", "mean": 9.443381456165545, "std": 4.098916426852375}, "K1": {"distribution": "normal", "mean": 39.71823786696041, "std": 2.406812830862364}}, "compatibleConfigurations": ["K2", "K3", "K1"]}, "O4": {"estimatedTestTime": {"K4": {"distribution": "normal", "mean": 36.93686521738768, "std": 3.9198313079683316}, "K1": {"distribution": "normal", "mean": 27.787469354161516, "std": 3.4961695656799305}, "K3": {"distribution": "normal", "mean": 26.72622242091205, "std": 2.572049552835959}, "K2": {"distribution": "normal", "mean": 18.217954699542076, "std": 4.823577551817812}}, "compatibleConfigurations": ["K4", "K1", "K3", "K2"]}, "O5": {"estimatedTestTime": {"K4": {"distribution": "normal", "mean": 38.81546418656755, "std": 3.9222846390081076}, "K2": {"distribution": "normal", "mean": 17.246434266298753, "std": 3.562440825967622}, "K1": {"distribution": "normal", "mean": 29.963704397556224, "std": 2.040370557373212}}, "compatibleConfigurations": ["K4", "K2", "K1"]}, "O6": {"estimatedTestTime": {"K1": {"distribution": "normal", "mean": 14.948251540667428, "std": 2.664951387359151}, "K4": {"distribution": "normal", "mean": 23.863144092927207, "std": 3.2714024016077476}, "K3": {"distribution": "normal", "mean": 2.159113053304406, "std": 4.836883277717457}, "K2": {"distribution": "normal", "mean": 37.6161081860243, "std": 3.3523708625616724}}, "compatibleConfigurations": ["K1", "K4", "K3", "K2"]}, "O7": {"estimatedTestTime": {"K3": {"distribution": "normal", "mean": 8.145754588082516, "std": 3.6090976308258877}, "K1": {"distribution": "normal", "mean": 32.50790641354132, "std": 4.468309896379983}, "K4": {"distribution": "normal", "mean": 28.0494556139553, "std": 2.661011060856887}, "K2": {"distribution": "normal", "mean": 17.46240379275345, "std": 4.031335395667693}}, "compatibleConfigurations": ["K3", "K1", "K4", "K2"]}, "O8": {"estimatedTestTime": {"K4": {"distribution": "normal", "mean": 45.88719614387749, "std": 2.1714634097800087}, "K1": {"distribution": "normal", "mean": 5.182607998167187, "std": 4.833764602080362}, "K3": {"distribution": "normal", "mean": 19.183763394891535, "std": 3.545599702739745}}, "compatibleConfigurations": ["K4", "K1", "K3"]}, "O9": {"estimatedTestTime": {"K1": {"distribution": "normal", "mean": 30.617139545567372, "std": 4.074698449279372}, "K2": {"distribution": "normal", "mean": 16.610687565288053, "std": 2.176855221596926}}, "compatibleConfigurations": ["K1", "K2"]}, "O10": {"estimatedTestTime": {"K4": {"distribution": "normal", "mean": 21.002937618009142, "std": 4.551043336393299}, "K3": {"distribution": "normal", "mean": 46.728719103096026, "std": 3.6688991799105075}}, "compatibleConfigurations": ["K4", "K3"]}, "O11": {"estimatedTestTime": {"K2": {"distribution": "normal", "mean": 14.461545995614436, "std": 2.644025642066209}, "K1": {"distribution": "normal", "mean": 2.398706184610422, "std": 3.843465979924158}}, "compatibleConfigurations": ["K2", "K1"]}, "O12": {"estimatedTestTime": {"K3": {"distribution": "normal", "mean": 19.777269472770655, "std": 3.143594135351711}, "K1": {"distribution": "normal", "mean": 32.01205164598258, "std": 2.44510377591059}, "K2": {"distribution": "normal", "mean": 42.14294104723552, "std": 2.4809416665421606}, "K4": {"distribution": "normal", "mean": 34.36166122162152, "std": 2.1873609877542775}}, "compatibleConfigurations": ["K3", "K1", "K2", "K4"]}, "O13": {"estimatedTestTime": {"K2": {"distribution": "normal", "mean": 48.99041740013159, "std": 2.8796682725597575}, "K3": {"distribution": "normal", "mean": 13.240242821821704, "std": 2.3208905935895703}, "K4": {"distribution": "normal", "mean": 12.88838530306638, "std": 3.1582022655372057}}, "compatibleConfigurations": ["K2", "K3", "K4"]}}}, "products": {"count": 3, "items": {"P1": {"index": 0, "arrival": 0, "quantity": 4, "duedate": 96.03069884839901, "operations": ["O13", "O4", "O10", "O11", "O9"], "dependencies": [[2, 1], [2, 0], [3, 2], [4, 0]]}, "P2": {"index": 1, "arrival": 31.93922411931115, "quantity": 4, "duedate": 74.36288003028943, "operations": ["O8", "O11"], "dependencies": [[1, 0]]}, "P3": {"index": 2, "arrival": 34.42440181375961, "quantity": 2, "duedate": 149.87342537697543, "operations": ["O9", "O1", "O10", "O2", "O4"], "dependencies": [[2, 0], [3, 2], [4, 1], [4, 3]]}}}}