{"configurations": {"count": 5, "items": {"K1": {"index": 0, "setupTimes": [0, 8, 9, 10, 5]}, "K2": {"index": 1, "setupTimes": [6, 0, 9, 7, 8]}, "K3": {"index": 2, "setupTimes": [10, 4, 0, 8, 0]}, "K4": {"index": 3, "setupTimes": [9, 4, 3, 0, 5]}, "K5": {"index": 4, "setupTimes": [9, 3, 8, 8, 0]}}}, "testers": {"count": 4, "items": {"T1": {"supportedConfigurations": ["K1", "K2", "K3"]}, "T2": {"supportedConfigurations": ["K4", "K1"]}, "T3": {"supportedConfigurations": ["K4", "K1", "K2"]}, "T4": {"supportedConfigurations": ["K3", "K4", "K5"]}}}, "operations": {"count": 17, "items": {"O1": {"estimatedTestTime": {"K1": {"distribution": "normal", "mean": 39.445289121389344, "std": 4.2606955759883425}, "K3": {"distribution": "normal", "mean": 49.66691789473365, "std": 2.8294282585652866}, "K5": {"distribution": "normal", "mean": 42.048531109417, "std": 3.51497495950204}}, "compatibleConfigurations": ["K1", "K3", "K5"]}, "O2": {"estimatedTestTime": {"K1": {"distribution": "normal", "mean": 11.059939602733408, "std": 2.318005726727339}, "K5": {"distribution": "normal", "mean": 46.860787752745445, "std": 2.1106179040355175}}, "compatibleConfigurations": ["K1", "K5"]}, "O3": {"estimatedTestTime": {"K5": {"distribution": "normal", "mean": 7.0704105387829195, "std": 2.2083891163181204}, "K3": {"distribution": "normal", "mean": 49.07291134165037, "std": 4.754387436831119}, "K2": {"distribution": "normal", "mean": 11.97844004432855, "std": 2.616242571975149}}, "compatibleConfigurations": ["K5", "K3", "K2"]}, "O4": {"estimatedTestTime": {"K3": {"distribution": "normal", "mean": 47.42298993866433, "std": 3.1182965598520185}, "K1": {"distribution": "normal", "mean": 2.5036004118414574, "std": 4.018397579676097}, "K5": {"distribution": "normal", "mean": 14.5479314055934, "std": 2.738295154966205}, "K2": {"distribution": "normal", "mean": 39.46621336224429, "std": 2.7992316722403796}}, "compatibleConfigurations": ["K3", "K1", "K5", "K2"]}, "O5": {"estimatedTestTime": {"K4": {"distribution": "normal", "mean": 49.320990677967984, "std": 3.452402662132752}, "K2": {"distribution": "normal", "mean": 10.693329025197144, "std": 4.262266575868685}, "K1": {"distribution": "normal", "mean": 2.1040928137544626, "std": 3.1558345166901423}, "K3": {"distribution": "normal", "mean": 9.691112946983733, "std": 2.2085400799801667}, "K5": {"distribution": "normal", "mean": 18.523726303327713, "std": 2.4135622318197916}}, "compatibleConfigurations": ["K4", "K2", "K1", "K3", "K5"]}, "O6": {"estimatedTestTime": {"K1": {"distribution": "normal", "mean": 45.33756474701451, "std": 3.4056026172848757}, "K5": {"distribution": "normal", "mean": 9.11536552168745, "std": 3.9057053979251015}, "K4": {"distribution": "normal", "mean": 49.919697815563545, "std": 4.012870056962633}, "K2": {"distribution": "normal", "mean": 29.68375312010913, "std": 3.8683772144679773}}, "compatibleConfigurations": ["K1", "K5", "K4", "K2"]}, "O7": {"estimatedTestTime": {"K4": {"distribution": "normal", "mean": 29.284857204619282, "std": 2.0387574524921885}, "K1": {"distribution": "normal", "mean": 9.373305509120518, "std": 3.7535634892934464}}, "compatibleConfigurations": ["K4", "K1"]}, "O8": {"estimatedTestTime": {"K1": {"distribution": "normal", "mean": 18.639446158097346, "std": 3.574002237502156}, "K3": {"distribution": "normal", "mean": 26.464520380613884, "std": 2.5221065044636912}, "K4": {"distribution": "normal", "mean": 41.676200608615716, "std": 3.3463741008354835}, "K5": {"distribution": "normal", "mean": 26.4494471945901, "std": 2.5729397042257105}}, "compatibleConfigurations": ["K1", "K3", "K4", "K5"]}, "O9": {"estimatedTestTime": {"K1": {"distribution": "normal", "mean": 10.985727648277214, "std": 2.833462698353514}, "K2": {"distribution": "normal", "mean": 41.53901275842762, "std": 2.771438322238144}, "K3": {"distribution": "normal", "mean": 23.668262291728023, "std": 4.3141772627342885}}, "compatibleConfigurations": ["K1", "K2", "K3"]}, "O10": {"estimatedTestTime": {"K2": {"distribution": "normal", "mean": 48.99595707875734, "std": 3.570130039096104}, "K4": {"distribution": "normal", "mean": 46.77505363456495, "std": 4.248480202948247}, "K5": {"distribution": "normal", "mean": 13.051235977027403, "std": 4.872598787243222}}, "compatibleConfigurations": ["K2", "K4", "K5"]}, "O11": {"estimatedTestTime": {"K4": {"distribution": "normal", "mean": 38.95474098619853, "std": 3.502124209545593}, "K1": {"distribution": "normal", "mean": 29.09690513075132, "std": 3.2109355406428866}, "K3": {"distribution": "normal", "mean": 17.044455650763815, "std": 4.429856072455677}, "K5": {"distribution": "normal", "mean": 26.780410838006773, "std": 4.165401888389452}, "K2": {"distribution": "normal", "mean": 45.2913902219955, "std": 4.037008065821732}}, "compatibleConfigurations": ["K4", "K1", "K3", "K5", "K2"]}, "O12": {"estimatedTestTime": {"K3": {"distribution": "normal", "mean": 18.966951424696774, "std": 4.26073529782367}, "K2": {"distribution": "normal", "mean": 10.103940274928085, "std": 2.1419411967697077}, "K4": {"distribution": "normal", "mean": 15.433117639860624, "std": 2.0426934397155927}}, "compatibleConfigurations": ["K3", "K2", "K4"]}, "O13": {"estimatedTestTime": {"K3": {"distribution": "normal", "mean": 37.26406387005163, "std": 3.1170921843041444}, "K4": {"distribution": "normal", "mean": 31.065961076793727, "std": 4.427722275396164}, "K2": {"distribution": "normal", "mean": 2.703435321875215, "std": 3.022663523637842}}, "compatibleConfigurations": ["K3", "K4", "K2"]}, "O14": {"estimatedTestTime": {"K2": {"distribution": "normal", "mean": 49.825565177149365, "std": 2.2977240315885203}, "K5": {"distribution": "normal", "mean": 24.485329489202186, "std": 4.0019025897650335}, "K4": {"distribution": "normal", "mean": 42.4220400199107, "std": 4.45713020698296}, "K3": {"distribution": "normal", "mean": 48.03164062114562, "std": 2.3204818322625482}, "K1": {"distribution": "normal", "mean": 12.321210604118065, "std": 3.4375388029742204}}, "compatibleConfigurations": ["K2", "K5", "K4", "K3", "K1"]}, "O15": {"estimatedTestTime": {"K4": {"distribution": "normal", "mean": 37.11958392352757, "std": 4.935329909391378}, "K2": {"distribution": "normal", "mean": 28.32822461945012, "std": 4.570785185913116}, "K3": {"distribution": "normal", "mean": 21.629864790550755, "std": 2.0666378653439494}, "K1": {"distribution": "normal", "mean": 37.06056421632452, "std": 4.931547052575304}}, "compatibleConfigurations": ["K4", "K2", "K3", "K1"]}, "O16": {"estimatedTestTime": {"K1": {"distribution": "normal", "mean": 37.685573381062774, "std": 2.489284586309339}, "K2": {"distribution": "normal", "mean": 28.360531705940943, "std": 2.4584796604582606}, "K5": {"distribution": "normal", "mean": 19.6915075988583, "std": 3.447954047973242}, "K4": {"distribution": "normal", "mean": 25.861130939049108, "std": 3.004276312707163}, "K3": {"distribution": "normal", "mean": 2.2730431155509674, "std": 4.790995763873481}}, "compatibleConfigurations": ["K1", "K2", "K5", "K4", "K3"]}, "O17": {"estimatedTestTime": {"K4": {"distribution": "normal", "mean": 9.089678652474403, "std": 3.960091482853384}, "K3": {"distribution": "normal", "mean": 38.6759807075118, "std": 4.432384299772996}, "K2": {"distribution": "normal", "mean": 22.74542191921416, "std": 3.6611495570193213}, "K5": {"distribution": "normal", "mean": 28.865300776143197, "std": 3.321444380892216}}, "compatibleConfigurations": ["K4", "K3", "K2", "K5"]}}}, "products": {"count": 2, "items": {"P1": {"index": 0, "arrival": 0, "quantity": 5, "duedate": 112.37165631129686, "operations": ["O12", "O9", "O1"], "dependencies": [[1, 0], [2, 1]]}, "P2": {"index": 1, "arrival": 1.26390255064886, "quantity": 3, "duedate": 61.02850500717673, "operations": ["O5", "O2", "O4"], "dependencies": [[2, 1], [2, 0]]}}}}