{"configurations": {"count": 3, "items": {"K1": {"index": 0, "setupTimes": [0, 52, 36]}, "K2": {"index": 1, "setupTimes": [34, 0, 47]}, "K3": {"index": 2, "setupTimes": [35, 31, 0]}}}, "testers": {"count": 3, "items": {"T1": {"supportedConfigurations": ["K3", "K1"]}, "T2": {"supportedConfigurations": ["K3", "K2", "K1"]}, "T3": {"supportedConfigurations": ["K1", "K3", "K2"]}}}, "operations": {"count": 14, "items": {"O1": {"estimatedTestTime": {"K2": {"distribution": "normal", "mean": 222.48814754794827, "std": 3.0670273079990165}, "K1": {"distribution": "normal", "mean": 411.8251874350219, "std": 2.4127583524463723}}, "compatibleConfigurations": ["K2", "K1"]}, "O2": {"estimatedTestTime": {"K1": {"distribution": "normal", "mean": 72.0991985967622, "std": 2.8857093213719978}, "K3": {"distribution": "normal", "mean": 202.1296685059159, "std": 4.707706387561778}, "K2": {"distribution": "normal", "mean": 493.49879207323755, "std": 4.108071905543432}}, "compatibleConfigurations": ["K1", "K3", "K2"]}, "O3": {"estimatedTestTime": {"K2": {"distribution": "normal", "mean": 340.8255186774206, "std": 2.9595039727797023}, "K1": {"distribution": "normal", "mean": 147.66315302837114, "std": 3.896005497680699}}, "compatibleConfigurations": ["K2", "K1"]}, "O4": {"estimatedTestTime": {"K3": {"distribution": "normal", "mean": 441.0760448266092, "std": 3.3974830542150896}, "K2": {"distribution": "normal", "mean": 206.51398247388374, "std": 4.250803038363715}, "K1": {"distribution": "normal", "mean": 491.0739442948491, "std": 3.1053833327350016}}, "compatibleConfigurations": ["K3", "K2", "K1"]}, "O5": {"estimatedTestTime": {"K3": {"distribution": "normal", "mean": 210.30975145674975, "std": 3.5717092552431366}, "K2": {"distribution": "normal", "mean": 454.6143609582557, "std": 4.689148363890134}}, "compatibleConfigurations": ["K3", "K2"]}, "O6": {"estimatedTestTime": {"K2": {"distribution": "normal", "mean": 29.905510101174375, "std": 3.5335592867363466}, "K1": {"distribution": "normal", "mean": 378.76874668332175, "std": 4.804460051572798}, "K3": {"distribution": "normal", "mean": 225.46698091271932, "std": 3.617686444157375}}, "compatibleConfigurations": ["K2", "K1", "K3"]}, "O7": {"estimatedTestTime": {"K3": {"distribution": "normal", "mean": 97.92317099788741, "std": 2.469349769649023}, "K1": {"distribution": "normal", "mean": 267.29483272881777, "std": 3.6474715242300713}, "K2": {"distribution": "normal", "mean": 90.06727599051699, "std": 3.3561188247300966}}, "compatibleConfigurations": ["K3", "K1", "K2"]}, "O8": {"estimatedTestTime": {"K2": {"distribution": "normal", "mean": 88.28975493033577, "std": 3.3875855812469964}, "K3": {"distribution": "normal", "mean": 202.73374749713767, "std": 4.530028868273731}}, "compatibleConfigurations": ["K2", "K3"]}, "O9": {"estimatedTestTime": {"K3": {"distribution": "normal", "mean": 362.73958360118365, "std": 4.341459894596926}, "K2": {"distribution": "normal", "mean": 146.54020265784987, "std": 4.838976242652912}}, "compatibleConfigurations": ["K3", "K2"]}, "O10": {"estimatedTestTime": {"K2": {"distribution": "normal", "mean": 342.1164002341428, "std": 2.315622556651713}, "K1": {"distribution": "normal", "mean": 177.72348255447204, "std": 3.450438905460959}, "K3": {"distribution": "normal", "mean": 88.27476084019833, "std": 4.549336562971643}}, "compatibleConfigurations": ["K2", "K1", "K3"]}, "O11": {"estimatedTestTime": {"K1": {"distribution": "normal", "mean": 132.4583623811868, "std": 4.024368872435338}, "K3": {"distribution": "normal", "mean": 350.8176773801852, "std": 3.6338590974467215}}, "compatibleConfigurations": ["K1", "K3"]}, "O12": {"estimatedTestTime": {"K1": {"distribution": "normal", "mean": 453.45397435782326, "std": 3.91528308722756}, "K2": {"distribution": "normal", "mean": 307.9734651163832, "std": 2.964678410885327}, "K3": {"distribution": "normal", "mean": 97.33758628737611, "std": 4.5520227696306375}}, "compatibleConfigurations": ["K1", "K2", "K3"]}, "O13": {"estimatedTestTime": {"K2": {"distribution": "normal", "mean": 372.5868818829618, "std": 4.459303694019459}, "K1": {"distribution": "normal", "mean": 273.8514367956512, "std": 2.1994859069362884}, "K3": {"distribution": "normal", "mean": 225.91247410110418, "std": 4.551074215923149}}, "compatibleConfigurations": ["K2", "K1", "K3"]}, "O14": {"estimatedTestTime": {"K3": {"distribution": "normal", "mean": 442.17499813040905, "std": 4.990391459502547}, "K2": {"distribution": "normal", "mean": 8.329864973399854, "std": 2.429452541321979}, "K1": {"distribution": "normal", "mean": 157.55830334606398, "std": 4.469128158947385}}, "compatibleConfigurations": ["K3", "K2", "K1"]}}}, "products": {"count": 10, "items": {"P1": {"index": 0, "arrival": 0, "quantity": 3, "duedate": 1504.068551604497, "operations": ["O5", "O8", "O7", "O4", "O3", "O1", "O10", "O13", "O11", "O14", "O9"], "dependencies": [[2, 1], [3, 0], [3, 2], [4, 0], [4, 1], [5, 1], [5, 2], [5, 3], [6, 0], [6, 2], [6, 4], [7, 2], [7, 3], [7, 4], [7, 6], [8, 0], [8, 1], [8, 4], [8, 6], [8, 7], [9, 6], [9, 8], [10, 0], [10, 2], [10, 3], [10, 6]]}, "P2": {"index": 1, "arrival": 55.244845300964684, "quantity": 4, "duedate": 1291.6322768255245, "operations": ["O4", "O11", "O13", "O12", "O5"], "dependencies": [[2, 0], [2, 1], [3, 2], [4, 0]]}, "P3": {"index": 2, "arrival": 119.6504412598289, "quantity": 3, "duedate": 2337.5083170669313, "operations": ["O1", "O3", "O4", "O6", "O11", "O10", "O7", "O2", "O12", "O13", "O8", "O5", "O9", "O14"], "dependencies": [[1, 0], [2, 0], [4, 1], [4, 2], [4, 3], [5, 0], [6, 0], [6, 4], [6, 5], [7, 0], [7, 1], [7, 2], [7, 4], [8, 0], [8, 5], [8, 6], [8, 7], [9, 0], [9, 2], [9, 4], [9, 8], [10, 1], [10, 5], [10, 7], [11, 0], [11, 1], [11, 4], [11, 6], [11, 8], [11, 10], [12, 2], [12, 3], [12, 5], [12, 8], [12, 9], [12, 11], [13, 2], [13, 3], [13, 4], [13, 6], [13, 7], [13, 9], [13, 12]]}, "P4": {"index": 3, "arrival": 197.42276140761533, "quantity": 4, "duedate": 1604.301486009046, "operations": ["O4", "O13", "O10", "O1", "O14", "O6", "O7", "O2"], "dependencies": [[1, 0], [4, 1], [4, 3], [5, 2], [5, 4], [6, 1], [6, 3], [7, 6]]}, "P5": {"index": 4, "arrival": 257.98151563109803, "quantity": 5, "duedate": 2198.44753620598, "operations": ["O3", "O4", "O2", "O5", "O8", "O9", "O10", "O12", "O6", "O11"], "dependencies": [[3, 2], [4, 2], [5, 4], [6, 1], [6, 3], [7, 0], [7, 5], [8, 0], [8, 1], [8, 3], [8, 4], [8, 5], [9, 0], [9, 5], [9, 6], [9, 7]]}, "P6": {"index": 5, "arrival": 335.1789577971962, "quantity": 4, "duedate": 1915.7756751765176, "operations": ["O1", "O12", "O3", "O11", "O6", "O7", "O5", "O4", "O13", "O9", "O10", "O2", "O8", "O14"], "dependencies": [[3, 1], [6, 2], [6, 4], [6, 5], [7, 1], [7, 2], [7, 4], [7, 5], [8, 3], [8, 5], [8, 6], [9, 2], [9, 6], [10, 2], [10, 7], [10, 8], [11, 0], [11, 2], [11, 3], [11, 4], [11, 5], [11, 7], [12, 0], [12, 5], [12, 7], [12, 8], [12, 9], [12, 10], [12, 11], [13, 1], [13, 2], [13, 3], [13, 7], [13, 9]]}, "P7": {"index": 6, "arrival": 415.14551925735304, "quantity": 5, "duedate": 1383.0866496169845, "operations": ["O12", "O9", "O4", "O8", "O11"], "dependencies": [[1, 0], [3, 0], [4, 0], [4, 2]]}, "P8": {"index": 7, "arrival": 494.4289766105636, "quantity": 4, "duedate": 2836.965738793632, "operations": ["O14", "O5", "O4", "O7", "O9", "O3", "O8", "O13", "O11", "O2", "O6", "O12"], "dependencies": [[1, 0], [2, 1], [4, 1], [4, 3], [5, 0], [6, 2], [7, 0], [8, 1], [8, 3], [8, 4], [9, 0], [9, 5], [9, 6], [10, 0], [10, 1], [10, 3], [10, 4], [10, 5], [10, 9], [11, 0], [11, 1], [11, 2], [11, 4], [11, 5], [11, 6], [11, 7], [11, 8], [11, 10]]}, "P9": {"index": 8, "arrival": 565.1794906266551, "quantity": 2, "duedate": 2124.464525467101, "operations": ["O3", "O9", "O6", "O12", "O2", "O14", "O13", "O5", "O8", "O11", "O7"], "dependencies": [[2, 0], [4, 3], [5, 1], [5, 2], [5, 4], [6, 1], [6, 2], [7, 0], [7, 3], [7, 4], [7, 5], [8, 0], [8, 1], [8, 3], [8, 6], [8, 7], [9, 0], [9, 2], [9, 4], [9, 5], [9, 8], [10, 0], [10, 7], [10, 8], [10, 9]]},