{"configurations": {"count": 5, "items": {"K1": {"index": 0, "setupTimes": [0, 4, 9, 1, 2]}, "K2": {"index": 1, "setupTimes": [5, 0, 4, 9, 8]}, "K3": {"index": 2, "setupTimes": [5, 0, 0, 1, 10]}, "K4": {"index": 3, "setupTimes": [6, 1, 7, 0, 2]}, "K5": {"index": 4, "setupTimes": [1, 0, 9, 5, 0]}}}, "testers": {"count": 4, "items": {"T1": {"supportedConfigurations": ["K1", "K2", "K4", "K5", "K3"]}, "T2": {"supportedConfigurations": ["K1", "K4", "K3"]}, "T3": {"supportedConfigurations": ["K3", "K5", "K2", "K4", "K1"]}, "T4": {"supportedConfigurations": ["K1", "K2", "K4", "K5"]}}}, "operations": {"count": 13, "items": {"O1": {"estimatedTestTime": {"K5": {"distribution": "normal", "mean": 26.162274442713084, "std": 2.048016631863741}, "K4": {"distribution": "normal", "mean": 8.415338361918709, "std": 2.5349965417204565}, "K1": {"distribution": "normal", "mean": 29.65982393008572, "std": 4.200818084874031}, "K3": {"distribution": "normal", "mean": 29.185513053285703, "std": 3.85725632323643}, "K2": {"distribution": "normal", "mean": 5.824059167613667, "std": 3.6831002181288905}}, "compatibleConfigurations": ["K5", "K4", "K1", "K3", "K2"]}, "O2": {"estimatedTestTime": {"K3": {"distribution": "normal", "mean": 15.427885899806432, "std": 2.0715187214435664}, "K2": {"distribution": "normal", "mean": 44.975433308344215, "std": 2.153673427341395}, "K1": {"distribution": "normal", "mean": 24.366323750123797, "std": 4.289920989165569}, "K4": {"distribution": "normal", "mean": 17.929464469741326, "std": 4.539680560079056}, "K5": {"distribution": "normal", "mean": 48.58693164277011, "std": 4.236704335256107}}, "compatibleConfigurations": ["K3", "K2", "K1", "K4", "K5"]}, "O3": {"estimatedTestTime": {"K5": {"distribution": "normal", "mean": 21.874512316819953, "std": 2.638970383651736}, "K1": {"distribution": "normal", "mean": 7.673522874905517, "std": 4.699985823724589}}, "compatibleConfigurations": ["K5", "K1"]}, "O4": {"estimatedTestTime": {"K1": {"distribution": "normal", "mean": 20.012434485447777, "std": 2.7011113671204425}, "K3": {"distribution": "normal", "mean": 24.81558675780983, "std": 4.695806660507809}, "K2": {"distribution": "normal", "mean": 7.542690699881097, "std": 3.1749610417844036}, "K4": {"distribution": "normal", "mean": 21.72671782388781, "std": 2.255982650392986}}, "compatibleConfigurations": ["K1", "K3", "K2", "K4"]}, "O5": {"estimatedTestTime": {"K3": {"distribution": "normal", "mean": 46.2417985420274, "std": 4.350665279618443}, "K2": {"distribution": "normal", "mean": 47.43845619696608, "std": 2.8886922601925873}}, "compatibleConfigurations": ["K3", "K2"]}, "O6": {"estimatedTestTime": {"K4": {"distribution": "normal", "mean": 30.53955456992594, "std": 3.816982991022403}, "K2": {"distribution": "normal", "mean": 24.07746130719018, "std": 2.629610353590845}, "K3": {"distribution": "normal", "mean": 30.58169889439108, "std": 2.0442913163603427}, "K5": {"distribution": "normal", "mean": 28.470023508309538, "std": 3.233550561034923}}, "compatibleConfigurations": ["K4", "K2", "K3", "K5"]}, "O7": {"estimatedTestTime": {"K2": {"distribution": "normal", "mean": 43.628967373190434, "std": 3.441036742914694}, "K3": {"distribution": "normal", "mean": 47.449322206619186, "std": 4.275291657997794}, "K4": {"distribution": "normal", "mean": 45.06173843168342, "std": 4.059899296793384}, "K1": {"distribution": "normal", "mean": 5.699614850564485, "std": 4.349161330091512}, "K5": {"distribution": "normal", "mean": 5.613292767854864, "std": 4.890320812957868}}, "compatibleConfigurations": ["K2", "K3", "K4", "K1", "K5"]}, "O8": {"estimatedTestTime": {"K5": {"distribution": "normal", "mean": 8.988395421379462, "std": 4.251358880643379}, "K4": {"distribution": "normal", "mean": 32.81104321126194, "std": 2.100974854204}, "K2": {"distribution": "normal", "mean": 44.8078568196201, "std": 3.7108882368380685}, "K3": {"distribution": "normal", "mean": 44.18999481815075, "std": 2.2291518122111693}, "K1": {"distribution": "normal", "mean": 34.22195223934018, "std": 2.6192764863646336}}, "compatibleConfigurations": ["K5", "K4", "K2", "K3", "K1"]}, "O9": {"estimatedTestTime": {"K1": {"distribution": "normal", "mean": 34.5028483394492, "std": 4.164367660162056}, "K5": {"distribution": "normal", "mean": 4.650901117053822, "std": 2.621495443036206}}, "compatibleConfigurations": ["K1", "K5"]}, "O10": {"estimatedTestTime": {"K5": {"distribution": "normal", "mean": 36.67308020451166, "std": 4.100661530491482}, "K1": {"distribution": "normal", "mean": 16.715022845036366, "std": 4.244979356340986}, "K2": {"distribution": "normal", "mean": 27.481600111994485, "std": 2.331622836412342}, "K3": {"distribution": "normal", "mean": 29.386597572174857, "std": 2.370217741622812}, "K4": {"distribution": "normal", "mean": 28.422402470992157, "std": 4.472965776803866}}, "compatibleConfigurations": ["K5", "K1", "K2", "K3", "K4"]}, "O11": {"estimatedTestTime": {"K4": {"distribution": "normal", "mean": 7.316133429769346, "std": 4.675003889497985}, "K3": {"distribution": "normal", "mean": 32.95692898827527, "std": 3.377133415377134}, "K2": {"distribution": "normal", "mean": 48.67809891142999, "std": 2.202598597651786}}, "compatibleConfigurations": ["K4", "K3", "K2"]}, "O12": {"estimatedTestTime": {"K2": {"distribution": "normal", "mean": 34.829333893934695, "std": 4.610272176366429}, "K5": {"distribution": "normal", "mean": 44.64087757239465, "std": 2.7104586765375434}, "K1": {"distribution": "normal", "mean": 36.45688418132886, "std": 3.026290490172247}, "K4": {"distribution": "normal", "mean": 19.165863560236975, "std": 4.216844267065317}, "K3": {"distribution": "normal", "mean": 48.51466003335425, "std": 4.965050358673209}}, "compatibleConfigurations": ["K2", "K5", "K1", "K4", "K3"]}, "O13": {"estimatedTestTime": {"K1": {"distribution": "normal", "mean": 5.554543681362336, "std": 2.52954707959772}, "K2": {"distribution": "normal", "mean": 23.488116005454863, "std": 3.7681900563443063}}, "compatibleConfigurations": ["K1", "K2"]}}}, "products": {"count": 2, "items": {"P1": {"index": 0, "arrival": 0, "quantity": 5, "duedate": 103.82772415070754, "operations": ["O8", "O4", "O9", "O7", "O13"], "dependencies": [[1, 0], [2, 0], [3, 2], [4, 2]]}, "P2": {"index": 1, "arrival": 28.539876832617324, "quantity": 2, "duedate": 82.34844786820685, "operations": ["O12", "O9"], "dependencies": [[1, 0]]}}}}