{"configurations": {"count": 4, "items": {"K1": {"index": 0, "setupTimes": [0, 31, 29, 29]}, "K2": {"index": 1, "setupTimes": [5, 0, 42, 60]}, "K3": {"index": 2, "setupTimes": [29, 55, 0, 40]}, "K4": {"index": 3, "setupTimes": [59, 42, 15, 0]}}}, "testers": {"count": 4, "items": {"T1": {"supportedConfigurations": ["K3", "K2", "K4"]}, "T2": {"supportedConfigurations": ["K4", "K3"]}, "T3": {"supportedConfigurations": ["K4", "K2", "K3"]}, "T4": {"supportedConfigurations": ["K2", "K1", "K3"]}}}, "operations": {"count": 16, "items": {"O1": {"estimatedTestTime": {"K3": {"distribution": "normal", "mean": 479.87906096965696, "std": 4.82264513484313}, "K4": {"distribution": "normal", "mean": 408.5638034147954, "std": 4.3234482157351515}, "K2": {"distribution": "normal", "mean": 105.53185812692541, "std": 3.870932049156019}, "K1": {"distribution": "normal", "mean": 435.2670738121486, "std": 2.718691673745997}}, "compatibleConfigurations": ["K3", "K4", "K2", "K1"]}, "O2": {"estimatedTestTime": {"K1": {"distribution": "normal", "mean": 208.62974215559527, "std": 2.145694222056741}, "K4": {"distribution": "normal", "mean": 96.03530401898198, "std": 2.0110458594068765}}, "compatibleConfigurations": ["K1", "K4"]}, "O3": {"estimatedTestTime": {"K1": {"distribution": "normal", "mean": 92.41001661033887, "std": 3.40842503611725}, "K2": {"distribution": "normal", "mean": 77.88273674342945, "std": 4.638335285751964}, "K4": {"distribution": "normal", "mean": 364.2207695432116, "std": 3.0332649507572307}, "K3": {"distribution": "normal", "mean": 413.8569358444237, "std": 3.372343167490111}}, "compatibleConfigurations": ["K1", "K2", "K4", "K3"]}, "O4": {"estimatedTestTime": {"K4": {"distribution": "normal", "mean": 24.12552245635736, "std": 2.9755625028541832}, "K3": {"distribution": "normal", "mean": 93.36414086478729, "std": 2.8856085511291947}, "K2": {"distribution": "normal", "mean": 134.14772033166116, "std": 2.636414443336128}}, "compatibleConfigurations": ["K4", "K3", "K2"]}, "O5": {"estimatedTestTime": {"K3": {"distribution": "normal", "mean": 499.5022007008877, "std": 2.5178261124120644}, "K4": {"distribution": "normal", "mean": 328.0449601119722, "std": 3.870047074858542}, "K2": {"distribution": "normal", "mean": 201.44381192270285, "std": 2.0208640192222544}}, "compatibleConfigurations": ["K3", "K4", "K2"]}, "O6": {"estimatedTestTime": {"K4": {"distribution": "normal", "mean": 103.34120030520653, "std": 3.3315244228891734}, "K3": {"distribution": "normal", "mean": 211.8360390944378, "std": 2.499662614583381}, "K2": {"distribution": "normal", "mean": 213.9347992339535, "std": 2.780539740896909}}, "compatibleConfigurations": ["K4", "K3", "K2"]}, "O7": {"estimatedTestTime": {"K4": {"distribution": "normal", "mean": 240.1558603765033, "std": 2.854079802075999}, "K3": {"distribution": "normal", "mean": 231.55352788998113, "std": 4.061309619494674}, "K1": {"distribution": "normal", "mean": 333.51593882143464, "std": 3.2881695681882395}}, "compatibleConfigurations": ["K4", "K3", "K1"]}, "O8": {"estimatedTestTime": {"K3": {"distribution": "normal", "mean": 62.964025264112166, "std": 2.3512995075153693}, "K4": {"distribution": "normal", "mean": 163.0770809102497, "std": 3.01094482109431}, "K1": {"distribution": "normal", "mean": 14.651943350244203, "std": 2.366730054459005}, "K2": {"distribution": "normal", "mean": 495.0051518264863, "std": 2.332759784609921}}, "compatibleConfigurations": ["K3", "K4", "K1", "K2"]}, "O9": {"estimatedTestTime": {"K3": {"distribution": "normal", "mean": 491.64537591138617, "std": 3.5344931431546187}, "K1": {"distribution": "normal", "mean": 411.06208519113875, "std": 3.4395163459200973}, "K2": {"distribution": "normal", "mean": 269.51537180502453, "std": 2.4002234607903365}, "K4": {"distribution": "normal", "mean": 470.44351744151527, "std": 4.23157141495318}}, "compatibleConfigurations": ["K3", "K1", "K2", "K4"]}, "O10": {"estimatedTestTime": {"K2": {"distribution": "normal", "mean": 205.19255437150335, "std": 2.0702065047646707}, "K1": {"distribution": "normal", "mean": 126.23943610972823, "std": 3.2115455387290557}, "K4": {"distribution": "normal", "mean": 340.38651083470637, "std": 3.778525986870288}, "K3": {"distribution": "normal", "mean": 432.7950390014089, "std": 3.520039352325194}}, "compatibleConfigurations": ["K2", "K1", "K4", "K3"]}, "O11": {"estimatedTestTime": {"K3": {"distribution": "normal", "mean": 190.1031540057139, "std": 4.863868304103006}, "K1": {"distribution": "normal", "mean": 297.8722003952581, "std": 2.0110769223188356}}, "compatibleConfigurations": ["K3", "K1"]}, "O12": {"estimatedTestTime": {"K3": {"distribution": "normal", "mean": 169.3821119393022, "std": 2.7590376035433657}, "K4": {"distribution": "normal", "mean": 315.5945310517096, "std": 2.3725106928777793}}, "compatibleConfigurations": ["K3", "K4"]}, "O13": {"estimatedTestTime": {"K2": {"distribution": "normal", "mean": 346.2203374436571, "std": 4.860603725143119}, "K4": {"distribution": "normal", "mean": 488.1572492141073, "std": 3.62881145603085}, "K1": {"distribution": "normal", "mean": 232.42920801334267, "std": 2.889040887809394}, "K3": {"distribution": "normal", "mean": 164.98018937187723, "std": 2.3953204024260875}}, "compatibleConfigurations": ["K2", "K4", "K1", "K3"]}, "O14": {"estimatedTestTime": {"K2": {"distribution": "normal", "mean": 318.23336193396443, "std": 3.308461566521883}, "K1": {"distribution": "normal", "mean": 259.9446626852121, "std": 2.765138490709163}, "K3": {"distribution": "normal", "mean": 46.415037677533604, "std": 4.8898580826388205}, "K4": {"distribution": "normal", "mean": 190.17287113672373, "std": 4.582073248693411}}, "compatibleConfigurations": ["K2", "K1", "K3", "K4"]}, "O15": {"estimatedTestTime": {"K1": {"distribution": "normal", "mean": 4.857946383580274, "std": 4.192378110721178}, "K2": {"distribution": "normal", "mean": 53.02742670890919, "std": 3.601030363992285}}, "compatibleConfigurations": ["K1", "K2"]}, "O16": {"estimatedTestTime": {"K4": {"distribution": "normal", "mean": 145.6225422243974, "std": 2.821337432934695}, "K2": {"distribution": "normal", "mean": 476.8937333309011, "std": 3.703186674078943}}, "compatibleConfigurations": ["K4", "K2"]}}}, "products": {"count": 8, "items": {"P1": {"index": 0, "arrival": 0, "quantity": 5, "duedate": 1025.2429216521148, "operations": ["O16", "O1", "O10", "O3", "O11", "O7", "O4", "O14", "O12"], "dependencies": [[2, 1], [3, 0], [4, 1], [4, 3], [5, 0], [5, 1], [6, 5], [7, 5], [8, 1]]}, "P2": {"index": 1, "arrival": 81.60805182832705, "quantity": 3, "duedate": 1202.867993645827, "operations": ["O13", "O15", "O7", "O6", "O12", "O16", "O4", "O1", "O5", "O10", "O14"], "dependencies": [[3, 1], [4, 3], [5, 3], [5, 4], [6, 3], [7, 1], [7, 2], [7, 3], [7, 4], [7, 5], [8, 0], [8, 3], [8, 6], [9, 4], [9, 5], [9, 6], [10, 3], [10, 8]]}, "P3": {"index": 2, "arrival": 146.64274232236414, "quantity": 3, "duedate": 1564.3523856423617, "operations": ["O13", "O16", "O11", "O5", "O3", "O14", "O2", "O8"], "dependencies": [[2, 0], [3, 0], [4, 0], [4, 3], [5, 4], [6, 1], [6, 2], [6, 5], [7, 4], [7, 5], [7, 6]]}, "P4": {"index": 3, "arrival": 233.35937879112717, "quantity": 3, "duedate": 927.6647835413504, "operations": ["O14", "O16", "O11", "O9", "O7", "O6"], "dependencies": [[2, 0], [4, 2], [5, 3], [5, 0], [5, 1]]}, "P5": {"index": 4, "arrival": 305.9389962053392, "quantity": 2, "duedate": 1800.9770412046394, "operations": ["O13", "O2", "O9", "O5", "O1", "O8", "O16", "O3", "O4"], "dependencies": [[2, 0], [2, 1], [3, 0], [4, 0], [4, 3], [5, 0], [6, 3], [6, 4], [7, 1], [7, 5], [7, 6], [8, 0], [8, 1], [8, 3], [8, 4], [8, 5]]}, "P6": {"index": 5, "arrival": 384.07945036534073, "quantity": 5, "duedate": 1548.2272532845402, "operations": ["O11", "O16", "O13", "O9", "O10", "O4", "O7"], "dependencies": [[3, 0], [3, 2], [5, 3], [5, 1], [6, 2], [6, 3], [6, 4]]}, "P7": {"index": 6, "arrival": 472.83094211642896, "quantity": 2, "duedate": 1154.4729617898688,