{"configurations": {"count": 5, "items": {"K1": {"index": 0, "setupTimes": [0, 6, 34, 38, 3]}, "K2": {"index": 1, "setupTimes": [38, 0, 7, 53, 47]}, "K3": {"index": 2, "setupTimes": [32, 45, 0, 22, 40]}, "K4": {"index": 3, "setupTimes": [58, 51, 19, 0, 8]}, "K5": {"index": 4, "setupTimes": [57, 8, 34, 31, 0]}}}, "testers": {"count": 3, "items": {"T1": {"supportedConfigurations": ["K5", "K3", "K1", "K4"]}, "T2": {"supportedConfigurations": ["K1", "K3", "K5", "K4", "K2"]}, "T3": {"supportedConfigurations": ["K3", "K5", "K1", "K2", "K4"]}}}, "operations": {"count": 11, "items": {"O1": {"estimatedTestTime": {"K3": {"distribution": "normal", "mean": 367.6593294873885, "std": 4.916057481887323}, "K1": {"distribution": "normal", "mean": 382.0261392241589, "std": 4.063780748519189}}, "compatibleConfigurations": ["K3", "K1"]}, "O2": {"estimatedTestTime": {"K1": {"distribution": "normal", "mean": 81.45296659192759, "std": 4.955845465050855}, "K2": {"distribution": "normal", "mean": 460.8133864190951, "std": 2.949006314796896}}, "compatibleConfigurations": ["K1", "K2"]}, "O3": {"estimatedTestTime": {"K4": {"distribution": "normal", "mean": 197.64968463115218, "std": 4.393435784415408}, "K3": {"distribution": "normal", "mean": 122.671898238378, "std": 3.7100345091261113}, "K1": {"distribution": "normal", "mean": 232.99520547362786, "std": 3.5401577589809565}}, "compatibleConfigurations": ["K4", "K3", "K1"]}, "O4": {"estimatedTestTime": {"K3": {"distribution": "normal", "mean": 118.89656547966663, "std": 4.64335672660841}, "K4": {"distribution": "normal", "mean": 61.397481322253114, "std": 4.922186794393253}, "K5": {"distribution": "normal", "mean": 420.0742790599246, "std": 2.884531619088878}, "K1": {"distribution": "normal", "mean": 185.3424133531201, "std": 2.3804066392852707}, "K2": {"distribution": "normal", "mean": 9.724180302871567, "std": 4.934018740366701}}, "compatibleConfigurations": ["K3", "K4", "K5", "K1", "K2"]}, "O5": {"estimatedTestTime": {"K1": {"distribution": "normal", "mean": 439.90688317381006, "std": 2.8198917827081136}, "K4": {"distribution": "normal", "mean": 22.66824283988114, "std": 3.9890493936179956}}, "compatibleConfigurations": ["K1", "K4"]}, "O6": {"estimatedTestTime": {"K2": {"distribution": "normal", "mean": 237.2165457759004, "std": 4.589041761185418}, "K1": {"distribution": "normal", "mean": 54.678286249435345, "std": 4.404080913294493}}, "compatibleConfigurations": ["K2", "K1"]}, "O7": {"estimatedTestTime": {"K3": {"distribution": "normal", "mean": 179.28216544191855, "std": 4.50460890846512}, "K4": {"distribution": "normal", "mean": 278.3173926900852, "std": 4.631278578240721}, "K5": {"distribution": "normal", "mean": 125.867183855703, "std": 2.0548874031498072}, "K1": {"distribution": "normal", "mean": 105.20272420787188, "std": 3.2010423697228947}, "K2": {"distribution": "normal", "mean": 185.4901253349019, "std": 3.6771880622801874}}, "compatibleConfigurations": ["K3", "K4", "K5", "K1", "K2"]}, "O8": {"estimatedTestTime": {"K3": {"distribution": "normal", "mean": 156.6128594773042, "std": 3.0557018215115668}, "K1": {"distribution": "normal", "mean": 241.88044396612125, "std": 2.603106412805361}}, "compatibleConfigurations": ["K3", "K1"]}, "O9": {"estimatedTestTime": {"K3": {"distribution": "normal", "mean": 272.7914495201299, "std": 2.6867699972444}, "K1": {"distribution": "normal", "mean": 21.197970716086395, "std": 4.962432931694632}}, "compatibleConfigurations": ["K3", "K1"]}, "O10": {"estimatedTestTime": {"K5": {"distribution": "normal", "mean": 179.5600385068031, "std": 4.019948201991662}, "K4": {"distribution": "normal", "mean": 215.3773790209801, "std": 2.178695905296886}, "K1": {"distribution": "normal", "mean": 360.41885346474174, "std": 3.68737939137634}, "K2": {"distribution": "normal", "mean": 373.78882333443727, "std": 2.6707212057206133}, "K3": {"distribution": "normal", "mean": 52.35395151998077, "std": 2.2204717615151774}}, "compatibleConfigurations": ["K5", "K4", "K1", "K2", "K3"]}, "O11": {"estimatedTestTime": {"K3": {"distribution": "normal", "mean": 371.453396784594, "std": 3.7847264079176988}, "K2": {"distribution": "normal", "mean": 218.1723366798858, "std": 2.4503392135803264}, "K5": {"distribution": "normal", "mean": 38.81186544674515, "std": 4.326523644674605}, "K4": {"distribution": "normal", "mean": 340.11716537301135, "std": 3.4411271521166333}}, "compatibleConfigurations": ["K3", "K2", "K5", "K4"]}}}, "products": {"count": 10, "items": {"P1": {"index": 0, "arrival": 0, "quantity": 3, "duedate": 1181.3670920631014, "operations": ["O9", "O7", "O10", "O3", "O4", "O11", "O8", "O5", "O2", "O1", "O6"], "dependencies": [[1, 0], [4, 2], [5, 0], [5, 1], [6, 0], [6, 1], [6, 3], [6, 4], [7, 0], [7, 1], [7, 3], [8, 2], [8, 4], [8, 7], [9, 0], [9, 1], [9, 2], [9, 3], [9, 6], [9, 8], [10, 0], [10, 2], [10, 4], [10, 6]]}, "P2": {"index": 1, "arrival": 91.49414477671542, "quantity": 5, "duedate": 1111.693365084241, "operations": ["O8", "O3", "O10", "O2", "O4"], "dependencies": [[2, 1], [3, 1], [4, 3], [4, 0]]}, "P3": {"index": 2, "arrival": 189.77433562892045, "quantity": 2, "duedate": 1298.197766269999, "operations": ["O9", "O10", "O3", "O2", "O4", "O6", "O1", "O7", "O11", "O5"], "dependencies": [[2, 0], [3, 2], [4, 0], [4, 1], [4, 2], [5, 1], [5, 4], [6, 1], [7, 1], [7, 2], [8, 1], [8, 2], [8, 5], [8, 6], [8, 7], [9, 0], [9, 2], [9, 8]]}, "P4": {"index": 3, "arrival": 240.4695172623217, "quantity": 4, "duedate": 1654.624858161969, "operations": ["O2", "O9", "O6", "O7", "O10", "O8", "O5", "O4"], "dependencies": [[1, 0], [3, 2], [4, 1], [4, 2], [5, 0], [5, 2], [5, 3], [5, 4], [6, 3], [6, 4], [6, 5], [7, 1], [7, 5]]}, "P5": {"index": 4, "arrival": 320.3364078997914, "quantity": 4, "duedate": 1333.5951060110108, "operations": ["O9", "O8", "O6", "O1", "O5", "O7"], "dependencies": [[3, 1], [4, 2], [4, 3], [5, 0], [5, 1], [5, 2]]}, "P6": {"index": 5, "arrival": 414.1002849707712, "quantity": 5, "duedate": 1783.4985171872913, "operations": ["O11", "O9", "O10", "O2", "O4", "O8", "O7", "O6", "O3"], "dependencies": [[1, 0], [2, 0], [2, 1], [3, 0], [3, 1], [5, 1], [6, 3], [7, 0], [7, 3], [8, 0], [8, 3], [8, 4]]}, "P7": {"index": 6, "arrival": 474.3537897283139, "quantity": 3, "duedate": 1493.8018638623407, "operations": ["O2", "O11", "O9", "O5", "O8", "O7"], "dependencies": [[1, 0], [2, 1], [3, 2], [4, 1], [5, 1], [5, 3]]}, "P8": {"index": 7, "arrival": 569.5389035492311, "quantity": 4, "duedate": 1992.3720425940376, "operations": ["O11", "O2", "O3", "O8", "O5", "O6", "O9", "O7", "O1", "O4", "O10"], "dependencies": [[1, 0], [2, 0], [2, 1], [5, 1], [5, 3], [6, 3], [7, 0], [7, 1], [7, 2], [9, 1], [9, 2], [9, 5], [9, 8], [10, 0], [10, 5], [10, 7], [10, 4]]}, "P9": {"index": 8, "arrival": 649.515647547208, "quantity": 4, "duedate": 2156.2165031206864, "operations": ["O9", "O8", "O5", "O11", "O4", "O6", "O1", "O7", "O2"], "dependencies": [[1, 0], [2, 0], [2, 1], [3, 0], [3, 1], [3, 2], [4, 0], [5, 2], [5, 4], [6, 2], [6, 3], [6, 4], [7, 1], [7, 2], [8, 0], [8, 4], [8, 5]]}, "P10": {"index": 9, "arrival": 736.8633044305116, "quantity": 4, "duedate": 2421.397026802069, "operations": ["O10", "O6", "O11", "O8", "O3", "O2", "O9", "O5", "O7", "O1"], "dependencies": [[2, 1], [3, 0], [4, 2], [5, 1], [6, 0], [6, 4], [6, 5], [7, 0], [7, 2], [7, 5], [7, 6], [8, 3], [8, 6], [9, 7]]}}}}