{"configurations": {"count": 2, "items": {"K1": {"index": 0, "setupTimes": [0, 1]}, "K2": {"index": 1, "setupTimes": [6, 0]}}}, "testers": {"count": 2, "items": {"T1": {"supportedConfigurations": ["K1", "K2"]}, "T2": {"supportedConfigurations": ["K2", "K1"]}}}, "operations": {"count": 16, "items": {"O1": {"estimatedTestTime": {"K1": {"distribution": "normal", "mean": 25.17372164914915, "std": 4.811006674744711}, "K2": {"distribution": "normal", "mean": 33.6984533006077, "std": 4.728951256383725}}, "compatibleConfigurations": ["K1", "K2"]}, "O2": {"estimatedTestTime": {"K1": {"distribution": "normal", "mean": 13.747931112536001, "std": 2.6520351397581368}, "K2": {"distribution": "normal", "mean": 40.15455105882601, "std": 3.6130658097804096}}, "compatibleConfigurations": ["K1", "K2"]}, "O3": {"estimatedTestTime": {"K2": {"distribution": "normal", "mean": 47.521223084924074, "std": 4.482750963114621}, "K1": {"distribution": "normal", "mean": 33.50572208022333, "std": 4.792042023260327}}, "compatibleConfigurations": ["K2", "K1"]}, "O4": {"estimatedTestTime": {"K2": {"distribution": "normal", "mean": 3.6228267587720353, "std": 4.593388217734823}, "K1": {"distribution": "normal", "mean": 18.191032590628026, "std": 2.7559116445258773}}, "compatibleConfigurations": ["K2", "K1"]}, "O5": {"estimatedTestTime": {"K2": {"distribution": "normal", "mean": 16.17360939302091, "std": 2.898548578397823}, "K1": {"distribution": "normal", "mean": 5.462617690658371, "std": 2.568918311470674}}, "compatibleConfigurations": ["K2", "K1"]}, "O6": {"estimatedTestTime": {"K2": {"distribution": "normal", "mean": 17.272611345293193, "std": 2.8845891691483065}, "K1": {"distribution": "normal", "mean": 14.112770455584881, "std": 2.6142368211582925}}, "compatibleConfigurations": ["K2", "K1"]}, "O7": {"estimatedTestTime": {"K1": {"distribution": "normal", "mean": 31.184758917006416, "std": 3.8864825887045615}, "K2": {"distribution": "normal", "mean": 25.41922624790316, "std": 2.662064116156861}}, "compatibleConfigurations": ["K1", "K2"]}, "O8": {"estimatedTestTime": {"K1": {"distribution": "normal", "mean": 46.97491046434971, "std": 3.121963237822671}, "K2": {"distribution": "normal", "mean": 6.339426565711191, "std": 3.888921445789507}}, "compatibleConfigurations": ["K1", "K2"]}, "O9": {"estimatedTestTime": {"K1": {"distribution": "normal", "mean": 28.643904522633, "std": 3.991692906225967}, "K2": {"distribution": "normal", "mean": 15.013819928786676, "std": 3.969329944150157}}, "compatibleConfigurations": ["K1", "K2"]}, "O10": {"estimatedTestTime": {"K1": {"distribution": "normal", "mean": 40.09050552682741, "std": 4.559240905815729}, "K2": {"distribution": "normal", "mean": 10.392541116778903, "std": 3.057306501853301}}, "compatibleConfigurations": ["K1", "K2"]}, "O11": {"estimatedTestTime": {"K2": {"distribution": "normal", "mean": 11.301641879311015, "std": 2.4344356373643485}, "K1": {"distribution": "normal", "mean": 15.664382186444564, "std": 2.607111005667944}}, "compatibleConfigurations": ["K2", "K1"]}, "O12": {"estimatedTestTime": {"K2": {"distribution": "normal", "mean": 18.17955384191429, "std": 3.3349549127612876}, "K1": {"distribution": "normal", "mean": 19.06987664280833, "std": 4.363767862887016}}, "compatibleConfigurations": ["K2", "K1"]}, "O13": {"estimatedTestTime": {"K2": {"distribution": "normal", "mean": 33.586185214107445, "std": 2.4824456641628503}, "K1": {"distribution": "normal", "mean": 44.78812254505467, "std": 4.833947091843415}}, "compatibleConfigurations": ["K2", "K1"]}, "O14": {"estimatedTestTime": {"K1": {"distribution": "normal", "mean": 34.39082679000127, "std": 2.148206375863789}, "K2": {"distribution": "normal", "mean": 47.78947320382539, "std": 4.723556207328912}}, "compatibleConfigurations": ["K1", "K2"]}, "O15": {"estimatedTestTime": {"K2": {"distribution": "normal", "mean": 4.031868787443649, "std": 2.781515525286987}, "K1": {"distribution": "normal", "mean": 11.810433116927031, "std": 2.0629070314030233}}, "compatibleConfigurations": ["K2", "K1"]}, "O16": {"estimatedTestTime": {"K2": {"distribution": "normal", "mean": 13.525815884540446, "std": 3.923405280122583}, "K1": {"distribution": "normal", "mean": 18.819858843730117, "std": 2.627623615165743}}, "compatibleConfigurations": ["K2", "K1"]}}}, "products": {"count": 2, "items": {"P1": {"index": 0, "arrival": 0, "quantity": 5, "duedate": 159.67060575357308, "operations": ["O2", "O12", "O3", "O15"], "dependencies": [[1, 0], [2, 0], [3, 1]]}, "P2": {"index": 1, "arrival": 1.4633350941948287, "quantity": 2, "duedate": 66.22791880378888, "operations": ["O12", "O1", "O13"], "dependencies": [[2, 1], [2, 0]]}}}}