{"configurations": {"count": 5, "items": {"K1": {"index": 0, "setupTimes": [0, 2, 2, 9, 4]}, "K2": {"index": 1, "setupTimes": [1, 0, 9, 8, 6]}, "K3": {"index": 2, "setupTimes": [8, 6, 0, 8, 3]}, "K4": {"index": 3, "setupTimes": [1, 2, 10, 0, 0]}, "K5": {"index": 4, "setupTimes": [1, 2, 9, 8, 0]}}}, "testers": {"count": 5, "items": {"T1": {"supportedConfigurations": ["K3", "K4"]}, "T2": {"supportedConfigurations": ["K3", "K2"]}, "T3": {"supportedConfigurations": ["K1", "K3"]}, "T4": {"supportedConfigurations": ["K4", "K5"]}, "T5": {"supportedConfigurations": ["K5", "K1"]}}}, "operations": {"count": 20, "items": {"O1": {"estimatedTestTime": {"K4": {"distribution": "normal", "mean": 20.78169738928311, "std": 2.422009939667686}, "K2": {"distribution": "normal", "mean": 23.435857222489833, "std": 2.546429446524494}, "K5": {"distribution": "normal", "mean": 5.658296914024188, "std": 2.267301849243857}, "K1": {"distribution": "normal", "mean": 16.529739091669683, "std": 2.89314713237139}, "K3": {"distribution": "normal", "mean": 24.061080287718212, "std": 4.309241973745764}}, "compatibleConfigurations": ["K4", "K2", "K5", "K1", "K3"]}, "O2": {"estimatedTestTime": {"K4": {"distribution": "normal", "mean": 8.71023341949524, "std": 3.033808696887681}, "K1": {"distribution": "normal", "mean": 24.393256653591905, "std": 4.529991735293903}, "K2": {"distribution": "normal", "mean": 10.210126879805413, "std": 3.5572988084189068}, "K5": {"distribution": "normal", "mean": 9.484228021019822, "std": 3.5432533924111187}, "K3": {"distribution": "normal", "mean": 29.3714830991461, "std": 3.3683467740660324}}, "compatibleConfigurations": ["K4", "K1", "K2", "K5", "K3"]}, "O3": {"estimatedTestTime": {"K2": {"distribution": "normal", "mean": 4.105880395909656, "std": 3.960861812979772}, "K5": {"distribution": "normal", "mean": 30.679344304354515, "std": 4.891363798458848}, "K4": {"distribution": "normal", "mean": 4.203822051795537, "std": 2.0403631827104096}, "K3": {"distribution": "normal", "mean": 15.290533844400018, "std": 2.1652851077399182}, "K1": {"distribution": "normal", "mean": 20.44727568315686, "std": 3.968634050625914}}, "compatibleConfigurations": ["K2", "K5", "K4", "K3", "K1"]}, "O4": {"estimatedTestTime": {"K4": {"distribution": "normal", "mean": 26.140189672842926, "std": 3.785765893099921}, "K2": {"distribution": "normal", "mean": 37.083100170204816, "std": 4.868032300015708}, "K5": {"distribution": "normal", "mean": 24.35800414741074, "std": 2.967643477289865}, "K1": {"distribution": "normal", "mean": 25.864527333531854, "std": 2.993281596786983}, "K3": {"distribution": "normal", "mean": 4.66866209766091, "std": 2.7769312732470373}}, "compatibleConfigurations": ["K4", "K2", "K5", "K1", "K3"]}, "O5": {"estimatedTestTime": {"K1": {"distribution": "normal", "mean": 48.04067885015803, "std": 2.357251459370796}, "K2": {"distribution": "normal", "mean": 9.804618173351493, "std": 4.935727279179888}, "K5": {"distribution": "normal", "mean": 45.38107419984057, "std": 2.4964124846541265}, "K3": {"distribution": "normal", "mean": 11.784639026256954, "std": 4.837320618007532}, "K4": {"distribution": "normal", "mean": 32.319936645929026, "std": 2.145198437557478}}, "compatibleConfigurations": ["K1", "K2", "K5", "K3", "K4"]}, "O6": {"estimatedTestTime": {"K3": {"distribution": "normal", "mean": 29.30298571295874, "std": 2.455952823988022}, "K4": {"distribution": "normal", "mean": 32.68746720094415, "std": 3.727136676979359}, "K5": {"distribution": "normal", "mean": 47.92175152630689, "std": 4.7935779399062}, "K2": {"distribution": "normal", "mean": 20.50198048918004, "std": 4.151434649877337}, "K1": {"distribution": "normal", "mean": 41.12616877638503, "std": 3.0618282284289497}}, "compatibleConfigurations": ["K3", "K4", "K5", "K2", "K1"]}, "O7": {"estimatedTestTime": {"K2": {"distribution": "normal", "mean": 14.977050137005582, "std": 4.788858949498991}, "K3": {"distribution": "normal", "mean": 11.396297646193968, "std": 3.653047268970225}, "K4": {"distribution": "normal", "mean": 44.84452795684537, "std": 3.1583492214101865}, "K5": {"distribution": "normal", "mean": 3.1615681992021862, "std": 2.546134601686287}, "K1": {"distribution": "normal", "mean": 48.04626769055335, "std": 2.5799733214084144}}, "compatibleConfigurations": ["K2", "K3", "K4", "K5", "K1"]}, "O8": {"estimatedTestTime": {"K1": {"distribution": "normal", "mean": 19.400214267586627, "std": 2.3644774906691852}, "K2": {"distribution": "normal", "mean": 6.348528023681681, "std": 2.9699539298996775}, "K4": {"distribution": "normal", "mean": 7.281708182354658, "std": 2.8359537199296314}, "K5": {"distribution": "normal", "mean": 3.589455354140055, "std": 4.427386656155143}, "K3": {"distribution": "normal", "mean": 44.38376034824836, "std": 4.950892721269472}}, "compatibleConfigurations": ["K1", "K2", "K4", "K5", "K3"]}, "O9": {"estimatedTestTime": {"K3": {"distribution": "normal", "mean": 22.333084391585103, "std": 3.097225421028201}, "K2": {"distribution": "normal", "mean": 10.591862699176508, "std": 2.694295515595178}, "K5": {"distribution": "normal", "mean": 3.216433289835482, "std": 4.30888119089817}, "K1": {"distribution": "normal", "mean": 19.937740615797125, "std": 3.2824153816003867}, "K4": {"distribution": "normal", "mean": 8.257507535583251, "std": 4.908529336725966}}, "compatibleConfigurations": ["K3", "K2", "K5", "K1", "K4"]}, "O10": {"estimatedTestTime": {"K3": {"distribution": "normal", "mean": 40.15022748240038, "std": 4.56124341070185}, "K1": {"distribution": "normal", "mean": 21.794571057940452, "std": 4.88220251213514}, "K2": {"distribution": "normal", "mean": 4.903916540309593, "std": 4.963031398561542}, "K5": {"distribution": "normal", "mean": 31.31666578949843, "std": 3.0023022392216125}, "K4": {"distribution": "normal", "mean": 49.94736829348814, "std": 2.47830106124382}}, "compatibleConfigurations": ["K3", "K1", "K2", "K5", "K4"]}, "O11": {"estimatedTestTime": {"K2": {"distribution": "normal", "mean": 20.14833386298894, "std": 4.389173826335801}, "K1": {"distribution": "normal", "mean": 30.54772760208247, "std": 4.155294830222697}, "K5": {"distribution": "normal", "mean": 4.303614394752595, "std": 3.329946110404565}, "K4": {"distribution": "normal", "mean": 33.054918722158064, "std": 2.6447993957857427}, "K3": {"distribution": "normal", "mean": 46.11615798832851, "std": 4.862376692360267}}, "compatibleConfigurations": ["K2", "K1", "K5", "K4", "K3"]}, "O12": {"estimatedTestTime": {"K4": {"distribution": "normal", "mean": 39.23973245167356, "std": 3.5330193678435267}, "K3": {"distribution": "normal", "mean": 38.43729457975637, "std": 2.7617634487609095}, "K5": {"distribution": "normal", "mean": 46.24430643224726, "std": 3.565200620091431}, "K1": {"distribution": "normal", "mean": 18.371646343525164, "std": 3.270537544347903}, "K2": {"distribution": "normal", "mean": 45.57111108996292, "std": 4.137019747007543}}, "compatibleConfigurations": ["K4", "K3", "K5", "K1", "K2"]}, "O13": {"estimatedTestTime": {"K1": {"distribution": "normal", "mean": 33.675268461993724, "std": 3.6959496818831568}, "K2": {"distribution": "normal", "mean": 37.18423678534697, "std": 4.775199501710204}, "K3": {"distribution": "normal", "mean": 39.09226411319513, "std": 4.065063594060977}, "K5": {"distribution": "normal", "mean": 5.9381226210403355, "std": 3.560170610618756}, "K4": {"distribution": "normal", "mean": 23.170096023939962, "std": 2.607966738427491}}, "compatibleConfigurations": ["K1", "K2", "K3", "K5", "K4"]}, "O14": {"estimatedTestTime": {"K5": {"distribution": "normal", "mean": 39.499640558908595, "std": 2.190003907116877}, "K1": {"distribution": "normal", "mean": 24.952181494382543, "std": 2.1407908082936173}, "K2": {"distribution": "normal", "mean": 33.8463577566136, "std": 2.4922272327834145}, "K3": {"distribution": "normal", "mean": 33.05181924512273, "std": 3.5373775439167825}, "K4": {"distribution": "normal", "mean": 24.379897578463392, "std": 3.0375612400249596}},