{"configurations": {"count": 4, "items": {"K1": {"index": 0, "setupTimes": [0, 45, 22, 16]}, "K2": {"index": 1, "setupTimes": [36, 0, 7, 14]}, "K3": {"index": 2, "setupTimes": [57, 37, 0, 21]}, "K4": {"index": 3, "setupTimes": [41, 42, 59, 0]}}}, "testers": {"count": 4, "items": {"T1": {"supportedConfigurations": ["K2", "K1"]}, "T2": {"supportedConfigurations": ["K3", "K2", "K4"]}, "T3": {"supportedConfigurations": ["K4", "K1", "K3", "K2"]}, "T4": {"supportedConfigurations": ["K4", "K2", "K1"]}}}, "operations": {"count": 13, "items": {"O1": {"estimatedTestTime": {"K1": {"distribution": "normal", "mean": 25.431865470997952, "std": 4.315919283954033}, "K3": {"distribution": "normal", "mean": 12.199155266406246, "std": 2.01276141346458}, "K2": {"distribution": "normal", "mean": 323.77249576448037, "std": 3.2775438253532525}}, "compatibleConfigurations": ["K1", "K3", "K2"]}, "O2": {"estimatedTestTime": {"K1": {"distribution": "normal", "mean": 490.98988496771557, "std": 2.935849485905809}, "K4": {"distribution": "normal", "mean": 26.286299704868732, "std": 2.034561054054066}}, "compatibleConfigurations": ["K1", "K4"]}, "O3": {"estimatedTestTime": {"K1": {"distribution": "normal", "mean": 444.9399447905019, "std": 2.97663027015606}, "K4": {"distribution": "normal", "mean": 249.24947430908242, "std": 4.396729538913889}, "K2": {"distribution": "normal", "mean": 313.28191671904, "std": 2.162280880769028}, "K3": {"distribution": "normal", "mean": 111.22462943012144, "std": 2.9779312007636873}}, "compatibleConfigurations": ["K1", "K4", "K2", "K3"]}, "O4": {"estimatedTestTime": {"K1": {"distribution": "normal", "mean": 107.90829982474683, "std": 3.101188457493732}, "K3": {"distribution": "normal", "mean": 279.6846489732823, "std": 2.764761512496748}}, "compatibleConfigurations": ["K1", "K3"]}, "O5": {"estimatedTestTime": {"K2": {"distribution": "normal", "mean": 380.6030027801151, "std": 4.481947650132186}, "K3": {"distribution": "normal", "mean": 244.14614619016453, "std": 3.7258535810683524}}, "compatibleConfigurations": ["K2", "K3"]}, "O6": {"estimatedTestTime": {"K3": {"distribution": "normal", "mean": 40.38640206512416, "std": 2.993265141952538}, "K4": {"distribution": "normal", "mean": 421.8747348513304, "std": 3.980761792129233}, "K2": {"distribution": "normal", "mean": 103.92909240468649, "std": 4.872491387338992}, "K1": {"distribution": "normal", "mean": 315.04413636929496, "std": 4.718628041520947}}, "compatibleConfigurations": ["K3", "K4", "K2", "K1"]}, "O7": {"estimatedTestTime": {"K1": {"distribution": "normal", "mean": 149.18614025857295, "std": 3.3012621018156656}, "K3": {"distribution": "normal", "mean": 160.63718732817875, "std": 3.5475813618130294}}, "compatibleConfigurations": ["K1", "K3"]}, "O8": {"estimatedTestTime": {"K1": {"distribution": "normal", "mean": 150.7096758887103, "std": 2.1037447915921454}, "K4": {"distribution": "normal", "mean": 142.5930169181689, "std": 4.247573654443841}, "K3": {"distribution": "normal", "mean": 224.6902343533828, "std": 3.984894686400973}}, "compatibleConfigurations": ["K1", "K4", "K3"]}, "O9": {"estimatedTestTime": {"K4": {"distribution": "normal", "mean": 85.8570123138568, "std": 3.800872283017869}, "K3": {"distribution": "normal", "mean": 252.81089258307136, "std": 4.28221734781617}}, "compatibleConfigurations": ["K4", "K3"]}, "O10": {"estimatedTestTime": {"K2": {"distribution": "normal", "mean": 309.1681435873351, "std": 4.564313013529101}, "K3": {"distribution": "normal", "mean": 257.6685810201077, "std": 3.765929784560842}}, "compatibleConfigurations": ["K2", "K3"]}, "O11": {"estimatedTestTime": {"K4": {"distribution": "normal", "mean": 488.9822418299788, "std": 4.853054025438122}, "K2": {"distribution": "normal", "mean": 329.18215116369106, "std": 2.879830306374029}}, "compatibleConfigurations": ["K4", "K2"]}, "O12": {"estimatedTestTime": {"K4": {"distribution": "normal", "mean": 294.763351985419, "std": 2.1169937390261544}, "K3": {"distribution": "normal", "mean": 114.23148807215891, "std": 3.4854615589771627}}, "compatibleConfigurations": ["K4", "K3"]}, "O13": {"estimatedTestTime": {"K4": {"distribution": "normal", "mean": 157.6103961922767, "std": 3.1701276927125974}, "K2": {"distribution": "normal", "mean": 198.4688507490526, "std": 3.939223846890704}, "K1": {"distribution": "normal", "mean": 318.44230896923403, "std": 2.020780786776454}}, "compatibleConfigurations": ["K4", "K2", "K1"]}}}, "products": {"count": 5, "items": {"P1": {"index": 0, "arrival": 0, "quantity": 2, "duedate": 798.3329588390839, "operations": ["O7", "O2", "O1", "O3", "O8", "O10", "O6", "O9", "O4"], "dependencies": [[4, 0], [5, 2], [5, 3], [5, 4], [6, 1], [6, 3], [7, 2], [7, 5], [8, 1], [8, 3], [8, 6]]}, "P2": {"index": 1, "arrival": 70.8126060030882, "quantity": 5, "duedate": 1521.0797270260496, "operations": ["O12", "O9", "O5", "O1", "O10", "O4"], "dependencies": [[1, 0], [2, 1], [4, 2], [5, 1], [5, 3], [5, 4]]}, "P3": {"index": 2, "arrival": 131.60694532598552, "quantity": 3, "duedate": 1041.521036816551, "operations": ["O2", "O12", "O4", "O1", "O10", "O7", "O11"], "dependencies": [[3, 0], [4, 0], [5, 1], [5, 3], [6, 2], [6, 3], [6, 4]]}, "P4": {"index": 3, "arrival": 208.8575885817234, "quantity": 2, "duedate": 1296.6865978051874, "operations": ["O5", "O4", "O8", "O13", "O1", "O10", "O6", "O11", "O12", "O3", "O2", "O9", "O7"], "dependencies": [[1, 0], [4, 0], [5, 2], [6, 2], [6, 3], [7, 2], [7, 6], [8, 0], [9, 4], [9, 5], [9, 6], [9, 7], [10, 0], [10, 5], [11, 1], [11, 6], [12, 0], [12, 1], [12, 7]]}, "P5": {"index": 4, "arrival": 278.05158203328506, "quantity": 4, "duedate": 1122.40115055294, "operations": ["O3", "O13", "O12", "O6", "O1", "O11", "O8", "O2", "O7"], "dependencies": [[3, 2], [4, 3], [5, 1], [6, 4], [6, 5], [7, 0], [7, 2], [7, 5], [8, 0]]}}}}