{"configurations": {"count": 4, "items": {"K1": {"index": 0, "setupTimes": [0, 8, 9, 3]}, "K2": {"index": 1, "setupTimes": [6, 0, 0, 6]}, "K3": {"index": 2, "setupTimes": [2, 2, 0, 9]}, "K4": {"index": 3, "setupTimes": [9, 1, 6, 0]}}}, "testers": {"count": 5, "items": {"T1": {"supportedConfigurations": ["K2", "K1", "K3"]}, "T2": {"supportedConfigurations": ["K3", "K1", "K4", "K2"]}, "T3": {"supportedConfigurations": ["K2", "K4"]}, "T4": {"supportedConfigurations": ["K2", "K3"]}, "T5": {"supportedConfigurations": ["K1", "K2"]}}}, "operations": {"count": 15, "items": {"O1": {"estimatedTestTime": {"K3": {"distribution": "normal", "mean": 45.57034183962371, "std": 3.840967637251157}, "K2": {"distribution": "normal", "mean": 28.827137992477297, "std": 3.045327067402596}, "K4": {"distribution": "normal", "mean": 47.265797561678596, "std": 3.4331171728311523}}, "compatibleConfigurations": ["K3", "K2", "K4"]}, "O2": {"estimatedTestTime": {"K3": {"distribution": "normal", "mean": 9.967658819756217, "std": 2.4523724602348507}, "K2": {"distribution": "normal", "mean": 18.835900661680455, "std": 2.432321627013913}, "K1": {"distribution": "normal", "mean": 40.64265971219473, "std": 3.2565849020492634}}, "compatibleConfigurations": ["K3", "K2", "K1"]}, "O3": {"estimatedTestTime": {"K1": {"distribution": "normal", "mean": 28.25573213328378, "std": 4.7108650499568485}, "K4": {"distribution": "normal", "mean": 24.34797436623969, "std": 4.925007422502397}}, "compatibleConfigurations": ["K1", "K4"]}, "O4": {"estimatedTestTime": {"K2": {"distribution": "normal", "mean": 14.582344630055072, "std": 4.071091412262528}, "K1": {"distribution": "normal", "mean": 27.618991257967892, "std": 4.953546219327364}, "K3": {"distribution": "normal", "mean": 14.658053060620382, "std": 3.1614125002382787}, "K4": {"distribution": "normal", "mean": 44.248519193910916, "std": 3.9931652240994016}}, "compatibleConfigurations": ["K2", "K1", "K3", "K4"]}, "O5": {"estimatedTestTime": {"K1": {"distribution": "normal", "mean": 34.62116069519781, "std": 2.3050655191925946}, "K4": {"distribution": "normal", "mean": 40.18734948367825, "std": 4.336387495306044}, "K3": {"distribution": "normal", "mean": 7.583295810138221, "std": 3.514966398130176}}, "compatibleConfigurations": ["K1", "K4", "K3"]}, "O6": {"estimatedTestTime": {"K4": {"distribution": "normal", "mean": 38.0870971121215, "std": 2.6761604470078284}, "K3": {"distribution": "normal", "mean": 7.304036269841351, "std": 4.1989227081338925}}, "compatibleConfigurations": ["K4", "K3"]}, "O7": {"estimatedTestTime": {"K2": {"distribution": "normal", "mean": 30.0541382242422, "std": 2.6203276230935124}, "K4": {"distribution": "normal", "mean": 5.623214247433516, "std": 2.94686370630352}, "K1": {"distribution": "normal", "mean": 41.69320148017216, "std": 4.930382760745678}}, "compatibleConfigurations": ["K2", "K4", "K1"]}, "O8": {"estimatedTestTime": {"K4": {"distribution": "normal", "mean": 28.338068147407512, "std": 4.064603466003608}, "K3": {"distribution": "normal", "mean": 4.687712616310602, "std": 3.769056966430363}}, "compatibleConfigurations": ["K4", "K3"]}, "O9": {"estimatedTestTime": {"K3": {"distribution": "normal", "mean": 28.499555066052103, "std": 4.015945275458443}, "K2": {"distribution": "normal", "mean": 41.233309728287225, "std": 3.649903122751008}, "K4": {"distribution": "normal", "mean": 44.138459484267365, "std": 3.9959249875958154}}, "compatibleConfigurations": ["K3", "K2", "K4"]}, "O10": {"estimatedTestTime": {"K2": {"distribution": "normal", "mean": 27.005742107515978, "std": 2.648986050150285}, "K4": {"distribution": "normal", "mean": 5.739436630877073, "std": 2.1839152967116506}, "K1": {"distribution": "normal", "mean": 14.528243476218691, "std": 3.46498401437312}}, "compatibleConfigurations": ["K2", "K4", "K1"]}, "O11": {"estimatedTestTime": {"K3": {"distribution": "normal", "mean": 5.990662785503211, "std": 3.741602608103439}, "K2": {"distribution": "normal", "mean": 39.071405814865805, "std": 4.965032153213729}, "K1": {"distribution": "normal", "mean": 16.8442830089566, "std": 2.1578893659982374}}, "compatibleConfigurations": ["K3", "K2", "K1"]}, "O12": {"estimatedTestTime": {"K4": {"distribution": "normal", "mean": 22.666534217254686, "std": 3.896716635423555}, "K3": {"distribution": "normal", "mean": 21.190548938135123, "std": 4.426535666864392}}, "compatibleConfigurations": ["K4", "K3"]}, "O13": {"estimatedTestTime": {"K3": {"distribution": "normal", "mean": 9.754840182579542, "std": 4.461566985443547}, "K2": {"distribution": "normal", "mean": 26.566571694627296, "std": 4.859914309455429}, "K4": {"distribution": "normal", "mean": 19.64932626826492, "std": 2.8247319976730867}, "K1": {"distribution": "normal", "mean": 33.10884261500453, "std": 4.218653500921145}}, "compatibleConfigurations": ["K3", "K2", "K4", "K1"]}, "O14": {"estimatedTestTime": {"K3": {"distribution": "normal", "mean": 20.506799705758255, "std": 3.864457924868606}, "K1": {"distribution": "normal", "mean": 32.73133571772526, "std": 3.678052677991524}}, "compatibleConfigurations": ["K3", "K1"]}, "O15": {"estimatedTestTime": {"K3": {"distribution": "normal", "mean": 3.005229591467579, "std": 4.380288234111622}, "K2": {"distribution": "normal", "mean": 21.127652490841, "std": 4.638724144490332}}, "compatibleConfigurations": ["K3", "K2"]}}}, "products": {"count": 2, "items": {"P1": {"index": 0, "arrival": 0, "quantity": 3, "duedate": 66.38514940368825, "operations": ["O1", "O7"], "dependencies": [[1, 0]]}, "P2": {"index": 1, "arrival": 38.24778377760498, "quantity": 2, "duedate": 111.99426394854889, "operations": ["O5", "O12", "O4"], "dependencies": [[1, 0], [2, 1]]}}}}