{"configurations": {"count": 3, "items": {"K1": {"index": 0, "setupTimes": [0, 7, 9]}, "K2": {"index": 1, "setupTimes": [10, 0, 7]}, "K3": {"index": 2, "setupTimes": [4, 4, 0]}}}, "testers": {"count": 2, "items": {"T1": {"supportedConfigurations": ["K1", "K2"]}, "T2": {"supportedConfigurations": ["K3", "K1", "K2"]}}}, "operations": {"count": 15, "items": {"O1": {"estimatedTestTime": {"K1": {"distribution": "normal", "mean": 27.985277271755265, "std": 3.5529636498132184}, "K2": {"distribution": "normal", "mean": 20.0281746022903, "std": 4.521647598607256}}, "compatibleConfigurations": ["K1", "K2"]}, "O2": {"estimatedTestTime": {"K1": {"distribution": "normal", "mean": 18.306977398085845, "std": 4.360172658789256}, "K2": {"distribution": "normal", "mean": 39.74435576283673, "std": 2.8790318866586726}, "K3": {"distribution": "normal", "mean": 11.23024228622448, "std": 2.313321189178858}}, "compatibleConfigurations": ["K1", "K2", "K3"]}, "O3": {"estimatedTestTime": {"K3": {"distribution": "normal", "mean": 22.44898354702345, "std": 2.545844879254965}, "K2": {"distribution": "normal", "mean": 9.887234490306653, "std": 4.461888662326869}, "K1": {"distribution": "normal", "mean": 9.837050792837372, "std": 4.8159897343088165}}, "compatibleConfigurations": ["K3", "K2", "K1"]}, "O4": {"estimatedTestTime": {"K1": {"distribution": "normal", "mean": 4.70866077570402, "std": 4.81533412127528}, "K2": {"distribution": "normal", "mean": 45.96969310140372, "std": 2.557442526754548}, "K3": {"distribution": "normal", "mean": 38.29303483950432, "std": 3.4855304898924735}}, "compatibleConfigurations": ["K1", "K2", "K3"]}, "O5": {"estimatedTestTime": {"K3": {"distribution": "normal", "mean": 6.513922518073095, "std": 4.878356277926734}, "K1": {"distribution": "normal", "mean": 20.88247937713185, "std": 2.5748230301442723}, "K2": {"distribution": "normal", "mean": 33.88309843972573, "std": 2.7650680841706996}}, "compatibleConfigurations": ["K3", "K1", "K2"]}, "O6": {"estimatedTestTime": {"K2": {"distribution": "normal", "mean": 16.343736175605216, "std": 4.4785631482299175}, "K3": {"distribution": "normal", "mean": 38.00898260814101, "std": 3.2127543418950664}}, "compatibleConfigurations": ["K2", "K3"]}, "O7": {"estimatedTestTime": {"K3": {"distribution": "normal", "mean": 27.4655431640032, "std": 4.6474366843876656}, "K1": {"distribution": "normal", "mean": 3.9378806641485937, "std": 3.8043594922865664}}, "compatibleConfigurations": ["K3", "K1"]}, "O8": {"estimatedTestTime": {"K2": {"distribution": "normal", "mean": 9.917916288021365, "std": 2.297612756673912}, "K1": {"distribution": "normal", "mean": 19.45688710332091, "std": 2.11157548912022}, "K3": {"distribution": "normal", "mean": 16.759762076870715, "std": 3.04855469708971}}, "compatibleConfigurations": ["K2", "K1", "K3"]}, "O9": {"estimatedTestTime": {"K2": {"distribution": "normal", "mean": 31.857923157796463, "std": 2.023613338475907}, "K3": {"distribution": "normal", "mean": 42.79111360206945, "std": 2.202080792626648}}, "compatibleConfigurations": ["K2", "K3"]}, "O10": {"estimatedTestTime": {"K2": {"distribution": "normal", "mean": 39.95149112134065, "std": 3.6640562531336855}, "K1": {"distribution": "normal", "mean": 37.38127955215505, "std": 3.2773761870364706}, "K3": {"distribution": "normal", "mean": 36.870486211572064, "std": 3.890534005518364}}, "compatibleConfigurations": ["K2", "K1", "K3"]}, "O11": {"estimatedTestTime": {"K3": {"distribution": "normal", "mean": 2.4725835034610384, "std": 4.7797982560778465}, "K1": {"distribution": "normal", "mean": 43.33043972849519, "std": 4.215633810998155}}, "compatibleConfigurations": ["K3", "K1"]}, "O12": {"estimatedTestTime": {"K1": {"distribution": "normal", "mean": 7.831698985182653, "std": 2.5591189728632764}, "K3": {"distribution": "normal", "mean": 48.85016861198821, "std": 3.070101069982499}}, "compatibleConfigurations": ["K1", "K3"]}, "O13": {"estimatedTestTime": {"K2": {"distribution": "normal", "mean": 47.68873771150192, "std": 3.175545093999379}, "K3": {"distribution": "normal", "mean": 4.591830741811375, "std": 4.680399575406362}}, "compatibleConfigurations": ["K2", "K3"]}, "O14": {"estimatedTestTime": {"K3": {"distribution": "normal", "mean": 39.129288797382976, "std": 3.194997646749753}, "K1": {"distribution": "normal", "mean": 25.571715719794945, "std": 2.232725184803056}}, "compatibleConfigurations": ["K3", "K1"]}, "O15": {"estimatedTestTime": {"K1": {"distribution": "normal", "mean": 46.616703391103336, "std": 4.539076950370137}, "K3": {"distribution": "normal", "mean": 27.54864329858686, "std": 2.359925629972306}}, "compatibleConfigurations": ["K1", "K3"]}}}, "products": {"count": 4, "items": {"P1": {"index": 0, "arrival": 0, "quantity": 2, "duedate": 71.03356572729382, "operations": ["O2", "O6", "O9", "O3", "O8"], "dependencies": [[1, 0], [3, 1], [3, 2], [4, 1]]}, "P2": {"index": 1, "arrival": 30.532709742054408, "quantity": 5, "duedate": 167.71073323832056, "operations": ["O10", "O12", "O7"], "dependencies": [[2, 1], [2, 0]]}, "P3": {"index": 2, "arrival": 50.3086436523847, "quantity": 5, "duedate": 190.4469603345827, "operations": ["O13", "O5", "O4"], "dependencies": [[2, 0], [2, 1]]}, "P4": {"index": 3, "arrival": 79.788107107855, "quantity": 2, "duedate": 205.58001242350412, "operations": ["O10", "O13", "O9", "O5", "O4"], "dependencies": [[1, 0], [2, 1], [3, 0], [4, 2]]}}}}