{"configurations": {"count": 5, "items": {"K1": {"index": 0, "setupTimes": [0, 5, 5, 5, 5]}, "K2": {"index": 1, "setupTimes": [5, 0, 5, 5, 5]}, "K3": {"index": 2, "setupTimes": [5, 5, 0, 5, 5]}, "K4": {"index": 3, "setupTimes": [5, 5, 5, 0, 5]}, "K5": {"index": 4, "setupTimes": [5, 5, 5, 5, 0]}}}, "testers": {"count": 5, "items": {"T1": {"supportedConfigurations": ["K2", "K4"]}, "T2": {"supportedConfigurations": ["K2", "K5"]}, "T3": {"supportedConfigurations": ["K5", "K4"]}, "T4": {"supportedConfigurations": ["K4", "K1"]}, "T5": {"supportedConfigurations": ["K5", "K4", "K3"]}}}, "operations": {"count": 15, "items": {"O1": {"estimatedTestTime": {"K3": {"distribution": "normal", "mean": 35.91917513451199, "std": 3.555134179905986}, "K4": {"distribution": "normal", "mean": 5.24906722095742, "std": 2.0709731471209505}, "K2": {"distribution": "normal", "mean": 44.41288803677965, "std": 3.774882820023289}, "K1": {"distribution": "normal", "mean": 4.40878947363063, "std": 2.24890985871743}, "K5": {"distribution": "normal", "mean": 23.13313513898249, "std": 3.1511127840689612}}, "compatibleConfigurations": ["K3", "K4", "K2", "K1", "K5"]}, "O2": {"estimatedTestTime": {"K4": {"distribution": "normal", "mean": 4.68755977091042, "std": 2.238966377273669}, "K2": {"distribution": "normal", "mean": 38.45149648716598, "std": 2.0718523541543816}, "K5": {"distribution": "normal", "mean": 7.974074384074953, "std": 3.5097413449872383}, "K3": {"distribution": "normal", "mean": 28.813075665001342, "std": 3.7257892525925174}, "K1": {"distribution": "normal", "mean": 41.82273063596021, "std": 4.041931050268397}}, "compatibleConfigurations": ["K4", "K2", "K5", "K3", "K1"]}, "O3": {"estimatedTestTime": {"K2": {"distribution": "normal", "mean": 18.65157939310727, "std": 2.6355094116409963}, "K1": {"distribution": "normal", "mean": 46.8544522778851, "std": 4.0732295967904895}, "K5": {"distribution": "normal", "mean": 40.64565824678308, "std": 3.027378632843723}, "K3": {"distribution": "normal", "mean": 36.47909596433023, "std": 3.9940314845000806}, "K4": {"distribution": "normal", "mean": 46.701282110939104, "std": 4.505708747777543}}, "compatibleConfigurations": ["K2", "K1", "K5", "K3", "K4"]}, "O4": {"estimatedTestTime": {"K5": {"distribution": "normal", "mean": 45.46341566826203, "std": 3.6604004423048413}, "K1": {"distribution": "normal", "mean": 42.73006506943022, "std": 2.038191912801813}, "K4": {"distribution": "normal", "mean": 5.736408253809014, "std": 2.560640276305258}, "K3": {"distribution": "normal", "mean": 39.35819740688652, "std": 4.774469318871207}, "K2": {"distribution": "normal", "mean": 43.09482339719726, "std": 2.417290267301916}}, "compatibleConfigurations": ["K5", "K1", "K4", "K3", "K2"]}, "O5": {"estimatedTestTime": {"K4": {"distribution": "normal", "mean": 3.900348097172131, "std": 3.6371292874846395}, "K3": {"distribution": "normal", "mean": 8.943768470608957, "std": 2.7161088963359727}, "K5": {"distribution": "normal", "mean": 3.583352969947425, "std": 4.175564982335458}, "K2": {"distribution": "normal", "mean": 25.909014410052073, "std": 3.249634738312114}, "K1": {"distribution": "normal", "mean": 30.273572708410825, "std": 4.166296590127965}}, "compatibleConfigurations": ["K4", "K3", "K5", "K2", "K1"]}, "O6": {"estimatedTestTime": {"K5": {"distribution": "normal", "mean": 12.163591296974747, "std": 3.1476211535214658}, "K3": {"distribution": "normal", "mean": 13.626492545679278, "std": 2.811992994864866}, "K4": {"distribution": "normal", "mean": 40.53495988096983, "std": 2.8902651714149767}, "K2": {"distribution": "normal", "mean": 7.24234887086981, "std": 2.2525708551797012}, "K1": {"distribution": "normal", "mean": 3.1785919060273446, "std": 4.283478098105652}}, "compatibleConfigurations": ["K5", "K3", "K4", "K2", "K1"]}, "O7": {"estimatedTestTime": {"K5": {"distribution": "normal", "mean": 15.454503793211343, "std": 2.8741918245151634}, "K2": {"distribution": "normal", "mean": 11.020058945595714, "std": 4.946882067077274}, "K3": {"distribution": "normal", "mean": 2.9424688648749626, "std": 2.7416767962612907}, "K1": {"distribution": "normal", "mean": 21.32043284835441, "std": 3.4464387008651682}, "K4": {"distribution": "normal", "mean": 6.7467456393877825, "std": 3.0791479802119865}}, "compatibleConfigurations": ["K5", "K2", "K3", "K1", "K4"]}, "O8": {"estimatedTestTime": {"K4": {"distribution": "normal", "mean": 12.139672027439335, "std": 3.8963047296155633}, "K3": {"distribution": "normal", "mean": 49.933046128000385, "std": 4.288999071216666}, "K1": {"distribution": "normal", "mean": 47.93594775298371, "std": 3.185234220586524}, "K2": {"distribution": "normal", "mean": 38.245700776260406, "std": 3.9168962247427235}, "K5": {"distribution": "normal", "mean": 16.221386054926796, "std": 2.4004017565869864}}, "compatibleConfigurations": ["K4", "K3", "K1", "K2", "K5"]}, "O9": {"estimatedTestTime": {"K5": {"distribution": "normal", "mean": 48.773062085153406, "std": 3.551180335206725}, "K2": {"distribution": "normal", "mean": 4.435638842534246, "std": 2.5296885305700667}, "K4": {"distribution": "normal", "mean": 49.59007946533984, "std": 3.1739831829210967}, "K1": {"distribution": "normal", "mean": 21.926726192589307, "std": 2.304125802382405}, "K3": {"distribution": "normal", "mean": 40.764788772466204, "std": 4.117022243101225}}, "compatibleConfigurations": ["K5", "K2", "K4", "K1", "K3"]}, "O10": {"estimatedTestTime": {"K4": {"distribution": "normal", "mean": 43.52088008299764, "std": 3.099360950171853}, "K1": {"distribution": "normal", "mean": 28.82695581714487, "std": 4.364380321456087}, "K5": {"distribution": "normal", "mean": 7.5897364650257355, "std": 2.780410997192264}, "K3": {"distribution": "normal", "mean": 15.246484037196637, "std": 3.4816326217505287}, "K2": {"distribution": "normal", "mean": 28.76889602311904, "std": 4.333445881946712}}, "compatibleConfigurations": ["K4", "K1", "K5", "K3", "K2"]}, "O11": {"estimatedTestTime": {"K2": {"distribution": "normal", "mean": 25.689674786177115, "std": 2.1334163615043655}, "K3": {"distribution": "normal", "mean": 46.7311603236581, "std": 4.415668149158446}, "K4": {"distribution": "normal", "mean": 26.493709324440793, "std": 2.104723043313675}, "K1": {"distribution": "normal", "mean": 39.13166942430124, "std": 2.94702343241278}, "K5": {"distribution": "normal", "mean": 31.835726581660385, "std": 3.3301093253813367}}, "compatibleConfigurations": ["K2", "K3", "K4", "K1", "K5"]}, "O12": {"estimatedTestTime": {"K1": {"distribution": "normal", "mean": 49.633729109369554, "std": 3.5149764020819347}, "K2": {"distribution": "normal", "mean": 36.63394098202053, "std": 2.0100394031678523}, "K3": {"distribution": "normal", "mean": 38.14219842356546, "std": 4.415779434315341}, "K5": {"distribution": "normal", "mean": 40.61584841565368, "std": 4.834249088550486}, "K4": {"distribution": "normal", "mean": 10.978125585396988, "std": 2.5227412695322027}}, "compatibleConfigurations": ["K1", "K2", "K3", "K5", "K4"]}, "O13": {"estimatedTestTime": {"K3": {"distribution": "normal", "mean": 21.25917501515181, "std": 4.082490705018366}, "K5": {"distribution": "normal", "mean": 14.04738855634836, "std": 4.824814703235498}, "K1": {"distribution": "normal", "mean": 40.297226738229725, "std": 4.501711839517365}, "K4": {"distribution": "normal", "mean": 9.917812665336335, "std": 4.903181268489765}, "K2": {"distribution": "normal", "mean": 4.520731234070308, "std": 3.809435472089738}}, "compatibleConfigurations": ["K3", "K5", "K1", "K4", "K2"]}, "O14": {"estimatedTestTime": {"K2": {"distribution": "normal", "mean": 31.372508994337316, "std": 2.237613746247604}, "K5": {"distribution": "normal", "mean": 42.65190773554508, "std": 3.1441523227395205}, "K4": {"distribution": "normal", "mean": 11.451011935847864, "std": 2.1798521194030016}, "K3": {"distribution": "normal", "mean": 7.875607277573936, "std": 3.9143686369504342}, "K1": {"distribution": "normal", "mean": 13.616669493382055, "std": 3.269921704173991}},