{"configurations": {"count": 5, "items": {"K1": {"index": 0, "setupTimes": [0, 18, 27, 12, 6]}, "K2": {"index": 1, "setupTimes": [60, 0, 17, 11, 39]}, "K3": {"index": 2, "setupTimes": [40, 33, 0, 51, 58]}, "K4": {"index": 3, "setupTimes": [43, 40, 52, 0, 40]}, "K5": {"index": 4, "setupTimes": [21, 48, 54, 17, 0]}}}, "testers": {"count": 5, "items": {"T1": {"supportedConfigurations": ["K1", "K2"]}, "T2": {"supportedConfigurations": ["K3", "K4", "K5", "K1", "K2"]}, "T3": {"supportedConfigurations": ["K1", "K3", "K4"]}, "T4": {"supportedConfigurations": ["K5", "K4"]}, "T5": {"supportedConfigurations": ["K1", "K3"]}}}, "operations": {"count": 15, "items": {"O1": {"estimatedTestTime": {"K5": {"distribution": "normal", "mean": 358.3537489792509, "std": 3.6442605616749013}, "K1": {"distribution": "normal", "mean": 36.24264565454104, "std": 3.5028726909821306}, "K2": {"distribution": "normal", "mean": 263.1116316811984, "std": 4.350314936228061}, "K3": {"distribution": "normal", "mean": 116.37675612366967, "std": 3.852411692569826}, "K4": {"distribution": "normal", "mean": 271.0261386765062, "std": 4.33420599534524}}, "compatibleConfigurations": ["K5", "K1", "K2", "K3", "K4"]}, "O2": {"estimatedTestTime": {"K1": {"distribution": "normal", "mean": 336.45144327693055, "std": 2.3368456055383895}, "K5": {"distribution": "normal", "mean": 343.7280919008685, "std": 4.7031224069710955}, "K4": {"distribution": "normal", "mean": 21.23629328679154, "std": 2.954769804626934}, "K3": {"distribution": "normal", "mean": 296.16713008181694, "std": 3.645178626483074}}, "compatibleConfigurations": ["K1", "K5", "K4", "K3"]}, "O3": {"estimatedTestTime": {"K5": {"distribution": "normal", "mean": 190.31872982883948, "std": 4.011772116865118}, "K4": {"distribution": "normal", "mean": 263.9024482979265, "std": 2.6064028698854607}}, "compatibleConfigurations": ["K5", "K4"]}, "O4": {"estimatedTestTime": {"K5": {"distribution": "normal", "mean": 374.4555880503159, "std": 4.511330742485893}, "K1": {"distribution": "normal", "mean": 402.72576143385885, "std": 2.1449273145746517}}, "compatibleConfigurations": ["K5", "K1"]}, "O5": {"estimatedTestTime": {"K1": {"distribution": "normal", "mean": 304.09396361900616, "std": 4.926025666049777}, "K2": {"distribution": "normal", "mean": 298.43112806345516, "std": 3.8155208538588186}, "K3": {"distribution": "normal", "mean": 322.1385268489368, "std": 2.188220086841106}}, "compatibleConfigurations": ["K1", "K2", "K3"]}, "O6": {"estimatedTestTime": {"K2": {"distribution": "normal", "mean": 226.74120485753897, "std": 3.787379088631406}, "K5": {"distribution": "normal", "mean": 80.97794636266315, "std": 4.470573192249812}}, "compatibleConfigurations": ["K2", "K5"]}, "O7": {"estimatedTestTime": {"K4": {"distribution": "normal", "mean": 53.8187659270778, "std": 3.074949948747124}, "K2": {"distribution": "normal", "mean": 215.4530094013803, "std": 2.2073850104576698}, "K1": {"distribution": "normal", "mean": 173.35639956371915, "std": 3.898192416941276}, "K5": {"distribution": "normal", "mean": 151.09616277813777, "std": 2.979007656725562}}, "compatibleConfigurations": ["K4", "K2", "K1", "K5"]}, "O8": {"estimatedTestTime": {"K4": {"distribution": "normal", "mean": 459.85237296571995, "std": 4.1389385217888925}, "K1": {"distribution": "normal", "mean": 476.84278465729057, "std": 4.603413409684755}, "K5": {"distribution": "normal", "mean": 130.30781143097786, "std": 4.123630994346252}, "K2": {"distribution": "normal", "mean": 418.13541799817585, "std": 4.927679812897553}}, "compatibleConfigurations": ["K4", "K1", "K5", "K2"]}, "O9": {"estimatedTestTime": {"K2": {"distribution": "normal", "mean": 375.3384404050135, "std": 2.352973050822565}, "K1": {"distribution": "normal", "mean": 143.64250667755593, "std": 4.277123764962965}, "K3": {"distribution": "normal", "mean": 342.9342151373989, "std": 2.5717874928113313}}, "compatibleConfigurations": ["K2", "K1", "K3"]}, "O10": {"estimatedTestTime": {"K5": {"distribution": "normal", "mean": 442.6734960712088, "std": 3.510417376223974}, "K4": {"distribution": "normal", "mean": 266.17619324800125, "std": 4.750725685716949}, "K2": {"distribution": "normal", "mean": 388.1882579825962, "std": 2.8106544425442754}}, "compatibleConfigurations": ["K5", "K4", "K2"]}, "O11": {"estimatedTestTime": {"K1": {"distribution": "normal", "mean": 117.98832880129116, "std": 4.477869439186195}, "K2": {"distribution": "normal", "mean": 244.7038856726864, "std": 2.28671697741131}}, "compatibleConfigurations": ["K1", "K2"]}, "O12": {"estimatedTestTime": {"K4": {"distribution": "normal", "mean": 43.318410420337166, "std": 2.093157793244189}, "K2": {"distribution": "normal", "mean": 334.5465168529823, "std": 2.303115703720636}, "K3": {"distribution": "normal", "mean": 50.291622792404574, "std": 3.221657180447715}, "K5": {"distribution": "normal", "mean": 321.4932992413539, "std": 2.9848735767704424}}, "compatibleConfigurations": ["K4", "K2", "K3", "K5"]}, "O13": {"estimatedTestTime": {"K3": {"distribution": "normal", "mean": 431.2415484856151, "std": 4.415366912995641}, "K5": {"distribution": "normal", "mean": 401.26973477892057, "std": 4.279480412508504}, "K4": {"distribution": "normal", "mean": 387.3970806880378, "std": 4.061467564432253}, "K1": {"distribution": "normal", "mean": 273.1990561731501, "std": 3.9375060467109697}, "K2": {"distribution": "normal", "mean": 39.91211278262742, "std": 4.762492667550452}}, "compatibleConfigurations": ["K3", "K5", "K4", "K1", "K2"]}, "O14": {"estimatedTestTime": {"K1": {"distribution": "normal", "mean": 61.86716266747069, "std": 2.675728435313391}, "K5": {"distribution": "normal", "mean": 48.93780339471475, "std": 2.436239824070252}, "K3": {"distribution": "normal", "mean": 16.52607075353392, "std": 2.898195239434522}, "K4": {"distribution": "normal", "mean": 136.68687153466678, "std": 3.313901761953322}, "K2": {"distribution": "normal", "mean": 333.548358520705, "std": 4.072226288072344}}, "compatibleConfigurations": ["K1", "K5", "K3", "K4", "K2"]}, "O15": {"estimatedTestTime": {"K5": {"distribution": "normal", "mean": 155.99329893893565, "std": 4.584107239477052}, "K4": {"distribution": "normal", "mean": 420.3536326306654, "std": 3.6898629068258617}, "K3": {"distribution": "normal", "mean": 420.0732968587184, "std": 2.3579022451534644}}, "compatibleConfigurations": ["K5", "K4", "K3"]}}}, "products": {"count": 7, "items": {"P1": {"index": 0, "arrival": 0, "quantity": 2, "duedate": 2212.9778981168547, "operations": ["O15", "O11", "O12", "O1", "O4", "O5", "O9", "O14", "O8", "O6", "O10", "O13", "O7"], "dependencies": [[2, 1], [3, 0], [3, 2], [4, 0], [4, 3], [5, 0], [5, 1], [5, 2], [5, 4], [6, 0], [6, 1], [6, 5], [7, 2], [7, 3], [7, 6], [8, 3], [8, 4], [9, 0], [9, 1], [9, 6], [10, 0], [10, 2], [10, 3], [10, 5], [10, 7], [10, 8], [10, 9], [11, 5], [11, 7], [11, 8], [11, 9], [12, 0], [12, 4], [12, 6], [12, 8], [12, 9], [12, 10], [12, 11]]}, "P2": {"index": 1, "arrival": 55.97937163526681, "quantity": 4, "duedate": 1565.3358267101164, "operations": ["O5", "O6", "O13", "O8", "O1", "O15", "O7", "O12", "O11", "O3"], "dependencies": [[2, 0], [2, 1], [3, 0], [4, 1], [5, 2], [6, 2], [6, 4], [6, 5], [7, 2], [7, 5], [7, 6], [8, 0], [8, 1], [8, 6], [9, 4], [9, 5], [9, 7], [9, 8]]}, "P3": {"index": 2, "arrival": 137.04399225680237, "quantity": 5, "duedate": 1494.1452798075068, "operations": ["O11", "O9", "O6", "O13", "O1", "O5", "O7", "O4", "O3", "O10", "O12", "O8", "O15"], "dependencies": [[1, 0], [2, 1], [4, 1], [4, 3], [6, 0], [6, 3], [6, 4], [7, 1], [7, 4], [8, 4], [9, 2], [9, 5], [10, 0], [10, 4], [11, 6], [12, 3], [12, 6], [12, 7], [12, 10]]}, "P4": {"index": 3, "arrival": 203.4661358706979, "quantity": 2, "duedate": 735.5021225682625, "operations": ["O12", "O14", "O10", "O2", "O1"], "dependencies": [[1, 0], [2, 0], [3, 0], [4, 0]]}, "P5": {"index": 4, "arrival": 296.75442384576945, "quantity": 2, "duedate": 1645.2954124177531, "operations": ["O12", "O15", "O8", "O6", "O11", "O13", "O10", "O1"],