{"configurations": {"count": 2, "items": {"K1": {"index": 0, "setupTimes": [0, 0]}, "K2": {"index": 1, "setupTimes": [3, 0]}}}, "testers": {"count": 5, "items": {"T1": {"supportedConfigurations": ["K1", "K2"]}, "T2": {"supportedConfigurations": ["K1", "K2"]}, "T3": {"supportedConfigurations": ["K1", "K2"]}, "T4": {"supportedConfigurations": ["K2", "K1"]}, "T5": {"supportedConfigurations": ["K2", "K1"]}}}, "operations": {"count": 15, "items": {"O1": {"estimatedTestTime": {"K2": {"distribution": "normal", "mean": 49.861845094648345, "std": 2.0263684692604373}, "K1": {"distribution": "normal", "mean": 16.41647879851076, "std": 3.9876663241419683}}, "compatibleConfigurations": ["K2", "K1"]}, "O2": {"estimatedTestTime": {"K1": {"distribution": "normal", "mean": 15.800648722137527, "std": 4.832714976647628}, "K2": {"distribution": "normal", "mean": 38.03412486975284, "std": 3.758358702611122}}, "compatibleConfigurations": ["K1", "K2"]}, "O3": {"estimatedTestTime": {"K1": {"distribution": "normal", "mean": 41.37526759759958, "std": 2.4804226749821154}, "K2": {"distribution": "normal", "mean": 10.59474780472247, "std": 2.970935913242384}}, "compatibleConfigurations": ["K1", "K2"]}, "O4": {"estimatedTestTime": {"K1": {"distribution": "normal", "mean": 15.647795956187476, "std": 4.239408259925293}, "K2": {"distribution": "normal", "mean": 17.856150565256208, "std": 3.341471149986446}}, "compatibleConfigurations": ["K1", "K2"]}, "O5": {"estimatedTestTime": {"K1": {"distribution": "normal", "mean": 43.057564307795005, "std": 4.793683738866386}, "K2": {"distribution": "normal", "mean": 10.247882818458264, "std": 2.3613086389418063}}, "compatibleConfigurations": ["K1", "K2"]}, "O6": {"estimatedTestTime": {"K1": {"distribution": "normal", "mean": 49.570328839171175, "std": 4.141104009233809}, "K2": {"distribution": "normal", "mean": 17.183232501083506, "std": 2.9084523133427185}}, "compatibleConfigurations": ["K1", "K2"]}, "O7": {"estimatedTestTime": {"K1": {"distribution": "normal", "mean": 9.779525792789185, "std": 3.102181667728459}, "K2": {"distribution": "normal", "mean": 32.50248104750128, "std": 2.8788986051664884}}, "compatibleConfigurations": ["K1", "K2"]}, "O8": {"estimatedTestTime": {"K1": {"distribution": "normal", "mean": 8.134860214153438, "std": 4.065936674495649}, "K2": {"distribution": "normal", "mean": 9.165270860660302, "std": 3.896057017469051}}, "compatibleConfigurations": ["K1", "K2"]}, "O9": {"estimatedTestTime": {"K1": {"distribution": "normal", "mean": 15.525918459101215, "std": 3.691512834032548}, "K2": {"distribution": "normal", "mean": 10.691146719187072, "std": 3.2338384475833792}}, "compatibleConfigurations": ["K1", "K2"]}, "O10": {"estimatedTestTime": {"K2": {"distribution": "normal", "mean": 14.927962081662345, "std": 2.7804840673873312}, "K1": {"distribution": "normal", "mean": 37.459075912782815, "std": 2.0499123676831794}}, "compatibleConfigurations": ["K2", "K1"]}, "O11": {"estimatedTestTime": {"K1": {"distribution": "normal", "mean": 26.326293144381324, "std": 4.489914578392137}, "K2": {"distribution": "normal", "mean": 22.65602381915248, "std": 2.5524292317758115}}, "compatibleConfigurations": ["K1", "K2"]}, "O12": {"estimatedTestTime": {"K2": {"distribution": "normal", "mean": 33.06188015701955, "std": 4.145672688456619}, "K1": {"distribution": "normal", "mean": 23.51200410129433, "std": 4.223470783379115}}, "compatibleConfigurations": ["K2", "K1"]}, "O13": {"estimatedTestTime": {"K1": {"distribution": "normal", "mean": 29.300315386126147, "std": 3.139482504516474}, "K2": {"distribution": "normal", "mean": 42.445293639498374, "std": 3.372672246328822}}, "compatibleConfigurations": ["K1", "K2"]}, "O14": {"estimatedTestTime": {"K1": {"distribution": "normal", "mean": 12.113695198118599, "std": 4.977626310330694}, "K2": {"distribution": "normal", "mean": 28.428117425236977, "std": 2.910546148871615}}, "compatibleConfigurations": ["K1", "K2"]}, "O15": {"estimatedTestTime": {"K2": {"distribution": "normal", "mean": 2.223632651927753, "std": 2.4407843174014587}, "K1": {"distribution": "normal", "mean": 33.01663557857656, "std": 2.7470714069925437}}, "compatibleConfigurations": ["K2", "K1"]}}}, "products": {"count": 5, "items": {"P1": {"index": 0, "arrival": 0, "quantity": 3, "duedate": 41.43376882007761, "operations": ["O2", "O15"], "dependencies": [[1, 0]]}, "P2": {"index": 1, "arrival": 11.912641479696312, "quantity": 5, "duedate": 49.19019589996655, "operations": ["O4", "O11"], "dependencies": [[1, 0]]}, "P3": {"index": 2, "arrival": 38.22548477582459, "quantity": 4, "duedate": 79.83613969000288, "operations": ["O9", "O13"], "dependencies": [[1, 0]]}, "P4": {"index": 3, "arrival": 49.99166372708346, "quantity": 3, "duedate": 81.71434378210516, "operations": ["O9", "O10", "O7"], "dependencies": [[1, 0], [2, 0]]}, "P5": {"index": 4, "arrival": 78.621310274998, "quantity": 4, "duedate": 143.53298617472382, "operations": ["O3", "O13", "O1", "O4"], "dependencies": [[1, 0], [2, 0], [3, 1]]}}}}