{"configurations": {"count": 2, "items": {"K1": {"index": 0, "setupTimes": [0, 0]}, "K2": {"index": 1, "setupTimes": [3, 0]}}}, "testers": {"count": 3, "items": {"T1": {"supportedConfigurations": ["K1", "K2"]}, "T2": {"supportedConfigurations": ["K1", "K2"]}, "T3": {"supportedConfigurations": ["K2", "K1"]}}}, "operations": {"count": 19, "items": {"O1": {"estimatedTestTime": {"K1": {"distribution": "normal", "mean": 17.763825966056014, "std": 2.5907049701571325}, "K2": {"distribution": "normal", "mean": 41.717807516518256, "std": 4.183780031741309}}, "compatibleConfigurations": ["K1", "K2"]}, "O2": {"estimatedTestTime": {"K2": {"distribution": "normal", "mean": 41.31876010720994, "std": 3.790619132126083}, "K1": {"distribution": "normal", "mean": 43.56473129341507, "std": 3.0408833652151306}}, "compatibleConfigurations": ["K2", "K1"]}, "O3": {"estimatedTestTime": {"K1": {"distribution": "normal", "mean": 16.430543083001325, "std": 4.353604544448766}, "K2": {"distribution": "normal", "mean": 17.18582898402861, "std": 4.486182680033089}}, "compatibleConfigurations": ["K1", "K2"]}, "O4": {"estimatedTestTime": {"K2": {"distribution": "normal", "mean": 5.657898673586532, "std": 3.48683268792956}, "K1": {"distribution": "normal", "mean": 35.53222566083325, "std": 3.1317039259474346}}, "compatibleConfigurations": ["K2", "K1"]}, "O5": {"estimatedTestTime": {"K2": {"distribution": "normal", "mean": 30.856737775378345, "std": 4.810002003160719}, "K1": {"distribution": "normal", "mean": 23.010622488335486, "std": 4.449513408710402}}, "compatibleConfigurations": ["K2", "K1"]}, "O6": {"estimatedTestTime": {"K2": {"distribution": "normal", "mean": 20.429374873530328, "std": 2.2650675745193127}, "K1": {"distribution": "normal", "mean": 47.81170068704705, "std": 2.2103314348988734}}, "compatibleConfigurations": ["K2", "K1"]}, "O7": {"estimatedTestTime": {"K1": {"distribution": "normal", "mean": 19.70654376380429, "std": 3.4076794269473076}, "K2": {"distribution": "normal", "mean": 7.485913961961472, "std": 2.833378667421645}}, "compatibleConfigurations": ["K1", "K2"]}, "O8": {"estimatedTestTime": {"K2": {"distribution": "normal", "mean": 29.958657692479584, "std": 2.08009067393765}, "K1": {"distribution": "normal", "mean": 33.87217769980923, "std": 2.6016523092258312}}, "compatibleConfigurations": ["K2", "K1"]}, "O9": {"estimatedTestTime": {"K1": {"distribution": "normal", "mean": 30.10528594125386, "std": 3.108729114373348}, "K2": {"distribution": "normal", "mean": 33.21290882560682, "std": 2.287491503961493}}, "compatibleConfigurations": ["K1", "K2"]}, "O10": {"estimatedTestTime": {"K2": {"distribution": "normal", "mean": 6.983745191630044, "std": 4.345361567636725}, "K1": {"distribution": "normal", "mean": 39.408814890153906, "std": 3.1393397950761104}}, "compatibleConfigurations": ["K2", "K1"]}, "O11": {"estimatedTestTime": {"K2": {"distribution": "normal", "mean": 2.502173168762525, "std": 2.3040432138387583}, "K1": {"distribution": "normal", "mean": 21.17257690684555, "std": 2.38679402127517}}, "compatibleConfigurations": ["K2", "K1"]}, "O12": {"estimatedTestTime": {"K1": {"distribution": "normal", "mean": 14.471545973147402, "std": 2.1969585031382124}, "K2": {"distribution": "normal", "mean": 40.715066774624994, "std": 2.4290203996503448}}, "compatibleConfigurations": ["K1", "K2"]}, "O13": {"estimatedTestTime": {"K1": {"distribution": "normal", "mean": 8.65886856293373, "std": 3.872017586958443}, "K2": {"distribution": "normal", "mean": 5.378583068025545, "std": 2.0546900972051847}}, "compatibleConfigurations": ["K1", "K2"]}, "O14": {"estimatedTestTime": {"K2": {"distribution": "normal", "mean": 3.2228415762178724, "std": 2.9665276415804427}, "K1": {"distribution": "normal", "mean": 5.758684937612754, "std": 4.985756164738959}}, "compatibleConfigurations": ["K2", "K1"]}, "O15": {"estimatedTestTime": {"K1": {"distribution": "normal", "mean": 10.497832981544741, "std": 4.977086469648194}, "K2": {"distribution": "normal", "mean": 32.91485650479573, "std": 2.599184484777796}}, "compatibleConfigurations": ["K1", "K2"]}, "O16": {"estimatedTestTime": {"K1": {"distribution": "normal", "mean": 32.71200822049525, "std": 3.9763953559344314}, "K2": {"distribution": "normal", "mean": 20.674067910538422, "std": 2.1459698703766286}}, "compatibleConfigurations": ["K1", "K2"]}, "O17": {"estimatedTestTime": {"K1": {"distribution": "normal", "mean": 13.630488666526444, "std": 4.280010794576001}, "K2": {"distribution": "normal", "mean": 24.053374753557623, "std": 4.116734104333385}}, "compatibleConfigurations": ["K1", "K2"]}, "O18": {"estimatedTestTime": {"K1": {"distribution": "normal", "mean": 16.06460819304003, "std": 4.83524167920768}, "K2": {"distribution": "normal", "mean": 27.47186473607144, "std": 2.44704308193566}}, "compatibleConfigurations": ["K1", "K2"]}, "O19": {"estimatedTestTime": {"K1": {"distribution": "normal", "mean": 10.789769238219003, "std": 3.194641755334002}, "K2": {"distribution": "normal", "mean": 23.27562341858811, "std": 2.031518949366667}}, "compatibleConfigurations": ["K1", "K2"]}}}, "products": {"count": 3, "items": {"P1": {"index": 0, "arrival": 0, "quantity": 3, "duedate": 67.22579402179578, "operations": ["O8", "O7", "O5", "O14"], "dependencies": [[1, 0], [2, 1], [3, 1]]}, "P2": {"index": 1, "arrival": 15.45453349302352, "quantity": 4, "duedate": 79.74761069564185, "operations": ["O9", "O14", "O10", "O15"], "dependencies": [[2, 1], [3, 1], [3, 0]]}, "P3": {"index": 2, "arrival": 55.444000625371665, "quantity": 5, "duedate": 131.5552457361032, "operations": ["O10", "O1"], "dependencies": [[1, 0]]}}}}