{"configurations": {"count": 5, "items": {"K1": {"index": 0, "setupTimes": [0, 59, 26, 2, 9]}, "K2": {"index": 1, "setupTimes": [32, 0, 7, 55, 57]}, "K3": {"index": 2, "setupTimes": [58, 46, 0, 57, 37]}, "K4": {"index": 3, "setupTimes": [48, 30, 9, 0, 60]}, "K5": {"index": 4, "setupTimes": [31, 38, 13, 20, 0]}}}, "testers": {"count": 3, "items": {"T1": {"supportedConfigurations": ["K3", "K2"]}, "T2": {"supportedConfigurations": ["K3", "K2", "K5"]}, "T3": {"supportedConfigurations": ["K3", "K1", "K5", "K2", "K4"]}}}, "operations": {"count": 13, "items": {"O1": {"estimatedTestTime": {"K1": {"distribution": "normal", "mean": 78.88493617321785, "std": 2.7572324396841683}, "K4": {"distribution": "normal", "mean": 290.2213659909047, "std": 2.1338950854517016}, "K2": {"distribution": "normal", "mean": 348.59829245999305, "std": 2.370213570040119}}, "compatibleConfigurations": ["K1", "K4", "K2"]}, "O2": {"estimatedTestTime": {"K3": {"distribution": "normal", "mean": 124.85619387037971, "std": 2.0920394380012826}, "K1": {"distribution": "normal", "mean": 42.57267783356263, "std": 3.6442530350192706}, "K2": {"distribution": "normal", "mean": 236.15660386204382, "std": 4.407360923386999}}, "compatibleConfigurations": ["K3", "K1", "K2"]}, "O3": {"estimatedTestTime": {"K3": {"distribution": "normal", "mean": 95.4495078646107, "std": 2.18585910539847}, "K1": {"distribution": "normal", "mean": 298.72550136699186, "std": 3.5369087271346733}, "K4": {"distribution": "normal", "mean": 362.27700980183073, "std": 3.5921450130163772}, "K2": {"distribution": "normal", "mean": 130.86132421988424, "std": 4.705235608841801}}, "compatibleConfigurations": ["K3", "K1", "K4", "K2"]}, "O4": {"estimatedTestTime": {"K4": {"distribution": "normal", "mean": 210.1088997175394, "std": 3.9962920529269224}, "K1": {"distribution": "normal", "mean": 77.49156168032877, "std": 2.576671228394555}, "K5": {"distribution": "normal", "mean": 274.0501614834521, "std": 2.2657981937823855}, "K2": {"distribution": "normal", "mean": 21.47715144513124, "std": 4.347906184459035}}, "compatibleConfigurations": ["K4", "K1", "K5", "K2"]}, "O5": {"estimatedTestTime": {"K3": {"distribution": "normal", "mean": 414.2068991747159, "std": 4.943091516665419}, "K2": {"distribution": "normal", "mean": 447.72924834051105, "std": 3.4096845332353114}}, "compatibleConfigurations": ["K3", "K2"]}, "O6": {"estimatedTestTime": {"K4": {"distribution": "normal", "mean": 318.6983298411734, "std": 2.826270339288421}, "K3": {"distribution": "normal", "mean": 104.21513036720391, "std": 3.4828137022396053}}, "compatibleConfigurations": ["K4", "K3"]}, "O7": {"estimatedTestTime": {"K2": {"distribution": "normal", "mean": 72.16641410365419, "std": 2.3939607625015724}, "K4": {"distribution": "normal", "mean": 258.26406325098674, "std": 2.9738136405953064}}, "compatibleConfigurations": ["K2", "K4"]}, "O8": {"estimatedTestTime": {"K3": {"distribution": "normal", "mean": 148.7708469824281, "std": 2.3256036667690454}, "K5": {"distribution": "normal", "mean": 287.8095659914742, "std": 2.7644121066468292}, "K4": {"distribution": "normal", "mean": 279.1815424427889, "std": 3.3181127063159885}, "K2": {"distribution": "normal", "mean": 190.3005989910568, "std": 4.553141967456865}}, "compatibleConfigurations": ["K3", "K5", "K4", "K2"]}, "O9": {"estimatedTestTime": {"K1": {"distribution": "normal", "mean": 420.82181614311054, "std": 2.0182333979912555}, "K5": {"distribution": "normal", "mean": 27.502714707536352, "std": 2.549163117492645}, "K3": {"distribution": "normal", "mean": 328.4382837853806, "std": 4.807239823676314}}, "compatibleConfigurations": ["K1", "K5", "K3"]}, "O10": {"estimatedTestTime": {"K2": {"distribution": "normal", "mean": 54.582345776151605, "std": 2.8251859079793276}, "K4": {"distribution": "normal", "mean": 169.14143166556062, "std": 3.4483665779563206}, "K5": {"distribution": "normal", "mean": 149.20415370926617, "std": 4.397923918341061}, "K3": {"distribution": "normal", "mean": 353.3612478905524, "std": 3.3135227342659554}}, "compatibleConfigurations": ["K2", "K4", "K5", "K3"]}, "O11": {"estimatedTestTime": {"K1": {"distribution": "normal", "mean": 125.8784045575166, "std": 4.133293225652704}, "K3": {"distribution": "normal", "mean": 368.9473905631631, "std": 4.795237957164148}}, "compatibleConfigurations": ["K1", "K3"]}, "O12": {"estimatedTestTime": {"K3": {"distribution": "normal", "mean": 441.64306170395565, "std": 4.937349796265105}, "K4": {"distribution": "normal", "mean": 193.85603793302764, "std": 2.1272096958462687}, "K1": {"distribution": "normal", "mean": 91.41784913088595, "std": 3.68822365025256}, "K5": {"distribution": "normal", "mean": 431.3086560862877, "std": 4.17225010091555}}, "compatibleConfigurations": ["K3", "K4", "K1", "K5"]}, "O13": {"estimatedTestTime": {"K5": {"distribution": "normal", "mean": 328.44919026908605, "std": 3.6688547403506853}, "K3": {"distribution": "normal", "mean": 152.51658202234083, "std": 4.719459353518366}, "K1": {"distribution": "normal", "mean": 101.51285336264715, "std": 3.021983695666963}}, "compatibleConfigurations": ["K5", "K3", "K1"]}}}, "products": {"count": 8, "items": {"P1": {"index": 0, "arrival": 0, "quantity": 5, "duedate": 1173.861712456729, "operations": ["O12", "O4", "O1", "O10", "O5"], "dependencies": [[1, 0], [3, 1], [3, 2], [4, 0]]}, "P2": {"index": 1, "arrival": 89.51462274301258, "quantity": 5, "duedate": 2455.5168597948655, "operations": ["O13", "O3", "O5", "O9", "O11", "O7", "O10", "O6", "O1", "O4"], "dependencies": [[2, 0], [3, 0], [3, 1], [3, 2], [4, 0], [4, 1], [4, 2], [5, 2], [5, 3], [6, 1], [6, 2], [6, 4], [7, 0], [7, 2], [7, 4], [7, 5], [8, 1], [8, 4], [8, 6], [9, 1], [9, 2], [9, 7]]}, "P3": {"index": 2, "arrival": 184.33843627739785, "quantity": 5, "duedate": 3052.640907099652, "operations": ["O11", "O6", "O8", "O9", "O7", "O5", "O4", "O3", "O12", "O13", "O2", "O10"], "dependencies": [[2, 0], [2, 1], [3, 1], [4, 0], [4, 1], [4, 3], [5, 1], [5, 4], [6, 0], [6, 2], [6, 3], [6, 4], [7, 1], [7, 2], [7, 3], [7, 5], [8, 2], [8, 3], [8, 6], [8, 7], [9, 3], [9, 4], [9, 6], [10, 1], [10, 2], [10, 5], [10, 6], [10, 8], [11, 2]]}, "P4": {"index": 3, "arrival": 244.82776249118905, "quantity": 3, "duedate": 1453.1002282183833, "operations": ["O7", "O5", "O13", "O11", "O9", "O6", "O2", "O4", "O1", "O8", "O3", "O10"], "dependencies": [[1, 0], [2, 1], [3, 0], [3, 1], [3, 2], [5, 1], [6, 1], [7, 0], [7, 1], [8, 0], [8, 4], [9, 2], [9, 4], [9, 5], [9, 7], [9, 8], [10, 1], [10, 2], [10, 4], [11, 3], [11, 5], [11, 6]]}, "P5": {"index": 4, "arrival": 300.1612335717708, "quantity": 4, "duedate": 1395.3805622089224, "operations": ["O9", "O6", "O13", "O11", "O7", "O5"], "dependencies": [[1, 0], [2, 0], [4, 3], [5, 0], [5, 4]]}, "P6": {"index": 5, "arrival": 379.3817755165056, "quantity": 4, "duedate": 2224.3152911433262, "operations": ["O1", "O6", "O3", "O11", "O9", "O13", "O7", "O12", "O5", "O8", "O10", "O4", "O2"], "dependencies": [[2, 0], [4, 2], [4, 3], [5, 1], [5, 4], [6, 1], [7, 1], [8, 4], [8, 5], [10, 0], [10, 1], [10, 5], [10, 7], [11, 1], [11, 4], [11, 5], [11, 7], [11, 9], [11, 10], [12, 0], [12, 3], [12, 4], [12, 5], [12, 9], [12, 10], [12, 11]]}, "P7": {"index": 6, "arrival": 453.1458284118921, "quantity": 5, "duedate": 2204.6600615025013, "operations": ["O6", "O2", "O5", "O13", "O4", "O8", "O1"], "dependencies": [[1, 0], [2, 0], [3, 2], [5, 1], [6, 4], [6, 3]]}, "P8": {"index": 7, "arrival": 511.71123588641314, "quantity": 5, "duedate": 2340.8821833113943, "operations": ["O8", "O4", "O5", "O1", "O2", "O7", "O9", "O6"], "dependencies": [[2, 0], [3, 0], [3, 2], [4, 1], [5, 1], [6, 2], [6, 5], [7, 4], [7, 5], [7, 6]]}}}}