{"configurations": {"count": 4, "items": {"K1": {"index": 0, "setupTimes": [0, 33, 14, 31]}, "K2": {"index": 1, "setupTimes": [55, 0, 33, 50]}, "K3": {"index": 2, "setupTimes": [6, 13, 0, 7]}, "K4": {"index": 3, "setupTimes": [24, 15, 60, 0]}}}, "testers": {"count": 2, "items": {"T1": {"supportedConfigurations": ["K4", "K3"]}, "T2": {"supportedConfigurations": ["K1", "K4", "K2"]}}}, "operations": {"count": 14, "items": {"O1": {"estimatedTestTime": {"K3": {"distribution": "normal", "mean": 270.48282577517705, "std": 2.73225212770273}, "K1": {"distribution": "normal", "mean": 74.13429593263098, "std": 4.9542450975132075}, "K4": {"distribution": "normal", "mean": 207.88281912521478, "std": 4.242386125283814}}, "compatibleConfigurations": ["K3", "K1", "K4"]}, "O2": {"estimatedTestTime": {"K3": {"distribution": "normal", "mean": 268.70095112882717, "std": 3.847007484289953}, "K4": {"distribution": "normal", "mean": 351.54671221972313, "std": 3.9457878946369997}}, "compatibleConfigurations": ["K3", "K4"]}, "O3": {"estimatedTestTime": {"K4": {"distribution": "normal", "mean": 398.5847226080538, "std": 3.515443930746233}, "K1": {"distribution": "normal", "mean": 96.2043009480127, "std": 3.7430582323086923}, "K3": {"distribution": "normal", "mean": 219.84237689118294, "std": 4.416486076055753}, "K2": {"distribution": "normal", "mean": 315.7557163328819, "std": 3.9391304006557673}}, "compatibleConfigurations": ["K4", "K1", "K3", "K2"]}, "O4": {"estimatedTestTime": {"K4": {"distribution": "normal", "mean": 8.26215784659625, "std": 3.210777224564486}, "K3": {"distribution": "normal", "mean": 397.54188645458555, "std": 3.4996445430310144}}, "compatibleConfigurations": ["K4", "K3"]}, "O5": {"estimatedTestTime": {"K1": {"distribution": "normal", "mean": 297.4762068044922, "std": 4.556598504499243}, "K2": {"distribution": "normal", "mean": 255.93231771124061, "std": 2.9473922203121434}, "K3": {"distribution": "normal", "mean": 157.42461629395112, "std": 4.9424565191499035}}, "compatibleConfigurations": ["K1", "K2", "K3"]}, "O6": {"estimatedTestTime": {"K4": {"distribution": "normal", "mean": 469.0473468205799, "std": 3.9892968738401153}, "K1": {"distribution": "normal", "mean": 259.8242639687441, "std": 3.2771718637561613}}, "compatibleConfigurations": ["K4", "K1"]}, "O7": {"estimatedTestTime": {"K1": {"distribution": "normal", "mean": 53.4121980433342, "std": 2.0083853750051324}, "K3": {"distribution": "normal", "mean": 240.8384379335527, "std": 4.789166737362056}, "K2": {"distribution": "normal", "mean": 359.58845852939515, "std": 4.179567964591017}, "K4": {"distribution": "normal", "mean": 350.2976672159688, "std": 2.9439028639308478}}, "compatibleConfigurations": ["K1", "K3", "K2", "K4"]}, "O8": {"estimatedTestTime": {"K4": {"distribution": "normal", "mean": 410.5445451347684, "std": 2.647687078814494}, "K1": {"distribution": "normal", "mean": 24.358893635747034, "std": 4.743728443420378}}, "compatibleConfigurations": ["K4", "K1"]}, "O9": {"estimatedTestTime": {"K4": {"distribution": "normal", "mean": 112.16357524521808, "std": 3.6867960167185245}, "K3": {"distribution": "normal", "mean": 439.13848022598955, "std": 2.572181217883296}, "K2": {"distribution": "normal", "mean": 153.99856110560492, "std": 3.572337466446837}}, "compatibleConfigurations": ["K4", "K3", "K2"]}, "O10": {"estimatedTestTime": {"K1": {"distribution": "normal", "mean": 157.4461575113839, "std": 2.473747959111254}, "K3": {"distribution": "normal", "mean": 306.76463364545424, "std": 2.848141833525734}, "K4": {"distribution": "normal", "mean": 473.859465475543, "std": 3.6013726966436073}, "K2": {"distribution": "normal", "mean": 307.3409041782809, "std": 2.1783454346119364}}, "compatibleConfigurations": ["K1", "K3", "K4", "K2"]}, "O11": {"estimatedTestTime": {"K2": {"distribution": "normal", "mean": 285.2970004249152, "std": 3.0677500458949742}, "K1": {"distribution": "normal", "mean": 40.1450331342433, "std": 2.469570680477712}, "K3": {"distribution": "normal", "mean": 20.439749177877573, "std": 2.581069710710952}}, "compatibleConfigurations": ["K2", "K1", "K3"]}, "O12": {"estimatedTestTime": {"K4": {"distribution": "normal", "mean": 48.82888118987173, "std": 3.328798266891452}, "K3": {"distribution": "normal", "mean": 459.3819393717461, "std": 2.829591627763519}}, "compatibleConfigurations": ["K4", "K3"]}, "O13": {"estimatedTestTime": {"K2": {"distribution": "normal", "mean": 357.59278617528776, "std": 2.6305355607420937}, "K1": {"distribution": "normal", "mean": 322.53435181167424, "std": 2.6310046133205827}, "K4": {"distribution": "normal", "mean": 497.77986556261857, "std": 2.7160263136551235}, "K3": {"distribution": "normal", "mean": 380.74279079222805, "std": 3.4766177016665116}}, "compatibleConfigurations": ["K2", "K1", "K4", "K3"]}, "O14": {"estimatedTestTime": {"K2": {"distribution": "normal", "mean": 241.38389442512673, "std": 4.728038723839527}, "K3": {"distribution": "normal", "mean": 40.44861898960397, "std": 2.6536060583655843}, "K4": {"distribution": "normal", "mean": 278.98559977533216, "std": 4.188992000215572}}, "compatibleConfigurations": ["K2", "K3", "K4"]}}}, "products": {"count": 10, "items": {"P1": {"index": 0, "arrival": 0, "quantity": 3, "duedate": 1715.1377184990906, "operations": ["O2", "O14", "O13", "O5", "O4", "O11", "O10", "O7", "O3", "O1"], "dependencies": [[2, 0], [2, 1], [3, 1], [4, 0], [4, 1], [4, 3], [5, 3], [6, 2], [7, 0], [7, 2], [8, 1], [8, 4], [9, 1], [9, 4], [9, 6], [9, 7]]}, "P2": {"index": 1, "arrival": 89.36632877408886, "quantity": 3, "duedate": 3703.6043180359816, "operations": ["O6", "O12", "O2", "O3", "O1", "O4", "O10", "O5", "O9", "O11", "O7", "O14", "O13"], "dependencies": [[2, 0], [3, 1], [3, 2], [4, 0], [4, 1], [4, 3], [5, 0], [5, 1], [5, 3], [5, 4], [6, 1], [6, 4], [6, 5], [7, 1], [7, 4], [7, 6], [8, 1], [8, 2], [8, 3], [8, 5], [8, 6], [9, 1], [9, 4], [9, 8], [10, 0], [10, 2], [10, 8], [11, 2], [11, 4], [11, 6], [11, 7], [11, 9], [11, 10], [12, 2], [12, 3], [12, 8], [12, 9], [12, 10]]}, "P3": {"index": 2, "arrival": 177.2894506076874, "quantity": 3, "duedate": 2565.8972206286003, "operations": ["O13", "O4", "O5", "O2", "O12", "O10", "O6", "O1", "O7", "O9", "O8"], "dependencies": [[1, 0], [3, 1], [4, 1], [5, 0], [5, 1], [5, 2], [6, 1], [6, 3], [6, 4], [7, 6], [8, 0], [8, 4], [8, 6], [9, 3], [9, 5], [10, 0], [10, 1], [10, 6], [10, 7], [10, 9]]}, "P4": {"index": 3, "arrival": 273.82750506063667, "quantity": 2, "duedate": 893.7482405921677, "operations": ["O1", "O10", "O2", "O6", "O8"], "dependencies": [[2, 0], [2, 1], [3, 1], [4, 0]]}, "P5": {"index": 4, "arrival": 329.94488185846507, "quantity": 5, "duedate": 3869.556556491621, "operations": ["O4", "O7", "O6", "O10", "O9", "O1", "O8", "O2", "O12", "O5"], "dependencies": [[1, 0], [2, 1], [4, 0], [5, 2], [5, 3], [6, 2], [6, 4], [6, 5], [7, 0], [7, 1], [7, 5], [8, 0], [8, 5], [8, 6], [9, 0], [9, 2], [9, 3], [9, 5]]}, "P6": {"index": 5, "arrival": 404.5790080490516, "quantity": 2, "duedate": 1086.381000515088, "operations": ["O14", "O8", "O6", "O1", "O5", "O12", "O11", "O9", "O2"], "dependencies": [[1, 0], [3, 0], [4, 3], [5, 0], [5, 2], [6, 0], [6, 1], [6, 2], [6, 4], [6, 5], [8, 1], [8, 7]]}, "P7": {"index": 6, "arrival": 468.0758620480632, "quantity": 3, "duedate": 3007.471390775232, "operations": ["O5", "O2", "O14", "O4", "O12", "O6", "O8", "O7", "O11", "O10"], "dependencies": [[1, 0], [3, 0], [3, 1], [3, 2], [4, 0], [4, 2], [4, 3], [5, 1], [5, 2], [6, 0], [6, 4], [7, 1], [7, 5], [7, 6], [8, 0], [8, 4], [8, 7], [9, 0], [9, 5], [9, 6], [9, 7]]}, "P8": {"index": 7, "arrival": 541.7071213174897, "quantity": 3, "duedate": 2273.3451348440244, "operations": ["O5", "O12", "O11", "O3", "O1", "O14", "O2", "O10", "O8"], "dependencies": [[3, 1], [3, 2], [5, 0], [5, 2], [5, 3], [5, 4], [6, 1], [6, 3], [6, 5], [7, 0], [7, 2], [8, 1], [8, 2], [8, 3], [8, 4], [8, 6], [8, 7]]}, "P9": {"index": 8, "arrival": 602.3964528455283, "quantity": 3, "duedate": 4174.814084978809,