{"configurations": {"count": 4, "items": {"K1": {"index": 0, "setupTimes": [0, 17, 31, 54]}, "K2": {"index": 1, "setupTimes": [34, 0, 43, 54]}, "K3": {"index": 2, "setupTimes": [2, 31, 0, 60]}, "K4": {"index": 3, "setupTimes": [19, 21, 31, 0]}}}, "testers": {"count": 5, "items": {"T1": {"supportedConfigurations": ["K3", "K2", "K1"]}, "T2": {"supportedConfigurations": ["K3", "K2", "K4", "K1"]}, "T3": {"supportedConfigurations": ["K3", "K1"]}, "T4": {"supportedConfigurations": ["K1", "K3", "K4"]}, "T5": {"supportedConfigurations": ["K4", "K2"]}}}, "operations": {"count": 10, "items": {"O1": {"estimatedTestTime": {"K4": {"distribution": "normal", "mean": 33.989405244986536, "std": 2.665025225275191}, "K3": {"distribution": "normal", "mean": 29.227270540350375, "std": 4.215373347152374}, "K2": {"distribution": "normal", "mean": 56.37669876440583, "std": 3.917773679165198}, "K1": {"distribution": "normal", "mean": 67.80457159839948, "std": 4.868512558138501}}, "compatibleConfigurations": ["K4", "K3", "K2", "K1"]}, "O2": {"estimatedTestTime": {"K2": {"distribution": "normal", "mean": 480.904929364801, "std": 2.0453256293552435}, "K3": {"distribution": "normal", "mean": 344.3981542793172, "std": 4.875702290259058}, "K4": {"distribution": "normal", "mean": 240.95457520280303, "std": 2.300322643810111}}, "compatibleConfigurations": ["K2", "K3", "K4"]}, "O3": {"estimatedTestTime": {"K2": {"distribution": "normal", "mean": 299.12757257256175, "std": 2.929212259457421}, "K1": {"distribution": "normal", "mean": 493.4924800303902, "std": 2.4496976444913887}, "K4": {"distribution": "normal", "mean": 421.8642710785638, "std": 4.249937818449709}}, "compatibleConfigurations": ["K2", "K1", "K4"]}, "O4": {"estimatedTestTime": {"K4": {"distribution": "normal", "mean": 186.26196046233298, "std": 2.479823451106536}, "K1": {"distribution": "normal", "mean": 400.20187979199716, "std": 2.9662225350798765}}, "compatibleConfigurations": ["K4", "K1"]}, "O5": {"estimatedTestTime": {"K4": {"distribution": "normal", "mean": 166.5272888210761, "std": 3.9631848420787823}, "K1": {"distribution": "normal", "mean": 142.9561375440153, "std": 4.192375984660318}, "K3": {"distribution": "normal", "mean": 82.43989582237988, "std": 4.091564210040626}, "K2": {"distribution": "normal", "mean": 279.95091621786906, "std": 4.962770204541484}}, "compatibleConfigurations": ["K4", "K1", "K3", "K2"]}, "O6": {"estimatedTestTime": {"K4": {"distribution": "normal", "mean": 326.4744623774035, "std": 4.557517300161054}, "K3": {"distribution": "normal", "mean": 98.13200083662622, "std": 2.9611392263628735}, "K1": {"distribution": "normal", "mean": 206.47784992199308, "std": 3.566314961590411}}, "compatibleConfigurations": ["K4", "K3", "K1"]}, "O7": {"estimatedTestTime": {"K1": {"distribution": "normal", "mean": 345.83246538667066, "std": 4.9929238917005225}, "K4": {"distribution": "normal", "mean": 330.83849242630606, "std": 3.2607337289115677}, "K3": {"distribution": "normal", "mean": 296.59930445972583, "std": 4.480567281635067}, "K2": {"distribution": "normal", "mean": 168.22687885260706, "std": 3.128144501407069}}, "compatibleConfigurations": ["K1", "K4", "K3", "K2"]}, "O8": {"estimatedTestTime": {"K4": {"distribution": "normal", "mean": 28.98910543838895, "std": 2.360959655511367}, "K2": {"distribution": "normal", "mean": 164.60780332185846, "std": 4.074855693139232}, "K3": {"distribution": "normal", "mean": 182.8379948650509, "std": 2.7773577786299937}}, "compatibleConfigurations": ["K4", "K2", "K3"]}, "O9": {"estimatedTestTime": {"K2": {"distribution": "normal", "mean": 212.8667929448037, "std": 3.0975912392065617}, "K4": {"distribution": "normal", "mean": 468.23284758511414, "std": 3.2590702751565286}, "K3": {"distribution": "normal", "mean": 241.63248263034086, "std": 2.7127629159441766}}, "compatibleConfigurations": ["K2", "K4", "K3"]}, "O10": {"estimatedTestTime": {"K1": {"distribution": "normal", "mean": 391.2940837628924, "std": 4.08391855732761}, "K2": {"distribution": "normal", "mean": 407.87905343576165, "std": 2.32548904779106}}, "compatibleConfigurations": ["K1", "K2"]}}}, "products": {"count": 2, "items": {"P1": {"index": 0, "arrival": 0, "quantity": 4, "duedate": 1056.3569369582976, "operations": ["O3", "O2", "O7", "O10", "O4"], "dependencies": [[2, 1], [3, 0], [4, 3], [4, 1]]}, "P2": {"index": 1, "arrival": 79.99385723917077, "quantity": 5, "duedate": 668.4150625605153, "operations": ["O3", "O8", "O7", "O9", "O6", "O1"], "dependencies": [[1, 0], [4, 0], [4, 3], [5, 0], [5, 1], [5, 2], [5, 3]]}}}}