{"configurations": {"count": 3, "items": {"K1": {"index": 0, "setupTimes": [0, 27, 16]}, "K2": {"index": 1, "setupTimes": [3, 0, 5]}, "K3": {"index": 2, "setupTimes": [2, 23, 0]}}}, "testers": {"count": 4, "items": {"T1": {"supportedConfigurations": ["K2", "K1"]}, "T2": {"supportedConfigurations": ["K2", "K1", "K3"]}, "T3": {"supportedConfigurations": ["K1", "K2", "K3"]}, "T4": {"supportedConfigurations": ["K2", "K1"]}}}, "operations": {"count": 14, "items": {"O1": {"estimatedTestTime": {"K2": {"distribution": "normal", "mean": 225.1342733677999, "std": 3.268396545367655}, "K3": {"distribution": "normal", "mean": 165.6302317235942, "std": 2.754500812156607}}, "compatibleConfigurations": ["K2", "K3"]}, "O2": {"estimatedTestTime": {"K1": {"distribution": "normal", "mean": 497.234778102073, "std": 3.87684749214311}, "K2": {"distribution": "normal", "mean": 375.6700683695441, "std": 3.152330302101658}, "K3": {"distribution": "normal", "mean": 165.52162083285475, "std": 4.867919154376995}}, "compatibleConfigurations": ["K1", "K2", "K3"]}, "O3": {"estimatedTestTime": {"K2": {"distribution": "normal", "mean": 414.89092874849086, "std": 3.8612076235266857}, "K1": {"distribution": "normal", "mean": 319.7111598344737, "std": 4.038591398508389}, "K3": {"distribution": "normal", "mean": 389.2902295244152, "std": 2.731188041322964}}, "compatibleConfigurations": ["K2", "K1", "K3"]}, "O4": {"estimatedTestTime": {"K1": {"distribution": "normal", "mean": 278.2033415491271, "std": 2.298425241732346}, "K2": {"distribution": "normal", "mean": 126.43947321865835, "std": 2.209028593210746}, "K3": {"distribution": "normal", "mean": 265.35343305788473, "std": 3.748922717600815}}, "compatibleConfigurations": ["K1", "K2", "K3"]}, "O5": {"estimatedTestTime": {"K2": {"distribution": "normal", "mean": 365.2901874347406, "std": 2.004092960720386}, "K3": {"distribution": "normal", "mean": 106.82434142050444, "std": 3.8987860055905212}, "K1": {"distribution": "normal", "mean": 339.4180761458773, "std": 2.1962456373415664}}, "compatibleConfigurations": ["K2", "K3", "K1"]}, "O6": {"estimatedTestTime": {"K1": {"distribution": "normal", "mean": 486.1494889458914, "std": 4.939781245126205}, "K2": {"distribution": "normal", "mean": 467.000452383444, "std": 4.536334689974668}}, "compatibleConfigurations": ["K1", "K2"]}, "O7": {"estimatedTestTime": {"K3": {"distribution": "normal", "mean": 92.77568044394698, "std": 3.6211798580318044}, "K1": {"distribution": "normal", "mean": 5.767828404241676, "std": 3.8579781675546028}}, "compatibleConfigurations": ["K3", "K1"]}, "O8": {"estimatedTestTime": {"K2": {"distribution": "normal", "mean": 6.974996926764314, "std": 4.897644141117509}, "K1": {"distribution": "normal", "mean": 288.06356890797946, "std": 3.5245373044483133}}, "compatibleConfigurations": ["K2", "K1"]}, "O9": {"estimatedTestTime": {"K1": {"distribution": "normal", "mean": 87.0719636524719, "std": 2.7510105815646386}, "K2": {"distribution": "normal", "mean": 307.367778908288, "std": 2.9323154485219787}}, "compatibleConfigurations": ["K1", "K2"]}, "O10": {"estimatedTestTime": {"K2": {"distribution": "normal", "mean": 232.7708282033912, "std": 3.5432575797617933}, "K1": {"distribution": "normal", "mean": 479.53118777557467, "std": 2.6364416392867187}, "K3": {"distribution": "normal", "mean": 470.03849220681235, "std": 2.284486485504422}}, "compatibleConfigurations": ["K2", "K1", "K3"]}, "O11": {"estimatedTestTime": {"K2": {"distribution": "normal", "mean": 88.30390435332312, "std": 4.799602534848681}, "K1": {"distribution": "normal", "mean": 224.7882015556586, "std": 4.088473447852281}}, "compatibleConfigurations": ["K2", "K1"]}, "O12": {"estimatedTestTime": {"K1": {"distribution": "normal", "mean": 159.036602959278, "std": 3.0397126218713044}, "K3": {"distribution": "normal", "mean": 367.48424966644495, "std": 2.9404416306674657}, "K2": {"distribution": "normal", "mean": 310.0782967710235, "std": 2.8044383502810692}}, "compatibleConfigurations": ["K1", "K3", "K2"]}, "O13": {"estimatedTestTime": {"K3": {"distribution": "normal", "mean": 82.88702266971214, "std": 4.994944390709314}, "K2": {"distribution": "normal", "mean": 490.0681788497239, "std": 3.129485940830898}}, "compatibleConfigurations": ["K3", "K2"]}, "O14": {"estimatedTestTime": {"K2": {"distribution": "normal", "mean": 292.14572545718187, "std": 4.001174118064042}, "K1": {"distribution": "normal", "mean": 112.09007282874506, "std": 3.9949656973345387}, "K3": {"distribution": "normal", "mean": 356.7964195442474, "std": 4.758190754611705}}, "compatibleConfigurations": ["K2", "K1", "K3"]}}}, "products": {"count": 3, "items": {"P1": {"index": 0, "arrival": 0, "quantity": 5, "duedate": 2346.5705764723352, "operations": ["O12", "O9", "O2", "O5", "O7", "O4", "O10", "O8", "O11", "O14", "O13", "O6", "O3", "O1"], "dependencies": [[1, 0], [2, 0], [4, 2], [5, 4], [6, 0], [6, 5], [7, 0], [7, 3], [7, 5], [7, 6], [8, 0], [8, 2], [8, 4], [8, 6], [9, 0], [9, 4], [10, 0], [10, 9], [11, 1], [11, 2], [11, 4], [11, 10], [12, 1], [12, 8], [13, 2], [13, 5], [13, 8], [13, 9], [13, 12]]}, "P2": {"index": 1, "arrival": 69.09980795015812, "quantity": 4, "duedate": 1032.4031283724757, "operations": ["O14", "O4", "O7", "O10", "O5", "O3"], "dependencies": [[2, 1], [3, 2], [4, 2], [5, 0], [5, 3]]}, "P3": {"index": 2, "arrival": 123.40415898965544, "quantity": 4, "duedate": 983.8388823415694, "operations": ["O9", "O1", "O13", "O5", "O14", "O6"], "dependencies": [[3, 0], [3, 1], [4, 1], [4, 2], [5, 0], [5, 3]]}}}}