{"configurations": {"count": 5, "items": {"K1": {"index": 0, "setupTimes": [0, 7, 8, 8, 4]}, "K2": {"index": 1, "setupTimes": [2, 0, 7, 10, 3]}, "K3": {"index": 2, "setupTimes": [0, 9, 0, 2, 4]}, "K4": {"index": 3, "setupTimes": [10, 8, 5, 0, 10]}, "K5": {"index": 4, "setupTimes": [3, 10, 6, 1, 0]}}}, "testers": {"count": 3, "items": {"T1": {"supportedConfigurations": ["K4", "K2", "K5"]}, "T2": {"supportedConfigurations": ["K3", "K1", "K5", "K4"]}, "T3": {"supportedConfigurations": ["K4", "K2", "K1"]}}}, "operations": {"count": 10, "items": {"O1": {"estimatedTestTime": {"K5": {"distribution": "normal", "mean": 16.828431073180994, "std": 2.691939663306863}, "K1": {"distribution": "normal", "mean": 6.032169656614041, "std": 2.333012327555254}}, "compatibleConfigurations": ["K5", "K1"]}, "O2": {"estimatedTestTime": {"K3": {"distribution": "normal", "mean": 26.490491149436473, "std": 4.446826924900451}, "K2": {"distribution": "normal", "mean": 34.33229266428619, "std": 3.86997281688929}, "K5": {"distribution": "normal", "mean": 32.960123244556954, "std": 4.679085425832219}, "K4": {"distribution": "normal", "mean": 48.964775316561216, "std": 2.7277040373765225}, "K1": {"distribution": "normal", "mean": 42.58150662675149, "std": 2.287977759255775}}, "compatibleConfigurations": ["K3", "K2", "K5", "K4", "K1"]}, "O3": {"estimatedTestTime": {"K4": {"distribution": "normal", "mean": 33.54713422126972, "std": 2.469910770215352}, "K3": {"distribution": "normal", "mean": 29.063828358205765, "std": 3.160649038540934}, "K1": {"distribution": "normal", "mean": 13.27838674052397, "std": 4.330414381562947}, "K5": {"distribution": "normal", "mean": 47.065216930037295, "std": 2.3690938328202886}}, "compatibleConfigurations": ["K4", "K3", "K1", "K5"]}, "O4": {"estimatedTestTime": {"K3": {"distribution": "normal", "mean": 28.6872795137974, "std": 2.66666817989511}, "K4": {"distribution": "normal", "mean": 24.935557487236792, "std": 2.2614592671253826}, "K1": {"distribution": "normal", "mean": 25.54504447623221, "std": 2.6224103323515924}}, "compatibleConfigurations": ["K3", "K4", "K1"]}, "O5": {"estimatedTestTime": {"K4": {"distribution": "normal", "mean": 46.56867156292198, "std": 2.7546530401950786}, "K3": {"distribution": "normal", "mean": 9.94109912800865, "std": 2.80286366763407}, "K5": {"distribution": "normal", "mean": 44.58533871213862, "std": 4.903143099070366}, "K2": {"distribution": "normal", "mean": 44.40319309381374, "std": 3.7466253335029647}, "K1": {"distribution": "normal", "mean": 19.127505965309915, "std": 2.615027563964543}}, "compatibleConfigurations": ["K4", "K3", "K5", "K2", "K1"]}, "O6": {"estimatedTestTime": {"K2": {"distribution": "normal", "mean": 14.851222049351627, "std": 4.052600101406274}, "K4": {"distribution": "normal", "mean": 6.208301050560923, "std": 3.157252739878815}, "K3": {"distribution": "normal", "mean": 33.745012631055125, "std": 3.0392554389505624}, "K1": {"distribution": "normal", "mean": 35.92619868196469, "std": 4.389056512461897}}, "compatibleConfigurations": ["K2", "K4", "K3", "K1"]}, "O7": {"estimatedTestTime": {"K5": {"distribution": "normal", "mean": 17.235240840704435, "std": 2.843698624554487}, "K1": {"distribution": "normal", "mean": 25.45487250350856, "std": 2.5393842883901097}, "K4": {"distribution": "normal", "mean": 24.731112598908105, "std": 4.581550706389066}, "K3": {"distribution": "normal", "mean": 14.185598514201706, "std": 3.653174133609799}}, "compatibleConfigurations": ["K5", "K1", "K4", "K3"]}, "O8": {"estimatedTestTime": {"K1": {"distribution": "normal", "mean": 35.4923112945079, "std": 4.0623757275554455}, "K3": {"distribution": "normal", "mean": 4.982639741855218, "std": 3.7506125240303323}}, "compatibleConfigurations": ["K1", "K3"]}, "O9": {"estimatedTestTime": {"K5": {"distribution": "normal", "mean": 35.351505501519604, "std": 4.470213943442427}, "K3": {"distribution": "normal", "mean": 22.78694575485304, "std": 3.2103711600487994}}, "compatibleConfigurations": ["K5", "K3"]}, "O10": {"estimatedTestTime": {"K4": {"distribution": "normal", "mean": 29.95321063602561, "std": 4.759271474230197}, "K2": {"distribution": "normal", "mean": 21.89317943535158, "std": 4.214548313824185}, "K1": {"distribution": "normal", "mean": 6.6335786896276066, "std": 4.976884556267958}, "K5": {"distribution": "normal", "mean": 4.389891198702637, "std": 4.30861011059169}, "K3": {"distribution": "normal", "mean": 28.696450777553274, "std": 4.477476602623808}}, "compatibleConfigurations": ["K4", "K2", "K1", "K5", "K3"]}}}, "products": {"count": 4, "items": {"P1": {"index": 0, "arrival": 0, "quantity": 4, "duedate": 77.68691993732473, "operations": ["O2", "O10"], "dependencies": [[1, 0]]}, "P2": {"index": 1, "arrival": 48.49420766627811, "quantity": 4, "duedate": 108.90385406749942, "operations": ["O10", "O4", "O7"], "dependencies": [[1, 0], [2, 0]]}, "P3": {"index": 2, "arrival": 85.50401645014168, "quantity": 3, "duedate": 153.48592422739256, "operations": ["O8", "O5", "O10"], "dependencies": [[1, 0], [2, 1]]}, "P4": {"index": 3, "arrival": 86.16315648850926, "quantity": 3, "duedate": 135.81203079265188, "operations": ["O9", "O8", "O2", "O1", "O10"], "dependencies": [[1, 0], [3, 2], [4, 0], [4, 2]]}}}}