{"configurations": {"count": 3, "items": {"K1": {"index": 0, "setupTimes": [0, 43, 7]}, "K2": {"index": 1, "setupTimes": [20, 0, 31]}, "K3": {"index": 2, "setupTimes": [58, 26, 0]}}}, "testers": {"count": 3, "items": {"T1": {"supportedConfigurations": ["K1", "K2"]}, "T2": {"supportedConfigurations": ["K1", "K2", "K3"]}, "T3": {"supportedConfigurations": ["K1", "K3", "K2"]}}}, "operations": {"count": 10, "items": {"O1": {"estimatedTestTime": {"K3": {"distribution": "normal", "mean": 349.60015289198844, "std": 4.415085330149905}, "K2": {"distribution": "normal", "mean": 124.22267709431893, "std": 4.337985447071528}, "K1": {"distribution": "normal", "mean": 469.03510708136486, "std": 3.8562202076277696}}, "compatibleConfigurations": ["K3", "K2", "K1"]}, "O2": {"estimatedTestTime": {"K2": {"distribution": "normal", "mean": 102.742369704958, "std": 2.7451446408663993}, "K1": {"distribution": "normal", "mean": 177.57786508502141, "std": 2.015507265808787}, "K3": {"distribution": "normal", "mean": 231.77896826927494, "std": 3.580455293639523}}, "compatibleConfigurations": ["K2", "K1", "K3"]}, "O3": {"estimatedTestTime": {"K3": {"distribution": "normal", "mean": 322.12726133466873, "std": 3.896514875374866}, "K1": {"distribution": "normal", "mean": 422.0955610021517, "std": 4.969008133630412}, "K2": {"distribution": "normal", "mean": 475.69135388581054, "std": 3.623562101315997}}, "compatibleConfigurations": ["K3", "K1", "K2"]}, "O4": {"estimatedTestTime": {"K3": {"distribution": "normal", "mean": 322.8083681724137, "std": 2.117731280128705}, "K1": {"distribution": "normal", "mean": 222.1754614039333, "std": 3.6367283063293456}}, "compatibleConfigurations": ["K3", "K1"]}, "O5": {"estimatedTestTime": {"K3": {"distribution": "normal", "mean": 471.09949435983344, "std": 3.2459008669353464}, "K1": {"distribution": "normal", "mean": 92.96025283472079, "std": 4.13870120929225}, "K2": {"distribution": "normal", "mean": 106.43532939972387, "std": 4.988285010313486}}, "compatibleConfigurations": ["K3", "K1", "K2"]}, "O6": {"estimatedTestTime": {"K1": {"distribution": "normal", "mean": 119.66354900938182, "std": 3.5772255707505245}, "K2": {"distribution": "normal", "mean": 13.631661215327577, "std": 2.3856141970905016}}, "compatibleConfigurations": ["K1", "K2"]}, "O7": {"estimatedTestTime": {"K2": {"distribution": "normal", "mean": 331.3643520993277, "std": 2.5593446368845276}, "K1": {"distribution": "normal", "mean": 232.1136920935984, "std": 3.934355792464267}}, "compatibleConfigurations": ["K2", "K1"]}, "O8": {"estimatedTestTime": {"K1": {"distribution": "normal", "mean": 325.7860201483617, "std": 4.903977785404356}, "K2": {"distribution": "normal", "mean": 7.443542155862833, "std": 4.515527689364218}, "K3": {"distribution": "normal", "mean": 416.68794537446087, "std": 3.016638137470651}}, "compatibleConfigurations": ["K1", "K2", "K3"]}, "O9": {"estimatedTestTime": {"K1": {"distribution": "normal", "mean": 417.8532234853479, "std": 3.024066138222562}, "K2": {"distribution": "normal", "mean": 490.9911446948804, "std": 4.898301590814235}}, "compatibleConfigurations": ["K1", "K2"]}, "O10": {"estimatedTestTime": {"K2": {"distribution": "normal", "mean": 448.72358437164286, "std": 4.982359809341489}, "K3": {"distribution": "normal", "mean": 410.4696764278215, "std": 2.4554928376850174}}, "compatibleConfigurations": ["K2", "K3"]}}}, "products": {"count": 5, "items": {"P1": {"index": 0, "arrival": 0, "quantity": 3, "duedate": 994.2024666882212, "operations": ["O5", "O9", "O2", "O6", "O10", "O1", "O7"], "dependencies": [[2, 1], [3, 0], [3, 1], [4, 1], [4, 3], [5, 1], [6, 5]]}, "P2": {"index": 1, "arrival": 94.61220933949232, "quantity": 5, "duedate": 2803.644653620598, "operations": ["O9", "O1", "O3", "O6", "O5", "O7", "O4", "O8", "O10", "O2"], "dependencies": [[2, 0], [2, 1], [4, 2], [4, 3], [5, 3], [6, 1], [7, 0], [7, 2], [7, 5], [7, 6], [8, 4], [8, 5], [8, 7], [9, 0], [9, 1], [9, 2], [9, 3], [9, 5], [9, 7], [9, 8]]}, "P3": {"index": 2, "arrival": 182.27454657075475, "quantity": 3, "duedate": 1289.8453925339436, "operations": ["O5", "O3", "O9", "O4", "O8", "O6", "O2", "O10", "O1", "O7"], "dependencies": [[2, 0], [3, 0], [4, 3], [5, 0], [5, 2], [7, 0], [7, 5], [8, 0], [8, 1], [8, 2], [8, 3], [8, 6], [9, 0], [9, 5]]}, "P4": {"index": 3, "arrival": 250.0260748495254, "quantity": 5, "duedate": 1617.3821745586974, "operations": ["O6", "O2", "O7", "O8", "O9", "O1", "O4"], "dependencies": [[3, 1], [3, 0], [5, 2], [5, 0], [6, 5], [6, 4]]}, "P5": {"index": 4, "arrival": 348.01724830626983, "quantity": 3, "duedate": 980.8207414603512, "operations": ["O8", "O6", "O9", "O5", "O4"], "dependencies": [[2, 0], [4, 0], [4, 3], [4, 1]]}}}}