{"configurations": {"count": 4, "items": {"K1": {"index": 0, "setupTimes": [0, 17, 5, 55]}, "K2": {"index": 1, "setupTimes": [46, 0, 47, 32]}, "K3": {"index": 2, "setupTimes": [31, 26, 0, 34]}, "K4": {"index": 3, "setupTimes": [38, 46, 53, 0]}}}, "testers": {"count": 3, "items": {"T1": {"supportedConfigurations": ["K1", "K3", "K2", "K4"]}, "T2": {"supportedConfigurations": ["K3", "K4", "K2"]}, "T3": {"supportedConfigurations": ["K3", "K2", "K1"]}}}, "operations": {"count": 12, "items": {"O1": {"estimatedTestTime": {"K3": {"distribution": "normal", "mean": 121.83012489811642, "std": 2.1242983951320973}, "K2": {"distribution": "normal", "mean": 419.0275844530309, "std": 3.2162804780066914}}, "compatibleConfigurations": ["K3", "K2"]}, "O2": {"estimatedTestTime": {"K3": {"distribution": "normal", "mean": 371.09023671895784, "std": 2.905069864561875}, "K1": {"distribution": "normal", "mean": 66.84138498957311, "std": 3.6095725779794883}, "K4": {"distribution": "normal", "mean": 373.66900781641965, "std": 4.508494922307057}, "K2": {"distribution": "normal", "mean": 290.0140649208457, "std": 2.6692196163210435}}, "compatibleConfigurations": ["K3", "K1", "K4", "K2"]}, "O3": {"estimatedTestTime": {"K4": {"distribution": "normal", "mean": 6.708359241614858, "std": 2.3272819551949713}, "K3": {"distribution": "normal", "mean": 155.31088577600212, "std": 2.069069464474333}, "K1": {"distribution": "normal", "mean": 137.33896397703512, "std": 2.6252152814477854}, "K2": {"distribution": "normal", "mean": 264.8413029136112, "std": 4.080832525970184}}, "compatibleConfigurations": ["K4", "K3", "K1", "K2"]}, "O4": {"estimatedTestTime": {"K3": {"distribution": "normal", "mean": 216.17170905716878, "std": 3.91804035756369}, "K4": {"distribution": "normal", "mean": 282.09804902127115, "std": 3.1535435812060433}}, "compatibleConfigurations": ["K3", "K4"]}, "O5": {"estimatedTestTime": {"K2": {"distribution": "normal", "mean": 330.6557087950686, "std": 3.2252174663812396}, "K3": {"distribution": "normal", "mean": 126.0294891070209, "std": 4.081818168883001}, "K4": {"distribution": "normal", "mean": 404.68742152875103, "std": 4.7544746739071595}, "K1": {"distribution": "normal", "mean": 29.76770810324415, "std": 4.480181573479699}}, "compatibleConfigurations": ["K2", "K3", "K4", "K1"]}, "O6": {"estimatedTestTime": {"K4": {"distribution": "normal", "mean": 359.7729536690944, "std": 2.2661694431077493}, "K3": {"distribution": "normal", "mean": 64.97887408983144, "std": 4.062166765605024}, "K2": {"distribution": "normal", "mean": 435.7046757478684, "std": 3.207935623325263}}, "compatibleConfigurations": ["K4", "K3", "K2"]}, "O7": {"estimatedTestTime": {"K3": {"distribution": "normal", "mean": 125.16100982813524, "std": 4.57960111066276}, "K4": {"distribution": "normal", "mean": 124.08238271390294, "std": 4.939012172013471}}, "compatibleConfigurations": ["K3", "K4"]}, "O8": {"estimatedTestTime": {"K2": {"distribution": "normal", "mean": 352.7316855930367, "std": 2.8201817166181815}, "K1": {"distribution": "normal", "mean": 116.47619499169429, "std": 3.42813999239694}}, "compatibleConfigurations": ["K2", "K1"]}, "O9": {"estimatedTestTime": {"K4": {"distribution": "normal", "mean": 120.13245505601344, "std": 4.328735394886695}, "K2": {"distribution": "normal", "mean": 297.6317439438304, "std": 4.182779173848683}, "K1": {"distribution": "normal", "mean": 400.9416425461822, "std": 4.6228366630801565}}, "compatibleConfigurations": ["K4", "K2", "K1"]}, "O10": {"estimatedTestTime": {"K2": {"distribution": "normal", "mean": 4.82357004638285, "std": 2.4428610794931354}, "K1": {"distribution": "normal", "mean": 102.37917275419424, "std": 4.10325390783853}, "K3": {"distribution": "normal", "mean": 420.8855046616231, "std": 4.134399509166954}}, "compatibleConfigurations": ["K2", "K1", "K3"]}, "O11": {"estimatedTestTime": {"K1": {"distribution": "normal", "mean": 99.87874609004102, "std": 4.707140286656328}, "K4": {"distribution": "normal", "mean": 232.37054141646996, "std": 3.9167764820485886}}, "compatibleConfigurations": ["K1", "K4"]}, "O12": {"estimatedTestTime": {"K2": {"distribution": "normal", "mean": 138.69691033938585, "std": 3.9772927474693804}, "K4": {"distribution": "normal", "mean": 272.64929401342044, "std": 3.438814931791796}}, "compatibleConfigurations": ["K2", "K4"]}}}, "products": {"count": 7, "items": {"P1": {"index": 0, "arrival": 0, "quantity": 2, "duedate": 703.4303104394138, "operations": ["O12", "O1", "O6", "O11", "O3"], "dependencies": [[2, 1], [4, 2], [4, 3], [4, 0]]}, "P2": {"index": 1, "arrival": 99.21732080623492, "quantity": 4, "duedate": 1170.4477410041163, "operations": ["O10", "O7", "O12", "O2", "O3", "O4", "O6"], "dependencies": [[2, 0], [2, 1], [3, 1], [4, 3], [5, 0], [5, 4], [6, 0], [6, 3]]}, "P3": {"index": 2, "arrival": 153.6359629481688, "quantity": 3, "duedate": 1057.1863892419922, "operations": ["O3", "O1", "O11", "O2", "O5", "O9", "O10"], "dependencies": [[1, 0], [3, 0], [4, 3], [5, 1], [5, 2], [5, 4], [6, 0]]}, "P4": {"index": 3, "arrival": 234.88653657911948, "quantity": 4, "duedate": 1372.0764444447168, "operations": ["O4", "O1", "O7", "O6", "O10", "O12", "O3"], "dependencies": [[2, 1], [3, 2], [4, 0], [4, 3], [5, 2], [6, 2]]}, "P5": {"index": 4, "arrival": 302.7762695411575, "quantity": 3, "duedate": 964.5663192801389, "operations": ["O5", "O8", "O11", "O12", "O6"], "dependencies": [[2, 1], [2, 0], [3, 1], [4, 2]]}, "P6": {"index": 5, "arrival": 381.48877649418887, "quantity": 3, "duedate": 1341.6392942613884, "operations": ["O12", "O11", "O9", "O3", "O1", "O8", "O2", "O5", "O10"], "dependencies": [[2, 1], [3, 0], [3, 2], [5, 1], [5, 4], [6, 0], [6, 1], [6, 4], [6, 5], [7, 1], [7, 6], [8, 0], [8, 1], [8, 2], [8, 5]]}, "P7": {"index": 6, "arrival": 447.89802842268546, "quantity": 4, "duedate": 2311.1350573882896, "operations": ["O4", "O6", "O11", "O5", "O3", "O10", "O2", "O9", "O1", "O7", "O12", "O8"], "dependencies": [[1, 0], [4, 2], [5, 0], [5, 1], [5, 2], [6, 1], [6, 3], [7, 1], [7, 4], [8, 0], [8, 1], [8, 2], [8, 4], [8, 5], [9, 1], [10, 2], [10, 4], [10, 8], [10, 9], [11, 0], [11, 4], [11, 10]]}}}}