{"configurations": {"count": 3, "items": {"K1": {"index": 0, "setupTimes": [0, 54, 5]}, "K2": {"index": 1, "setupTimes": [43, 0, 37]}, "K3": {"index": 2, "setupTimes": [41, 49, 0]}}}, "testers": {"count": 5, "items": {"T1": {"supportedConfigurations": ["K1", "K2"]}, "T2": {"supportedConfigurations": ["K3", "K1", "K2"]}, "T3": {"supportedConfigurations": ["K1", "K2"]}, "T4": {"supportedConfigurations": ["K2", "K1"]}, "T5": {"supportedConfigurations": ["K3", "K1", "K2"]}}}, "operations": {"count": 15, "items": {"O1": {"estimatedTestTime": {"K2": {"distribution": "normal", "mean": 356.6626706452737, "std": 4.671127732248928}, "K1": {"distribution": "normal", "mean": 185.5581509436401, "std": 4.4566755596306304}, "K3": {"distribution": "normal", "mean": 251.19451813219683, "std": 3.5034970028484826}}, "compatibleConfigurations": ["K2", "K1", "K3"]}, "O2": {"estimatedTestTime": {"K1": {"distribution": "normal", "mean": 21.41364272148037, "std": 2.556088007530121}, "K2": {"distribution": "normal", "mean": 238.09040728459712, "std": 3.252179335152415}, "K3": {"distribution": "normal", "mean": 67.31825339553052, "std": 2.9977150101188994}}, "compatibleConfigurations": ["K1", "K2", "K3"]}, "O3": {"estimatedTestTime": {"K1": {"distribution": "normal", "mean": 419.460652971548, "std": 3.5850809755917115}, "K2": {"distribution": "normal", "mean": 75.81102630943789, "std": 2.390209569314501}, "K3": {"distribution": "normal", "mean": 480.97475665189364, "std": 4.678600530049172}}, "compatibleConfigurations": ["K1", "K2", "K3"]}, "O4": {"estimatedTestTime": {"K1": {"distribution": "normal", "mean": 355.55255697543885, "std": 4.12625860724015}, "K2": {"distribution": "normal", "mean": 409.1960683219076, "std": 4.218707174961542}}, "compatibleConfigurations": ["K1", "K2"]}, "O5": {"estimatedTestTime": {"K3": {"distribution": "normal", "mean": 234.31031528559492, "std": 2.7793449665775154}, "K1": {"distribution": "normal", "mean": 331.6754576103014, "std": 2.6761219331133237}}, "compatibleConfigurations": ["K3", "K1"]}, "O6": {"estimatedTestTime": {"K1": {"distribution": "normal", "mean": 230.9943970966263, "std": 2.0337168919686803}, "K2": {"distribution": "normal", "mean": 207.07437293862858, "std": 4.691116951553289}, "K3": {"distribution": "normal", "mean": 274.4737014837353, "std": 2.3260244329484214}}, "compatibleConfigurations": ["K1", "K2", "K3"]}, "O7": {"estimatedTestTime": {"K1": {"distribution": "normal", "mean": 408.7729597345542, "std": 4.52669381507362}, "K2": {"distribution": "normal", "mean": 442.14117721072324, "std": 3.109909349560473}, "K3": {"distribution": "normal", "mean": 298.0287344778547, "std": 4.207566463092302}}, "compatibleConfigurations": ["K1", "K2", "K3"]}, "O8": {"estimatedTestTime": {"K1": {"distribution": "normal", "mean": 47.169862104324565, "std": 3.9680726652102742}, "K2": {"distribution": "normal", "mean": 481.4596780062981, "std": 3.273090004373641}}, "compatibleConfigurations": ["K1", "K2"]}, "O9": {"estimatedTestTime": {"K1": {"distribution": "normal", "mean": 309.85805300281226, "std": 2.7139163353105347}, "K2": {"distribution": "normal", "mean": 94.99627890134298, "std": 3.0555810809885817}}, "compatibleConfigurations": ["K1", "K2"]}, "O10": {"estimatedTestTime": {"K2": {"distribution": "normal", "mean": 461.92939809770746, "std": 3.5405538258474483}, "K1": {"distribution": "normal", "mean": 4.835832025626538, "std": 2.939148711244199}}, "compatibleConfigurations": ["K2", "K1"]}, "O11": {"estimatedTestTime": {"K2": {"distribution": "normal", "mean": 89.30380211694535, "std": 2.4616070352582224}, "K3": {"distribution": "normal", "mean": 481.2349399648207, "std": 4.199222415758148}}, "compatibleConfigurations": ["K2", "K3"]}, "O12": {"estimatedTestTime": {"K2": {"distribution": "normal", "mean": 335.54121289479696, "std": 2.851750806070572}, "K1": {"distribution": "normal", "mean": 102.58863365416126, "std": 3.919349846957286}}, "compatibleConfigurations": ["K2", "K1"]}, "O13": {"estimatedTestTime": {"K3": {"distribution": "normal", "mean": 160.39561410266876, "std": 2.9105786186747893}, "K1": {"distribution": "normal", "mean": 252.5411349655533, "std": 3.775139878657791}, "K2": {"distribution": "normal", "mean": 101.95152691744691, "std": 2.1038744411635872}}, "compatibleConfigurations": ["K3", "K1", "K2"]}, "O14": {"estimatedTestTime": {"K2": {"distribution": "normal", "mean": 54.23651223421015, "std": 2.1728491145756155}, "K3": {"distribution": "normal", "mean": 114.97184368075725, "std": 2.8988242010613425}}, "compatibleConfigurations": ["K2", "K3"]}, "O15": {"estimatedTestTime": {"K1": {"distribution": "normal", "mean": 142.288545120167, "std": 4.313476251406092}, "K2": {"distribution": "normal", "mean": 158.31247777525795, "std": 3.8991548528018525}}, "compatibleConfigurations": ["K1", "K2"]}}}, "products": {"count": 2, "items": {"P1": {"index": 0, "arrival": 0, "quantity": 4, "duedate": 1868.5543072468906, "operations": ["O7", "O12", "O9", "O2", "O6", "O5", "O10", "O13", "O3", "O1", "O4", "O14", "O15", "O11", "O8"], "dependencies": [[5, 0], [5, 2], [5, 3], [6, 0], [6, 4], [6, 5], [7, 1], [7, 3], [7, 4], [8, 4], [8, 5], [9, 1], [9, 4], [9, 6], [9, 7], [9, 8], [10, 1], [10, 9], [11, 0], [12, 2], [12, 10], [13, 7], [13, 10], [14, 1], [14, 3], [14, 5], [14, 6]]}, "P2": {"index": 1, "arrival": 88.25923217600439, "quantity": 2, "duedate": 635.4871497189934, "operations": ["O15", "O5", "O10", "O12", "O11", "O13", "O14", "O6"], "dependencies": [[3, 2], [4, 0], [5, 1], [6, 0], [6, 1], [6, 4], [6, 5], [7, 1], [7, 2]]}}}}