{"configurations": {"count": 5, "items": {"K1": {"index": 0, "setupTimes": [0, 5, 5, 5, 5]}, "K2": {"index": 1, "setupTimes": [5, 0, 5, 5, 5]}, "K3": {"index": 2, "setupTimes": [5, 5, 0, 5, 5]}, "K4": {"index": 3, "setupTimes": [5, 5, 5, 0, 5]}, "K5": {"index": 4, "setupTimes": [5, 5, 5, 5, 0]}}}, "testers": {"count": 5, "items": {"T1": {"supportedConfigurations": ["K2", "K5"]}, "T2": {"supportedConfigurations": ["K1", "K2", "K4"]}, "T3": {"supportedConfigurations": ["K1", "K5"]}, "T4": {"supportedConfigurations": ["K1", "K3"]}, "T5": {"supportedConfigurations": ["K3", "K5"]}}}, "operations": {"count": 15, "items": {"O1": {"estimatedTestTime": {"K2": {"distribution": "normal", "mean": 39.46404816558383, "std": 3.669396761080201}, "K5": {"distribution": "normal", "mean": 36.14318689484546, "std": 4.527590015997271}, "K4": {"distribution": "normal", "mean": 8.687742937725679, "std": 4.488385922273691}, "K1": {"distribution": "normal", "mean": 3.525144488380432, "std": 2.3772530907683462}, "K3": {"distribution": "normal", "mean": 27.662726900868904, "std": 3.8012373163091278}}, "compatibleConfigurations": ["K2", "K5", "K4", "K1", "K3"]}, "O2": {"estimatedTestTime": {"K5": {"distribution": "normal", "mean": 46.81968329225612, "std": 4.881977143703667}, "K3": {"distribution": "normal", "mean": 4.189600699765236, "std": 4.0541297768277085}, "K4": {"distribution": "normal", "mean": 37.543970082298856, "std": 3.8135629698977738}, "K2": {"distribution": "normal", "mean": 43.50314495409038, "std": 3.3269004595528147}, "K1": {"distribution": "normal", "mean": 40.445903887644505, "std": 2.961280984938107}}, "compatibleConfigurations": ["K5", "K3", "K4", "K2", "K1"]}, "O3": {"estimatedTestTime": {"K4": {"distribution": "normal", "mean": 9.419707953295605, "std": 4.827241177659048}, "K1": {"distribution": "normal", "mean": 18.252697809764896, "std": 2.1060294301102074}, "K5": {"distribution": "normal", "mean": 24.707169640584564, "std": 3.7599153752189687}, "K3": {"distribution": "normal", "mean": 27.284403924782303, "std": 3.7855006677152154}, "K2": {"distribution": "normal", "mean": 16.574999082373633, "std": 4.23863927272585}}, "compatibleConfigurations": ["K4", "K1", "K5", "K3", "K2"]}, "O4": {"estimatedTestTime": {"K5": {"distribution": "normal", "mean": 35.38481211081805, "std": 4.149396564574874}, "K1": {"distribution": "normal", "mean": 42.78642124845576, "std": 2.4967564520297736}, "K3": {"distribution": "normal", "mean": 5.839352855525494, "std": 3.820993248582652}, "K2": {"distribution": "normal", "mean": 31.498190520464505, "std": 3.502248829692929}, "K4": {"distribution": "normal", "mean": 31.182096814893917, "std": 4.899991053364282}}, "compatibleConfigurations": ["K5", "K1", "K3", "K2", "K4"]}, "O5": {"estimatedTestTime": {"K4": {"distribution": "normal", "mean": 20.229978215445612, "std": 3.391899419994252}, "K2": {"distribution": "normal", "mean": 5.454624539921252, "std": 2.642790914735672}, "K3": {"distribution": "normal", "mean": 13.921293051356114, "std": 2.6089105346189823}, "K5": {"distribution": "normal", "mean": 24.475538083786265, "std": 4.498244443222662}, "K1": {"distribution": "normal", "mean": 42.80585427369331, "std": 3.28144269559221}}, "compatibleConfigurations": ["K4", "K2", "K3", "K5", "K1"]}, "O6": {"estimatedTestTime": {"K4": {"distribution": "normal", "mean": 17.35365156549571, "std": 4.101363864320194}, "K2": {"distribution": "normal", "mean": 8.343014428294557, "std": 4.71458760012719}, "K3": {"distribution": "normal", "mean": 35.7189864057089, "std": 4.828644396526954}, "K1": {"distribution": "normal", "mean": 31.446955286743144, "std": 2.1723825844803093}, "K5": {"distribution": "normal", "mean": 39.399213968589635, "std": 2.099387939906526}}, "compatibleConfigurations": ["K4", "K2", "K3", "K1", "K5"]}, "O7": {"estimatedTestTime": {"K4": {"distribution": "normal", "mean": 5.917623032701261, "std": 2.394162448331861}, "K5": {"distribution": "normal", "mean": 30.378482256117696, "std": 4.084831341194548}, "K2": {"distribution": "normal", "mean": 17.625865760599353, "std": 3.21660094086897}, "K1": {"distribution": "normal", "mean": 16.561782578973087, "std": 4.887582839118454}, "K3": {"distribution": "normal", "mean": 39.94462878123292, "std": 4.376342341894587}}, "compatibleConfigurations": ["K4", "K5", "K2", "K1", "K3"]}, "O8": {"estimatedTestTime": {"K4": {"distribution": "normal", "mean": 48.28857550283795, "std": 3.7540957372880066}, "K2": {"distribution": "normal", "mean": 42.83758366170882, "std": 4.499124498183253}, "K3": {"distribution": "normal", "mean": 43.797701704738536, "std": 2.6009766860277708}, "K1": {"distribution": "normal", "mean": 35.5628107065216, "std": 4.270733357733544}, "K5": {"distribution": "normal", "mean": 3.972638683253326, "std": 4.4892273109452745}}, "compatibleConfigurations": ["K4", "K2", "K3", "K1", "K5"]}, "O9": {"estimatedTestTime": {"K4": {"distribution": "normal", "mean": 30.042129669259268, "std": 4.935006383497127}, "K2": {"distribution": "normal", "mean": 13.732496984617468, "std": 2.3107805576983296}, "K3": {"distribution": "normal", "mean": 45.55941533814861, "std": 2.5188329961661653}, "K1": {"distribution": "normal", "mean": 9.923912610527905, "std": 2.551334644781308}, "K5": {"distribution": "normal", "mean": 9.519319507225015, "std": 2.064106515225664}}, "compatibleConfigurations": ["K4", "K2", "K3", "K1", "K5"]}, "O10": {"estimatedTestTime": {"K2": {"distribution": "normal", "mean": 17.562981981459075, "std": 4.674799292369259}, "K1": {"distribution": "normal", "mean": 27.221814000613676, "std": 3.573632432994646}, "K5": {"distribution": "normal", "mean": 3.5845684870829135, "std": 4.560986955277452}, "K3": {"distribution": "normal", "mean": 39.90031317145128, "std": 2.1488172977783284}, "K4": {"distribution": "normal", "mean": 6.530823021127574, "std": 2.4348947244620613}}, "compatibleConfigurations": ["K2", "K1", "K5", "K3", "K4"]}, "O11": {"estimatedTestTime": {"K1": {"distribution": "normal", "mean": 43.29272441994362, "std": 4.796757956706995}, "K5": {"distribution": "normal", "mean": 29.951007715180058, "std": 4.619382782428636}, "K4": {"distribution": "normal", "mean": 42.6903649302508, "std": 3.1496492161766962}, "K2": {"distribution": "normal", "mean": 33.78741429408008, "std": 2.610738846013601}, "K3": {"distribution": "normal", "mean": 44.81611566888934, "std": 4.2903449422125375}}, "compatibleConfigurations": ["K1", "K5", "K4", "K2", "K3"]}, "O12": {"estimatedTestTime": {"K2": {"distribution": "normal", "mean": 42.85958302081126, "std": 3.7948341986537564}, "K3": {"distribution": "normal", "mean": 8.695732326342679, "std": 2.5836351285012986}, "K1": {"distribution": "normal", "mean": 25.092540949302247, "std": 4.665520965913142}, "K4": {"distribution": "normal", "mean": 28.453083607632724, "std": 2.183833762128477}, "K5": {"distribution": "normal", "mean": 24.635814001256538, "std": 2.3615791318676482}}, "compatibleConfigurations": ["K2", "K3", "K1", "K4", "K5"]}, "O13": {"estimatedTestTime": {"K5": {"distribution": "normal", "mean": 22.612963681297067, "std": 3.224598697815641}, "K4": {"distribution": "normal", "mean": 24.247419719940265, "std": 4.0687748570346}, "K2": {"distribution": "normal", "mean": 39.250615732403034, "std": 3.251060366977701}, "K1": {"distribution": "normal", "mean": 9.000560209957417, "std": 3.9526357867274213}, "K3": {"distribution": "normal", "mean": 36.694181056900455, "std": 3.6608727073558347}}, "compatibleConfigurations": ["K5", "K4", "K2", "K1", "K3"]}, "O14": {"estimatedTestTime": {"K2": {"distribution": "normal", "mean": 35.914310526453235, "std": 2.860428839341903}, "K5": {"distribution": "normal", "mean": 22.21193640465311, "std": 2.702437287786716}, "K1": {"distribution": "normal", "mean": 13.445358397859852, "std": 4.886272246889677}, "K3": {"distribution": "normal", "mean": 11.163459015700598, "std": 4.130821908645338}, "K4": {"distribution": "normal", "mean": 41.179682524296055, "std": 3.352283384980286}},