{"configurations": {"count": 2, "items": {"K1": {"index": 0, "setupTimes": [0, 3]}, "K2": {"index": 1, "setupTimes": [10, 0]}}}, "testers": {"count": 5, "items": {"T1": {"supportedConfigurations": ["K2", "K1"]}, "T2": {"supportedConfigurations": ["K1", "K2"]}, "T3": {"supportedConfigurations": ["K2", "K1"]}, "T4": {"supportedConfigurations": ["K2", "K1"]}, "T5": {"supportedConfigurations": ["K1", "K2"]}}}, "operations": {"count": 13, "items": {"O1": {"estimatedTestTime": {"K2": {"distribution": "normal", "mean": 47.67892141010682, "std": 2.717066362054444}, "K1": {"distribution": "normal", "mean": 20.361267624050424, "std": 2.6660880985740807}}, "compatibleConfigurations": ["K2", "K1"]}, "O2": {"estimatedTestTime": {"K2": {"distribution": "normal", "mean": 46.61568429252596, "std": 4.130322913711984}, "K1": {"distribution": "normal", "mean": 4.224707076584803, "std": 3.3398635287237983}}, "compatibleConfigurations": ["K2", "K1"]}, "O3": {"estimatedTestTime": {"K1": {"distribution": "normal", "mean": 35.79424269895434, "std": 2.689258603317393}, "K2": {"distribution": "normal", "mean": 20.603007254663527, "std": 3.7186163148490916}}, "compatibleConfigurations": ["K1", "K2"]}, "O4": {"estimatedTestTime": {"K1": {"distribution": "normal", "mean": 17.82845603016365, "std": 2.0836784126604986}, "K2": {"distribution": "normal", "mean": 16.351651754626616, "std": 4.834436154591355}}, "compatibleConfigurations": ["K1", "K2"]}, "O5": {"estimatedTestTime": {"K2": {"distribution": "normal", "mean": 9.58690243038509, "std": 4.267151389901514}, "K1": {"distribution": "normal", "mean": 9.639196033399305, "std": 4.0631034789835105}}, "compatibleConfigurations": ["K2", "K1"]}, "O6": {"estimatedTestTime": {"K2": {"distribution": "normal", "mean": 8.95243475591187, "std": 2.208495633825821}, "K1": {"distribution": "normal", "mean": 8.266133798514039, "std": 3.9654849676522677}}, "compatibleConfigurations": ["K2", "K1"]}, "O7": {"estimatedTestTime": {"K2": {"distribution": "normal", "mean": 21.2008761160333, "std": 4.097050704208096}, "K1": {"distribution": "normal", "mean": 44.099276797103755, "std": 4.9957215650216185}}, "compatibleConfigurations": ["K2", "K1"]}, "O8": {"estimatedTestTime": {"K2": {"distribution": "normal", "mean": 9.140286438985328, "std": 2.365438657689782}, "K1": {"distribution": "normal", "mean": 48.034941405413136, "std": 2.5089492113626433}}, "compatibleConfigurations": ["K2", "K1"]}, "O9": {"estimatedTestTime": {"K1": {"distribution": "normal", "mean": 28.59298132251037, "std": 3.8513982515169154}, "K2": {"distribution": "normal", "mean": 46.57867426689814, "std": 4.118238731746665}}, "compatibleConfigurations": ["K1", "K2"]}, "O10": {"estimatedTestTime": {"K1": {"distribution": "normal", "mean": 15.645527904635287, "std": 2.762905182037389}, "K2": {"distribution": "normal", "mean": 11.378946461666287, "std": 2.3305420464327953}}, "compatibleConfigurations": ["K1", "K2"]}, "O11": {"estimatedTestTime": {"K1": {"distribution": "normal", "mean": 28.681267266694164, "std": 2.9940005061094825}, "K2": {"distribution": "normal", "mean": 27.783187985838463, "std": 3.588880214013729}}, "compatibleConfigurations": ["K1", "K2"]}, "O12": {"estimatedTestTime": {"K1": {"distribution": "normal", "mean": 2.5817320003964426, "std": 4.475974769900598}, "K2": {"distribution": "normal", "mean": 6.991573918162901, "std": 4.556744127208384}}, "compatibleConfigurations": ["K1", "K2"]}, "O13": {"estimatedTestTime": {"K2": {"distribution": "normal", "mean": 19.09936281017888, "std": 2.731795181522532}, "K1": {"distribution": "normal", "mean": 30.367399485100933, "std": 3.2378306851019363}}, "compatibleConfigurations": ["K2", "K1"]}}}, "products": {"count": 2, "items": {"P1": {"index": 0, "arrival": 0, "quantity": 5, "duedate": 56.63776734276773, "operations": ["O11", "O7", "O12", "O3"], "dependencies": [[2, 0], [2, 1], [3, 0]]}, "P2": {"index": 1, "arrival": 37.23285788862757, "quantity": 4, "duedate": 72.8367804792358, "operations": ["O6", "O8"], "dependencies": [[1, 0]]}}}}