{"configurations": {"count": 5, "items": {"K1": {"index": 0, "setupTimes": [0, 5, 5, 5, 5]}, "K2": {"index": 1, "setupTimes": [5, 0, 5, 5, 5]}, "K3": {"index": 2, "setupTimes": [5, 5, 0, 5, 5]}, "K4": {"index": 3, "setupTimes": [5, 5, 5, 0, 5]}, "K5": {"index": 4, "setupTimes": [5, 5, 5, 5, 0]}}}, "testers": {"count": 5, "items": {"T1": {"supportedConfigurations": ["K5", "K4"]}, "T2": {"supportedConfigurations": ["K1", "K2", "K3"]}, "T3": {"supportedConfigurations": ["K4", "K2"]}, "T4": {"supportedConfigurations": ["K5", "K2"]}, "T5": {"supportedConfigurations": ["K4", "K5"]}}}, "operations": {"count": 15, "items": {"O1": {"estimatedTestTime": {"K1": {"distribution": "normal", "mean": 15.062073766042376, "std": 4.355816681196641}, "K2": {"distribution": "normal", "mean": 12.104894750500497, "std": 4.120657269771879}, "K5": {"distribution": "normal", "mean": 4.421523194796453, "std": 4.992952576536059}, "K4": {"distribution": "normal", "mean": 8.879553510536459, "std": 4.29036437257167}, "K3": {"distribution": "normal", "mean": 29.895877026403546, "std": 4.700456678503818}}, "compatibleConfigurations": ["K1", "K2", "K5", "K4", "K3"]}, "O2": {"estimatedTestTime": {"K3": {"distribution": "normal", "mean": 19.78688195997308, "std": 2.830619538718227}, "K2": {"distribution": "normal", "mean": 30.710412985279074, "std": 3.88957951612818}, "K4": {"distribution": "normal", "mean": 39.4027102200514, "std": 2.732815498612431}, "K1": {"distribution": "normal", "mean": 41.238125637215774, "std": 3.416015901284441}, "K5": {"distribution": "normal", "mean": 48.28182019057621, "std": 4.2430522718723225}}, "compatibleConfigurations": ["K3", "K2", "K4", "K1", "K5"]}, "O3": {"estimatedTestTime": {"K3": {"distribution": "normal", "mean": 6.683546162075762, "std": 2.3363696069305466}, "K5": {"distribution": "normal", "mean": 27.830190021272657, "std": 3.030052481626146}, "K2": {"distribution": "normal", "mean": 30.19786996510993, "std": 4.523559678670964}, "K4": {"distribution": "normal", "mean": 40.45360320064565, "std": 4.693601884519743}, "K1": {"distribution": "normal", "mean": 38.66075552100118, "std": 2.362873597540581}}, "compatibleConfigurations": ["K3", "K5", "K2", "K4", "K1"]}, "O4": {"estimatedTestTime": {"K5": {"distribution": "normal", "mean": 4.641265070077512, "std": 4.326494535989436}, "K2": {"distribution": "normal", "mean": 35.482979802673285, "std": 4.683788280965533}, "K3": {"distribution": "normal", "mean": 6.455857789232496, "std": 2.926988517229892}, "K4": {"distribution": "normal", "mean": 9.407132464196986, "std": 2.8024457582331266}, "K1": {"distribution": "normal", "mean": 15.932004758962739, "std": 2.9652591016288774}}, "compatibleConfigurations": ["K5", "K2", "K3", "K4", "K1"]}, "O5": {"estimatedTestTime": {"K2": {"distribution": "normal", "mean": 10.506479160839937, "std": 3.966919445673262}, "K4": {"distribution": "normal", "mean": 8.72348210638607, "std": 3.209960675294198}, "K5": {"distribution": "normal", "mean": 44.180917890248196, "std": 4.618148234294863}, "K3": {"distribution": "normal", "mean": 6.271707569118552, "std": 3.914636307739301}, "K1": {"distribution": "normal", "mean": 10.152532993710146, "std": 3.7501397967881385}}, "compatibleConfigurations": ["K2", "K4", "K5", "K3", "K1"]}, "O6": {"estimatedTestTime": {"K4": {"distribution": "normal", "mean": 46.51311599885473, "std": 4.4360803411520235}, "K3": {"distribution": "normal", "mean": 29.434420257511935, "std": 4.111788635072418}, "K5": {"distribution": "normal", "mean": 11.30818360591091, "std": 4.924294370491197}, "K1": {"distribution": "normal", "mean": 9.021083455148942, "std": 4.44854219971625}, "K2": {"distribution": "normal", "mean": 7.140208748610119, "std": 2.0353044002901655}}, "compatibleConfigurations": ["K4", "K3", "K5", "K1", "K2"]}, "O7": {"estimatedTestTime": {"K3": {"distribution": "normal", "mean": 24.199807452263254, "std": 4.778818768432526}, "K2": {"distribution": "normal", "mean": 46.10464224679915, "std": 2.5320222791633507}, "K5": {"distribution": "normal", "mean": 46.03427868434891, "std": 3.486197194987835}, "K1": {"distribution": "normal", "mean": 6.114886443601138, "std": 2.2340972409484463}, "K4": {"distribution": "normal", "mean": 3.709454298509776, "std": 4.615991812039681}}, "compatibleConfigurations": ["K3", "K2", "K5", "K1", "K4"]}, "O8": {"estimatedTestTime": {"K1": {"distribution": "normal", "mean": 34.67527693878765, "std": 4.883879311213965}, "K4": {"distribution": "normal", "mean": 2.5593907126753983, "std": 4.145081588502306}, "K3": {"distribution": "normal", "mean": 30.65355172624247, "std": 4.822687065198197}, "K5": {"distribution": "normal", "mean": 19.264928082476175, "std": 3.2224619091615265}, "K2": {"distribution": "normal", "mean": 22.506089426514947, "std": 2.5391066061209946}}, "compatibleConfigurations": ["K1", "K4", "K3", "K5", "K2"]}, "O9": {"estimatedTestTime": {"K3": {"distribution": "normal", "mean": 17.284643763957284, "std": 3.817018915604728}, "K4": {"distribution": "normal", "mean": 2.1393732113442816, "std": 4.924010575841027}, "K2": {"distribution": "normal", "mean": 40.48529957765419, "std": 4.424207513874373}, "K5": {"distribution": "normal", "mean": 18.9076970444657, "std": 2.90694604712991}, "K1": {"distribution": "normal", "mean": 21.467879117744836, "std": 4.386391882977467}}, "compatibleConfigurations": ["K3", "K4", "K2", "K5", "K1"]}, "O10": {"estimatedTestTime": {"K3": {"distribution": "normal", "mean": 27.468820059215993, "std": 2.1806592634807274}, "K5": {"distribution": "normal", "mean": 36.020537074922814, "std": 3.8575536963629244}, "K2": {"distribution": "normal", "mean": 49.48236359197838, "std": 4.812026514101808}, "K4": {"distribution": "normal", "mean": 39.099367389267705, "std": 3.273984386079517}, "K1": {"distribution": "normal", "mean": 22.62292718007083, "std": 2.7064903724737888}}, "compatibleConfigurations": ["K3", "K5", "K2", "K4", "K1"]}, "O11": {"estimatedTestTime": {"K3": {"distribution": "normal", "mean": 41.88812601061664, "std": 3.436315551621652}, "K2": {"distribution": "normal", "mean": 9.217345805989924, "std": 2.7198335839672483}, "K4": {"distribution": "normal", "mean": 7.616949306753989, "std": 2.3692185534042793}, "K5": {"distribution": "normal", "mean": 3.4468750120971823, "std": 3.568416635339071}, "K1": {"distribution": "normal", "mean": 27.890984205413737, "std": 2.6928796185743007}}, "compatibleConfigurations": ["K3", "K2", "K4", "K5", "K1"]}, "O12": {"estimatedTestTime": {"K2": {"distribution": "normal", "mean": 46.87559183808056, "std": 2.575492107507663}, "K1": {"distribution": "normal", "mean": 2.4669285725968617, "std": 3.735175164735262}, "K4": {"distribution": "normal", "mean": 5.358235845678742, "std": 2.139142029669824}, "K3": {"distribution": "normal", "mean": 49.54736051590862, "std": 3.2984469928766886}, "K5": {"distribution": "normal", "mean": 8.842781671877301, "std": 2.0693730238568593}}, "compatibleConfigurations": ["K2", "K1", "K4", "K3", "K5"]}, "O13": {"estimatedTestTime": {"K4": {"distribution": "normal", "mean": 4.553938726357146, "std": 4.974879870878265}, "K3": {"distribution": "normal", "mean": 37.14626798834113, "std": 3.1950372062044785}, "K5": {"distribution": "normal", "mean": 46.99505215264684, "std": 2.836186823886284}, "K2": {"distribution": "normal", "mean": 15.743499245241056, "std": 2.759466579993787}, "K1": {"distribution": "normal", "mean": 28.121684262431828, "std": 2.7134097770148307}}, "compatibleConfigurations": ["K4", "K3", "K5", "K2", "K1"]}, "O14": {"estimatedTestTime": {"K4": {"distribution": "normal", "mean": 38.96407446578485, "std": 4.101762452752646}, "K3": {"distribution": "normal", "mean": 33.184266834034034, "std": 3.3290849757599448}, "K1": {"distribution": "normal", "mean": 33.499763489589824, "std": 3.2763011109356386}, "K5": {"distribution": "normal", "mean": 9.96677206898257, "std": 4.557146304942149}, "K2": {"distribution": "normal", "mean": 16.492130781696627, "std": 4.572363260491134}},