{"configurations": {"count": 2, "items": {"K1": {"index": 0, "setupTimes": [0, 11]}, "K2": {"index": 1, "setupTimes": [57, 0]}}}, "testers": {"count": 2, "items": {"T1": {"supportedConfigurations": ["K1", "K2"]}, "T2": {"supportedConfigurations": ["K1", "K2"]}}}, "operations": {"count": 11, "items": {"O1": {"estimatedTestTime": {"K2": {"distribution": "normal", "mean": 100.95354288093604, "std": 3.654871573681713}, "K1": {"distribution": "normal", "mean": 183.7373217004448, "std": 4.299351317916649}}, "compatibleConfigurations": ["K2", "K1"]}, "O2": {"estimatedTestTime": {"K1": {"distribution": "normal", "mean": 345.2856099728354, "std": 3.052446495165831}, "K2": {"distribution": "normal", "mean": 410.88152426172786, "std": 4.763239834946926}}, "compatibleConfigurations": ["K1", "K2"]}, "O3": {"estimatedTestTime": {"K1": {"distribution": "normal", "mean": 232.3099447946208, "std": 4.82653700910361}, "K2": {"distribution": "normal", "mean": 322.659411142685, "std": 3.1274104786519126}}, "compatibleConfigurations": ["K1", "K2"]}, "O4": {"estimatedTestTime": {"K2": {"distribution": "normal", "mean": 144.65877666341464, "std": 2.1395698607643916}, "K1": {"distribution": "normal", "mean": 303.6062246594155, "std": 3.7321778200289577}}, "compatibleConfigurations": ["K2", "K1"]}, "O5": {"estimatedTestTime": {"K1": {"distribution": "normal", "mean": 320.5360620529921, "std": 3.703136283034886}, "K2": {"distribution": "normal", "mean": 65.74581496754453, "std": 2.630076626038316}}, "compatibleConfigurations": ["K1", "K2"]}, "O6": {"estimatedTestTime": {"K1": {"distribution": "normal", "mean": 63.24007434635357, "std": 3.115790001584632}, "K2": {"distribution": "normal", "mean": 309.09193940526325, "std": 2.0309963199613086}}, "compatibleConfigurations": ["K1", "K2"]}, "O7": {"estimatedTestTime": {"K2": {"distribution": "normal", "mean": 410.8885684090281, "std": 2.4807777990647106}, "K1": {"distribution": "normal", "mean": 247.20883322975408, "std": 3.4420662524348753}}, "compatibleConfigurations": ["K2", "K1"]}, "O8": {"estimatedTestTime": {"K2": {"distribution": "normal", "mean": 131.72164806890686, "std": 2.273733786394317}, "K1": {"distribution": "normal", "mean": 399.1468260284746, "std": 2.9729494810534027}}, "compatibleConfigurations": ["K2", "K1"]}, "O9": {"estimatedTestTime": {"K2": {"distribution": "normal", "mean": 12.948790416212386, "std": 2.214677027814816}, "K1": {"distribution": "normal", "mean": 352.5428976725515, "std": 2.480180368598656}}, "compatibleConfigurations": ["K2", "K1"]}, "O10": {"estimatedTestTime": {"K2": {"distribution": "normal", "mean": 62.74251992185221, "std": 3.088760722010268}, "K1": {"distribution": "normal", "mean": 181.06457143980379, "std": 4.669701112774896}}, "compatibleConfigurations": ["K2", "K1"]}, "O11": {"estimatedTestTime": {"K1": {"distribution": "normal", "mean": 346.66651773690774, "std": 3.2049486751087546}, "K2": {"distribution": "normal", "mean": 42.358528678014196, "std": 4.247283561002812}}, "compatibleConfigurations": ["K1", "K2"]}}}, "products": {"count": 5, "items": {"P1": {"index": 0, "arrival": 0, "quantity": 2, "duedate": 528.4630813327256, "operations": ["O3", "O1", "O7", "O10", "O4"], "dependencies": [[3, 2], [3, 1], [3, 0], [4, 2]]}, "P2": {"index": 1, "arrival": 70.66956463668424, "quantity": 2, "duedate": 1034.1031180512193, "operations": ["O1", "O6", "O4", "O5", "O11", "O3", "O10", "O8"], "dependencies": [[1, 0], [3, 0], [4, 0], [5, 1], [5, 2], [6, 5], [7, 6]]}, "P3": {"index": 2, "arrival": 120.80487364769068, "quantity": 4, "duedate": 3207.469204983011, "operations": ["O1", "O3", "O11", "O2", "O9", "O7", "O6", "O10", "O5", "O8", "O4"], "dependencies": [[1, 0], [2, 0], [3, 1], [4, 0], [5, 0], [5, 1], [5, 2], [5, 4], [6, 0], [6, 2], [6, 4], [7, 0], [7, 3], [7, 4], [7, 5], [8, 1], [8, 2], [8, 4], [8, 5], [8, 7], [9, 2], [9, 4], [9, 7], [9, 8], [10, 2], [10, 5], [10, 9]]}, "P4": {"index": 3, "arrival": 212.91180270745247, "quantity": 5, "duedate": 2099.009952155562, "operations": ["O6", "O11", "O10", "O4", "O2", "O8", "O1"], "dependencies": [[2, 0], [3, 1], [4, 0], [4, 3], [5, 3], [6, 0]]}, "P5": {"index": 4, "arrival": 263.4617587262854, "quantity": 3, "duedate": 1339.7105717809216, "operations": ["O7", "O11", "O2", "O10", "O5", "O9"], "dependencies": [[2, 1], [4, 2], [4, 0], [5, 2], [5, 3]]}}}}