{"configurations": {"count": 5, "items": {"K1": {"index": 0, "setupTimes": [0, 0, 0, 4, 7]}, "K2": {"index": 1, "setupTimes": [9, 0, 2, 4, 10]}, "K3": {"index": 2, "setupTimes": [2, 0, 0, 9, 1]}, "K4": {"index": 3, "setupTimes": [1, 3, 10, 0, 0]}, "K5": {"index": 4, "setupTimes": [3, 5, 0, 6, 0]}}}, "testers": {"count": 2, "items": {"T1": {"supportedConfigurations": ["K2", "K1", "K3"]}, "T2": {"supportedConfigurations": ["K5", "K1", "K4"]}}}, "operations": {"count": 14, "items": {"O1": {"estimatedTestTime": {"K5": {"distribution": "normal", "mean": 15.809802292892174, "std": 2.149726823173302}, "K4": {"distribution": "normal", "mean": 35.30245348488078, "std": 3.204922342950267}, "K1": {"distribution": "normal", "mean": 2.2903493387976948, "std": 4.025255163488997}}, "compatibleConfigurations": ["K5", "K4", "K1"]}, "O2": {"estimatedTestTime": {"K4": {"distribution": "normal", "mean": 43.07499602417469, "std": 2.668365297975147}, "K3": {"distribution": "normal", "mean": 26.537285283042092, "std": 2.787601316886114}, "K2": {"distribution": "normal", "mean": 33.766673726751925, "std": 4.994910851885723}, "K1": {"distribution": "normal", "mean": 46.96922782774256, "std": 2.7825721398851115}}, "compatibleConfigurations": ["K4", "K3", "K2", "K1"]}, "O3": {"estimatedTestTime": {"K5": {"distribution": "normal", "mean": 21.915710987201216, "std": 2.390809523478943}, "K1": {"distribution": "normal", "mean": 40.130541955516776, "std": 4.166580599111175}, "K2": {"distribution": "normal", "mean": 49.15840199616166, "std": 2.4742712480309668}, "K3": {"distribution": "normal", "mean": 11.220759587771175, "std": 4.362416731208162}, "K4": {"distribution": "normal", "mean": 26.882475598172515, "std": 2.285522712419854}}, "compatibleConfigurations": ["K5", "K1", "K2", "K3", "K4"]}, "O4": {"estimatedTestTime": {"K3": {"distribution": "normal", "mean": 43.028312606063764, "std": 2.9616815530673843}, "K1": {"distribution": "normal", "mean": 49.79374839556473, "std": 2.4745141119764695}, "K5": {"distribution": "normal", "mean": 29.36899590472388, "std": 3.8086321579950897}, "K2": {"distribution": "normal", "mean": 34.98453938318209, "std": 4.407550356116621}}, "compatibleConfigurations": ["K3", "K1", "K5", "K2"]}, "O5": {"estimatedTestTime": {"K2": {"distribution": "normal", "mean": 44.058385313274485, "std": 3.250024755461708}, "K1": {"distribution": "normal", "mean": 36.160946440259494, "std": 3.592572874141177}, "K4": {"distribution": "normal", "mean": 9.009729997257322, "std": 3.1036332905696313}, "K5": {"distribution": "normal", "mean": 26.138131505300525, "std": 3.473856829920425}, "K3": {"distribution": "normal", "mean": 13.654925624819025, "std": 4.805639891343137}}, "compatibleConfigurations": ["K2", "K1", "K4", "K5", "K3"]}, "O6": {"estimatedTestTime": {"K4": {"distribution": "normal", "mean": 38.05077862737525, "std": 2.5933059720187575}, "K2": {"distribution": "normal", "mean": 7.919677719597447, "std": 3.5100416108992474}, "K1": {"distribution": "normal", "mean": 44.4171107853133, "std": 2.651262405542921}, "K3": {"distribution": "normal", "mean": 9.47109494670271, "std": 2.657736767086388}}, "compatibleConfigurations": ["K4", "K2", "K1", "K3"]}, "O7": {"estimatedTestTime": {"K2": {"distribution": "normal", "mean": 31.26380280912217, "std": 2.6160095002283485}, "K5": {"distribution": "normal", "mean": 17.4790957324288, "std": 4.552232653210265}, "K4": {"distribution": "normal", "mean": 37.865374211565246, "std": 2.007478160894112}}, "compatibleConfigurations": ["K2", "K5", "K4"]}, "O8": {"estimatedTestTime": {"K3": {"distribution": "normal", "mean": 39.13559579381895, "std": 3.9582342345293715}, "K2": {"distribution": "normal", "mean": 24.096609460869065, "std": 2.785449522796105}, "K1": {"distribution": "normal", "mean": 12.384211597867363, "std": 4.787811559972573}, "K4": {"distribution": "normal", "mean": 13.485616759629485, "std": 2.529102021266873}}, "compatibleConfigurations": ["K3", "K2", "K1", "K4"]}, "O9": {"estimatedTestTime": {"K5": {"distribution": "normal", "mean": 21.527137310828188, "std": 3.534552327018119}, "K2": {"distribution": "normal", "mean": 26.616678629129105, "std": 3.995083609551455}, "K3": {"distribution": "normal", "mean": 30.44610226107695, "std": 2.3268405833674812}, "K4": {"distribution": "normal", "mean": 11.686122029120735, "std": 4.199333705845872}, "K1": {"distribution": "normal", "mean": 7.8816506354822735, "std": 3.7901588746101913}}, "compatibleConfigurations": ["K5", "K2", "K3", "K4", "K1"]}, "O10": {"estimatedTestTime": {"K2": {"distribution": "normal", "mean": 30.795326272172595, "std": 2.7484124972345154}, "K1": {"distribution": "normal", "mean": 26.197543726344755, "std": 2.3914003877892234}, "K5": {"distribution": "normal", "mean": 13.121992064195606, "std": 3.1852595574724676}}, "compatibleConfigurations": ["K2", "K1", "K5"]}, "O11": {"estimatedTestTime": {"K3": {"distribution": "normal", "mean": 33.68118980505654, "std": 3.376544406901296}, "K4": {"distribution": "normal", "mean": 13.631441496989588, "std": 4.514578739137437}, "K1": {"distribution": "normal", "mean": 9.606954686111868, "std": 2.29123623725259}}, "compatibleConfigurations": ["K3", "K4", "K1"]}, "O12": {"estimatedTestTime": {"K4": {"distribution": "normal", "mean": 40.74500438781776, "std": 3.3604235704208487}, "K2": {"distribution": "normal", "mean": 27.45886318122364, "std": 4.527224056759092}, "K3": {"distribution": "normal", "mean": 40.89289933950434, "std": 4.421548566554056}}, "compatibleConfigurations": ["K4", "K2", "K3"]}, "O13": {"estimatedTestTime": {"K4": {"distribution": "normal", "mean": 10.338093031525396, "std": 2.5906750701866197}, "K2": {"distribution": "normal", "mean": 46.11521321344726, "std": 2.4072002764945717}, "K1": {"distribution": "normal", "mean": 16.73700075368914, "std": 3.6447926225018232}, "K3": {"distribution": "normal", "mean": 26.580561651592554, "std": 3.741851707235017}, "K5": {"distribution": "normal", "mean": 7.222287386078378, "std": 2.9121872242080262}}, "compatibleConfigurations": ["K4", "K2", "K1", "K3", "K5"]}, "O14": {"estimatedTestTime": {"K1": {"distribution": "normal", "mean": 2.7265099902981547, "std": 4.786892982249844}, "K3": {"distribution": "normal", "mean": 17.110123100869547, "std": 3.2248753917331396}, "K2": {"distribution": "normal", "mean": 15.513587984057656, "std": 3.5170140667931453}, "K5": {"distribution": "normal", "mean": 8.459190774721216, "std": 2.5641432005621043}, "K4": {"distribution": "normal", "mean": 32.19312849812812, "std": 2.441008986895163}}, "compatibleConfigurations": ["K1", "K3", "K2", "K5", "K4"]}}}, "products": {"count": 2, "items": {"P1": {"index": 0, "arrival": 0, "quantity": 4, "duedate": 110.24492644899763, "operations": ["O6", "O13", "O7", "O8", "O5"], "dependencies": [[3, 2], [3, 0], [4, 1], [4, 2]]}, "P2": {"index": 1, "arrival": 17.733433930919208, "quantity": 4, "duedate": 122.3539714273248, "operations": ["O7", "O10"], "dependencies": [[1, 0]]}}}}