{"configurations": {"count": 2, "items": {"K1": {"index": 0, "setupTimes": [0, 27]}, "K2": {"index": 1, "setupTimes": [40, 0]}}}, "testers": {"count": 5, "items": {"T1": {"supportedConfigurations": ["K1", "K2"]}, "T2": {"supportedConfigurations": ["K2", "K1"]}, "T3": {"supportedConfigurations": ["K1", "K2"]}, "T4": {"supportedConfigurations": ["K1", "K2"]}, "T5": {"supportedConfigurations": ["K2", "K1"]}}}, "operations": {"count": 12, "items": {"O1": {"estimatedTestTime": {"K1": {"distribution": "normal", "mean": 240.4603571675203, "std": 2.4084208486041985}, "K2": {"distribution": "normal", "mean": 330.7542053208148, "std": 2.827860228650258}}, "compatibleConfigurations": ["K1", "K2"]}, "O2": {"estimatedTestTime": {"K1": {"distribution": "normal", "mean": 184.90070693285242, "std": 3.878517664491349}, "K2": {"distribution": "normal", "mean": 15.169516051809524, "std": 2.5889229215340817}}, "compatibleConfigurations": ["K1", "K2"]}, "O3": {"estimatedTestTime": {"K1": {"distribution": "normal", "mean": 424.6396998738154, "std": 2.5930840816587177}, "K2": {"distribution": "normal", "mean": 448.0887490628402, "std": 4.668270427473836}}, "compatibleConfigurations": ["K1", "K2"]}, "O4": {"estimatedTestTime": {"K1": {"distribution": "normal", "mean": 207.66531126354212, "std": 3.856342387528411}, "K2": {"distribution": "normal", "mean": 341.1094785677734, "std": 2.6563583189197546}}, "compatibleConfigurations": ["K1", "K2"]}, "O5": {"estimatedTestTime": {"K2": {"distribution": "normal", "mean": 369.73687174426203, "std": 2.0474521490863364}, "K1": {"distribution": "normal", "mean": 247.26789284398026, "std": 2.930854465088652}}, "compatibleConfigurations": ["K2", "K1"]}, "O6": {"estimatedTestTime": {"K1": {"distribution": "normal", "mean": 281.78515946399415, "std": 4.272183844468536}, "K2": {"distribution": "normal", "mean": 453.1314080613688, "std": 2.6298673132680817}}, "compatibleConfigurations": ["K1", "K2"]}, "O7": {"estimatedTestTime": {"K1": {"distribution": "normal", "mean": 459.6862407529321, "std": 3.476794674486972}, "K2": {"distribution": "normal", "mean": 6.8953911008640265, "std": 3.5661913004501122}}, "compatibleConfigurations": ["K1", "K2"]}, "O8": {"estimatedTestTime": {"K2": {"distribution": "normal", "mean": 141.4858797940507, "std": 4.398971353577389}, "K1": {"distribution": "normal", "mean": 466.4432737980204, "std": 2.936541654350097}}, "compatibleConfigurations": ["K2", "K1"]}, "O9": {"estimatedTestTime": {"K2": {"distribution": "normal", "mean": 188.81623071876422, "std": 3.576369287398257}, "K1": {"distribution": "normal", "mean": 482.5550130498498, "std": 3.208195228543341}}, "compatibleConfigurations": ["K2", "K1"]}, "O10": {"estimatedTestTime": {"K1": {"distribution": "normal", "mean": 291.86517529507404, "std": 3.7915119167928872}, "K2": {"distribution": "normal", "mean": 256.0752543489233, "std": 4.1621151628165665}}, "compatibleConfigurations": ["K1", "K2"]}, "O11": {"estimatedTestTime": {"K1": {"distribution": "normal", "mean": 104.51667397261977, "std": 4.300447038788823}, "K2": {"distribution": "normal", "mean": 97.12676858694205, "std": 3.7686563127170354}}, "compatibleConfigurations": ["K1", "K2"]}, "O12": {"estimatedTestTime": {"K1": {"distribution": "normal", "mean": 241.37931456550996, "std": 2.0815088387283245}, "K2": {"distribution": "normal", "mean": 448.662676596772, "std": 4.5602320034067265}}, "compatibleConfigurations": ["K1", "K2"]}}}, "products": {"count": 2, "items": {"P1": {"index": 0, "arrival": 0, "quantity": 5, "duedate": 904.4341490587019, "operations": ["O8", "O12", "O7", "O3", "O10", "O4", "O9"], "dependencies": [[2, 1], [3, 1], [4, 0], [4, 1], [6, 5], [6, 4]]}, "P2": {"index": 1, "arrival": 78.46008748101322, "quantity": 2, "duedate": 1810.4260830817934, "operations": ["O12", "O2", "O9", "O7", "O5", "O4", "O10", "O6", "O8", "O3", "O1"], "dependencies": [[1, 0], [3, 0], [4, 1], [4, 3], [5, 0], [5, 3], [5, 4], [6, 1], [6, 4], [7, 0], [7, 5], [7, 6], [8, 1], [8, 3], [8, 7], [9, 0], [9, 5], [10, 0], [10, 1], [10, 2], [10, 3], [10, 7]]}}}}