{"configurations": {"count": 5, "items": {"K1": {"index": 0, "setupTimes": [0, 59, 22, 16, 59]}, "K2": {"index": 1, "setupTimes": [19, 0, 35, 33, 60]}, "K3": {"index": 2, "setupTimes": [30, 36, 0, 50, 13]}, "K4": {"index": 3, "setupTimes": [6, 41, 42, 0, 16]}, "K5": {"index": 4, "setupTimes": [22, 34, 52, 50, 0]}}}, "testers": {"count": 4, "items": {"T1": {"supportedConfigurations": ["K5", "K2"]}, "T2": {"supportedConfigurations": ["K4", "K1", "K2"]}, "T3": {"supportedConfigurations": ["K5", "K4", "K2", "K1", "K3"]}, "T4": {"supportedConfigurations": ["K3", "K2"]}}}, "operations": {"count": 20, "items": {"O1": {"estimatedTestTime": {"K1": {"distribution": "normal", "mean": 436.647679746019, "std": 4.630915613731172}, "K5": {"distribution": "normal", "mean": 125.08662726079086, "std": 2.139933854351217}, "K3": {"distribution": "normal", "mean": 37.81287231580705, "std": 3.1045639754127485}}, "compatibleConfigurations": ["K1", "K5", "K3"]}, "O2": {"estimatedTestTime": {"K3": {"distribution": "normal", "mean": 396.4707133558365, "std": 2.0519287092447476}, "K2": {"distribution": "normal", "mean": 344.37136616311284, "std": 4.463439879078509}, "K5": {"distribution": "normal", "mean": 484.9341403205775, "std": 3.2110604507106792}}, "compatibleConfigurations": ["K3", "K2", "K5"]}, "O3": {"estimatedTestTime": {"K1": {"distribution": "normal", "mean": 252.78217488811697, "std": 4.363079485451761}, "K4": {"distribution": "normal", "mean": 42.79839487391991, "std": 2.892305814897077}, "K5": {"distribution": "normal", "mean": 48.82320233072321, "std": 3.1030723808583587}}, "compatibleConfigurations": ["K1", "K4", "K5"]}, "O4": {"estimatedTestTime": {"K5": {"distribution": "normal", "mean": 80.31840454229146, "std": 4.924803328974225}, "K4": {"distribution": "normal", "mean": 347.5104966694634, "std": 4.333287409118832}, "K3": {"distribution": "normal", "mean": 278.29405700129104, "std": 3.235069828506105}}, "compatibleConfigurations": ["K5", "K4", "K3"]}, "O5": {"estimatedTestTime": {"K2": {"distribution": "normal", "mean": 279.4649166494997, "std": 4.176969787864668}, "K3": {"distribution": "normal", "mean": 101.49710956329898, "std": 2.0382600206490755}}, "compatibleConfigurations": ["K2", "K3"]}, "O6": {"estimatedTestTime": {"K5": {"distribution": "normal", "mean": 59.021352569717614, "std": 2.5616735803486828}, "K3": {"distribution": "normal", "mean": 90.05470418338659, "std": 2.803225506678978}}, "compatibleConfigurations": ["K5", "K3"]}, "O7": {"estimatedTestTime": {"K4": {"distribution": "normal", "mean": 239.30336730107385, "std": 2.7983769806699175}, "K2": {"distribution": "normal", "mean": 202.54733195551577, "std": 2.264350207359294}}, "compatibleConfigurations": ["K4", "K2"]}, "O8": {"estimatedTestTime": {"K5": {"distribution": "normal", "mean": 439.0728401675385, "std": 2.675883284380456}, "K4": {"distribution": "normal", "mean": 355.5126252884222, "std": 4.0278413268549675}, "K1": {"distribution": "normal", "mean": 478.3836716757483, "std": 3.0381318804177813}, "K2": {"distribution": "normal", "mean": 251.80788964115524, "std": 2.690073517500508}, "K3": {"distribution": "normal", "mean": 216.02465737287966, "std": 4.088395211322583}}, "compatibleConfigurations": ["K5", "K4", "K1", "K2", "K3"]}, "O9": {"estimatedTestTime": {"K4": {"distribution": "normal", "mean": 306.3989653319836, "std": 3.9031932695608966}, "K2": {"distribution": "normal", "mean": 262.6370447008704, "std": 4.0622530594730195}, "K3": {"distribution": "normal", "mean": 281.42026439748327, "std": 4.935278639580462}, "K1": {"distribution": "normal", "mean": 157.42806973006697, "std": 2.544577335543301}}, "compatibleConfigurations": ["K4", "K2", "K3", "K1"]}, "O10": {"estimatedTestTime": {"K1": {"distribution": "normal", "mean": 416.66341229622986, "std": 3.08008317936355}, "K3": {"distribution": "normal", "mean": 33.925077177103944, "std": 3.7458631609515227}}, "compatibleConfigurations": ["K1", "K3"]}, "O11": {"estimatedTestTime": {"K5": {"distribution": "normal", "mean": 72.0668897778843, "std": 4.374985564218406}, "K3": {"distribution": "normal", "mean": 403.28188727848953, "std": 4.544816914245943}, "K2": {"distribution": "normal", "mean": 334.24696731010954, "std": 2.9938114031874994}}, "compatibleConfigurations": ["K5", "K3", "K2"]}, "O12": {"estimatedTestTime": {"K1": {"distribution": "normal", "mean": 359.9627759314906, "std": 4.294196168133372}, "K5": {"distribution": "normal", "mean": 161.19447294558057, "std": 3.058450462533792}, "K2": {"distribution": "normal", "mean": 72.04044062547099, "std": 3.0308686160724694}, "K3": {"distribution": "normal", "mean": 95.94947621991254, "std": 2.972582412008073}, "K4": {"distribution": "normal", "mean": 88.47257497742554, "std": 2.285685354487998}}, "compatibleConfigurations": ["K1", "K5", "K2", "K3", "K4"]}, "O13": {"estimatedTestTime": {"K3": {"distribution": "normal", "mean": 25.95350719783417, "std": 4.232565335415439}, "K5": {"distribution": "normal", "mean": 181.74583506044019, "std": 3.9736388877127933}, "K4": {"distribution": "normal", "mean": 235.1924979455924, "std": 2.0149859440384965}, "K1": {"distribution": "normal", "mean": 178.0673042842982, "std": 3.2206800536339495}, "K2": {"distribution": "normal", "mean": 146.75691931567914, "std": 3.6493204690096306}}, "compatibleConfigurations": ["K3", "K5", "K4", "K1", "K2"]}, "O14": {"estimatedTestTime": {"K5": {"distribution": "normal", "mean": 356.70413962315, "std": 2.581337159648745}, "K1": {"distribution": "normal", "mean": 448.104004102378, "std": 2.5536239857462766}}, "compatibleConfigurations": ["K5", "K1"]}, "O15": {"estimatedTestTime": {"K5": {"distribution": "normal", "mean": 346.7812667161821, "std": 3.7271941927174357}, "K1": {"distribution": "normal", "mean": 270.68309368053474, "std": 2.0975229234905233}, "K3": {"distribution": "normal", "mean": 185.7780786920421, "std": 4.606972284428055}, "K4": {"distribution": "normal", "mean": 20.042226034705813, "std": 2.8639097340594315}, "K2": {"distribution": "normal", "mean": 193.56596788431142, "std": 3.5468592466542073}}, "compatibleConfigurations": ["K5", "K1", "K3", "K4", "K2"]}, "O16": {"estimatedTestTime": {"K3": {"distribution": "normal", "mean": 368.51106225757917, "std": 2.9053153009516084}, "K4": {"distribution": "normal", "mean": 141.83042449736124, "std": 4.638555821651796}, "K2": {"distribution": "normal", "mean": 497.7727350931645, "std": 3.57989963010981}}, "compatibleConfigurations": ["K3", "K4", "K2"]}, "O17": {"estimatedTestTime": {"K1": {"distribution": "normal", "mean": 411.2021325990097, "std": 3.6025920677591827}, "K3": {"distribution": "normal", "mean": 322.5652605331391, "std": 4.298852180087666}}, "compatibleConfigurations": ["K1", "K3"]}, "O18": {"estimatedTestTime": {"K1": {"distribution": "normal", "mean": 104.76568991259573, "std": 2.342789534680927}, "K3": {"distribution": "normal", "mean": 405.0319511509735, "std": 4.707424808865154}, "K4": {"distribution": "normal", "mean": 402.774696783892, "std": 4.60277007630642}}, "compatibleConfigurations": ["K1", "K3", "K4"]}, "O19": {"estimatedTestTime": {"K4": {"distribution": "normal", "mean": 98.75261912942956, "std": 2.634533637524087}, "K5": {"distribution": "normal", "mean": 236.97637335645612, "std": 3.728215000564802}, "K2": {"distribution": "normal", "mean": 291.869064278531, "std": 2.6774787052021765}, "K3": {"distribution": "normal", "mean": 42.748821196588906, "std": 2.725360922142855}}, "compatibleConfigurations": ["K4", "K5", "K2", "K3"]}, "O20": {"estimatedTestTime": {"K3": {"distribution": "normal", "mean": 195.50886423269097, "std": 3.0331144375574737}, "K5": {"distribution": "normal", "mean": 119.82385805671292, "std": 3.3071577904897063}}, "compatibleConfigurations": ["K3", "K5"]}}}, "products": {"count": 7, "items": {"P1": {"index": 0, "arrival": 0, "quantity": 2, "duedate": 687.5953660307259, "operations": ["O14", "O11", "O5", "O20", "O18", "O7"], "dependencies": [[2, 1], [2, 0], [3, 0], [4, 0], [5, 1]]}, "P2": {"index": 1,