{"configurations": {"count": 2, "items": {"K1": {"index": 0, "setupTimes": [0, 3]}, "K2": {"index": 1, "setupTimes": [8, 0]}}}, "testers": {"count": 2, "items": {"T1": {"supportedConfigurations": ["K1", "K2"]}, "T2": {"supportedConfigurations": ["K1", "K2"]}}}, "operations": {"count": 17, "items": {"O1": {"estimatedTestTime": {"K2": {"distribution": "normal", "mean": 33.22347210628716, "std": 2.9740653819750555}, "K1": {"distribution": "normal", "mean": 37.69547726806377, "std": 2.394960588143712}}, "compatibleConfigurations": ["K2", "K1"]}, "O2": {"estimatedTestTime": {"K1": {"distribution": "normal", "mean": 41.622619163409446, "std": 2.631180478539154}, "K2": {"distribution": "normal", "mean": 14.308896410917908, "std": 2.4424906035231175}}, "compatibleConfigurations": ["K1", "K2"]}, "O3": {"estimatedTestTime": {"K2": {"distribution": "normal", "mean": 25.777706744608164, "std": 3.027844921767697}, "K1": {"distribution": "normal", "mean": 46.98082270426792, "std": 2.5320617871226236}}, "compatibleConfigurations": ["K2", "K1"]}, "O4": {"estimatedTestTime": {"K2": {"distribution": "normal", "mean": 31.76973744198809, "std": 4.574705022048951}, "K1": {"distribution": "normal", "mean": 28.559797685906954, "std": 2.9514834266423007}}, "compatibleConfigurations": ["K2", "K1"]}, "O5": {"estimatedTestTime": {"K1": {"distribution": "normal", "mean": 41.61886433363276, "std": 2.8313269812404793}, "K2": {"distribution": "normal", "mean": 37.277630023306315, "std": 3.3287151722727915}}, "compatibleConfigurations": ["K1", "K2"]}, "O6": {"estimatedTestTime": {"K2": {"distribution": "normal", "mean": 34.8800267642728, "std": 4.815962593836101}, "K1": {"distribution": "normal", "mean": 35.83676944793599, "std": 4.024747109349275}}, "compatibleConfigurations": ["K2", "K1"]}, "O7": {"estimatedTestTime": {"K1": {"distribution": "normal", "mean": 40.432778607051695, "std": 4.1809790045989415}, "K2": {"distribution": "normal", "mean": 20.83978049779261, "std": 2.858542038968772}}, "compatibleConfigurations": ["K1", "K2"]}, "O8": {"estimatedTestTime": {"K1": {"distribution": "normal", "mean": 34.5478200043382, "std": 2.4107453160166923}, "K2": {"distribution": "normal", "mean": 5.961585688698635, "std": 4.593517263429779}}, "compatibleConfigurations": ["K1", "K2"]}, "O9": {"estimatedTestTime": {"K1": {"distribution": "normal", "mean": 31.19058495031458, "std": 3.1180092780592417}, "K2": {"distribution": "normal", "mean": 26.72042099636103, "std": 3.0186760821806757}}, "compatibleConfigurations": ["K1", "K2"]}, "O10": {"estimatedTestTime": {"K2": {"distribution": "normal", "mean": 24.43489180584721, "std": 3.518163303327337}, "K1": {"distribution": "normal", "mean": 44.21646938606412, "std": 4.656655526949538}}, "compatibleConfigurations": ["K2", "K1"]}, "O11": {"estimatedTestTime": {"K1": {"distribution": "normal", "mean": 4.304888101686769, "std": 4.438437137043711}, "K2": {"distribution": "normal", "mean": 35.97359209501453, "std": 4.5736326729473715}}, "compatibleConfigurations": ["K1", "K2"]}, "O12": {"estimatedTestTime": {"K1": {"distribution": "normal", "mean": 13.54406795347454, "std": 4.13686243125059}, "K2": {"distribution": "normal", "mean": 39.54604821926766, "std": 4.02474043474483}}, "compatibleConfigurations": ["K1", "K2"]}, "O13": {"estimatedTestTime": {"K2": {"distribution": "normal", "mean": 48.39015020484843, "std": 2.2987215775246304}, "K1": {"distribution": "normal", "mean": 17.403081523186408, "std": 3.8785166097948274}}, "compatibleConfigurations": ["K2", "K1"]}, "O14": {"estimatedTestTime": {"K2": {"distribution": "normal", "mean": 8.027393567889485, "std": 2.9918146954323457}, "K1": {"distribution": "normal", "mean": 30.133472070964977, "std": 4.523948288193865}}, "compatibleConfigurations": ["K2", "K1"]}, "O15": {"estimatedTestTime": {"K1": {"distribution": "normal", "mean": 20.7016998764226, "std": 2.6352543494441565}, "K2": {"distribution": "normal", "mean": 41.87144186177221, "std": 2.1662603988029496}}, "compatibleConfigurations": ["K1", "K2"]}, "O16": {"estimatedTestTime": {"K2": {"distribution": "normal", "mean": 3.5685469906351894, "std": 4.651797112989883}, "K1": {"distribution": "normal", "mean": 44.41981447184128, "std": 2.51937759292134}}, "compatibleConfigurations": ["K2", "K1"]}, "O17": {"estimatedTestTime": {"K2": {"distribution": "normal", "mean": 24.236435060596463, "std": 4.887901912154027}, "K1": {"distribution": "normal", "mean": 23.23551265371518, "std": 2.210069032827242}}, "compatibleConfigurations": ["K2", "K1"]}}}, "products": {"count": 5, "items": {"P1": {"index": 0, "arrival": 0, "quantity": 4, "duedate": 153.76673449263583, "operations": ["O2", "O9", "O8"], "dependencies": [[1, 0], [2, 1]]}, "P2": {"index": 1, "arrival": 20.54006957634668, "quantity": 2, "duedate": 81.90182675225205, "operations": ["O7", "O10"], "dependencies": [[1, 0]]}, "P3": {"index": 2, "arrival": 58.97058893754439, "quantity": 5, "duedate": 172.84137786767658, "operations": ["O17", "O16"], "dependencies": [[1, 0]]}, "P4": {"index": 3, "arrival": 61.65748155751467, "quantity": 4, "duedate": 178.65551446121967, "operations": ["O3", "O4", "O12"], "dependencies": [[2, 0], [2, 1]]}, "P5": {"index": 4, "arrival": 80.99220809278256, "quantity": 5, "duedate": 278.6568902177144, "operations": ["O8", "O13", "O11", "O4"], "dependencies": [[2, 1], [3, 2], [3, 0]]}}}}