{"configurations": {"count": 5, "items": {"K1": {"index": 0, "setupTimes": [0, 8, 8, 10, 9]}, "K2": {"index": 1, "setupTimes": [4, 0, 4, 3, 8]}, "K3": {"index": 2, "setupTimes": [1, 2, 0, 4, 5]}, "K4": {"index": 3, "setupTimes": [2, 4, 6, 0, 0]}, "K5": {"index": 4, "setupTimes": [4, 1, 2, 6, 0]}}}, "testers": {"count": 5, "items": {"T1": {"supportedConfigurations": ["K5", "K4"]}, "T2": {"supportedConfigurations": ["K2", "K3"]}, "T3": {"supportedConfigurations": ["K1", "K3"]}, "T4": {"supportedConfigurations": ["K2", "K3"]}, "T5": {"supportedConfigurations": ["K5", "K2"]}}}, "operations": {"count": 20, "items": {"O1": {"estimatedTestTime": {"K3": {"distribution": "normal", "mean": 15.444770693130685, "std": 2.208034466620914}, "K5": {"distribution": "normal", "mean": 20.24119919377946, "std": 3.9594297027763905}, "K4": {"distribution": "normal", "mean": 3.449876597336214, "std": 3.7912305012856935}, "K2": {"distribution": "normal", "mean": 15.419013969910111, "std": 4.417805135344653}, "K1": {"distribution": "normal", "mean": 14.054945071260484, "std": 2.5816043877398283}}, "compatibleConfigurations": ["K3", "K5", "K4", "K2", "K1"]}, "O2": {"estimatedTestTime": {"K2": {"distribution": "normal", "mean": 44.12044547635117, "std": 4.738677925812541}, "K5": {"distribution": "normal", "mean": 27.929690750240262, "std": 4.311406259185711}, "K3": {"distribution": "normal", "mean": 41.956309402907756, "std": 2.6462967285188066}, "K4": {"distribution": "normal", "mean": 6.3484709281473695, "std": 4.013706765324656}, "K1": {"distribution": "normal", "mean": 15.555606489147344, "std": 4.143175365218342}}, "compatibleConfigurations": ["K2", "K5", "K3", "K4", "K1"]}, "O3": {"estimatedTestTime": {"K4": {"distribution": "normal", "mean": 32.925658742861565, "std": 4.596925305658347}, "K1": {"distribution": "normal", "mean": 10.678861765809103, "std": 2.8548316156544846}, "K3": {"distribution": "normal", "mean": 44.606846419561315, "std": 3.422204525036969}, "K5": {"distribution": "normal", "mean": 43.8200858541511, "std": 2.1301938877776925}, "K2": {"distribution": "normal", "mean": 37.54954700864545, "std": 4.90123026008105}}, "compatibleConfigurations": ["K4", "K1", "K3", "K5", "K2"]}, "O4": {"estimatedTestTime": {"K3": {"distribution": "normal", "mean": 33.79704852180228, "std": 4.408718437058326}, "K4": {"distribution": "normal", "mean": 6.791765786845534, "std": 3.5651068388837546}, "K1": {"distribution": "normal", "mean": 5.729631784321542, "std": 2.504197398165992}, "K2": {"distribution": "normal", "mean": 41.393424982631224, "std": 2.5838830544998737}, "K5": {"distribution": "normal", "mean": 18.69562656861109, "std": 2.296447678602547}}, "compatibleConfigurations": ["K3", "K4", "K1", "K2", "K5"]}, "O5": {"estimatedTestTime": {"K3": {"distribution": "normal", "mean": 12.802348717234631, "std": 4.810007670096155}, "K2": {"distribution": "normal", "mean": 41.40089942778454, "std": 3.768623104862374}, "K5": {"distribution": "normal", "mean": 29.855143203567863, "std": 2.901444422910237}, "K4": {"distribution": "normal", "mean": 20.12630205336101, "std": 4.187784855566042}, "K1": {"distribution": "normal", "mean": 21.056853631187934, "std": 2.708728013597737}}, "compatibleConfigurations": ["K3", "K2", "K5", "K4", "K1"]}, "O6": {"estimatedTestTime": {"K3": {"distribution": "normal", "mean": 49.23178442141892, "std": 2.671887832564789}, "K5": {"distribution": "normal", "mean": 33.50636845069094, "std": 4.576617814181999}, "K1": {"distribution": "normal", "mean": 9.483085362463472, "std": 2.30662674796276}, "K4": {"distribution": "normal", "mean": 16.38529554776975, "std": 2.7050238859139277}, "K2": {"distribution": "normal", "mean": 37.05420054879855, "std": 2.8761217571596998}}, "compatibleConfigurations": ["K3", "K5", "K1", "K4", "K2"]}, "O7": {"estimatedTestTime": {"K2": {"distribution": "normal", "mean": 23.837412257153257, "std": 4.128573170602493}, "K4": {"distribution": "normal", "mean": 33.20265209699477, "std": 4.931380785944863}, "K5": {"distribution": "normal", "mean": 41.66323213390662, "std": 3.117784094797211}, "K1": {"distribution": "normal", "mean": 2.106717091623299, "std": 2.7831833060592865}, "K3": {"distribution": "normal", "mean": 29.81230962167824, "std": 4.6305639958164715}}, "compatibleConfigurations": ["K2", "K4", "K5", "K1", "K3"]}, "O8": {"estimatedTestTime": {"K1": {"distribution": "normal", "mean": 33.28496401790849, "std": 4.865557491461821}, "K5": {"distribution": "normal", "mean": 25.163565996947717, "std": 3.9512474228845127}, "K4": {"distribution": "normal", "mean": 22.972849415049655, "std": 2.4789154887030564}, "K3": {"distribution": "normal", "mean": 8.378272660214016, "std": 3.1226045326093574}, "K2": {"distribution": "normal", "mean": 39.92589992343541, "std": 2.7772651209975088}}, "compatibleConfigurations": ["K1", "K5", "K4", "K3", "K2"]}, "O9": {"estimatedTestTime": {"K3": {"distribution": "normal", "mean": 42.45736513008397, "std": 2.8930975725219534}, "K5": {"distribution": "normal", "mean": 13.225861125820423, "std": 2.5245691973767173}, "K1": {"distribution": "normal", "mean": 32.79909248981529, "std": 4.840663943535872}, "K4": {"distribution": "normal", "mean": 32.32878942789017, "std": 4.292096216495282}, "K2": {"distribution": "normal", "mean": 15.740747475992052, "std": 2.2390075239876595}}, "compatibleConfigurations": ["K3", "K5", "K1", "K4", "K2"]}, "O10": {"estimatedTestTime": {"K5": {"distribution": "normal", "mean": 43.718145429280014, "std": 3.630452161977998}, "K4": {"distribution": "normal", "mean": 28.42751590219026, "std": 2.5655854153368294}, "K1": {"distribution": "normal", "mean": 18.339642138841036, "std": 3.01527720233479}, "K3": {"distribution": "normal", "mean": 40.443679472606725, "std": 2.3328789081227437}, "K2": {"distribution": "normal", "mean": 28.91919619277845, "std": 2.8780703579543143}}, "compatibleConfigurations": ["K5", "K4", "K1", "K3", "K2"]}, "O11": {"estimatedTestTime": {"K1": {"distribution": "normal", "mean": 37.9708921363977, "std": 3.829398213804838}, "K2": {"distribution": "normal", "mean": 5.788512620918539, "std": 4.663151006882991}, "K3": {"distribution": "normal", "mean": 26.55975510654627, "std": 3.8622984034378867}, "K5": {"distribution": "normal", "mean": 4.485723593390491, "std": 4.171739583394739}, "K4": {"distribution": "normal", "mean": 6.881810309173501, "std": 4.001457544655401}}, "compatibleConfigurations": ["K1", "K2", "K3", "K5", "K4"]}, "O12": {"estimatedTestTime": {"K2": {"distribution": "normal", "mean": 19.745422422955677, "std": 2.1725865317507185}, "K3": {"distribution": "normal", "mean": 39.43785053572723, "std": 4.751256516832975}, "K1": {"distribution": "normal", "mean": 16.428798174875233, "std": 4.138786651689034}, "K4": {"distribution": "normal", "mean": 19.325217816243573, "std": 3.463969443429938}, "K5": {"distribution": "normal", "mean": 27.947400300028722, "std": 3.3330526955829733}}, "compatibleConfigurations": ["K2", "K3", "K1", "K4", "K5"]}, "O13": {"estimatedTestTime": {"K3": {"distribution": "normal", "mean": 39.19607996264126, "std": 4.077089431326921}, "K2": {"distribution": "normal", "mean": 45.60640009467741, "std": 4.009651433144339}, "K4": {"distribution": "normal", "mean": 23.286920595844798, "std": 2.8461408677360382}, "K1": {"distribution": "normal", "mean": 33.913552470666204, "std": 2.383412292889915}, "K5": {"distribution": "normal", "mean": 27.980496582232274, "std": 2.19755795814849}}, "compatibleConfigurations": ["K3", "K2", "K4", "K1", "K5"]}, "O14": {"estimatedTestTime": {"K2": {"distribution": "normal", "mean": 32.269270805913166, "std": 3.887180395703562}, "K1": {"distribution": "normal", "mean": 25.25271587811097, "std": 4.786509171759674}, "K3": {"distribution": "normal", "mean": 7.468972308893793, "std": 2.096930098683848}, "K5": {"distribution": "normal", "mean": 44.96037645822543, "std": 2.9010047224989055}, "K4": {"distribution": "normal", "mean": 21.56418919248032, "std": 4.381053714950217}},