{"configurations": {"count": 4, "items": {"K1": {"index": 0, "setupTimes": [0, 19, 4, 37]}, "K2": {"index": 1, "setupTimes": [17, 0, 52, 36]}, "K3": {"index": 2, "setupTimes": [53, 45, 0, 60]}, "K4": {"index": 3, "setupTimes": [10, 30, 47, 0]}}}, "testers": {"count": 4, "items": {"T1": {"supportedConfigurations": ["K3", "K4", "K2"]}, "T2": {"supportedConfigurations": ["K3", "K1", "K2", "K4"]}, "T3": {"supportedConfigurations": ["K1", "K2", "K4"]}, "T4": {"supportedConfigurations": ["K3", "K2"]}}}, "operations": {"count": 15, "items": {"O1": {"estimatedTestTime": {"K4": {"distribution": "normal", "mean": 187.85187838589397, "std": 2.2751819867290033}, "K3": {"distribution": "normal", "mean": 275.78229148886743, "std": 4.89346918766661}}, "compatibleConfigurations": ["K4", "K3"]}, "O2": {"estimatedTestTime": {"K4": {"distribution": "normal", "mean": 232.0654237304979, "std": 3.4276564929264426}, "K3": {"distribution": "normal", "mean": 339.8947133000581, "std": 2.159313333404531}, "K2": {"distribution": "normal", "mean": 414.4243941329844, "std": 4.648803607473652}}, "compatibleConfigurations": ["K4", "K3", "K2"]}, "O3": {"estimatedTestTime": {"K4": {"distribution": "normal", "mean": 33.973715518225404, "std": 3.6582928187964656}, "K2": {"distribution": "normal", "mean": 22.876011137026303, "std": 2.1979282548160586}, "K1": {"distribution": "normal", "mean": 404.535343016098, "std": 4.874394793523944}, "K3": {"distribution": "normal", "mean": 409.4353709406132, "std": 3.0208997878232715}}, "compatibleConfigurations": ["K4", "K2", "K1", "K3"]}, "O4": {"estimatedTestTime": {"K4": {"distribution": "normal", "mean": 366.96810442863483, "std": 4.3119083155283615}, "K2": {"distribution": "normal", "mean": 162.96461750914727, "std": 2.301346373091726}, "K1": {"distribution": "normal", "mean": 354.08598905216815, "std": 4.861663456154342}}, "compatibleConfigurations": ["K4", "K2", "K1"]}, "O5": {"estimatedTestTime": {"K4": {"distribution": "normal", "mean": 371.59239792097026, "std": 2.7927982789926076}, "K1": {"distribution": "normal", "mean": 385.5062680087313, "std": 3.3168509133048536}, "K3": {"distribution": "normal", "mean": 76.01643976104972, "std": 4.078639245646631}}, "compatibleConfigurations": ["K4", "K1", "K3"]}, "O6": {"estimatedTestTime": {"K3": {"distribution": "normal", "mean": 145.43328442154493, "std": 3.968488618081569}, "K2": {"distribution": "normal", "mean": 200.7395564734282, "std": 4.979371222073672}, "K1": {"distribution": "normal", "mean": 87.65731961729249, "std": 4.930136407851935}}, "compatibleConfigurations": ["K3", "K2", "K1"]}, "O7": {"estimatedTestTime": {"K1": {"distribution": "normal", "mean": 479.236346710407, "std": 2.8114784844972935}, "K2": {"distribution": "normal", "mean": 246.9517628761745, "std": 4.588454351422641}, "K3": {"distribution": "normal", "mean": 333.0957336855394, "std": 2.317619834603838}}, "compatibleConfigurations": ["K1", "K2", "K3"]}, "O8": {"estimatedTestTime": {"K4": {"distribution": "normal", "mean": 332.91974981181556, "std": 4.330371132340194}, "K3": {"distribution": "normal", "mean": 198.1631609321841, "std": 4.307550005366996}, "K2": {"distribution": "normal", "mean": 187.76371036661035, "std": 4.4095910883573355}}, "compatibleConfigurations": ["K4", "K3", "K2"]}, "O9": {"estimatedTestTime": {"K3": {"distribution": "normal", "mean": 59.73007623918574, "std": 4.96535720240574}, "K1": {"distribution": "normal", "mean": 232.23101853067544, "std": 4.375919042359134}}, "compatibleConfigurations": ["K3", "K1"]}, "O10": {"estimatedTestTime": {"K4": {"distribution": "normal", "mean": 143.9596734893099, "std": 4.40994235228241}, "K1": {"distribution": "normal", "mean": 417.55209731216206, "std": 2.9441423098821224}, "K3": {"distribution": "normal", "mean": 129.22046715042626, "std": 3.098809283526839}}, "compatibleConfigurations": ["K4", "K1", "K3"]}, "O11": {"estimatedTestTime": {"K4": {"distribution": "normal", "mean": 495.6304157762015, "std": 3.6655898769159903}, "K3": {"distribution": "normal", "mean": 75.57088231445954, "std": 4.9854734993511745}, "K1": {"distribution": "normal", "mean": 409.61024209848733, "std": 2.1824917483001665}}, "compatibleConfigurations": ["K4", "K3", "K1"]}, "O12": {"estimatedTestTime": {"K3": {"distribution": "normal", "mean": 163.91252127813874, "std": 2.8305440984002623}, "K1": {"distribution": "normal", "mean": 149.20309719878384, "std": 4.081554671496263}, "K2": {"distribution": "normal", "mean": 65.13562373074205, "std": 4.707601809081804}}, "compatibleConfigurations": ["K3", "K1", "K2"]}, "O13": {"estimatedTestTime": {"K4": {"distribution": "normal", "mean": 248.88215796646372, "std": 3.251968557577043}, "K1": {"distribution": "normal", "mean": 15.398318939745984, "std": 3.1453896012342972}, "K3": {"distribution": "normal", "mean": 159.79357955798454, "std": 3.282723397292161}, "K2": {"distribution": "normal", "mean": 305.0963643718304, "std": 4.523612236992388}}, "compatibleConfigurations": ["K4", "K1", "K3", "K2"]}, "O14": {"estimatedTestTime": {"K4": {"distribution": "normal", "mean": 77.73642259778349, "std": 4.524563914151498}, "K1": {"distribution": "normal", "mean": 498.60766101205394, "std": 4.9320633166534655}, "K2": {"distribution": "normal", "mean": 186.3165240036167, "std": 4.261469737731543}}, "compatibleConfigurations": ["K4", "K1", "K2"]}, "O15": {"estimatedTestTime": {"K1": {"distribution": "normal", "mean": 460.96487957877247, "std": 2.907827609253534}, "K4": {"distribution": "normal", "mean": 471.2657600390071, "std": 2.1543593787479347}, "K3": {"distribution": "normal", "mean": 221.8015524467998, "std": 4.956912473379256}, "K2": {"distribution": "normal", "mean": 266.40124299105105, "std": 3.014746390872262}}, "compatibleConfigurations": ["K1", "K4", "K3", "K2"]}}}, "products": {"count": 9, "items": {"P1": {"index": 0, "arrival": 0, "quantity": 3, "duedate": 2046.2576247337988, "operations": ["O3", "O6", "O14", "O5", "O7", "O4", "O2", "O12", "O11", "O8", "O1", "O10", "O13"], "dependencies": [[2, 0], [2, 1], [3, 0], [4, 0], [4, 3], [5, 0], [5, 3], [5, 4], [6, 2], [7, 0], [7, 1], [8, 0], [8, 1], [8, 4], [9, 0], [9, 6], [9, 7], [9, 8], [10, 2], [10, 3], [10, 4], [10, 5], [10, 6], [10, 7], [10, 9], [11, 2], [11, 4], [11, 5], [11, 7], [11, 10], [12, 0], [12, 1], [12, 3], [12, 5], [12, 11]]}, "P2": {"index": 1, "arrival": 68.98511422052846, "quantity": 3, "duedate": 1005.970701039722, "operations": ["O4", "O11", "O12", "O6", "O15"], "dependencies": [[1, 0], [2, 0], [4, 1], [4, 3]]}, "P3": {"index": 2, "arrival": 134.87137691203657, "quantity": 2, "duedate": 1888.0122004405584, "operations": ["O12", "O14", "O9", "O6", "O4", "O1", "O15", "O5", "O2", "O10", "O11", "O3", "O8", "O13", "O7"], "dependencies": [[2, 0], [3, 2], [4, 2], [5, 3], [6, 0], [6, 2], [6, 3], [6, 4], [7, 2], [7, 3], [7, 4], [8, 2], [8, 4], [9, 2], [9, 4], [9, 6], [9, 7], [10, 1], [10, 3], [10, 6], [10, 8], [11, 0], [11, 1], [11, 2], [11, 4], [11, 5], [11, 6], [12, 2], [12, 4], [12, 5], [12, 6], [12, 9], [12, 10], [13, 0], [13, 3], [13, 4], [13, 6], [13, 7], [13, 10], [14, 1], [14, 3], [14, 4], [14, 5], [14, 6], [14, 9], [14, 11], [14, 13]]}, "P4": {"index": 3, "arrival": 214.87737016096418, "quantity": 3, "duedate": 1432.8838153799559, "operations": ["O2", "O11", "O1", "O4", "O12", "O5", "O6", "O10", "O9", "O14"], "dependencies": [[2, 1], [3, 1], [3, 2], [4, 2], [4, 3], [5, 0], [6, 3], [7, 0], [7, 2], [7, 4], [7, 6], [8, 1], [8, 2], [8, 3], [8, 4], [9, 0], [9, 1], [9, 3], [9, 4], [9, 5], [9, 6]]}, "P5": {"index": 4, "arrival": 294.2921376598453, "quantity": 4, "duedate": 849.800247561587, "operations": ["O8", "O6", "O13", "O9", "O14"], "dependencies": [[2, 0], [3, 1], [3, 2], [4, 0]]}, "P6": {"index": 5, "arrival": 387.8338206496232, "quantity": 2, "duedate": 1025.46564522236, "operations": ["O3", "O14", "O6", "O13", "O5", "O15", "O4", "O9"], "dependencies": [[4, 0], [4, 1], [4, 2], [4, 3], [5, 0], [5, 2], [5, 3], [6, 0], [6, 2], [6, 3], [7, 4]]}, "P7": {"index": 6,