{"configurations": {"count": 4, "items": {"K1": {"index": 0, "setupTimes": [0, 49, 28, 19]}, "K2": {"index": 1, "setupTimes": [40, 0, 27, 56]}, "K3": {"index": 2, "setupTimes": [55, 33, 0, 8]}, "K4": {"index": 3, "setupTimes": [6, 37, 7, 0]}}}, "testers": {"count": 2, "items": {"T1": {"supportedConfigurations": ["K1", "K4"]}, "T2": {"supportedConfigurations": ["K1", "K3", "K2"]}}}, "operations": {"count": 15, "items": {"O1": {"estimatedTestTime": {"K2": {"distribution": "normal", "mean": 117.76465823819412, "std": 4.0614026345669085}, "K3": {"distribution": "normal", "mean": 134.78355595880794, "std": 2.2091632960187653}, "K4": {"distribution": "normal", "mean": 415.30310412648197, "std": 2.1957287006880257}, "K1": {"distribution": "normal", "mean": 271.71026146821606, "std": 2.8185224603133285}}, "compatibleConfigurations": ["K2", "K3", "K4", "K1"]}, "O2": {"estimatedTestTime": {"K3": {"distribution": "normal", "mean": 480.0978413538705, "std": 2.0785919467115757}, "K1": {"distribution": "normal", "mean": 327.63233620963604, "std": 4.771605699479084}}, "compatibleConfigurations": ["K3", "K1"]}, "O3": {"estimatedTestTime": {"K4": {"distribution": "normal", "mean": 152.5383278180807, "std": 3.2378403773594893}, "K3": {"distribution": "normal", "mean": 482.08565700073456, "std": 4.053684218745003}}, "compatibleConfigurations": ["K4", "K3"]}, "O4": {"estimatedTestTime": {"K1": {"distribution": "normal", "mean": 458.8229264718249, "std": 2.0690536223971105}, "K4": {"distribution": "normal", "mean": 244.6822337129368, "std": 2.1138162133947715}, "K2": {"distribution": "normal", "mean": 370.85641460691414, "std": 3.819431421192947}, "K3": {"distribution": "normal", "mean": 426.23255117682004, "std": 4.943098082581868}}, "compatibleConfigurations": ["K1", "K4", "K2", "K3"]}, "O5": {"estimatedTestTime": {"K3": {"distribution": "normal", "mean": 169.87629709870993, "std": 2.4624765932847383}, "K4": {"distribution": "normal", "mean": 315.13852554063646, "std": 4.196624918126498}}, "compatibleConfigurations": ["K3", "K4"]}, "O6": {"estimatedTestTime": {"K1": {"distribution": "normal", "mean": 205.58300997525572, "std": 2.9400863715266827}, "K3": {"distribution": "normal", "mean": 496.74352943736807, "std": 4.83418698623807}}, "compatibleConfigurations": ["K1", "K3"]}, "O7": {"estimatedTestTime": {"K1": {"distribution": "normal", "mean": 85.13671301076293, "std": 4.915880031573048}, "K3": {"distribution": "normal", "mean": 436.28566392935426, "std": 3.334981119145855}}, "compatibleConfigurations": ["K1", "K3"]}, "O8": {"estimatedTestTime": {"K3": {"distribution": "normal", "mean": 374.74195488475044, "std": 3.981352559037813}, "K1": {"distribution": "normal", "mean": 23.912502757666417, "std": 2.1103302363213503}, "K2": {"distribution": "normal", "mean": 418.7591508069225, "std": 2.7869243933095866}, "K4": {"distribution": "normal", "mean": 103.43219985140301, "std": 2.4250442069924496}}, "compatibleConfigurations": ["K3", "K1", "K2", "K4"]}, "O9": {"estimatedTestTime": {"K1": {"distribution": "normal", "mean": 61.9743931250555, "std": 4.613947835651947}, "K3": {"distribution": "normal", "mean": 175.59274870908158, "std": 3.8134688539183648}}, "compatibleConfigurations": ["K1", "K3"]}, "O10": {"estimatedTestTime": {"K1": {"distribution": "normal", "mean": 283.99796768727714, "std": 2.257594306334987}, "K3": {"distribution": "normal", "mean": 266.39542385293595, "std": 4.617953439321045}}, "compatibleConfigurations": ["K1", "K3"]}, "O11": {"estimatedTestTime": {"K4": {"distribution": "normal", "mean": 434.421713837358, "std": 3.623913191094387}, "K1": {"distribution": "normal", "mean": 83.85088234698277, "std": 2.479976528124301}, "K3": {"distribution": "normal", "mean": 146.37437291891612, "std": 4.457314785340443}}, "compatibleConfigurations": ["K4", "K1", "K3"]}, "O12": {"estimatedTestTime": {"K1": {"distribution": "normal", "mean": 33.544285803740195, "std": 4.927204056093611}, "K3": {"distribution": "normal", "mean": 419.97534103527266, "std": 2.4009800527506058}}, "compatibleConfigurations": ["K1", "K3"]}, "O13": {"estimatedTestTime": {"K4": {"distribution": "normal", "mean": 449.3082221991057, "std": 4.372292126525897}, "K2": {"distribution": "normal", "mean": 438.0717881666032, "std": 2.3293647330275995}, "K1": {"distribution": "normal", "mean": 412.2924170773705, "std": 2.4502064028411565}}, "compatibleConfigurations": ["K4", "K2", "K1"]}, "O14": {"estimatedTestTime": {"K2": {"distribution": "normal", "mean": 376.1073038606778, "std": 4.097616017736344}, "K3": {"distribution": "normal", "mean": 179.60188147243656, "std": 2.3547264823483154}, "K4": {"distribution": "normal", "mean": 223.35264454647003, "std": 3.4048403560154408}}, "compatibleConfigurations": ["K2", "K3", "K4"]}, "O15": {"estimatedTestTime": {"K3": {"distribution": "normal", "mean": 279.25712170427573, "std": 3.6656789587350755}, "K2": {"distribution": "normal", "mean": 432.7485873451749, "std": 3.7670775894303956}, "K1": {"distribution": "normal", "mean": 6.547940678923912, "std": 2.1555513076549726}, "K4": {"distribution": "normal", "mean": 185.32745238331117, "std": 4.990785416256128}}, "compatibleConfigurations": ["K3", "K2", "K1", "K4"]}}}, "products": {"count": 2, "items": {"P1": {"index": 0, "arrival": 0, "quantity": 3, "duedate": 2832.0584401172478, "operations": ["O13", "O8", "O4", "O2", "O12", "O1", "O7", "O5", "O15", "O3", "O10", "O6", "O9"], "dependencies": [[2, 0], [4, 3], [5, 0], [5, 2], [6, 2], [7, 2], [7, 3], [8, 3], [8, 6], [9, 0], [9, 1], [9, 6], [9, 8], [10, 0], [10, 1], [10, 2], [11, 0], [11, 1], [11, 4], [11, 5], [11, 9], [12, 2], [12, 4], [12, 7], [12, 9], [12, 10]]}, "P2": {"index": 1, "arrival": 91.90425281759791, "quantity": 3, "duedate": 4176.343922639891, "operations": ["O11", "O1", "O6", "O13", "O12", "O7", "O10", "O8", "O15", "O5", "O2", "O9", "O3", "O14"], "dependencies": [[1, 0], [2, 1], [3, 2], [6, 0], [6, 2], [6, 4], [7, 0], [7, 1], [7, 3], [7, 5], [7, 6], [8, 4], [8, 5], [9, 0], [9, 2], [9, 7], [10, 0], [10, 5], [10, 8], [10, 9], [11, 0], [11, 5], [11, 6], [11, 10], [12, 0], [12, 4], [12, 7], [12, 9], [12, 11], [13, 0], [13, 4], [13, 6], [13, 12]]}}}}