{"configurations": {"count": 2, "items": {"K1": {"index": 0, "setupTimes": [0, 11]}, "K2": {"index": 1, "setupTimes": [52, 0]}}}, "testers": {"count": 4, "items": {"T1": {"supportedConfigurations": ["K2", "K1"]}, "T2": {"supportedConfigurations": ["K2", "K1"]}, "T3": {"supportedConfigurations": ["K2", "K1"]}, "T4": {"supportedConfigurations": ["K1", "K2"]}}}, "operations": {"count": 11, "items": {"O1": {"estimatedTestTime": {"K1": {"distribution": "normal", "mean": 180.52275297977553, "std": 3.8514566416231752}, "K2": {"distribution": "normal", "mean": 259.8705737696754, "std": 4.540539702969805}}, "compatibleConfigurations": ["K1", "K2"]}, "O2": {"estimatedTestTime": {"K2": {"distribution": "normal", "mean": 360.29063462813656, "std": 2.327781776031111}, "K1": {"distribution": "normal", "mean": 198.12095175037564, "std": 2.957217690097373}}, "compatibleConfigurations": ["K2", "K1"]}, "O3": {"estimatedTestTime": {"K2": {"distribution": "normal", "mean": 166.40229566860557, "std": 2.4176942375542985}, "K1": {"distribution": "normal", "mean": 355.23509527056126, "std": 2.5025497459551813}}, "compatibleConfigurations": ["K2", "K1"]}, "O4": {"estimatedTestTime": {"K2": {"distribution": "normal", "mean": 291.4526286404393, "std": 4.146279861515251}, "K1": {"distribution": "normal", "mean": 337.8726208235133, "std": 2.3614320877553894}}, "compatibleConfigurations": ["K2", "K1"]}, "O5": {"estimatedTestTime": {"K2": {"distribution": "normal", "mean": 336.12609873012985, "std": 4.390658685404344}, "K1": {"distribution": "normal", "mean": 440.1953623247619, "std": 2.4576167230041053}}, "compatibleConfigurations": ["K2", "K1"]}, "O6": {"estimatedTestTime": {"K1": {"distribution": "normal", "mean": 498.40480976198467, "std": 4.590194119507569}, "K2": {"distribution": "normal", "mean": 138.669491166903, "std": 4.4161754971827545}}, "compatibleConfigurations": ["K1", "K2"]}, "O7": {"estimatedTestTime": {"K2": {"distribution": "normal", "mean": 126.56209495822137, "std": 3.1382412656761427}, "K1": {"distribution": "normal", "mean": 170.6015065266256, "std": 2.3964009372690365}}, "compatibleConfigurations": ["K2", "K1"]}, "O8": {"estimatedTestTime": {"K2": {"distribution": "normal", "mean": 420.93807675142455, "std": 4.631138611548174}, "K1": {"distribution": "normal", "mean": 319.2620830420469, "std": 2.386413893680247}}, "compatibleConfigurations": ["K2", "K1"]}, "O9": {"estimatedTestTime": {"K2": {"distribution": "normal", "mean": 120.99013728070777, "std": 2.131523742965247}, "K1": {"distribution": "normal", "mean": 33.224575754763045, "std": 3.5393812222774796}}, "compatibleConfigurations": ["K2", "K1"]}, "O10": {"estimatedTestTime": {"K1": {"distribution": "normal", "mean": 332.8728862271146, "std": 2.7821311159567848}, "K2": {"distribution": "normal", "mean": 332.54057491494, "std": 2.521481181530488}}, "compatibleConfigurations": ["K1", "K2"]}, "O11": {"estimatedTestTime": {"K1": {"distribution": "normal", "mean": 330.33862192848477, "std": 2.5737975808415743}, "K2": {"distribution": "normal", "mean": 447.0174232641282, "std": 4.642005779056415}}, "compatibleConfigurations": ["K1", "K2"]}}}, "products": {"count": 10, "items": {"P1": {"index": 0, "arrival": 0, "quantity": 4, "duedate": 1160.0073483299186, "operations": ["O5", "O11", "O6", "O8", "O7"], "dependencies": [[2, 1], [3, 0], [3, 2], [4, 3]]}, "P2": {"index": 1, "arrival": 80.85354682964078, "quantity": 4, "duedate": 870.5570829691496, "operations": ["O9", "O5", "O6", "O10", "O2", "O7"], "dependencies": [[2, 0], [3, 0], [3, 2], [4, 1], [4, 2], [5, 4]]}, "P3": {"index": 2, "arrival": 143.18916426436067, "quantity": 4, "duedate": 1157.2335610673013, "operations": ["O10", "O11", "O3", "O7", "O1", "O4", "O6", "O9", "O5", "O8", "O2"], "dependencies": [[3, 1], [5, 1], [5, 2], [5, 4], [6, 0], [6, 1], [6, 4], [7, 0], [7, 3], [8, 3], [8, 5], [8, 6], [9, 1], [9, 2], [9, 5], [10, 3], [10, 6], [10, 7]]}, "P4": {"index": 3, "arrival": 207.70885400150158, "quantity": 2, "duedate": 1727.7586951370859, "operations": ["O10", "O2", "O1", "O6", "O5", "O4", "O9", "O7"], "dependencies": [[1, 0], [3, 0], [3, 1], [4, 3], [5, 4], [6, 1], [6, 2], [6, 4], [7, 1]]}, "P5": {"index": 4, "arrival": 258.59565159649435, "quantity": 2, "duedate": 1460.4113183206293, "operations": ["O6", "O2", "O3", "O8", "O10", "O11", "O4", "O1"], "dependencies": [[1, 0], [2, 0], [4, 1], [4, 2], [4, 3], [5, 0], [5, 1], [5, 3], [6, 2], [6, 5], [7, 2], [7, 4], [7, 5]]}, "P6": {"index": 5, "arrival": 353.31066152345136, "quantity": 2, "duedate": 1194.0862710710903, "operations": ["O7", "O9", "O11", "O4", "O3", "O8"], "dependencies": [[1, 0], [3, 1], [4, 0], [5, 2], [5, 3]]}, "P7": {"index": 6, "arrival": 403.84509673520563, "quantity": 3, "duedate": 2251.5463855044813, "operations": ["O6", "O7", "O9", "O3", "O10", "O8", "O5", "O1", "O2", "O4", "O11"], "dependencies": [[4, 0], [4, 1], [5, 0], [5, 1], [5, 4], [6, 0], [6, 1], [6, 3], [6, 4], [6, 5], [7, 1], [7, 2], [7, 5], [8, 1], [8, 3], [8, 4], [8, 5], [8, 6], [8, 7], [9, 0], [9, 2], [9, 5], [9, 8], [10, 2], [10, 4], [10, 5], [10, 7]]}, "P8": {"index": 7, "arrival": 500.13332810261613, "quantity": 5, "duedate": 1855.361060577299, "operations": ["O8", "O3", "O6", "O9", "O4", "O7", "O10", "O11", "O2", "O1"], "dependencies": [[3, 2], [4, 1], [4, 2], [5, 2], [6, 4], [7, 0], [7, 1], [7, 3], [8, 0], [9, 1], [9, 6], [9, 7]]}, "P9": {"index": 8, "arrival": 573.8949352473437, "quantity": 2, "duedate": 1082.8240910109394, "operations": ["O4", "O1", "O3", "O2", "O9", "O6"], "dependencies": [[4, 0], [4, 1], [4, 2], [4, 3], [5, 2], [5, 3]]}, "P10": {"index": 9, "arrival": 631.0501658117288, "quantity": 2, "duedate": 1393.0224320452014, "operations": ["O2", "O9", "O10", "O1", "O3", "O8", "O6"], "dependencies": [[1, 0], [2, 0], [3, 0], [4, 0], [5, 3], [6, 4]]}}}}