{"configurations": {"count": 2, "items": {"K1": {"index": 0, "setupTimes": [0, 16]}, "K2": {"index": 1, "setupTimes": [27, 0]}}}, "testers": {"count": 3, "items": {"T1": {"supportedConfigurations": ["K2", "K1"]}, "T2": {"supportedConfigurations": ["K1", "K2"]}, "T3": {"supportedConfigurations": ["K1", "K2"]}}}, "operations": {"count": 11, "items": {"O1": {"estimatedTestTime": {"K2": {"distribution": "normal", "mean": 96.73999198752344, "std": 2.232749702488615}, "K1": {"distribution": "normal", "mean": 465.260139802022, "std": 4.9993788543258635}}, "compatibleConfigurations": ["K2", "K1"]}, "O2": {"estimatedTestTime": {"K2": {"distribution": "normal", "mean": 378.75349585374414, "std": 2.778794270414158}, "K1": {"distribution": "normal", "mean": 442.51641911407944, "std": 2.214726914809693}}, "compatibleConfigurations": ["K2", "K1"]}, "O3": {"estimatedTestTime": {"K1": {"distribution": "normal", "mean": 417.86676311604134, "std": 4.8304245587845065}, "K2": {"distribution": "normal", "mean": 222.7247457586983, "std": 4.9870246385631924}}, "compatibleConfigurations": ["K1", "K2"]}, "O4": {"estimatedTestTime": {"K1": {"distribution": "normal", "mean": 59.88554277121974, "std": 3.389349987639496}, "K2": {"distribution": "normal", "mean": 88.64072993410937, "std": 2.5870840754206545}}, "compatibleConfigurations": ["K1", "K2"]}, "O5": {"estimatedTestTime": {"K1": {"distribution": "normal", "mean": 63.22156817869951, "std": 4.30815048620364}, "K2": {"distribution": "normal", "mean": 371.12176888429116, "std": 3.038923938763433}}, "compatibleConfigurations": ["K1", "K2"]}, "O6": {"estimatedTestTime": {"K2": {"distribution": "normal", "mean": 300.1126849653068, "std": 4.1893218320887105}, "K1": {"distribution": "normal", "mean": 127.69569074603763, "std": 2.566315962125397}}, "compatibleConfigurations": ["K2", "K1"]}, "O7": {"estimatedTestTime": {"K1": {"distribution": "normal", "mean": 257.6432195501239, "std": 2.7370111197307745}, "K2": {"distribution": "normal", "mean": 100.54609210713582, "std": 3.05764075119288}}, "compatibleConfigurations": ["K1", "K2"]}, "O8": {"estimatedTestTime": {"K2": {"distribution": "normal", "mean": 431.6767287021628, "std": 2.9038391078299837}, "K1": {"distribution": "normal", "mean": 120.45006252941491, "std": 4.534838988130936}}, "compatibleConfigurations": ["K2", "K1"]}, "O9": {"estimatedTestTime": {"K1": {"distribution": "normal", "mean": 340.47575522206427, "std": 2.8136873900927544}, "K2": {"distribution": "normal", "mean": 29.513222786644576, "std": 4.597268782821471}}, "compatibleConfigurations": ["K1", "K2"]}, "O10": {"estimatedTestTime": {"K2": {"distribution": "normal", "mean": 441.621772330789, "std": 4.658137731244422}, "K1": {"distribution": "normal", "mean": 251.9602278692964, "std": 4.051335863396813}}, "compatibleConfigurations": ["K2", "K1"]}, "O11": {"estimatedTestTime": {"K1": {"distribution": "normal", "mean": 65.2740043107754, "std": 3.9074284551381875}, "K2": {"distribution": "normal", "mean": 287.03483232433706, "std": 2.857871923504382}}, "compatibleConfigurations": ["K1", "K2"]}}}, "products": {"count": 10, "items": {"P1": {"index": 0, "arrival": 0, "quantity": 3, "duedate": 677.1876407291535, "operations": ["O11", "O9", "O6", "O2", "O3", "O10"], "dependencies": [[2, 0], [4, 3], [4, 2], [4, 1], [5, 1]]}, "P2": {"index": 1, "arrival": 67.97924491775379, "quantity": 5, "duedate": 1177.6702038488886, "operations": ["O4", "O6", "O1", "O10", "O5", "O9"], "dependencies": [[2, 1], [4, 0], [4, 3], [4, 2], [5, 0]]}, "P3": {"index": 2, "arrival": 123.9988327646274, "quantity": 2, "duedate": 576.3627778635652, "operations": ["O7", "O5", "O9", "O1", "O4", "O6"], "dependencies": [[1, 0], [4, 1], [4, 3], [5, 2], [5, 3]]}, "P4": {"index": 3, "arrival": 182.00356824484624, "quantity": 5, "duedate": 1374.264364895706, "operations": ["O2", "O8", "O9", "O10", "O3", "O7", "O11"], "dependencies": [[2, 0], [2, 1], [5, 2], [5, 3], [6, 1], [6, 4]]}, "P5": {"index": 4, "arrival": 275.05141029796863, "quantity": 4, "duedate": 1103.9798633793084, "operations": ["O9", "O10", "O1", "O8", "O3", "O11"], "dependencies": [[1, 0], [2, 0], [4, 0], [5, 4], [5, 3]]}, "P6": {"index": 5, "arrival": 344.45369252965776, "quantity": 3, "duedate": 1602.0771247780383, "operations": ["O2", "O4", "O10", "O6", "O7", "O8", "O11", "O5"], "dependencies": [[1, 0], [3, 1], [3, 2], [4, 0], [4, 3], [5, 0], [5, 2], [5, 4], [6, 4], [7, 4], [7, 5]]}, "P7": {"index": 6, "arrival": 415.00872719414673, "quantity": 2, "duedate": 1215.128221381312, "operations": ["O5", "O11", "O9", "O2", "O7", "O8", "O1", "O6", "O4"], "dependencies": [[2, 0], [3, 1], [5, 2], [6, 0], [6, 1], [7, 0], [7, 1], [7, 3], [7, 5], [7, 6], [7, 4], [8, 3]]}, "P8": {"index": 7, "arrival": 474.42321347877237, "quantity": 2, "duedate": 916.9817687067342, "operations": ["O11", "O6", "O9", "O4", "O5", "O1", "O10", "O8"], "dependencies": [[4, 0], [4, 3], [5, 0], [5, 2], [5, 1], [6, 0], [7, 3]]}, "P9": {"index": 8, "arrival": 536.2630815852314, "quantity": 5, "duedate": 3092.2835084598955, "operations": ["O5", "O8", "O11", "O3", "O9", "O4", "O6", "O10", "O2", "O1"], "dependencies": [[2, 0], [3, 1], [3, 2], [4, 3], [5, 4], [6, 4], [8, 1], [8, 4], [8, 5], [8, 7], [9, 4], [9, 7], [9, 8]]}, "P10": {"index": 9, "arrival": 630.4342143206006, "quantity": 4, "duedate": 1736.9953287945111, "operations": ["O9", "O5", "O1", "O2", "O10"], "dependencies": [[3, 0], [4, 1], [4, 2], [4, 3]]}}}}