{"configurations": {"count": 3, "items": {"K1": {"index": 0, "setupTimes": [0, 5, 7]}, "K2": {"index": 1, "setupTimes": [8, 0, 5]}, "K3": {"index": 2, "setupTimes": [0, 4, 0]}}}, "testers": {"count": 5, "items": {"T1": {"supportedConfigurations": ["K2", "K1", "K3"]}, "T2": {"supportedConfigurations": ["K3", "K2"]}, "T3": {"supportedConfigurations": ["K1", "K3"]}, "T4": {"supportedConfigurations": ["K1", "K3"]}, "T5": {"supportedConfigurations": ["K1", "K3"]}}}, "operations": {"count": 17, "items": {"O1": {"estimatedTestTime": {"K3": {"distribution": "normal", "mean": 26.278510603827343, "std": 3.2844919734704963}, "K1": {"distribution": "normal", "mean": 13.12390118350925, "std": 2.639058877904616}, "K2": {"distribution": "normal", "mean": 41.3161043094905, "std": 2.337353704125019}}, "compatibleConfigurations": ["K3", "K1", "K2"]}, "O2": {"estimatedTestTime": {"K3": {"distribution": "normal", "mean": 5.425477877847461, "std": 4.259740233875744}, "K2": {"distribution": "normal", "mean": 34.74666151673728, "std": 2.1793764896762795}}, "compatibleConfigurations": ["K3", "K2"]}, "O3": {"estimatedTestTime": {"K2": {"distribution": "normal", "mean": 40.592056596864985, "std": 3.7609822929836616}, "K3": {"distribution": "normal", "mean": 8.53074244209289, "std": 2.928580789858093}, "K1": {"distribution": "normal", "mean": 11.832621518672825, "std": 2.2056129730209557}}, "compatibleConfigurations": ["K2", "K3", "K1"]}, "O4": {"estimatedTestTime": {"K1": {"distribution": "normal", "mean": 36.57514559428316, "std": 3.645557104402413}, "K3": {"distribution": "normal", "mean": 33.63626833898106, "std": 2.3028676280756932}}, "compatibleConfigurations": ["K1", "K3"]}, "O5": {"estimatedTestTime": {"K3": {"distribution": "normal", "mean": 14.915433021598018, "std": 4.247817466861743}, "K1": {"distribution": "normal", "mean": 47.64304240111713, "std": 4.057625042633955}}, "compatibleConfigurations": ["K3", "K1"]}, "O6": {"estimatedTestTime": {"K2": {"distribution": "normal", "mean": 47.428589289667, "std": 2.012397841971638}, "K1": {"distribution": "normal", "mean": 39.94118805664488, "std": 3.466874006194144}}, "compatibleConfigurations": ["K2", "K1"]}, "O7": {"estimatedTestTime": {"K1": {"distribution": "normal", "mean": 19.705364287685434, "std": 4.617281493807634}, "K2": {"distribution": "normal", "mean": 22.363367239636176, "std": 3.304503112749062}, "K3": {"distribution": "normal", "mean": 19.722044740633535, "std": 2.5265711236185204}}, "compatibleConfigurations": ["K1", "K2", "K3"]}, "O8": {"estimatedTestTime": {"K3": {"distribution": "normal", "mean": 47.44413061919971, "std": 3.4671928107639456}, "K1": {"distribution": "normal", "mean": 3.729172505825243, "std": 4.689948560125925}, "K2": {"distribution": "normal", "mean": 24.5918371754994, "std": 4.646260714771131}}, "compatibleConfigurations": ["K3", "K1", "K2"]}, "O9": {"estimatedTestTime": {"K2": {"distribution": "normal", "mean": 8.323905634702186, "std": 3.1017384774773196}, "K3": {"distribution": "normal", "mean": 30.95886959236975, "std": 4.478044321723667}}, "compatibleConfigurations": ["K2", "K3"]}, "O10": {"estimatedTestTime": {"K3": {"distribution": "normal", "mean": 6.477089612720405, "std": 3.2636911611769746}, "K1": {"distribution": "normal", "mean": 42.25460322637505, "std": 3.4174529382614196}, "K2": {"distribution": "normal", "mean": 35.996635216389144, "std": 3.1897238725086052}}, "compatibleConfigurations": ["K3", "K1", "K2"]}, "O11": {"estimatedTestTime": {"K3": {"distribution": "normal", "mean": 28.87825639400014, "std": 2.820920349894603}, "K2": {"distribution": "normal", "mean": 33.65790889742762, "std": 2.0155924568356527}, "K1": {"distribution": "normal", "mean": 19.99117552143541, "std": 2.4756691499683967}}, "compatibleConfigurations": ["K3", "K2", "K1"]}, "O12": {"estimatedTestTime": {"K1": {"distribution": "normal", "mean": 17.034594153435215, "std": 2.1960711376527153}, "K2": {"distribution": "normal", "mean": 48.70843458101504, "std": 3.31232593795006}}, "compatibleConfigurations": ["K1", "K2"]}, "O13": {"estimatedTestTime": {"K1": {"distribution": "normal", "mean": 35.20644567960147, "std": 2.9250888604212606}, "K2": {"distribution": "normal", "mean": 23.377580781980335, "std": 4.250137506134088}}, "compatibleConfigurations": ["K1", "K2"]}, "O14": {"estimatedTestTime": {"K2": {"distribution": "normal", "mean": 24.12166472024665, "std": 3.067951455514001}, "K1": {"distribution": "normal", "mean": 28.346463627699208, "std": 3.2946237366722904}}, "compatibleConfigurations": ["K2", "K1"]}, "O15": {"estimatedTestTime": {"K2": {"distribution": "normal", "mean": 19.971409551577587, "std": 4.855942228901805}, "K3": {"distribution": "normal", "mean": 4.883355088847079, "std": 3.3035123100320525}, "K1": {"distribution": "normal", "mean": 27.00337803834918, "std": 3.4025142172764}}, "compatibleConfigurations": ["K2", "K3", "K1"]}, "O16": {"estimatedTestTime": {"K2": {"distribution": "normal", "mean": 33.39772735985658, "std": 3.3910518410493453}, "K1": {"distribution": "normal", "mean": 7.922291739158554, "std": 4.5157776884428955}, "K3": {"distribution": "normal", "mean": 49.72515669433665, "std": 4.175430838412044}}, "compatibleConfigurations": ["K2", "K1", "K3"]}, "O17": {"estimatedTestTime": {"K1": {"distribution": "normal", "mean": 33.060882785328985, "std": 4.491200763574989}, "K3": {"distribution": "normal", "mean": 24.307783882891513, "std": 2.9188816558032613}, "K2": {"distribution": "normal", "mean": 9.12956115677202, "std": 3.7740239581879393}}, "compatibleConfigurations": ["K1", "K3", "K2"]}}}, "products": {"count": 3, "items": {"P1": {"index": 0, "arrival": 0, "quantity": 3, "duedate": 90.66347049755628, "operations": ["O1", "O9", "O16", "O12", "O8"], "dependencies": [[2, 0], [3, 1], [3, 2], [4, 1]]}, "P2": {"index": 1, "arrival": 40.389665633372296, "quantity": 5, "duedate": 128.92222345981, "operations": ["O10", "O14", "O3", "O7", "O6"], "dependencies": [[2, 0], [3, 0], [4, 1], [4, 2]]}, "P3": {"index": 2, "arrival": 66.68140931621564, "quantity": 5, "duedate": 148.43633730668037, "operations": ["O15", "O11", "O2", "O16", "O5"], "dependencies": [[2, 1], [3, 1], [3, 0], [4, 3]]}}}}