{"configurations": {"count": 4, "items": {"K1": {"index": 0, "setupTimes": [0, 0, 9, 4]}, "K2": {"index": 1, "setupTimes": [7, 0, 3, 3]}, "K3": {"index": 2, "setupTimes": [4, 5, 0, 8]}, "K4": {"index": 3, "setupTimes": [9, 8, 1, 0]}}}, "testers": {"count": 2, "items": {"T1": {"supportedConfigurations": ["K4", "K3", "K2", "K1"]}, "T2": {"supportedConfigurations": ["K3", "K4", "K2", "K1"]}}}, "operations": {"count": 13, "items": {"O1": {"estimatedTestTime": {"K4": {"distribution": "normal", "mean": 47.94083954744585, "std": 3.185090739546772}, "K1": {"distribution": "normal", "mean": 17.71840047847538, "std": 4.495963428877468}}, "compatibleConfigurations": ["K4", "K1"]}, "O2": {"estimatedTestTime": {"K4": {"distribution": "normal", "mean": 37.61656900227268, "std": 3.94200544448338}, "K1": {"distribution": "normal", "mean": 40.1470269740038, "std": 2.8827272102487367}}, "compatibleConfigurations": ["K4", "K1"]}, "O3": {"estimatedTestTime": {"K4": {"distribution": "normal", "mean": 9.3848985036652, "std": 2.615210319554568}, "K2": {"distribution": "normal", "mean": 33.98421145862021, "std": 3.3308327842366916}, "K3": {"distribution": "normal", "mean": 33.55300422338708, "std": 2.6683870655294957}, "K1": {"distribution": "normal", "mean": 32.037411298298345, "std": 3.398092825027977}}, "compatibleConfigurations": ["K4", "K2", "K3", "K1"]}, "O4": {"estimatedTestTime": {"K2": {"distribution": "normal", "mean": 18.29942146952925, "std": 4.6730176832921355}, "K4": {"distribution": "normal", "mean": 19.40127448643677, "std": 2.564528703217545}}, "compatibleConfigurations": ["K2", "K4"]}, "O5": {"estimatedTestTime": {"K1": {"distribution": "normal", "mean": 31.98437141654253, "std": 4.57883061176118}, "K4": {"distribution": "normal", "mean": 45.804548646540425, "std": 4.2128223694369975}, "K2": {"distribution": "normal", "mean": 22.04648436396191, "std": 4.7188486086631425}, "K3": {"distribution": "normal", "mean": 37.77330544597249, "std": 3.9769727915697}}, "compatibleConfigurations": ["K1", "K4", "K2", "K3"]}, "O6": {"estimatedTestTime": {"K4": {"distribution": "normal", "mean": 8.826263463283624, "std": 3.452537908426944}, "K1": {"distribution": "normal", "mean": 42.19862039906419, "std": 3.788024604714713}, "K2": {"distribution": "normal", "mean": 35.79517493962816, "std": 4.233741140665307}}, "compatibleConfigurations": ["K4", "K1", "K2"]}, "O7": {"estimatedTestTime": {"K1": {"distribution": "normal", "mean": 17.27659987698874, "std": 3.9702210326771707}, "K2": {"distribution": "normal", "mean": 42.120933713173656, "std": 3.4893354677935235}, "K4": {"distribution": "normal", "mean": 20.014625495530453, "std": 3.1131786818074705}, "K3": {"distribution": "normal", "mean": 47.310323438136734, "std": 3.7970880773360105}}, "compatibleConfigurations": ["K1", "K2", "K4", "K3"]}, "O8": {"estimatedTestTime": {"K4": {"distribution": "normal", "mean": 30.858386729625302, "std": 2.525417575134638}, "K3": {"distribution": "normal", "mean": 8.517146825543396, "std": 4.6180151065778405}, "K1": {"distribution": "normal", "mean": 42.8469255966133, "std": 2.6930771517124956}, "K2": {"distribution": "normal", "mean": 34.578891652831715, "std": 2.6015701425953535}}, "compatibleConfigurations": ["K4", "K3", "K1", "K2"]}, "O9": {"estimatedTestTime": {"K2": {"distribution": "normal", "mean": 5.2265038197468385, "std": 4.101673072391867}, "K4": {"distribution": "normal", "mean": 12.86090869578945, "std": 3.061787176623636}}, "compatibleConfigurations": ["K2", "K4"]}, "O10": {"estimatedTestTime": {"K2": {"distribution": "normal", "mean": 36.39993009485765, "std": 4.671224476147658}, "K4": {"distribution": "normal", "mean": 28.867063814524343, "std": 2.339545242450064}, "K1": {"distribution": "normal", "mean": 47.507292230197045, "std": 4.114820221699224}, "K3": {"distribution": "normal", "mean": 27.722093287176005, "std": 3.760708888493684}}, "compatibleConfigurations": ["K2", "K4", "K1", "K3"]}, "O11": {"estimatedTestTime": {"K2": {"distribution": "normal", "mean": 18.488653370145784, "std": 2.5418818663047116}, "K4": {"distribution": "normal", "mean": 9.985245953296408, "std": 4.80744010301629}, "K1": {"distribution": "normal", "mean": 18.713221290226947, "std": 2.308868140677453}, "K3": {"distribution": "normal", "mean": 8.207884481621099, "std": 2.3102720825541834}}, "compatibleConfigurations": ["K2", "K4", "K1", "K3"]}, "O12": {"estimatedTestTime": {"K3": {"distribution": "normal", "mean": 48.57691124240802, "std": 2.4902620708257692}, "K4": {"distribution": "normal", "mean": 39.611738683671405, "std": 3.5126715881760164}}, "compatibleConfigurations": ["K3", "K4"]}, "O13": {"estimatedTestTime": {"K1": {"distribution": "normal", "mean": 13.446382391849694, "std": 3.3960162710728254}, "K3": {"distribution": "normal", "mean": 44.75665576288481, "std": 4.5489353583536865}, "K4": {"distribution": "normal", "mean": 17.844159781721824, "std": 4.581394288948621}, "K2": {"distribution": "normal", "mean": 25.30485815562905, "std": 2.196200113208562}}, "compatibleConfigurations": ["K1", "K3", "K4", "K2"]}}}, "products": {"count": 5, "items": {"P1": {"index": 0, "arrival": 0, "quantity": 5, "duedate": 195.5886977544066, "operations": ["O11", "O5", "O3", "O2"], "dependencies": [[1, 0], [2, 1], [3, 0]]}, "P2": {"index": 1, "arrival": 26.826812513323873, "quantity": 3, "duedate": 170.85162874401408, "operations": ["O3", "O10", "O12", "O13"], "dependencies": [[1, 0], [2, 0], [3, 2]]}, "P3": {"index": 2, "arrival": 70.8119071430954, "quantity": 2, "duedate": 166.6227295279054, "operations": ["O12", "O10", "O13", "O11", "O1"], "dependencies": [[2, 0], [3, 2], [3, 1], [4, 2]]}, "P4": {"index": 3, "arrival": 109.39003431117354, "quantity": 3, "duedate": 188.28745858268883, "operations": ["O7", "O3"], "dependencies": [[1, 0]]}, "P5": {"index": 4, "arrival": 123.33040070736803, "quantity": 3, "duedate": 192.56172714027832, "operations": ["O2", "O11"], "dependencies": [[1, 0]]}}}}