{"configurations": {"count": 5, "items": {"K1": {"index": 0, "setupTimes": [0, 3, 10, 8, 2]}, "K2": {"index": 1, "setupTimes": [8, 0, 7, 2, 6]}, "K3": {"index": 2, "setupTimes": [6, 8, 0, 7, 2]}, "K4": {"index": 3, "setupTimes": [4, 4, 3, 0, 2]}, "K5": {"index": 4, "setupTimes": [8, 5, 5, 0, 0]}}}, "testers": {"count": 5, "items": {"T1": {"supportedConfigurations": ["K4", "K2"]}, "T2": {"supportedConfigurations": ["K4", "K5", "K1"]}, "T3": {"supportedConfigurations": ["K5", "K2"]}, "T4": {"supportedConfigurations": ["K4", "K2"]}, "T5": {"supportedConfigurations": ["K4", "K3"]}}}, "operations": {"count": 20, "items": {"O1": {"estimatedTestTime": {"K4": {"distribution": "normal", "mean": 32.278765994508134, "std": 4.470720928018068}, "K2": {"distribution": "normal", "mean": 45.56442891800183, "std": 2.6913175573841235}, "K3": {"distribution": "normal", "mean": 46.302692720162895, "std": 2.203841426243863}, "K5": {"distribution": "normal", "mean": 17.932015254375017, "std": 4.803358103992484}, "K1": {"distribution": "normal", "mean": 42.003881403909034, "std": 3.8281786022569912}}, "compatibleConfigurations": ["K4", "K2", "K3", "K5", "K1"]}, "O2": {"estimatedTestTime": {"K2": {"distribution": "normal", "mean": 29.161984202792848, "std": 3.281254246039573}, "K5": {"distribution": "normal", "mean": 29.174378189397174, "std": 3.4538110641724584}, "K4": {"distribution": "normal", "mean": 39.95683011418732, "std": 4.2509845474785966}, "K3": {"distribution": "normal", "mean": 18.982490851184743, "std": 2.187537927125338}, "K1": {"distribution": "normal", "mean": 21.262948713344294, "std": 2.626742920570527}}, "compatibleConfigurations": ["K2", "K5", "K4", "K3", "K1"]}, "O3": {"estimatedTestTime": {"K4": {"distribution": "normal", "mean": 37.88886429263897, "std": 2.5049108977109444}, "K2": {"distribution": "normal", "mean": 47.667468650431296, "std": 2.213739726320007}, "K3": {"distribution": "normal", "mean": 39.44618436611443, "std": 4.234835012048091}, "K1": {"distribution": "normal", "mean": 12.07841101162059, "std": 4.601634081952742}, "K5": {"distribution": "normal", "mean": 44.299114044458115, "std": 4.39180853613267}}, "compatibleConfigurations": ["K4", "K2", "K3", "K1", "K5"]}, "O4": {"estimatedTestTime": {"K3": {"distribution": "normal", "mean": 6.740990181584641, "std": 3.419104128402838}, "K2": {"distribution": "normal", "mean": 20.96382897488475, "std": 3.8433257546162607}, "K5": {"distribution": "normal", "mean": 15.994108547821213, "std": 3.2942750693279184}, "K4": {"distribution": "normal", "mean": 30.214059696736474, "std": 2.5733652290677336}, "K1": {"distribution": "normal", "mean": 18.956619520507637, "std": 3.490304458524845}}, "compatibleConfigurations": ["K3", "K2", "K5", "K4", "K1"]}, "O5": {"estimatedTestTime": {"K3": {"distribution": "normal", "mean": 46.30932123261988, "std": 4.405061205393638}, "K1": {"distribution": "normal", "mean": 20.695956616869, "std": 4.42831818923945}, "K2": {"distribution": "normal", "mean": 20.312411586748308, "std": 3.8017805845031862}, "K4": {"distribution": "normal", "mean": 20.68243426584734, "std": 2.359485077415679}, "K5": {"distribution": "normal", "mean": 9.23325638846157, "std": 3.5939952040582366}}, "compatibleConfigurations": ["K3", "K1", "K2", "K4", "K5"]}, "O6": {"estimatedTestTime": {"K4": {"distribution": "normal", "mean": 17.15740462241729, "std": 3.1635378959698657}, "K1": {"distribution": "normal", "mean": 3.5174043907357024, "std": 3.9760320971997576}, "K2": {"distribution": "normal", "mean": 17.5455662678808, "std": 3.497810287854781}, "K5": {"distribution": "normal", "mean": 10.411115802928318, "std": 2.4346745613504353}, "K3": {"distribution": "normal", "mean": 32.844191171537915, "std": 4.439537952867867}}, "compatibleConfigurations": ["K4", "K1", "K2", "K5", "K3"]}, "O7": {"estimatedTestTime": {"K4": {"distribution": "normal", "mean": 33.55768101595025, "std": 2.652907269166409}, "K3": {"distribution": "normal", "mean": 34.70668369977215, "std": 2.4645804963082343}, "K1": {"distribution": "normal", "mean": 10.947775723604375, "std": 4.328057354997784}, "K2": {"distribution": "normal", "mean": 9.003605785406974, "std": 3.5196517602505146}, "K5": {"distribution": "normal", "mean": 7.494853160128459, "std": 3.432336194932983}}, "compatibleConfigurations": ["K4", "K3", "K1", "K2", "K5"]}, "O8": {"estimatedTestTime": {"K3": {"distribution": "normal", "mean": 14.325605125553327, "std": 2.8299607010011845}, "K4": {"distribution": "normal", "mean": 13.056712672018618, "std": 3.7202750399439615}, "K2": {"distribution": "normal", "mean": 43.477500225526676, "std": 4.1639027031618685}, "K1": {"distribution": "normal", "mean": 18.66618672800053, "std": 2.8779836888003887}, "K5": {"distribution": "normal", "mean": 44.93094478944508, "std": 4.023682127202998}}, "compatibleConfigurations": ["K3", "K4", "K2", "K1", "K5"]}, "O9": {"estimatedTestTime": {"K4": {"distribution": "normal", "mean": 30.61968893572209, "std": 3.798759427010353}, "K5": {"distribution": "normal", "mean": 46.45814185949693, "std": 3.034565506259607}, "K3": {"distribution": "normal", "mean": 13.4885118437581, "std": 3.4201696957703462}, "K2": {"distribution": "normal", "mean": 25.709830912406503, "std": 4.704360113453485}, "K1": {"distribution": "normal", "mean": 34.68834622387508, "std": 2.4206579343706243}}, "compatibleConfigurations": ["K4", "K5", "K3", "K2", "K1"]}, "O10": {"estimatedTestTime": {"K4": {"distribution": "normal", "mean": 4.421509036026814, "std": 4.946052479326955}, "K3": {"distribution": "normal", "mean": 29.316474918526104, "std": 2.0324522330527843}, "K5": {"distribution": "normal", "mean": 22.961683230017304, "std": 3.108074650816412}, "K2": {"distribution": "normal", "mean": 22.411693928891445, "std": 3.202397239432607}, "K1": {"distribution": "normal", "mean": 8.39773471090499, "std": 4.1248310685039895}}, "compatibleConfigurations": ["K4", "K3", "K5", "K2", "K1"]}, "O11": {"estimatedTestTime": {"K3": {"distribution": "normal", "mean": 42.71719718791125, "std": 2.548775911449204}, "K1": {"distribution": "normal", "mean": 7.130815744648665, "std": 4.305505269304955}, "K5": {"distribution": "normal", "mean": 34.40913056775766, "std": 4.536941851495794}, "K2": {"distribution": "normal", "mean": 49.23396258706503, "std": 2.078316564370528}, "K4": {"distribution": "normal", "mean": 7.680137581203196, "std": 2.821235085346401}}, "compatibleConfigurations": ["K3", "K1", "K5", "K2", "K4"]}, "O12": {"estimatedTestTime": {"K1": {"distribution": "normal", "mean": 23.93282698975213, "std": 2.5166944762488015}, "K3": {"distribution": "normal", "mean": 41.17005519845239, "std": 3.179939633272318}, "K4": {"distribution": "normal", "mean": 37.093110946448846, "std": 3.9024738349475547}, "K2": {"distribution": "normal", "mean": 32.34775320001826, "std": 4.157065351974611}, "K5": {"distribution": "normal", "mean": 27.170529536790404, "std": 3.647430123604843}}, "compatibleConfigurations": ["K1", "K3", "K4", "K2", "K5"]}, "O13": {"estimatedTestTime": {"K5": {"distribution": "normal", "mean": 47.06790237023641, "std": 2.1649160127727907}, "K2": {"distribution": "normal", "mean": 45.846562559255766, "std": 2.4771766445821117}, "K1": {"distribution": "normal", "mean": 25.493928849263952, "std": 4.613479333121836}, "K4": {"distribution": "normal", "mean": 24.628313845405664, "std": 2.425821845974479}, "K3": {"distribution": "normal", "mean": 37.06587779409791, "std": 4.3717172154046775}}, "compatibleConfigurations": ["K5", "K2", "K1", "K4", "K3"]}, "O14": {"estimatedTestTime": {"K5": {"distribution": "normal", "mean": 10.007604101075575, "std": 2.654860100667734}, "K2": {"distribution": "normal", "mean": 13.3272826551935, "std": 3.149377144957194}, "K4": {"distribution": "normal", "mean": 5.96205851367853, "std": 3.5743924339144426}, "K3": {"distribution": "normal", "mean": 12.644377777824532, "std": 3.816201271783043}, "K1": {"distribution": "normal", "mean": 28.255172090966404, "std": 4.0699581856556755}},