{"configurations": {"count": 4, "items": {"K1": {"index": 0, "setupTimes": [0, 20, 46, 21]}, "K2": {"index": 1, "setupTimes": [4, 0, 4, 39]}, "K3": {"index": 2, "setupTimes": [21, 6, 0, 44]}, "K4": {"index": 3, "setupTimes": [26, 59, 52, 0]}}}, "testers": {"count": 4, "items": {"T1": {"supportedConfigurations": ["K3", "K2", "K4", "K1"]}, "T2": {"supportedConfigurations": ["K1", "K3"]}, "T3": {"supportedConfigurations": ["K2", "K4", "K3", "K1"]}, "T4": {"supportedConfigurations": ["K1", "K2", "K3", "K4"]}}}, "operations": {"count": 19, "items": {"O1": {"estimatedTestTime": {"K2": {"distribution": "normal", "mean": 357.3176869545842, "std": 3.487569848980052}, "K4": {"distribution": "normal", "mean": 202.4002565489186, "std": 4.769855136331958}}, "compatibleConfigurations": ["K2", "K4"]}, "O2": {"estimatedTestTime": {"K3": {"distribution": "normal", "mean": 418.36887041918806, "std": 2.4257094513705386}, "K1": {"distribution": "normal", "mean": 347.83884172192137, "std": 3.630783504216481}}, "compatibleConfigurations": ["K3", "K1"]}, "O3": {"estimatedTestTime": {"K2": {"distribution": "normal", "mean": 245.98638779057777, "std": 2.4527198999600834}, "K4": {"distribution": "normal", "mean": 179.52255431857301, "std": 4.03602960739763}, "K1": {"distribution": "normal", "mean": 83.33481918381152, "std": 4.657582124126742}, "K3": {"distribution": "normal", "mean": 366.01511099563726, "std": 2.0604328857077707}}, "compatibleConfigurations": ["K2", "K4", "K1", "K3"]}, "O4": {"estimatedTestTime": {"K3": {"distribution": "normal", "mean": 192.9367401444258, "std": 3.634456588065907}, "K4": {"distribution": "normal", "mean": 156.71038319119307, "std": 2.5639055877072936}, "K2": {"distribution": "normal", "mean": 64.30873960496871, "std": 3.605883559105851}, "K1": {"distribution": "normal", "mean": 369.8285745225275, "std": 4.59932887362615}}, "compatibleConfigurations": ["K3", "K4", "K2", "K1"]}, "O5": {"estimatedTestTime": {"K3": {"distribution": "normal", "mean": 299.7830740873745, "std": 4.053478940600108}, "K1": {"distribution": "normal", "mean": 134.63071675317778, "std": 2.8623420760101563}}, "compatibleConfigurations": ["K3", "K1"]}, "O6": {"estimatedTestTime": {"K3": {"distribution": "normal", "mean": 43.3065882895055, "std": 4.700705298256455}, "K4": {"distribution": "normal", "mean": 88.54641821331369, "std": 4.828276340396962}}, "compatibleConfigurations": ["K3", "K4"]}, "O7": {"estimatedTestTime": {"K3": {"distribution": "normal", "mean": 348.52277796362, "std": 2.3485927723934186}, "K4": {"distribution": "normal", "mean": 246.4550236827927, "std": 2.968181537918977}, "K2": {"distribution": "normal", "mean": 474.31305326921466, "std": 2.635823068697424}, "K1": {"distribution": "normal", "mean": 49.57506833165064, "std": 3.826398635148097}}, "compatibleConfigurations": ["K3", "K4", "K2", "K1"]}, "O8": {"estimatedTestTime": {"K3": {"distribution": "normal", "mean": 367.714548202511, "std": 2.5362468318657587}, "K2": {"distribution": "normal", "mean": 382.52178108184614, "std": 2.5910420918714303}}, "compatibleConfigurations": ["K3", "K2"]}, "O9": {"estimatedTestTime": {"K1": {"distribution": "normal", "mean": 332.04293056384245, "std": 2.688119082093714}, "K3": {"distribution": "normal", "mean": 46.02331553703232, "std": 2.940501171922767}}, "compatibleConfigurations": ["K1", "K3"]}, "O10": {"estimatedTestTime": {"K4": {"distribution": "normal", "mean": 203.737921482615, "std": 3.1369025858376722}, "K3": {"distribution": "normal", "mean": 108.80156067033535, "std": 2.7237766708233835}, "K2": {"distribution": "normal", "mean": 492.6332213198038, "std": 3.6483811649955986}}, "compatibleConfigurations": ["K4", "K3", "K2"]}, "O11": {"estimatedTestTime": {"K1": {"distribution": "normal", "mean": 320.3744858197825, "std": 4.462392327989862}, "K3": {"distribution": "normal", "mean": 160.73592755504524, "std": 2.95984541378693}}, "compatibleConfigurations": ["K1", "K3"]}, "O12": {"estimatedTestTime": {"K2": {"distribution": "normal", "mean": 176.78365283359065, "std": 4.706861459047525}, "K3": {"distribution": "normal", "mean": 429.61832752375193, "std": 4.421544292657416}, "K1": {"distribution": "normal", "mean": 177.1278459314918, "std": 4.652523836682033}}, "compatibleConfigurations": ["K2", "K3", "K1"]}, "O13": {"estimatedTestTime": {"K1": {"distribution": "normal", "mean": 466.409972520961, "std": 4.849375730130398}, "K3": {"distribution": "normal", "mean": 182.1024237817089, "std": 2.8349891446020337}, "K4": {"distribution": "normal", "mean": 388.6854234548083, "std": 4.199793805236897}, "K2": {"distribution": "normal", "mean": 384.0966625612797, "std": 3.281936760406511}}, "compatibleConfigurations": ["K1", "K3", "K4", "K2"]}, "O14": {"estimatedTestTime": {"K3": {"distribution": "normal", "mean": 154.6577461669431, "std": 2.836305375130424}, "K4": {"distribution": "normal", "mean": 214.50107882301666, "std": 3.4608817530063405}, "K2": {"distribution": "normal", "mean": 329.5380196942605, "std": 2.1622442273639786}, "K1": {"distribution": "normal", "mean": 202.30995848955507, "std": 2.045408970882541}}, "compatibleConfigurations": ["K3", "K4", "K2", "K1"]}, "O15": {"estimatedTestTime": {"K2": {"distribution": "normal", "mean": 327.69894864866615, "std": 4.426005007633084}, "K1": {"distribution": "normal", "mean": 241.9949207624519, "std": 3.897725552746024}}, "compatibleConfigurations": ["K2", "K1"]}, "O16": {"estimatedTestTime": {"K3": {"distribution": "normal", "mean": 193.84143155042753, "std": 3.724634790816904}, "K1": {"distribution": "normal", "mean": 99.29732773037999, "std": 4.2925222255459}, "K2": {"distribution": "normal", "mean": 369.85793128560755, "std": 4.7234923623941825}, "K4": {"distribution": "normal", "mean": 203.68683974904766, "std": 3.8307421942863282}}, "compatibleConfigurations": ["K3", "K1", "K2", "K4"]}, "O17": {"estimatedTestTime": {"K3": {"distribution": "normal", "mean": 234.50140333355534, "std": 3.0634548469002807}, "K1": {"distribution": "normal", "mean": 207.92567652462537, "std": 3.053228572316187}, "K2": {"distribution": "normal", "mean": 186.46303886033257, "std": 4.108718182835853}, "K4": {"distribution": "normal", "mean": 167.8151047904499, "std": 4.629721023182352}}, "compatibleConfigurations": ["K3", "K1", "K2", "K4"]}, "O18": {"estimatedTestTime": {"K3": {"distribution": "normal", "mean": 260.38852070802716, "std": 2.109630321817953}, "K2": {"distribution": "normal", "mean": 265.1013730769886, "std": 4.814281976452216}, "K1": {"distribution": "normal", "mean": 493.99892900762325, "std": 3.9145244682040254}, "K4": {"distribution": "normal", "mean": 122.22586788404236, "std": 4.999787642420932}}, "compatibleConfigurations": ["K3", "K2", "K1", "K4"]}, "O19": {"estimatedTestTime": {"K4": {"distribution": "normal", "mean": 498.4878001831048, "std": 3.140438240953075}, "K1": {"distribution": "normal", "mean": 220.2616761419753, "std": 4.762864921362059}, "K3": {"distribution": "normal", "mean": 319.74106918352106, "std": 3.344340712372021}}, "compatibleConfigurations": ["K4", "K1", "K3"]}}}, "products": {"count": 8, "items": {"P1": {"index": 0, "arrival": 0, "quantity": 5, "duedate": 1210.2911975689383, "operations": ["O10", "O13", "O8", "O17", "O6", "O4", "O19"], "dependencies": [[2, 1], [3, 0], [3, 1], [4, 2], [4, 3], [5, 1], [5, 4], [6, 0]]}, "P2": {"index": 1, "arrival": 51.54947951460313, "quantity": 5, "duedate": 2313.5707664687825, "operations": ["O12", "O16", "O10", "O13", "O7", "O11", "O3", "O2", "O1", "O14"], "dependencies": [[2, 1], [3, 2], [4, 3], [5, 0], [5, 2], [5, 4], [6, 4], [7, 1], [8, 2], [8, 5], [9, 1], [9, 2], [9, 5], [9, 8]]}, "P3": {"index": 2, "arrival": 113.405322326008, "quantity": 5, "duedate": 1961.328487701983, "operations": ["O3", "O18", "O13", "O2", "O5", "O7", "O15", "O14", "O8", "O16", "O6"], "dependencies": [[4, 0], [5, 1], [5, 2], [5, 3], [5, 4], [6, 0], [6, 1], [6, 3], [7, 2], [7, 3], [7, 5], [8, 1], [8, 2], [8, 3], [8, 4], [8, 7], [9, 2], [9, 3], [9, 4], [9, 7], [9, 8], [10, 7]]},