{"configurations": {"count": 4, "items": {"K1": {"index": 0, "setupTimes": [0, 34, 47, 19]}, "K2": {"index": 1, "setupTimes": [17, 0, 23, 12]}, "K3": {"index": 2, "setupTimes": [36, 7, 0, 31]}, "K4": {"index": 3, "setupTimes": [25, 41, 60, 0]}}}, "testers": {"count": 3, "items": {"T1": {"supportedConfigurations": ["K3", "K1", "K4"]}, "T2": {"supportedConfigurations": ["K2", "K4", "K3", "K1"]}, "T3": {"supportedConfigurations": ["K3", "K2"]}}}, "operations": {"count": 20, "items": {"O1": {"estimatedTestTime": {"K4": {"distribution": "normal", "mean": 479.6431076445504, "std": 2.5638678583966072}, "K1": {"distribution": "normal", "mean": 382.1094029061437, "std": 2.518960092706723}, "K3": {"distribution": "normal", "mean": 450.2168187985239, "std": 2.7880942624248117}}, "compatibleConfigurations": ["K4", "K1", "K3"]}, "O2": {"estimatedTestTime": {"K2": {"distribution": "normal", "mean": 207.78244811300556, "std": 2.546950676988676}, "K1": {"distribution": "normal", "mean": 258.00094220434687, "std": 4.772161003930988}, "K4": {"distribution": "normal", "mean": 455.62557794197227, "std": 2.448641146668604}, "K3": {"distribution": "normal", "mean": 203.71822050360998, "std": 3.2559725723701423}}, "compatibleConfigurations": ["K2", "K1", "K4", "K3"]}, "O3": {"estimatedTestTime": {"K1": {"distribution": "normal", "mean": 173.7681048774049, "std": 4.651552631147729}, "K4": {"distribution": "normal", "mean": 304.52179680977076, "std": 4.127212125248106}}, "compatibleConfigurations": ["K1", "K4"]}, "O4": {"estimatedTestTime": {"K1": {"distribution": "normal", "mean": 480.56268910829425, "std": 3.8335484947881056}, "K3": {"distribution": "normal", "mean": 88.55443184471744, "std": 4.415440375532166}}, "compatibleConfigurations": ["K1", "K3"]}, "O5": {"estimatedTestTime": {"K1": {"distribution": "normal", "mean": 300.79454564694925, "std": 2.3116790450304587}, "K2": {"distribution": "normal", "mean": 221.72012991702044, "std": 3.4097816387449873}, "K4": {"distribution": "normal", "mean": 343.6978143021046, "std": 4.722714771190093}}, "compatibleConfigurations": ["K1", "K2", "K4"]}, "O6": {"estimatedTestTime": {"K1": {"distribution": "normal", "mean": 308.8821419985863, "std": 3.6233352581166605}, "K3": {"distribution": "normal", "mean": 119.32541982306857, "std": 3.651356198767486}, "K4": {"distribution": "normal", "mean": 160.639704414797, "std": 4.564378496047274}}, "compatibleConfigurations": ["K1", "K3", "K4"]}, "O7": {"estimatedTestTime": {"K1": {"distribution": "normal", "mean": 471.47173676567064, "std": 3.222710050564845}, "K4": {"distribution": "normal", "mean": 325.9157349735022, "std": 3.321901838802991}, "K2": {"distribution": "normal", "mean": 393.1988908781949, "std": 2.5441402486347386}}, "compatibleConfigurations": ["K1", "K4", "K2"]}, "O8": {"estimatedTestTime": {"K4": {"distribution": "normal", "mean": 239.17450874360287, "std": 3.140885394134628}, "K2": {"distribution": "normal", "mean": 412.82094602204126, "std": 2.708176784623126}}, "compatibleConfigurations": ["K4", "K2"]}, "O9": {"estimatedTestTime": {"K3": {"distribution": "normal", "mean": 93.72849097822146, "std": 3.4487018638784397}, "K4": {"distribution": "normal", "mean": 251.92691045215122, "std": 3.5619497464968073}}, "compatibleConfigurations": ["K3", "K4"]}, "O10": {"estimatedTestTime": {"K1": {"distribution": "normal", "mean": 366.4333389813371, "std": 2.178603206825381}, "K3": {"distribution": "normal", "mean": 398.4077403836199, "std": 4.725811245481256}, "K4": {"distribution": "normal", "mean": 185.7704801468211, "std": 2.670792103222344}}, "compatibleConfigurations": ["K1", "K3", "K4"]}, "O11": {"estimatedTestTime": {"K2": {"distribution": "normal", "mean": 127.53490228437143, "std": 2.5094182165389727}, "K1": {"distribution": "normal", "mean": 126.4070718447084, "std": 2.2736256458205526}, "K4": {"distribution": "normal", "mean": 213.96358157501317, "std": 3.239423509393751}}, "compatibleConfigurations": ["K2", "K1", "K4"]}, "O12": {"estimatedTestTime": {"K4": {"distribution": "normal", "mean": 242.44199905573134, "std": 2.0070716519283636}, "K1": {"distribution": "normal", "mean": 415.7614886944056, "std": 4.712423776862916}, "K2": {"distribution": "normal", "mean": 319.5597185295392, "std": 4.193251109756929}, "K3": {"distribution": "normal", "mean": 384.4807320676762, "std": 2.2068825709324353}}, "compatibleConfigurations": ["K4", "K1", "K2", "K3"]}, "O13": {"estimatedTestTime": {"K3": {"distribution": "normal", "mean": 56.90557540214307, "std": 2.7100514655288834}, "K4": {"distribution": "normal", "mean": 180.61384572771053, "std": 2.743307134187157}, "K1": {"distribution": "normal", "mean": 147.84522265315826, "std": 2.4846652862661296}, "K2": {"distribution": "normal", "mean": 145.04513236732402, "std": 3.1375913505708555}}, "compatibleConfigurations": ["K3", "K4", "K1", "K2"]}, "O14": {"estimatedTestTime": {"K4": {"distribution": "normal", "mean": 92.29596692809088, "std": 3.5758997647413464}, "K1": {"distribution": "normal", "mean": 408.7438667482745, "std": 4.236050460354244}, "K3": {"distribution": "normal", "mean": 363.42700004971357, "std": 2.2854559176671128}}, "compatibleConfigurations": ["K4", "K1", "K3"]}, "O15": {"estimatedTestTime": {"K1": {"distribution": "normal", "mean": 315.3582554430924, "std": 3.3285354060571275}, "K2": {"distribution": "normal", "mean": 441.9719996598295, "std": 2.5896099563079504}, "K3": {"distribution": "normal", "mean": 413.21409083330053, "std": 3.040023289427151}}, "compatibleConfigurations": ["K1", "K2", "K3"]}, "O16": {"estimatedTestTime": {"K4": {"distribution": "normal", "mean": 186.46867792873343, "std": 4.743947464134532}, "K3": {"distribution": "normal", "mean": 119.20804982275527, "std": 4.100820518051235}, "K2": {"distribution": "normal", "mean": 78.69460487660704, "std": 3.775530595734713}, "K1": {"distribution": "normal", "mean": 141.7969172017466, "std": 2.7305288132387324}}, "compatibleConfigurations": ["K4", "K3", "K2", "K1"]}, "O17": {"estimatedTestTime": {"K4": {"distribution": "normal", "mean": 113.96627089639465, "std": 2.009759865373152}, "K2": {"distribution": "normal", "mean": 74.08861383906884, "std": 2.2798810688056026}, "K3": {"distribution": "normal", "mean": 40.76118562953602, "std": 3.4746625029765625}, "K1": {"distribution": "normal", "mean": 346.6026221497775, "std": 4.317834591313966}}, "compatibleConfigurations": ["K4", "K2", "K3", "K1"]}, "O18": {"estimatedTestTime": {"K4": {"distribution": "normal", "mean": 92.75384669037237, "std": 3.943407389426601}, "K3": {"distribution": "normal", "mean": 217.90486690800742, "std": 2.336061904544896}}, "compatibleConfigurations": ["K4", "K3"]}, "O19": {"estimatedTestTime": {"K3": {"distribution": "normal", "mean": 46.372085348969776, "std": 4.812961221273586}, "K1": {"distribution": "normal", "mean": 328.629818148173, "std": 4.543406066055969}, "K2": {"distribution": "normal", "mean": 129.83955325514802, "std": 3.9832994770017622}}, "compatibleConfigurations": ["K3", "K1", "K2"]}, "O20": {"estimatedTestTime": {"K3": {"distribution": "normal", "mean": 111.32692618082714, "std": 2.8265250199172076}, "K4": {"distribution": "normal", "mean": 306.1687810157936, "std": 2.773170131070853}, "K2": {"distribution": "normal", "mean": 467.2506195848294, "std": 2.8770048409261952}, "K1": {"distribution": "normal", "mean": 150.38473989009447, "std": 4.963323468814272}}, "compatibleConfigurations": ["K3", "K4", "K2", "K1"]}}}, "products": {"count": 6, "items": {"P1": {"index": 0, "arrival": 0, "quantity": 3, "duedate": 1385.33197827349, "operations": ["O6", "O14", "O15", "O1", "O4", "O12", "O8", "O17", "O20"], "dependencies": [[2, 0], [3, 1], [3, 2], [4, 0], [4, 1], [4, 3], [6, 0], [7, 0], [7, 1], [7, 2], [7, 3], [7, 5], [8, 7]]}, "P2": {"index": 1, "arrival": 54.445361508068444, "quantity": 3, "duedate": 1479.002081857847, "operations": ["O19", "O8", "O16", "O13", "O15", "O14", "O20", "O9", "O4", "O12", "O10", "O17", "O5", "O18", "O11"],