{"configurations": {"count": 2, "items": {"K1": {"index": 0, "setupTimes": [0, 9]}, "K2": {"index": 1, "setupTimes": [7, 0]}}}, "testers": {"count": 2, "items": {"T1": {"supportedConfigurations": ["K1", "K2"]}, "T2": {"supportedConfigurations": ["K1", "K2"]}}}, "operations": {"count": 10, "items": {"O1": {"estimatedTestTime": {"K2": {"distribution": "normal", "mean": 37.76869770935805, "std": 2.695305947176346}, "K1": {"distribution": "normal", "mean": 35.006883098190144, "std": 3.7090560161612904}}, "compatibleConfigurations": ["K2", "K1"]}, "O2": {"estimatedTestTime": {"K1": {"distribution": "normal", "mean": 40.86878445214235, "std": 3.5349455395832434}, "K2": {"distribution": "normal", "mean": 6.8824433673168635, "std": 4.770612492381096}}, "compatibleConfigurations": ["K1", "K2"]}, "O3": {"estimatedTestTime": {"K1": {"distribution": "normal", "mean": 24.058965500367364, "std": 3.766623406075209}, "K2": {"distribution": "normal", "mean": 34.171214850727125, "std": 4.090544965678413}}, "compatibleConfigurations": ["K1", "K2"]}, "O4": {"estimatedTestTime": {"K2": {"distribution": "normal", "mean": 24.325162825956653, "std": 3.101828738646919}, "K1": {"distribution": "normal", "mean": 37.33377591094178, "std": 4.679068972568897}}, "compatibleConfigurations": ["K2", "K1"]}, "O5": {"estimatedTestTime": {"K1": {"distribution": "normal", "mean": 6.833177715698133, "std": 4.242941599556}, "K2": {"distribution": "normal", "mean": 27.63223064473631, "std": 2.5944445309744277}}, "compatibleConfigurations": ["K1", "K2"]}, "O6": {"estimatedTestTime": {"K2": {"distribution": "normal", "mean": 20.095670141978857, "std": 2.6641573887791314}, "K1": {"distribution": "normal", "mean": 30.351781130376477, "std": 4.473631981798828}}, "compatibleConfigurations": ["K2", "K1"]}, "O7": {"estimatedTestTime": {"K1": {"distribution": "normal", "mean": 4.670327553010658, "std": 3.9053939613553372}, "K2": {"distribution": "normal", "mean": 19.234697481910636, "std": 2.5003845321237854}}, "compatibleConfigurations": ["K1", "K2"]}, "O8": {"estimatedTestTime": {"K2": {"distribution": "normal", "mean": 10.510460598999995, "std": 3.2409695647465084}, "K1": {"distribution": "normal", "mean": 15.427608479647406, "std": 3.910730162591819}}, "compatibleConfigurations": ["K2", "K1"]}, "O9": {"estimatedTestTime": {"K1": {"distribution": "normal", "mean": 44.836556375026476, "std": 4.861813249579056}, "K2": {"distribution": "normal", "mean": 32.08000754477588, "std": 3.414927782907848}}, "compatibleConfigurations": ["K1", "K2"]}, "O10": {"estimatedTestTime": {"K2": {"distribution": "normal", "mean": 26.775293552815643, "std": 2.2529403466498916}, "K1": {"distribution": "normal", "mean": 43.11252409592224, "std": 2.138361877364766}}, "compatibleConfigurations": ["K2", "K1"]}}}, "products": {"count": 4, "items": {"P1": {"index": 0, "arrival": 0, "quantity": 4, "duedate": 233.61863228016827, "operations": ["O5", "O1", "O10", "O2", "O6"], "dependencies": [[1, 0], [2, 1], [3, 1], [4, 2]]}, "P2": {"index": 1, "arrival": 0.584669942729632, "quantity": 4, "duedate": 122.82641012765029, "operations": ["O6", "O3", "O4"], "dependencies": [[2, 0], [2, 1]]}, "P3": {"index": 2, "arrival": 29.286620676810294, "quantity": 3, "duedate": 141.29246175895418, "operations": ["O8", "O6", "O10"], "dependencies": [[1, 0], [2, 1]]}, "P4": {"index": 3, "arrival": 40.064180125537035, "quantity": 3, "duedate": 104.61343765896166, "operations": ["O4", "O2", "O7"], "dependencies": [[2, 0], [2, 1]]}}}}