{"configurations": {"count": 2, "items": {"K1": {"index": 0, "setupTimes": [0, 1]}, "K2": {"index": 1, "setupTimes": [10, 0]}}}, "testers": {"count": 3, "items": {"T1": {"supportedConfigurations": ["K1", "K2"]}, "T2": {"supportedConfigurations": ["K2", "K1"]}, "T3": {"supportedConfigurations": ["K2", "K1"]}}}, "operations": {"count": 15, "items": {"O1": {"estimatedTestTime": {"K2": {"distribution": "normal", "mean": 30.620873669544302, "std": 2.649195353660691}, "K1": {"distribution": "normal", "mean": 45.76070353433239, "std": 3.536506681694606}}, "compatibleConfigurations": ["K2", "K1"]}, "O2": {"estimatedTestTime": {"K1": {"distribution": "normal", "mean": 32.92196649721309, "std": 4.347590493099304}, "K2": {"distribution": "normal", "mean": 23.501805091049864, "std": 3.4263578790909133}}, "compatibleConfigurations": ["K1", "K2"]}, "O3": {"estimatedTestTime": {"K1": {"distribution": "normal", "mean": 5.914627402468158, "std": 3.6902043792683115}, "K2": {"distribution": "normal", "mean": 10.186111373438218, "std": 2.4380756861921182}}, "compatibleConfigurations": ["K1", "K2"]}, "O4": {"estimatedTestTime": {"K2": {"distribution": "normal", "mean": 15.866967062683447, "std": 3.944717837474191}, "K1": {"distribution": "normal", "mean": 34.34791512218564, "std": 4.8892324328000845}}, "compatibleConfigurations": ["K2", "K1"]}, "O5": {"estimatedTestTime": {"K1": {"distribution": "normal", "mean": 47.00842907927822, "std": 4.666987760329668}, "K2": {"distribution": "normal", "mean": 21.91555632041368, "std": 4.9509696169950255}}, "compatibleConfigurations": ["K1", "K2"]}, "O6": {"estimatedTestTime": {"K1": {"distribution": "normal", "mean": 27.388090967191822, "std": 4.21421951721355}, "K2": {"distribution": "normal", "mean": 24.278214212048, "std": 4.776115764298449}}, "compatibleConfigurations": ["K1", "K2"]}, "O7": {"estimatedTestTime": {"K1": {"distribution": "normal", "mean": 36.65856577469247, "std": 4.424103375735017}, "K2": {"distribution": "normal", "mean": 22.103866404721444, "std": 3.649786203571889}}, "compatibleConfigurations": ["K1", "K2"]}, "O8": {"estimatedTestTime": {"K1": {"distribution": "normal", "mean": 12.74670408087585, "std": 2.2866163804264037}, "K2": {"distribution": "normal", "mean": 31.02996888356487, "std": 3.158046022825941}}, "compatibleConfigurations": ["K1", "K2"]}, "O9": {"estimatedTestTime": {"K2": {"distribution": "normal", "mean": 41.00075451053766, "std": 2.738399929420684}, "K1": {"distribution": "normal", "mean": 29.826647274690078, "std": 3.269512429856812}}, "compatibleConfigurations": ["K2", "K1"]}, "O10": {"estimatedTestTime": {"K2": {"distribution": "normal", "mean": 30.830764006385934, "std": 3.8735801983696883}, "K1": {"distribution": "normal", "mean": 12.539692514101349, "std": 4.832613447087418}}, "compatibleConfigurations": ["K2", "K1"]}, "O11": {"estimatedTestTime": {"K2": {"distribution": "normal", "mean": 9.55417225780502, "std": 2.735248716969222}, "K1": {"distribution": "normal", "mean": 3.5097007576725456, "std": 4.37399556667362}}, "compatibleConfigurations": ["K2", "K1"]}, "O12": {"estimatedTestTime": {"K2": {"distribution": "normal", "mean": 16.93482793197264, "std": 2.8643828846226476}, "K1": {"distribution": "normal", "mean": 40.607035264779185, "std": 2.866792671088429}}, "compatibleConfigurations": ["K2", "K1"]}, "O13": {"estimatedTestTime": {"K1": {"distribution": "normal", "mean": 28.930593476056554, "std": 3.36301167812487}, "K2": {"distribution": "normal", "mean": 40.09653982437715, "std": 2.737958809983937}}, "compatibleConfigurations": ["K1", "K2"]}, "O14": {"estimatedTestTime": {"K2": {"distribution": "normal", "mean": 23.896707634553408, "std": 3.629664020708751}, "K1": {"distribution": "normal", "mean": 33.16839727433525, "std": 2.2035683158245867}}, "compatibleConfigurations": ["K2", "K1"]}, "O15": {"estimatedTestTime": {"K2": {"distribution": "normal", "mean": 6.271095598039119, "std": 3.453066650262883}, "K1": {"distribution": "normal", "mean": 7.415784217825019, "std": 2.7983471966852145}}, "compatibleConfigurations": ["K2", "K1"]}}}, "products": {"count": 5, "items": {"P1": {"index": 0, "arrival": 0, "quantity": 3, "duedate": 58.562490413052444, "operations": ["O5", "O13", "O6", "O3", "O4"], "dependencies": [[3, 0], [3, 1], [4, 2], [4, 0]]}, "P2": {"index": 1, "arrival": 17.37868350601268, "quantity": 3, "duedate": 57.531767997571485, "operations": ["O13", "O7", "O11"], "dependencies": [[2, 0], [2, 1]]}, "P3": {"index": 2, "arrival": 20.014388988601883, "quantity": 3, "duedate": 49.72498797311884, "operations": ["O3", "O10"], "dependencies": [[1, 0]]}, "P4": {"index": 3, "arrival": 27.431348222354067, "quantity": 4, "duedate": 137.43921674228093, "operations": ["O1", "O10", "O6", "O5"], "dependencies": [[1, 0], [2, 1], [3, 0]]}, "P5": {"index": 4, "arrival": 52.00070771135843, "quantity": 3, "duedate": 122.182383212244, "operations": ["O5", "O11", "O13"], "dependencies": [[1, 0], [2, 1]]}}}}