{"configurations": {"count": 4, "items": {"K1": {"index": 0, "setupTimes": [0, 7, 8, 3]}, "K2": {"index": 1, "setupTimes": [8, 0, 9, 2]}, "K3": {"index": 2, "setupTimes": [5, 9, 0, 7]}, "K4": {"index": 3, "setupTimes": [8, 8, 5, 0]}}}, "testers": {"count": 4, "items": {"T1": {"supportedConfigurations": ["K2", "K1", "K4", "K3"]}, "T2": {"supportedConfigurations": ["K1", "K2"]}, "T3": {"supportedConfigurations": ["K2", "K1", "K3"]}, "T4": {"supportedConfigurations": ["K1", "K4"]}}}, "operations": {"count": 11, "items": {"O1": {"estimatedTestTime": {"K4": {"distribution": "normal", "mean": 2.0226378810542442, "std": 4.864673561561071}, "K3": {"distribution": "normal", "mean": 20.259785269176795, "std": 3.5026855823935485}, "K1": {"distribution": "normal", "mean": 7.234719283923225, "std": 3.404333916343899}, "K2": {"distribution": "normal", "mean": 34.7695110707292, "std": 4.216159923243401}}, "compatibleConfigurations": ["K4", "K3", "K1", "K2"]}, "O2": {"estimatedTestTime": {"K1": {"distribution": "normal", "mean": 44.587370998446545, "std": 2.883447433997958}, "K2": {"distribution": "normal", "mean": 3.5821689163345347, "std": 3.838407170221687}, "K4": {"distribution": "normal", "mean": 46.938485508228126, "std": 3.5116222645006134}, "K3": {"distribution": "normal", "mean": 24.3172464162974, "std": 3.079514551270491}}, "compatibleConfigurations": ["K1", "K2", "K4", "K3"]}, "O3": {"estimatedTestTime": {"K1": {"distribution": "normal", "mean": 48.609232233570786, "std": 2.959760020274895}, "K2": {"distribution": "normal", "mean": 29.59799511733093, "std": 2.38834805406958}}, "compatibleConfigurations": ["K1", "K2"]}, "O4": {"estimatedTestTime": {"K4": {"distribution": "normal", "mean": 3.524616622331582, "std": 4.316826569394303}, "K3": {"distribution": "normal", "mean": 31.11437303118066, "std": 3.7709392072573067}}, "compatibleConfigurations": ["K4", "K3"]}, "O5": {"estimatedTestTime": {"K1": {"distribution": "normal", "mean": 46.34395004624195, "std": 2.743136586085698}, "K3": {"distribution": "normal", "mean": 45.21499283706385, "std": 3.768889132872724}, "K2": {"distribution": "normal", "mean": 32.84591335127198, "std": 4.558170041685223}, "K4": {"distribution": "normal", "mean": 38.68426075732424, "std": 3.9643876802092355}}, "compatibleConfigurations": ["K1", "K3", "K2", "K4"]}, "O6": {"estimatedTestTime": {"K3": {"distribution": "normal", "mean": 17.751341081491063, "std": 4.658474419492994}, "K4": {"distribution": "normal", "mean": 15.994240301253255, "std": 3.151350885802788}, "K2": {"distribution": "normal", "mean": 10.371563331898535, "std": 4.3218720812566795}, "K1": {"distribution": "normal", "mean": 30.865676859707655, "std": 4.83791830140281}}, "compatibleConfigurations": ["K3", "K4", "K2", "K1"]}, "O7": {"estimatedTestTime": {"K2": {"distribution": "normal", "mean": 40.188625180710254, "std": 2.997757934097609}, "K4": {"distribution": "normal", "mean": 20.874622604086973, "std": 4.965077620125701}, "K1": {"distribution": "normal", "mean": 17.02321064623517, "std": 3.199905928053769}}, "compatibleConfigurations": ["K2", "K4", "K1"]}, "O8": {"estimatedTestTime": {"K4": {"distribution": "normal", "mean": 27.31416830244065, "std": 3.614600789945071}, "K2": {"distribution": "normal", "mean": 33.16814876508989, "std": 4.447852534379228}, "K1": {"distribution": "normal", "mean": 19.266142479931112, "std": 2.3921854093083095}}, "compatibleConfigurations": ["K4", "K2", "K1"]}, "O9": {"estimatedTestTime": {"K2": {"distribution": "normal", "mean": 40.506470181304245, "std": 3.3502568510746213}, "K4": {"distribution": "normal", "mean": 26.910635439489283, "std": 2.3207693295904237}}, "compatibleConfigurations": ["K2", "K4"]}, "O10": {"estimatedTestTime": {"K3": {"distribution": "normal", "mean": 42.22630329274879, "std": 2.6484597158999517}, "K2": {"distribution": "normal", "mean": 47.458337366040816, "std": 2.169271811673668}}, "compatibleConfigurations": ["K3", "K2"]}, "O11": {"estimatedTestTime": {"K2": {"distribution": "normal", "mean": 9.67602582779284, "std": 4.078251548487214}, "K1": {"distribution": "normal", "mean": 19.02440745999393, "std": 2.8463078673240814}, "K3": {"distribution": "normal", "mean": 11.006842514155968, "std": 3.61297857725703}, "K4": {"distribution": "normal", "mean": 19.647594502487387, "std": 3.6737362582718767}}, "compatibleConfigurations": ["K2", "K1", "K3", "K4"]}}}, "products": {"count": 2, "items": {"P1": {"index": 0, "arrival": 0, "quantity": 4, "duedate": 61.45134666725847, "operations": ["O4", "O11", "O5", "O6", "O1"], "dependencies": [[2, 1], [2, 0], [3, 0], [4, 0]]}, "P2": {"index": 1, "arrival": 11.11478422466179, "quantity": 5, "duedate": 93.91791809871496, "operations": ["O3", "O7"], "dependencies": [[1, 0]]}}}}