{"configurations": {"count": 2, "items": {"K1": {"index": 0, "setupTimes": [0, 8]}, "K2": {"index": 1, "setupTimes": [4, 0]}}}, "testers": {"count": 4, "items": {"T1": {"supportedConfigurations": ["K2", "K1"]}, "T2": {"supportedConfigurations": ["K1", "K2"]}, "T3": {"supportedConfigurations": ["K1", "K2"]}, "T4": {"supportedConfigurations": ["K2", "K1"]}}}, "operations": {"count": 19, "items": {"O1": {"estimatedTestTime": {"K1": {"distribution": "normal", "mean": 13.491207747743857, "std": 2.034316909362616}, "K2": {"distribution": "normal", "mean": 24.549418669582305, "std": 2.14039322812634}}, "compatibleConfigurations": ["K1", "K2"]}, "O2": {"estimatedTestTime": {"K1": {"distribution": "normal", "mean": 18.00010370561932, "std": 4.388081546046321}, "K2": {"distribution": "normal", "mean": 31.683202328138815, "std": 4.296148729082166}}, "compatibleConfigurations": ["K1", "K2"]}, "O3": {"estimatedTestTime": {"K2": {"distribution": "normal", "mean": 40.85017022407749, "std": 2.712168904485579}, "K1": {"distribution": "normal", "mean": 32.30884628492427, "std": 4.871838412360062}}, "compatibleConfigurations": ["K2", "K1"]}, "O4": {"estimatedTestTime": {"K1": {"distribution": "normal", "mean": 21.393918864623352, "std": 3.671746805591314}, "K2": {"distribution": "normal", "mean": 8.799761201235917, "std": 2.1951911179928665}}, "compatibleConfigurations": ["K1", "K2"]}, "O5": {"estimatedTestTime": {"K2": {"distribution": "normal", "mean": 10.941537678199353, "std": 2.3732210157809934}, "K1": {"distribution": "normal", "mean": 32.2030932374714, "std": 4.682086181116944}}, "compatibleConfigurations": ["K2", "K1"]}, "O6": {"estimatedTestTime": {"K1": {"distribution": "normal", "mean": 14.43150603144076, "std": 3.3351714010260465}, "K2": {"distribution": "normal", "mean": 44.43334054260927, "std": 2.739088481765525}}, "compatibleConfigurations": ["K1", "K2"]}, "O7": {"estimatedTestTime": {"K2": {"distribution": "normal", "mean": 40.234820722257716, "std": 3.7243229191985594}, "K1": {"distribution": "normal", "mean": 19.07538262333534, "std": 4.818877535385727}}, "compatibleConfigurations": ["K2", "K1"]}, "O8": {"estimatedTestTime": {"K2": {"distribution": "normal", "mean": 47.76986622910325, "std": 2.9816168728380332}, "K1": {"distribution": "normal", "mean": 37.519081329007946, "std": 3.501907804266716}}, "compatibleConfigurations": ["K2", "K1"]}, "O9": {"estimatedTestTime": {"K2": {"distribution": "normal", "mean": 31.189170262762065, "std": 2.2289908163113794}, "K1": {"distribution": "normal", "mean": 41.84842573927675, "std": 2.849491577305732}}, "compatibleConfigurations": ["K2", "K1"]}, "O10": {"estimatedTestTime": {"K2": {"distribution": "normal", "mean": 19.617548542939073, "std": 3.1734382818243807}, "K1": {"distribution": "normal", "mean": 45.41047033592801, "std": 3.924859655377537}}, "compatibleConfigurations": ["K2", "K1"]}, "O11": {"estimatedTestTime": {"K2": {"distribution": "normal", "mean": 42.459780298089505, "std": 2.9634103822213733}, "K1": {"distribution": "normal", "mean": 10.607734867594386, "std": 3.068568966654345}}, "compatibleConfigurations": ["K2", "K1"]}, "O12": {"estimatedTestTime": {"K2": {"distribution": "normal", "mean": 36.782020875494176, "std": 3.395770683410932}, "K1": {"distribution": "normal", "mean": 27.5911404459176, "std": 4.716549395292487}}, "compatibleConfigurations": ["K2", "K1"]}, "O13": {"estimatedTestTime": {"K1": {"distribution": "normal", "mean": 9.194720726983762, "std": 2.9175782266447463}, "K2": {"distribution": "normal", "mean": 39.72740538136633, "std": 4.0247381988123285}}, "compatibleConfigurations": ["K1", "K2"]}, "O14": {"estimatedTestTime": {"K1": {"distribution": "normal", "mean": 42.50839211682622, "std": 4.032786680062178}, "K2": {"distribution": "normal", "mean": 48.48165417525173, "std": 3.2319192232920924}}, "compatibleConfigurations": ["K1", "K2"]}, "O15": {"estimatedTestTime": {"K1": {"distribution": "normal", "mean": 38.989190872856454, "std": 3.869132445090136}, "K2": {"distribution": "normal", "mean": 27.209117720254625, "std": 4.381241249159736}}, "compatibleConfigurations": ["K1", "K2"]}, "O16": {"estimatedTestTime": {"K1": {"distribution": "normal", "mean": 8.755327740764411, "std": 2.352508334482557}, "K2": {"distribution": "normal", "mean": 45.6346519982328, "std": 2.4462412978867083}}, "compatibleConfigurations": ["K1", "K2"]}, "O17": {"estimatedTestTime": {"K2": {"distribution": "normal", "mean": 47.45898218518919, "std": 3.3860098192910093}, "K1": {"distribution": "normal", "mean": 13.77017875087316, "std": 3.557407162983907}}, "compatibleConfigurations": ["K2", "K1"]}, "O18": {"estimatedTestTime": {"K1": {"distribution": "normal", "mean": 39.20097419214562, "std": 2.007006036352985}, "K2": {"distribution": "normal", "mean": 47.54334240873071, "std": 4.042261022642789}}, "compatibleConfigurations": ["K1", "K2"]}, "O19": {"estimatedTestTime": {"K2": {"distribution": "normal", "mean": 32.41275974846348, "std": 3.409760700401799}, "K1": {"distribution": "normal", "mean": 14.484077650738485, "std": 2.16086411229214}}, "compatibleConfigurations": ["K2", "K1"]}}}, "products": {"count": 3, "items": {"P1": {"index": 0, "arrival": 0, "quantity": 4, "duedate": 60.33651417780833, "operations": ["O13", "O3", "O7"], "dependencies": [[1, 0], [2, 0]]}, "P2": {"index": 1, "arrival": 35.80987676324934, "quantity": 3, "duedate": 92.56540326473274, "operations": ["O4", "O3", "O19", "O9", "O13"], "dependencies": [[4, 0], [4, 1], [4, 3], [4, 2]]}, "P3": {"index": 2, "arrival": 60.43814823272273, "quantity": 3, "duedate": 116.31537842531381, "operations": ["O17", "O12"], "dependencies": [[1, 0]]}}}}