{"configurations": {"count": 5, "items": {"K1": {"index": 0, "setupTimes": [0, 0, 4, 3, 5]}, "K2": {"index": 1, "setupTimes": [8, 0, 6, 1, 9]}, "K3": {"index": 2, "setupTimes": [10, 3, 0, 3, 9]}, "K4": {"index": 3, "setupTimes": [5, 9, 7, 0, 2]}, "K5": {"index": 4, "setupTimes": [10, 8, 0, 2, 0]}}}, "testers": {"count": 3, "items": {"T1": {"supportedConfigurations": ["K1", "K5", "K3", "K2"]}, "T2": {"supportedConfigurations": ["K5", "K4", "K3", "K2", "K1"]}, "T3": {"supportedConfigurations": ["K1", "K2", "K4"]}}}, "operations": {"count": 20, "items": {"O1": {"estimatedTestTime": {"K5": {"distribution": "normal", "mean": 34.56475080231567, "std": 3.3619655911441124}, "K4": {"distribution": "normal", "mean": 35.81911239386558, "std": 4.636199968236602}, "K1": {"distribution": "normal", "mean": 49.80919853541791, "std": 3.985584263677868}}, "compatibleConfigurations": ["K5", "K4", "K1"]}, "O2": {"estimatedTestTime": {"K3": {"distribution": "normal", "mean": 16.393490225116125, "std": 4.875977628274283}, "K5": {"distribution": "normal", "mean": 15.982977523958043, "std": 2.5313165074657316}, "K2": {"distribution": "normal", "mean": 14.749514826373222, "std": 2.154172608508336}, "K4": {"distribution": "normal", "mean": 26.001776208221983, "std": 2.535308424274871}}, "compatibleConfigurations": ["K3", "K5", "K2", "K4"]}, "O3": {"estimatedTestTime": {"K4": {"distribution": "normal", "mean": 43.90939822891772, "std": 2.3198264236111226}, "K2": {"distribution": "normal", "mean": 26.168865279682144, "std": 3.3232739979143124}, "K1": {"distribution": "normal", "mean": 36.4315679808998, "std": 3.2882603540607187}}, "compatibleConfigurations": ["K4", "K2", "K1"]}, "O4": {"estimatedTestTime": {"K4": {"distribution": "normal", "mean": 40.92586959494817, "std": 3.843702118256239}, "K2": {"distribution": "normal", "mean": 44.114394663868744, "std": 3.760176125022058}, "K1": {"distribution": "normal", "mean": 13.20010580584436, "std": 4.558552036215374}}, "compatibleConfigurations": ["K4", "K2", "K1"]}, "O5": {"estimatedTestTime": {"K1": {"distribution": "normal", "mean": 46.663467312620355, "std": 2.902926413738258}, "K3": {"distribution": "normal", "mean": 16.12596668359356, "std": 2.7140720255427557}, "K4": {"distribution": "normal", "mean": 26.88116705518462, "std": 2.6433113895321245}}, "compatibleConfigurations": ["K1", "K3", "K4"]}, "O6": {"estimatedTestTime": {"K1": {"distribution": "normal", "mean": 33.737909210853225, "std": 3.9410359687336114}, "K5": {"distribution": "normal", "mean": 6.194028158468575, "std": 3.3663100807457145}}, "compatibleConfigurations": ["K1", "K5"]}, "O7": {"estimatedTestTime": {"K4": {"distribution": "normal", "mean": 28.098363998819497, "std": 4.587881978714945}, "K2": {"distribution": "normal", "mean": 32.94248507356619, "std": 2.649716444560976}}, "compatibleConfigurations": ["K4", "K2"]}, "O8": {"estimatedTestTime": {"K5": {"distribution": "normal", "mean": 9.73800781615952, "std": 3.650974484348964}, "K3": {"distribution": "normal", "mean": 2.6366118940650427, "std": 3.054113265692242}, "K1": {"distribution": "normal", "mean": 31.674425686182893, "std": 2.550067220096624}}, "compatibleConfigurations": ["K5", "K3", "K1"]}, "O9": {"estimatedTestTime": {"K4": {"distribution": "normal", "mean": 39.51803598351004, "std": 2.755159532767136}, "K2": {"distribution": "normal", "mean": 27.058999789281874, "std": 4.445070943057843}, "K3": {"distribution": "normal", "mean": 45.62925316344361, "std": 3.5711447400684038}, "K5": {"distribution": "normal", "mean": 7.78060550824755, "std": 4.385305612415858}}, "compatibleConfigurations": ["K4", "K2", "K3", "K5"]}, "O10": {"estimatedTestTime": {"K3": {"distribution": "normal", "mean": 29.57601857777395, "std": 2.6689789835046565}, "K5": {"distribution": "normal", "mean": 13.345674492709582, "std": 3.415294974445457}}, "compatibleConfigurations": ["K3", "K5"]}, "O11": {"estimatedTestTime": {"K1": {"distribution": "normal", "mean": 4.129733241695314, "std": 3.73840407651985}, "K4": {"distribution": "normal", "mean": 8.354460561460543, "std": 3.4781943680932033}}, "compatibleConfigurations": ["K1", "K4"]}, "O12": {"estimatedTestTime": {"K1": {"distribution": "normal", "mean": 47.145604064690524, "std": 3.164425933892094}, "K2": {"distribution": "normal", "mean": 44.28117795478846, "std": 2.6800098446442453}, "K3": {"distribution": "normal", "mean": 19.69131548097946, "std": 3.845364063663677}, "K4": {"distribution": "normal", "mean": 27.52629549014059, "std": 2.41150190854629}, "K5": {"distribution": "normal", "mean": 18.651276347457383, "std": 3.9482496806984546}}, "compatibleConfigurations": ["K1", "K2", "K3", "K4", "K5"]}, "O13": {"estimatedTestTime": {"K4": {"distribution": "normal", "mean": 33.37849803405835, "std": 2.6718638999111706}, "K3": {"distribution": "normal", "mean": 7.060919751196167, "std": 3.8329552046069706}}, "compatibleConfigurations": ["K4", "K3"]}, "O14": {"estimatedTestTime": {"K3": {"distribution": "normal", "mean": 20.73584411815387, "std": 2.143999890993363}, "K1": {"distribution": "normal", "mean": 23.891117348714147, "std": 4.394259265778857}, "K2": {"distribution": "normal", "mean": 21.405528092475745, "std": 4.969206121477818}, "K5": {"distribution": "normal", "mean": 16.75372938982958, "std": 2.4744086792355704}}, "compatibleConfigurations": ["K3", "K1", "K2", "K5"]}, "O15": {"estimatedTestTime": {"K4": {"distribution": "normal", "mean": 8.50790715170374, "std": 4.79077853429325}, "K3": {"distribution": "normal", "mean": 7.4841509928240715, "std": 4.265676515935436}, "K5": {"distribution": "normal", "mean": 34.13005466261142, "std": 4.317635337415067}, "K2": {"distribution": "normal", "mean": 8.433659760670706, "std": 2.1032309028431326}}, "compatibleConfigurations": ["K4", "K3", "K5", "K2"]}, "O16": {"estimatedTestTime": {"K4": {"distribution": "normal", "mean": 25.594597099332745, "std": 3.5315348550865404}, "K2": {"distribution": "normal", "mean": 26.657553534706192, "std": 3.752374748753218}}, "compatibleConfigurations": ["K4", "K2"]}, "O17": {"estimatedTestTime": {"K4": {"distribution": "normal", "mean": 42.944936100905196, "std": 4.046573121941899}, "K2": {"distribution": "normal", "mean": 5.193051289207437, "std": 2.0895071500027025}}, "compatibleConfigurations": ["K4", "K2"]}, "O18": {"estimatedTestTime": {"K2": {"distribution": "normal", "mean": 15.749544865388605, "std": 4.537850321421283}, "K3": {"distribution": "normal", "mean": 38.68225397802949, "std": 2.235324174693831}, "K1": {"distribution": "normal", "mean": 32.53859760921952, "std": 3.105145307634734}, "K5": {"distribution": "normal", "mean": 16.40776552683168, "std": 3.6074216336501963}, "K4": {"distribution": "normal", "mean": 36.83317572606875, "std": 4.930221376913256}}, "compatibleConfigurations": ["K2", "K3", "K1", "K5", "K4"]}, "O19": {"estimatedTestTime": {"K4": {"distribution": "normal", "mean": 38.25994764769233, "std": 3.9556545440978983}, "K1": {"distribution": "normal", "mean": 5.559507013003657, "std": 2.748814429315267}, "K2": {"distribution": "normal", "mean": 27.89801353776605, "std": 3.2477392686223405}}, "compatibleConfigurations": ["K4", "K1", "K2"]}, "O20": {"estimatedTestTime": {"K2": {"distribution": "normal", "mean": 12.839017286461962, "std": 2.085693515516448}, "K5": {"distribution": "normal", "mean": 37.80436479776115, "std": 3.8029396028206746}, "K3": {"distribution": "normal", "mean": 7.42862901774242, "std": 2.037783748772623}, "K1": {"distribution": "normal", "mean": 35.59728175279706, "std": 4.114267166141209}}, "compatibleConfigurations": ["K2", "K5", "K3", "K1"]}}}, "products": {"count": 5, "items": {"P1": {"index": 0, "arrival": 0, "quantity": 4, "duedate": 79.7342510215569, "operations": ["O16", "O20", "O8", "O12"], "dependencies": [[1, 0], [3, 2], [3, 0]]}, "P2": {"index": 1, "arrival": 47.21389572757483, "quantity": 5, "duedate": 174.91160124630585, "operations": ["O2", "O20", "O10", "O3"], "dependencies": [[1, 0], [2, 0], [3, 2]]}, "P3": {"index": 2,