{"configurations": {"count": 4, "items": {"K1": {"index": 0, "setupTimes": [0, 5, 6, 2]}, "K2": {"index": 1, "setupTimes": [7, 0, 2, 6]}, "K3": {"index": 2, "setupTimes": [1, 3, 0, 2]}, "K4": {"index": 3, "setupTimes": [9, 8, 3, 0]}}}, "testers": {"count": 3, "items": {"T1": {"supportedConfigurations": ["K3", "K1", "K4"]}, "T2": {"supportedConfigurations": ["K2", "K4"]}, "T3": {"supportedConfigurations": ["K3", "K4", "K2"]}}}, "operations": {"count": 11, "items": {"O1": {"estimatedTestTime": {"K1": {"distribution": "normal", "mean": 14.209838330778737, "std": 4.189880975785262}, "K3": {"distribution": "normal", "mean": 19.660216006619862, "std": 3.1160011925019013}, "K2": {"distribution": "normal", "mean": 46.01717683220831, "std": 2.355104134056196}, "K4": {"distribution": "normal", "mean": 26.529586837891436, "std": 3.850076994858025}}, "compatibleConfigurations": ["K1", "K3", "K2", "K4"]}, "O2": {"estimatedTestTime": {"K1": {"distribution": "normal", "mean": 6.176436882105488, "std": 4.581303555883888}, "K3": {"distribution": "normal", "mean": 41.70419887687885, "std": 2.7026759321885727}, "K2": {"distribution": "normal", "mean": 13.713681203597233, "std": 3.8774179113974507}}, "compatibleConfigurations": ["K1", "K3", "K2"]}, "O3": {"estimatedTestTime": {"K2": {"distribution": "normal", "mean": 48.647678050588304, "std": 3.107428524005691}, "K4": {"distribution": "normal", "mean": 24.921951594693546, "std": 3.3648893697333584}, "K1": {"distribution": "normal", "mean": 48.03120919481364, "std": 2.7960973598286563}}, "compatibleConfigurations": ["K2", "K4", "K1"]}, "O4": {"estimatedTestTime": {"K2": {"distribution": "normal", "mean": 11.451804138840323, "std": 4.014572008062233}, "K4": {"distribution": "normal", "mean": 12.33106781368856, "std": 4.739331564648353}, "K3": {"distribution": "normal", "mean": 15.65255305425904, "std": 2.0382831162608523}, "K1": {"distribution": "normal", "mean": 10.332584637959707, "std": 4.630441012764463}}, "compatibleConfigurations": ["K2", "K4", "K3", "K1"]}, "O5": {"estimatedTestTime": {"K2": {"distribution": "normal", "mean": 32.35241540340619, "std": 4.019959530237026}, "K4": {"distribution": "normal", "mean": 7.72724593104487, "std": 3.605733793628916}, "K3": {"distribution": "normal", "mean": 35.03231450071681, "std": 4.5218216999786325}}, "compatibleConfigurations": ["K2", "K4", "K3"]}, "O6": {"estimatedTestTime": {"K2": {"distribution": "normal", "mean": 6.313214599352252, "std": 2.925222343007327}, "K4": {"distribution": "normal", "mean": 49.26853547304872, "std": 3.3836185813529585}}, "compatibleConfigurations": ["K2", "K4"]}, "O7": {"estimatedTestTime": {"K1": {"distribution": "normal", "mean": 17.109180389985568, "std": 2.224416176878358}, "K2": {"distribution": "normal", "mean": 12.730183814363206, "std": 4.529430354907287}, "K3": {"distribution": "normal", "mean": 44.04546749582921, "std": 3.4578279462977237}, "K4": {"distribution": "normal", "mean": 9.466387864581595, "std": 2.541114525130271}}, "compatibleConfigurations": ["K1", "K2", "K3", "K4"]}, "O8": {"estimatedTestTime": {"K3": {"distribution": "normal", "mean": 29.366421285773725, "std": 4.9325528421137275}, "K4": {"distribution": "normal", "mean": 36.975504177300515, "std": 3.912037557433838}, "K1": {"distribution": "normal", "mean": 26.76884673682066, "std": 3.3797503054052904}}, "compatibleConfigurations": ["K3", "K4", "K1"]}, "O9": {"estimatedTestTime": {"K4": {"distribution": "normal", "mean": 49.76790496036991, "std": 4.555609022743598}, "K3": {"distribution": "normal", "mean": 39.19203208010998, "std": 4.11711973237266}, "K1": {"distribution": "normal", "mean": 17.98780483434137, "std": 3.8442198582147387}}, "compatibleConfigurations": ["K4", "K3", "K1"]}, "O10": {"estimatedTestTime": {"K3": {"distribution": "normal", "mean": 44.96713873891266, "std": 2.5762102160907787}, "K4": {"distribution": "normal", "mean": 19.35346004043992, "std": 4.596367506852649}, "K2": {"distribution": "normal", "mean": 11.696665021624726, "std": 3.8096112294339743}, "K1": {"distribution": "normal", "mean": 38.37344285967233, "std": 4.873615277344808}}, "compatibleConfigurations": ["K3", "K4", "K2", "K1"]}, "O11": {"estimatedTestTime": {"K1": {"distribution": "normal", "mean": 22.363079938139947, "std": 4.2584546101017615}, "K3": {"distribution": "normal", "mean": 43.856390537106286, "std": 3.541448536593702}, "K4": {"distribution": "normal", "mean": 32.35011056944629, "std": 4.893613731926699}}, "compatibleConfigurations": ["K1", "K3", "K4"]}}}, "products": {"count": 2, "items": {"P1": {"index": 0, "arrival": 0, "quantity": 4, "duedate": 70.19967474938582, "operations": ["O7", "O8"], "dependencies": [[1, 0]]}, "P2": {"index": 1, "arrival": 25.59791381864939, "quantity": 2, "duedate": 88.72696683936347, "operations": ["O5", "O3", "O7"], "dependencies": [[1, 0], [2, 0]]}}}}