{"configurations": {"count": 5, "items": {"K1": {"index": 0, "setupTimes": [0, 4, 2, 3, 1]}, "K2": {"index": 1, "setupTimes": [9, 0, 2, 8, 4]}, "K3": {"index": 2, "setupTimes": [5, 9, 0, 7, 10]}, "K4": {"index": 3, "setupTimes": [8, 10, 2, 0, 4]}, "K5": {"index": 4, "setupTimes": [4, 3, 6, 4, 0]}}}, "testers": {"count": 5, "items": {"T1": {"supportedConfigurations": ["K5", "K1"]}, "T2": {"supportedConfigurations": ["K5", "K3"]}, "T3": {"supportedConfigurations": ["K5", "K1"]}, "T4": {"supportedConfigurations": ["K3", "K2"]}, "T5": {"supportedConfigurations": ["K5", "K2", "K4"]}}}, "operations": {"count": 20, "items": {"O1": {"estimatedTestTime": {"K4": {"distribution": "normal", "mean": 46.22754681197317, "std": 2.6859360621862174}, "K1": {"distribution": "normal", "mean": 35.708754161750136, "std": 2.8360775359408796}, "K2": {"distribution": "normal", "mean": 7.067332410871053, "std": 3.372903057532862}, "K5": {"distribution": "normal", "mean": 44.629309189213274, "std": 3.0598481172119336}, "K3": {"distribution": "normal", "mean": 23.236708044833687, "std": 3.576900684489347}}, "compatibleConfigurations": ["K4", "K1", "K2", "K5", "K3"]}, "O2": {"estimatedTestTime": {"K4": {"distribution": "normal", "mean": 10.293563801460419, "std": 2.2796139815439456}, "K2": {"distribution": "normal", "mean": 18.461159633057168, "std": 2.4836265212828144}, "K3": {"distribution": "normal", "mean": 35.465105022938864, "std": 2.680787185996558}, "K1": {"distribution": "normal", "mean": 33.3415269302047, "std": 2.5779926386824292}, "K5": {"distribution": "normal", "mean": 28.671589908355596, "std": 4.6716055524062945}}, "compatibleConfigurations": ["K4", "K2", "K3", "K1", "K5"]}, "O3": {"estimatedTestTime": {"K1": {"distribution": "normal", "mean": 42.10580369264315, "std": 3.227302832618172}, "K4": {"distribution": "normal", "mean": 30.17604525781193, "std": 3.696074147267164}, "K2": {"distribution": "normal", "mean": 22.887918016563525, "std": 4.442566593686198}, "K5": {"distribution": "normal", "mean": 2.7022188943025665, "std": 3.9783968223222312}, "K3": {"distribution": "normal", "mean": 11.109451662259241, "std": 4.62669690305835}}, "compatibleConfigurations": ["K1", "K4", "K2", "K5", "K3"]}, "O4": {"estimatedTestTime": {"K4": {"distribution": "normal", "mean": 23.80744700062737, "std": 2.2517562161582507}, "K5": {"distribution": "normal", "mean": 28.84414133156414, "std": 4.765491724221253}, "K3": {"distribution": "normal", "mean": 33.39879603622486, "std": 2.576364935972413}, "K2": {"distribution": "normal", "mean": 6.36378335263335, "std": 3.9136128116517312}, "K1": {"distribution": "normal", "mean": 49.10008744151197, "std": 3.7113382534605437}}, "compatibleConfigurations": ["K4", "K5", "K3", "K2", "K1"]}, "O5": {"estimatedTestTime": {"K5": {"distribution": "normal", "mean": 28.57049931502118, "std": 4.633894849512029}, "K1": {"distribution": "normal", "mean": 21.591126782416953, "std": 3.5618244006784}, "K2": {"distribution": "normal", "mean": 21.202008787064504, "std": 2.6546662167288826}, "K3": {"distribution": "normal", "mean": 47.41153187113038, "std": 3.4144676189040966}, "K4": {"distribution": "normal", "mean": 9.180379867043483, "std": 2.979554743299418}}, "compatibleConfigurations": ["K5", "K1", "K2", "K3", "K4"]}, "O6": {"estimatedTestTime": {"K1": {"distribution": "normal", "mean": 7.0017177147183975, "std": 2.376529218968667}, "K4": {"distribution": "normal", "mean": 5.715814672463473, "std": 2.1849122918197423}, "K5": {"distribution": "normal", "mean": 44.30586328511754, "std": 4.03855618327082}, "K2": {"distribution": "normal", "mean": 29.618118197776724, "std": 3.900686565617945}, "K3": {"distribution": "normal", "mean": 36.333599808905575, "std": 4.0174446377972854}}, "compatibleConfigurations": ["K1", "K4", "K5", "K2", "K3"]}, "O7": {"estimatedTestTime": {"K5": {"distribution": "normal", "mean": 15.008336881709138, "std": 3.587046780718042}, "K2": {"distribution": "normal", "mean": 29.01316190170195, "std": 3.08657288186701}, "K4": {"distribution": "normal", "mean": 41.538546145350296, "std": 4.517982977256658}, "K3": {"distribution": "normal", "mean": 23.612729881278504, "std": 2.597866212522809}, "K1": {"distribution": "normal", "mean": 17.09594956428638, "std": 2.6660304610091115}}, "compatibleConfigurations": ["K5", "K2", "K4", "K3", "K1"]}, "O8": {"estimatedTestTime": {"K4": {"distribution": "normal", "mean": 12.544575001761118, "std": 4.0609950500480245}, "K3": {"distribution": "normal", "mean": 38.88651452726076, "std": 4.3478969731398935}, "K2": {"distribution": "normal", "mean": 15.574884594928827, "std": 4.816185270636973}, "K5": {"distribution": "normal", "mean": 45.837570130854715, "std": 4.066828915019288}, "K1": {"distribution": "normal", "mean": 23.83027129408572, "std": 3.2400193591020723}}, "compatibleConfigurations": ["K4", "K3", "K2", "K5", "K1"]}, "O9": {"estimatedTestTime": {"K1": {"distribution": "normal", "mean": 48.307186548928584, "std": 2.169342281171618}, "K5": {"distribution": "normal", "mean": 37.400202199191845, "std": 2.642212635499722}, "K4": {"distribution": "normal", "mean": 37.46387160348053, "std": 4.686871107808767}, "K2": {"distribution": "normal", "mean": 42.50351265815956, "std": 3.257589676924769}, "K3": {"distribution": "normal", "mean": 17.067180026157516, "std": 3.2601423048650426}}, "compatibleConfigurations": ["K1", "K5", "K4", "K2", "K3"]}, "O10": {"estimatedTestTime": {"K2": {"distribution": "normal", "mean": 24.64016532564552, "std": 3.6819397279165247}, "K3": {"distribution": "normal", "mean": 26.110828898230757, "std": 3.318468782359765}, "K5": {"distribution": "normal", "mean": 49.839612492000796, "std": 3.199078559348389}, "K4": {"distribution": "normal", "mean": 28.602051648083588, "std": 2.224995875952224}, "K1": {"distribution": "normal", "mean": 9.96835998654813, "std": 4.382306034861397}}, "compatibleConfigurations": ["K2", "K3", "K5", "K4", "K1"]}, "O11": {"estimatedTestTime": {"K5": {"distribution": "normal", "mean": 31.03116265125896, "std": 3.311225573125126}, "K4": {"distribution": "normal", "mean": 28.07680477654867, "std": 3.944157287079825}, "K2": {"distribution": "normal", "mean": 40.23987633678246, "std": 3.11492627234277}, "K3": {"distribution": "normal", "mean": 16.23295340250945, "std": 4.979117033456918}, "K1": {"distribution": "normal", "mean": 25.35830006801288, "std": 2.9136730685193504}}, "compatibleConfigurations": ["K5", "K4", "K2", "K3", "K1"]}, "O12": {"estimatedTestTime": {"K4": {"distribution": "normal", "mean": 31.870475376221567, "std": 4.74733337567015}, "K3": {"distribution": "normal", "mean": 2.1799651959709188, "std": 4.0102879871191375}, "K2": {"distribution": "normal", "mean": 37.940080300490436, "std": 4.454235056823523}, "K1": {"distribution": "normal", "mean": 44.702888807763806, "std": 2.2906971038778536}, "K5": {"distribution": "normal", "mean": 30.393448783276042, "std": 4.1295174453132315}}, "compatibleConfigurations": ["K4", "K3", "K2", "K1", "K5"]}, "O13": {"estimatedTestTime": {"K5": {"distribution": "normal", "mean": 34.410692139139464, "std": 2.599259116525386}, "K1": {"distribution": "normal", "mean": 18.931741989886973, "std": 3.9333347714375035}, "K2": {"distribution": "normal", "mean": 4.877908932699537, "std": 2.7167513341469647}, "K4": {"distribution": "normal", "mean": 20.56957959869073, "std": 2.6520582757325175}, "K3": {"distribution": "normal", "mean": 10.640681315428989, "std": 3.5353097690152953}}, "compatibleConfigurations": ["K5", "K1", "K2", "K4", "K3"]}, "O14": {"estimatedTestTime": {"K3": {"distribution": "normal", "mean": 20.26069912335352, "std": 3.2530265951454185}, "K5": {"distribution": "normal", "mean": 10.415458595037096, "std": 3.0828294232535383}, "K1": {"distribution": "normal", "mean": 36.390098006912325, "std": 3.367340397076651}, "K4": {"distribution": "normal", "mean": 49.21397505527507, "std": 4.428138388230193}, "K2": {"distribution": "normal", "mean": 2.129807701350451, "std": 2.096255727993067}},