{"configurations": {"count": 4, "items": {"K1": {"index": 0, "setupTimes": [0, 34, 42, 47]}, "K2": {"index": 1, "setupTimes": [49, 0, 12, 31]}, "K3": {"index": 2, "setupTimes": [8, 36, 0, 31]}, "K4": {"index": 3, "setupTimes": [23, 59, 14, 0]}}}, "testers": {"count": 4, "items": {"T1": {"supportedConfigurations": ["K1", "K4", "K2", "K3"]}, "T2": {"supportedConfigurations": ["K1", "K3", "K2"]}, "T3": {"supportedConfigurations": ["K2", "K4", "K1"]}, "T4": {"supportedConfigurations": ["K3", "K4", "K2"]}}}, "operations": {"count": 20, "items": {"O1": {"estimatedTestTime": {"K2": {"distribution": "normal", "mean": 367.32383178013, "std": 2.728119053415261}, "K3": {"distribution": "normal", "mean": 471.8029802708353, "std": 2.335583075310329}, "K4": {"distribution": "normal", "mean": 287.7286090739521, "std": 2.455385227707204}}, "compatibleConfigurations": ["K2", "K3", "K4"]}, "O2": {"estimatedTestTime": {"K4": {"distribution": "normal", "mean": 112.67093477704276, "std": 3.3094263453201034}, "K1": {"distribution": "normal", "mean": 157.8439055495937, "std": 2.0564729863583646}, "K3": {"distribution": "normal", "mean": 32.764779421577884, "std": 2.3850955829779394}}, "compatibleConfigurations": ["K4", "K1", "K3"]}, "O3": {"estimatedTestTime": {"K3": {"distribution": "normal", "mean": 358.4253596561915, "std": 3.468223064321032}, "K2": {"distribution": "normal", "mean": 160.31538474528924, "std": 2.0789647509991602}, "K4": {"distribution": "normal", "mean": 16.574817538180493, "std": 3.5005946941556263}}, "compatibleConfigurations": ["K3", "K2", "K4"]}, "O4": {"estimatedTestTime": {"K4": {"distribution": "normal", "mean": 176.4087108375594, "std": 4.518867037381886}, "K1": {"distribution": "normal", "mean": 387.4087994811327, "std": 2.0584876451329746}, "K2": {"distribution": "normal", "mean": 386.9225711338794, "std": 2.837770170363741}, "K3": {"distribution": "normal", "mean": 64.25111913974493, "std": 2.49989737763757}}, "compatibleConfigurations": ["K4", "K1", "K2", "K3"]}, "O5": {"estimatedTestTime": {"K4": {"distribution": "normal", "mean": 27.0797876116523, "std": 3.3801915072276723}, "K3": {"distribution": "normal", "mean": 434.4125963189259, "std": 2.374431304805102}, "K2": {"distribution": "normal", "mean": 25.270326480812706, "std": 3.9287786658487045}}, "compatibleConfigurations": ["K4", "K3", "K2"]}, "O6": {"estimatedTestTime": {"K1": {"distribution": "normal", "mean": 289.53188290209755, "std": 2.6707341708237866}, "K3": {"distribution": "normal", "mean": 341.63847868342026, "std": 4.10492846848198}, "K4": {"distribution": "normal", "mean": 277.23158535743573, "std": 4.757917588422903}, "K2": {"distribution": "normal", "mean": 15.599573603742952, "std": 4.308790566680434}}, "compatibleConfigurations": ["K1", "K3", "K4", "K2"]}, "O7": {"estimatedTestTime": {"K3": {"distribution": "normal", "mean": 279.63573054144143, "std": 2.7897532636812206}, "K2": {"distribution": "normal", "mean": 129.4829695585173, "std": 2.255708183898876}, "K4": {"distribution": "normal", "mean": 385.20561517407725, "std": 2.636672756511622}, "K1": {"distribution": "normal", "mean": 171.96111628240905, "std": 3.275315152057822}}, "compatibleConfigurations": ["K3", "K2", "K4", "K1"]}, "O8": {"estimatedTestTime": {"K1": {"distribution": "normal", "mean": 434.92670696309625, "std": 4.339133132351604}, "K4": {"distribution": "normal", "mean": 22.25034057399721, "std": 2.608857703073901}, "K2": {"distribution": "normal", "mean": 377.2376731895602, "std": 4.375072828802701}}, "compatibleConfigurations": ["K1", "K4", "K2"]}, "O9": {"estimatedTestTime": {"K3": {"distribution": "normal", "mean": 484.8165307504454, "std": 3.018105148937828}, "K2": {"distribution": "normal", "mean": 102.20523197284325, "std": 4.689220541318948}, "K4": {"distribution": "normal", "mean": 395.5792602459119, "std": 2.6106000659236264}}, "compatibleConfigurations": ["K3", "K2", "K4"]}, "O10": {"estimatedTestTime": {"K2": {"distribution": "normal", "mean": 184.29195814212827, "std": 2.847710305040117}, "K1": {"distribution": "normal", "mean": 377.010296960473, "std": 2.5988996275632954}}, "compatibleConfigurations": ["K2", "K1"]}, "O11": {"estimatedTestTime": {"K3": {"distribution": "normal", "mean": 306.8356806517273, "std": 4.566214490488394}, "K2": {"distribution": "normal", "mean": 58.56421358213001, "std": 4.754302596265867}, "K1": {"distribution": "normal", "mean": 250.15293926333197, "std": 3.6125426419754025}, "K4": {"distribution": "normal", "mean": 419.3073542510244, "std": 4.2055169830839745}}, "compatibleConfigurations": ["K3", "K2", "K1", "K4"]}, "O12": {"estimatedTestTime": {"K3": {"distribution": "normal", "mean": 487.81510100256907, "std": 2.4906211999849415}, "K4": {"distribution": "normal", "mean": 316.70412168548825, "std": 2.468105701853509}, "K1": {"distribution": "normal", "mean": 133.97598022055888, "std": 4.266528435726054}, "K2": {"distribution": "normal", "mean": 263.48229621070294, "std": 4.483122617764985}}, "compatibleConfigurations": ["K3", "K4", "K1", "K2"]}, "O13": {"estimatedTestTime": {"K2": {"distribution": "normal", "mean": 159.08501117369477, "std": 3.2767335227062473}, "K4": {"distribution": "normal", "mean": 442.47964453804656, "std": 3.251327121577722}, "K3": {"distribution": "normal", "mean": 255.8292849357008, "std": 4.0442801832738855}, "K1": {"distribution": "normal", "mean": 63.322615606654985, "std": 2.318365005136709}}, "compatibleConfigurations": ["K2", "K4", "K3", "K1"]}, "O14": {"estimatedTestTime": {"K3": {"distribution": "normal", "mean": 293.55372426025366, "std": 2.0045251956107615}, "K1": {"distribution": "normal", "mean": 251.85921872932198, "std": 2.073805644403353}}, "compatibleConfigurations": ["K3", "K1"]}, "O15": {"estimatedTestTime": {"K2": {"distribution": "normal", "mean": 406.7135126651077, "std": 2.1743354089586773}, "K4": {"distribution": "normal", "mean": 6.647593276918132, "std": 3.8644561562014337}}, "compatibleConfigurations": ["K2", "K4"]}, "O16": {"estimatedTestTime": {"K2": {"distribution": "normal", "mean": 250.57259760284003, "std": 3.9132381000424186}, "K3": {"distribution": "normal", "mean": 208.52799514255872, "std": 2.499998136325279}, "K4": {"distribution": "normal", "mean": 220.9204526996618, "std": 2.9301673204818943}}, "compatibleConfigurations": ["K2", "K3", "K4"]}, "O17": {"estimatedTestTime": {"K4": {"distribution": "normal", "mean": 218.79079281571256, "std": 4.699497731424423}, "K2": {"distribution": "normal", "mean": 275.3822280208948, "std": 3.5312460373219983}, "K1": {"distribution": "normal", "mean": 304.4044444999392, "std": 4.623136742693919}, "K3": {"distribution": "normal", "mean": 274.30533195464153, "std": 2.7739229779383487}}, "compatibleConfigurations": ["K4", "K2", "K1", "K3"]}, "O18": {"estimatedTestTime": {"K3": {"distribution": "normal", "mean": 119.32264257882618, "std": 4.915795488721887}, "K4": {"distribution": "normal", "mean": 197.19669764767332, "std": 4.329993440205132}}, "compatibleConfigurations": ["K3", "K4"]}, "O19": {"estimatedTestTime": {"K2": {"distribution": "normal", "mean": 137.0272828544918, "std": 2.10800533434822}, "K1": {"distribution": "normal", "mean": 278.375589822986, "std": 2.670953192652602}, "K3": {"distribution": "normal", "mean": 220.65425119612482, "std": 3.9706999512016687}, "K4": {"distribution": "normal", "mean": 429.6944555623892, "std": 4.6665750595923665}}, "compatibleConfigurations": ["K2", "K1", "K3", "K4"]}, "O20": {"estimatedTestTime": {"K1": {"distribution": "normal", "mean": 54.41393486943473, "std": 4.603702068274287}, "K2": {"distribution": "normal", "mean": 450.05085769272057, "std": 2.5249146762165253}}, "compatibleConfigurations": ["K1", "K2"]}}}, "products": {"count": 3, "items": {"P1": {"index": 0, "arrival": 0, "quantity": 4, "duedate": 960.4343918004321, "operations": ["O12", "O5", "O8", "O18", "O3", "O9", "O13"], "dependencies": [[1, 0], [2, 0], [2, 1], [4, 0], [4, 3], [5, 4], [6, 0], [6, 2], [6, 3], [6, 4]]}, "P2": {"index": 1,