{"configurations": {"count": 2, "items": {"K1": {"index": 0, "setupTimes": [0, 48]}, "K2": {"index": 1, "setupTimes": [36, 0]}}}, "testers": {"count": 2, "items": {"T1": {"supportedConfigurations": ["K2", "K1"]}, "T2": {"supportedConfigurations": ["K1", "K2"]}}}, "operations": {"count": 12, "items": {"O1": {"estimatedTestTime": {"K1": {"distribution": "normal", "mean": 291.1618201963314, "std": 4.671584509366116}, "K2": {"distribution": "normal", "mean": 420.63138648969453, "std": 2.00998706264148}}, "compatibleConfigurations": ["K1", "K2"]}, "O2": {"estimatedTestTime": {"K1": {"distribution": "normal", "mean": 120.76185603196214, "std": 4.423726160344817}, "K2": {"distribution": "normal", "mean": 271.2460538287783, "std": 2.2790556422634216}}, "compatibleConfigurations": ["K1", "K2"]}, "O3": {"estimatedTestTime": {"K2": {"distribution": "normal", "mean": 3.208247096751884, "std": 3.6184646022485647}, "K1": {"distribution": "normal", "mean": 455.81181995378876, "std": 4.577733668880385}}, "compatibleConfigurations": ["K2", "K1"]}, "O4": {"estimatedTestTime": {"K1": {"distribution": "normal", "mean": 19.932349602416835, "std": 4.6369885339574335}, "K2": {"distribution": "normal", "mean": 438.7860210991618, "std": 2.848053494063013}}, "compatibleConfigurations": ["K1", "K2"]}, "O5": {"estimatedTestTime": {"K2": {"distribution": "normal", "mean": 149.18746565661465, "std": 3.8276988782917245}, "K1": {"distribution": "normal", "mean": 402.3602525247429, "std": 3.1323231490826364}}, "compatibleConfigurations": ["K2", "K1"]}, "O6": {"estimatedTestTime": {"K2": {"distribution": "normal", "mean": 476.76501182601567, "std": 3.204217259059355}, "K1": {"distribution": "normal", "mean": 91.54518303015286, "std": 2.4430859844955033}}, "compatibleConfigurations": ["K2", "K1"]}, "O7": {"estimatedTestTime": {"K2": {"distribution": "normal", "mean": 463.2460948990884, "std": 2.4978305749591643}, "K1": {"distribution": "normal", "mean": 113.42996361536602, "std": 3.2250829010011532}}, "compatibleConfigurations": ["K2", "K1"]}, "O8": {"estimatedTestTime": {"K2": {"distribution": "normal", "mean": 364.3985320181368, "std": 4.797106933730687}, "K1": {"distribution": "normal", "mean": 393.3072610726281, "std": 4.767452351898575}}, "compatibleConfigurations": ["K2", "K1"]}, "O9": {"estimatedTestTime": {"K1": {"distribution": "normal", "mean": 427.0373034921457, "std": 2.7087254408649684}, "K2": {"distribution": "normal", "mean": 343.6732476849742, "std": 2.307187781419502}}, "compatibleConfigurations": ["K1", "K2"]}, "O10": {"estimatedTestTime": {"K1": {"distribution": "normal", "mean": 33.165772232188075, "std": 4.030384205432002}, "K2": {"distribution": "normal", "mean": 340.474130351699, "std": 3.499240636978003}}, "compatibleConfigurations": ["K1", "K2"]}, "O11": {"estimatedTestTime": {"K1": {"distribution": "normal", "mean": 404.05691599398165, "std": 2.7958020849954304}, "K2": {"distribution": "normal", "mean": 279.13659676066555, "std": 2.1675178675292064}}, "compatibleConfigurations": ["K1", "K2"]}, "O12": {"estimatedTestTime": {"K2": {"distribution": "normal", "mean": 360.12557577446114, "std": 4.355068038449532}, "K1": {"distribution": "normal", "mean": 382.4191758538064, "std": 2.7652323377575754}}, "compatibleConfigurations": ["K2", "K1"]}}}, "products": {"count": 2, "items": {"P1": {"index": 0, "arrival": 0, "quantity": 5, "duedate": 4591.186683651649, "operations": ["O6", "O4", "O12", "O3", "O11", "O8", "O1", "O7", "O10", "O9"], "dependencies": [[1, 0], [2, 0], [3, 1], [3, 2], [4, 1], [4, 3], [5, 0], [5, 1], [5, 2], [5, 3], [6, 0], [6, 3], [7, 0], [7, 1], [7, 4], [7, 6], [8, 1], [9, 0], [9, 2], [9, 5], [9, 7], [9, 8]]}, "P2": {"index": 1, "arrival": 90.03392324473597, "quantity": 5, "duedate": 5117.2369690507785, "operations": ["O2", "O1", "O8", "O4", "O7", "O6", "O5", "O3", "O12"], "dependencies": [[1, 0], [2, 1], [3, 2], [4, 0], [4, 1], [4, 3], [5, 3], [6, 0], [6, 1], [6, 3], [6, 5], [7, 0], [7, 1], [7, 2], [7, 5], [8, 2], [8, 6]]}}}}