{"configurations": {"count": 3, "items": {"K1": {"index": 0, "setupTimes": [0, 2, 7]}, "K2": {"index": 1, "setupTimes": [9, 0, 7]}, "K3": {"index": 2, "setupTimes": [0, 7, 0]}}}, "testers": {"count": 2, "items": {"T1": {"supportedConfigurations": ["K3", "K2", "K1"]}, "T2": {"supportedConfigurations": ["K1", "K2", "K3"]}}}, "operations": {"count": 10, "items": {"O1": {"estimatedTestTime": {"K2": {"distribution": "normal", "mean": 43.23983350230259, "std": 3.1358897880870136}, "K1": {"distribution": "normal", "mean": 21.447769763099874, "std": 4.122289605341683}, "K3": {"distribution": "normal", "mean": 16.68613789272851, "std": 4.072338324509856}}, "compatibleConfigurations": ["K2", "K1", "K3"]}, "O2": {"estimatedTestTime": {"K1": {"distribution": "normal", "mean": 28.356252869351263, "std": 2.5574984010376096}, "K3": {"distribution": "normal", "mean": 36.228067501625375, "std": 4.507102457333593}}, "compatibleConfigurations": ["K1", "K3"]}, "O3": {"estimatedTestTime": {"K3": {"distribution": "normal", "mean": 16.741113631233702, "std": 2.488355344887677}, "K1": {"distribution": "normal", "mean": 47.331949244817466, "std": 2.009528942486421}, "K2": {"distribution": "normal", "mean": 44.24214799860738, "std": 3.3608549448082607}}, "compatibleConfigurations": ["K3", "K1", "K2"]}, "O4": {"estimatedTestTime": {"K2": {"distribution": "normal", "mean": 23.966392725332597, "std": 4.53292013937937}, "K1": {"distribution": "normal", "mean": 8.51454969572141, "std": 4.675345031441722}, "K3": {"distribution": "normal", "mean": 42.96681408690931, "std": 2.9232146461094897}}, "compatibleConfigurations": ["K2", "K1", "K3"]}, "O5": {"estimatedTestTime": {"K1": {"distribution": "normal", "mean": 23.322212921720507, "std": 2.095410064120207}, "K2": {"distribution": "normal", "mean": 44.51288295213142, "std": 3.209929984350651}, "K3": {"distribution": "normal", "mean": 19.961258018966213, "std": 2.6851667089600046}}, "compatibleConfigurations": ["K1", "K2", "K3"]}, "O6": {"estimatedTestTime": {"K3": {"distribution": "normal", "mean": 47.476229628354886, "std": 3.493692373261156}, "K2": {"distribution": "normal", "mean": 42.294295937647725, "std": 3.981461175697248}}, "compatibleConfigurations": ["K3", "K2"]}, "O7": {"estimatedTestTime": {"K2": {"distribution": "normal", "mean": 26.99182345255039, "std": 4.462270378451696}, "K1": {"distribution": "normal", "mean": 38.67849308721846, "std": 2.510058804998965}, "K3": {"distribution": "normal", "mean": 5.758410078192458, "std": 2.124884556111427}}, "compatibleConfigurations": ["K2", "K1", "K3"]}, "O8": {"estimatedTestTime": {"K1": {"distribution": "normal", "mean": 44.67948950961054, "std": 2.711328696844598}, "K3": {"distribution": "normal", "mean": 34.92546234100238, "std": 2.2245700499974284}}, "compatibleConfigurations": ["K1", "K3"]}, "O9": {"estimatedTestTime": {"K2": {"distribution": "normal", "mean": 12.062857240749162, "std": 2.871066375589007}, "K1": {"distribution": "normal", "mean": 13.414499862280296, "std": 2.9455383359214986}, "K3": {"distribution": "normal", "mean": 23.088606597723036, "std": 2.017733359327637}}, "compatibleConfigurations": ["K2", "K1", "K3"]}, "O10": {"estimatedTestTime": {"K1": {"distribution": "normal", "mean": 49.944120590720836, "std": 2.1506617469378564}, "K2": {"distribution": "normal", "mean": 40.448613598105766, "std": 3.977710868083294}}, "compatibleConfigurations": ["K1", "K2"]}}}, "products": {"count": 5, "items": {"P1": {"index": 0, "arrival": 0, "quantity": 5, "duedate": 143.2431777983212, "operations": ["O2", "O4"], "dependencies": [[1, 0]]}, "P2": {"index": 1, "arrival": 14.113059843435865, "quantity": 5, "duedate": 175.7854274346998, "operations": ["O3", "O5"], "dependencies": [[1, 0]]}, "P3": {"index": 2, "arrival": 53.461691752348585, "quantity": 3, "duedate": 131.17537225746537, "operations": ["O5", "O4"], "dependencies": [[1, 0]]}, "P4": {"index": 3, "arrival": 69.82206671611041, "quantity": 5, "duedate": 261.69310946224624, "operations": ["O3", "O5", "O6"], "dependencies": [[1, 0], [2, 0]]}, "P5": {"index": 4, "arrival": 105.33181911607969, "quantity": 4, "duedate": 382.0920372242869, "operations": ["O10", "O5", "O4", "O6"], "dependencies": [[1, 0], [2, 1], [3, 2]]}}}}