{"configurations": {"count": 5, "items": {"K1": {"index": 0, "setupTimes": [0, 31, 11, 19, 50]}, "K2": {"index": 1, "setupTimes": [57, 0, 29, 41, 21]}, "K3": {"index": 2, "setupTimes": [22, 57, 0, 17, 14]}, "K4": {"index": 3, "setupTimes": [60, 54, 31, 0, 46]}, "K5": {"index": 4, "setupTimes": [45, 19, 24, 22, 0]}}}, "testers": {"count": 3, "items": {"T1": {"supportedConfigurations": ["K1", "K2", "K4", "K3"]}, "T2": {"supportedConfigurations": ["K5", "K3"]}, "T3": {"supportedConfigurations": ["K4", "K2", "K1", "K5"]}}}, "operations": {"count": 15, "items": {"O1": {"estimatedTestTime": {"K2": {"distribution": "normal", "mean": 185.11176003324854, "std": 2.8247319976730867}, "K5": {"distribution": "normal", "mean": 324.75424213067197, "std": 4.218653500921145}, "K1": {"distribution": "normal", "mean": 194.0080469472419, "std": 3.864457924868606}, "K4": {"distribution": "normal", "mean": 320.8376080713996, "std": 3.678052677991524}}, "compatibleConfigurations": ["K2", "K5", "K1", "K4"]}, "O2": {"estimatedTestTime": {"K3": {"distribution": "normal", "mean": 12.42925701147613, "std": 4.380288234111622}, "K4": {"distribution": "normal", "mean": 200.44939459247541, "std": 4.638724144490332}, "K5": {"distribution": "normal", "mean": 57.99905615738207, "std": 2.21264568831131}}, "compatibleConfigurations": ["K3", "K4", "K5"]}, "O3": {"estimatedTestTime": {"K5": {"distribution": "normal", "mean": 439.31969932407765, "std": 2.1053101631365094}, "K3": {"distribution": "normal", "mean": 218.9300198571172, "std": 4.2948670266562985}, "K4": {"distribution": "normal", "mean": 102.54872048095785, "std": 3.857906958269784}, "K1": {"distribution": "normal", "mean": 347.44810832140075, "std": 2.9155360146488434}}, "compatibleConfigurations": ["K5", "K3", "K4", "K1"]}, "O4": {"estimatedTestTime": {"K4": {"distribution": "normal", "mean": 51.852566514938765, "std": 2.178565095498957}, "K1": {"distribution": "normal", "mean": 117.73037426434922, "std": 4.53992352210045}, "K3": {"distribution": "normal", "mean": 94.27314394850426, "std": 4.865960729303418}, "K5": {"distribution": "normal", "mean": 23.642723818720643, "std": 3.4415749990628246}}, "compatibleConfigurations": ["K4", "K1", "K3", "K5"]}, "O5": {"estimatedTestTime": {"K4": {"distribution": "normal", "mean": 424.6529711172192, "std": 4.239428016152745}, "K1": {"distribution": "normal", "mean": 81.40474266222395, "std": 3.970089460226971}, "K5": {"distribution": "normal", "mean": 279.9704914498943, "std": 2.2210953391224115}, "K2": {"distribution": "normal", "mean": 469.90221095029517, "std": 3.536499012792737}}, "compatibleConfigurations": ["K4", "K1", "K5", "K2"]}, "O6": {"estimatedTestTime": {"K2": {"distribution": "normal", "mean": 89.72780173025102, "std": 4.075487212647159}, "K3": {"distribution": "normal", "mean": 191.869206488181, "std": 2.2153846700094104}, "K1": {"distribution": "normal", "mean": 234.66556830668472, "std": 3.2676593857095853}}, "compatibleConfigurations": ["K2", "K3", "K1"]}, "O7": {"estimatedTestTime": {"K5": {"distribution": "normal", "mean": 115.00679033265789, "std": 2.288507913770555}, "K1": {"distribution": "normal", "mean": 350.8853538513985, "std": 4.021583948844058}, "K4": {"distribution": "normal", "mean": 299.00729852023255, "std": 2.447770341083703}, "K3": {"distribution": "normal", "mean": 343.77954128271676, "std": 2.3999259913310333}}, "compatibleConfigurations": ["K5", "K1", "K4", "K3"]}, "O8": {"estimatedTestTime": {"K3": {"distribution": "normal", "mean": 152.31773409206318, "std": 3.874494691626204}, "K5": {"distribution": "normal", "mean": 126.1165571901293, "std": 2.4351972722371342}}, "compatibleConfigurations": ["K3", "K5"]}, "O9": {"estimatedTestTime": {"K4": {"distribution": "normal", "mean": 317.8187550262688, "std": 4.704262620155996}, "K5": {"distribution": "normal", "mean": 132.16811388033253, "std": 4.525585219262883}, "K3": {"distribution": "normal", "mean": 239.71037704255775, "std": 4.234055156689365}}, "compatibleConfigurations": ["K4", "K5", "K3"]}, "O10": {"estimatedTestTime": {"K1": {"distribution": "normal", "mean": 332.85301047789216, "std": 4.054836293913412}, "K2": {"distribution": "normal", "mean": 117.67835526882386, "std": 2.82255086983036}, "K3": {"distribution": "normal", "mean": 91.5500690601829, "std": 4.811999013431187}, "K4": {"distribution": "normal", "mean": 462.91676286337287, "std": 4.2103753891751055}, "K5": {"distribution": "normal", "mean": 352.98939846910645, "std": 4.197331227421139}}, "compatibleConfigurations": ["K1", "K2", "K3", "K4", "K5"]}, "O11": {"estimatedTestTime": {"K5": {"distribution": "normal", "mean": 322.84472174712437, "std": 2.784286470858741}, "K2": {"distribution": "normal", "mean": 24.97841867933911, "std": 2.0090830931073036}, "K4": {"distribution": "normal", "mean": 124.89184115395247, "std": 3.6815844377015323}, "K1": {"distribution": "normal", "mean": 453.44872060598647, "std": 3.3691850380427213}}, "compatibleConfigurations": ["K5", "K2", "K4", "K1"]}, "O12": {"estimatedTestTime": {"K1": {"distribution": "normal", "mean": 178.45261502412964, "std": 4.969406369815193}, "K3": {"distribution": "normal", "mean": 432.09886062401443, "std": 3.2889014899535463}}, "compatibleConfigurations": ["K1", "K3"]}, "O13": {"estimatedTestTime": {"K3": {"distribution": "normal", "mean": 444.8261448963314, "std": 3.1619488056295415}, "K1": {"distribution": "normal", "mean": 169.14127725072174, "std": 4.660862233443245}, "K5": {"distribution": "normal", "mean": 256.9005918089855, "std": 2.0751020044473267}, "K4": {"distribution": "normal", "mean": 144.81162439764447, "std": 4.9634644694424725}, "K2": {"distribution": "normal", "mean": 452.20236636651987, "std": 3.903927991218424}}, "compatibleConfigurations": ["K3", "K1", "K5", "K4", "K2"]}, "O14": {"estimatedTestTime": {"K4": {"distribution": "normal", "mean": 363.6200512926371, "std": 3.9051592122972645}, "K1": {"distribution": "normal", "mean": 114.58515433808982, "std": 4.851049264893035}}, "compatibleConfigurations": ["K4", "K1"]}, "O15": {"estimatedTestTime": {"K1": {"distribution": "normal", "mean": 455.0665122454305, "std": 4.651220982518713}, "K5": {"distribution": "normal", "mean": 441.01052439992327, "std": 2.415352747055498}, "K4": {"distribution": "normal", "mean": 277.499414863547, "std": 3.7620621723772674}, "K2": {"distribution": "normal", "mean": 251.12133109977856, "std": 3.842190419953604}, "K3": {"distribution": "normal", "mean": 295.2997662202529, "std": 2.7225979737601813}}, "compatibleConfigurations": ["K1", "K5", "K4", "K2", "K3"]}}}, "products": {"count": 4, "items": {"P1": {"index": 0, "arrival": 0, "quantity": 4, "duedate": 1249.6158728574353, "operations": ["O2", "O14", "O15", "O6", "O3", "O9", "O7", "O4"], "dependencies": [[2, 1], [4, 2], [5, 1], [6, 2], [6, 3], [7, 0], [7, 1], [7, 6]]}, "P2": {"index": 1, "arrival": 90.06322122384691, "quantity": 4, "duedate": 1960.6335432870383, "operations": ["O15", "O14", "O1", "O12", "O5", "O8", "O13", "O10", "O6", "O2", "O9"], "dependencies": [[3, 2], [4, 1], [4, 2], [4, 3], [5, 1], [5, 2], [6, 1], [6, 2], [7, 0], [7, 1], [7, 4], [7, 5], [7, 6], [8, 5], [8, 6], [8, 7], [9, 1], [9, 4], [9, 8], [10, 0], [10, 2], [10, 3], [10, 6]]}, "P3": {"index": 2, "arrival": 161.79401634714137, "quantity": 5, "duedate": 2427.0392136134283, "operations": ["O10", "O1", "O7", "O2", "O3", "O9", "O15", "O11", "O14"], "dependencies": [[2, 1], [3, 1], [4, 0], [4, 2], [4, 3], [5, 3], [6, 0], [6, 1], [6, 4], [7, 0], [7, 1], [7, 3], [7, 4], [7, 5], [7, 6], [8, 5]]}, "P4": {"index": 3, "arrival": 245.49022005388193, "quantity": 3, "duedate": 1256.7978976571992, "operations": ["O9", "O12", "O13", "O11", "O3", "O14", "O2", "O8", "O10", "O5", "O15"], "dependencies": [[2, 1], [3, 1], [5, 1], [5, 2], [6, 3], [6, 4], [7, 1], [7, 2], [8, 1], [8, 4], [8, 6], [8, 7], [9, 0], [9, 1], [9, 3], [9, 6], [9, 7], [10, 0], [10, 1], [10, 6]]}}}}