{"configurations": {"count": 5, "items": {"K1": {"index": 0, "setupTimes": [0, 5, 5, 5, 5]}, "K2": {"index": 1, "setupTimes": [5, 0, 5, 5, 5]}, "K3": {"index": 2, "setupTimes": [5, 5, 0, 5, 5]}, "K4": {"index": 3, "setupTimes": [5, 5, 5, 0, 5]}, "K5": {"index": 4, "setupTimes": [5, 5, 5, 5, 0]}}}, "testers": {"count": 5, "items": {"T1": {"supportedConfigurations": ["K4", "K5"]}, "T2": {"supportedConfigurations": ["K1", "K5"]}, "T3": {"supportedConfigurations": ["K5", "K1"]}, "T4": {"supportedConfigurations": ["K2", "K3"]}, "T5": {"supportedConfigurations": ["K4", "K5"]}}}, "operations": {"count": 15, "items": {"O1": {"estimatedTestTime": {"K2": {"distribution": "normal", "mean": 42.32041900847258, "std": 4.9245658829801116}, "K1": {"distribution": "normal", "mean": 44.773989292235775, "std": 4.270117250828999}, "K4": {"distribution": "normal", "mean": 46.02450209698587, "std": 4.015050049180845}, "K5": {"distribution": "normal", "mean": 39.00723015178042, "std": 3.93034487980512}, "K3": {"distribution": "normal", "mean": 26.544689692178558, "std": 3.286578815908926}}, "compatibleConfigurations": ["K2", "K1", "K4", "K5", "K3"]}, "O2": {"estimatedTestTime": {"K2": {"distribution": "normal", "mean": 32.23936453689846, "std": 2.482854112734441}, "K3": {"distribution": "normal", "mean": 23.983651079964893, "std": 3.0969953165946165}, "K4": {"distribution": "normal", "mean": 9.836556338890354, "std": 4.147986902300867}, "K1": {"distribution": "normal", "mean": 21.979344050018852, "std": 3.3851328056752035}, "K5": {"distribution": "normal", "mean": 13.627988535620851, "std": 3.552407848092238}}, "compatibleConfigurations": ["K2", "K3", "K4", "K1", "K5"]}, "O3": {"estimatedTestTime": {"K4": {"distribution": "normal", "mean": 43.18024722373813, "std": 4.115964626520848}, "K5": {"distribution": "normal", "mean": 26.707268683047232, "std": 3.8272777122616644}, "K2": {"distribution": "normal", "mean": 20.917276433635628, "std": 3.285681659467187}, "K3": {"distribution": "normal", "mean": 44.17317875168237, "std": 4.615234302902642}, "K1": {"distribution": "normal", "mean": 9.508754469488238, "std": 2.8103906387382485}}, "compatibleConfigurations": ["K4", "K5", "K2", "K3", "K1"]}, "O4": {"estimatedTestTime": {"K2": {"distribution": "normal", "mean": 21.247742808894643, "std": 2.6006969343896857}, "K5": {"distribution": "normal", "mean": 41.408502743480895, "std": 2.6106967089545052}, "K1": {"distribution": "normal", "mean": 47.147764182010555, "std": 3.2056290584030647}, "K4": {"distribution": "normal", "mean": 35.227465665983516, "std": 4.2581030406158265}, "K3": {"distribution": "normal", "mean": 44.46875287941955, "std": 2.4881224084463276}}, "compatibleConfigurations": ["K2", "K5", "K1", "K4", "K3"]}, "O5": {"estimatedTestTime": {"K2": {"distribution": "normal", "mean": 3.600400827006892, "std": 4.591623949360631}, "K4": {"distribution": "normal", "mean": 46.933418620105, "std": 4.113655558800175}, "K1": {"distribution": "normal", "mean": 40.72742108705937, "std": 2.557741844717341}, "K3": {"distribution": "normal", "mean": 48.38011499901849, "std": 4.098952399474676}, "K5": {"distribution": "normal", "mean": 19.38174770368658, "std": 2.0557317794803875}}, "compatibleConfigurations": ["K2", "K4", "K1", "K3", "K5"]}, "O6": {"estimatedTestTime": {"K4": {"distribution": "normal", "mean": 17.249215592049943, "std": 3.6745727848227814}, "K1": {"distribution": "normal", "mean": 29.3201864691559, "std": 2.110854675658862}, "K3": {"distribution": "normal", "mean": 14.30721182778887, "std": 3.4430341737114087}, "K2": {"distribution": "normal", "mean": 2.84349500403734, "std": 2.10117951903645}, "K5": {"distribution": "normal", "mean": 44.70204303258223, "std": 2.811501210751737}}, "compatibleConfigurations": ["K4", "K1", "K3", "K2", "K5"]}, "O7": {"estimatedTestTime": {"K4": {"distribution": "normal", "mean": 21.62610116964472, "std": 2.608564975624456}, "K3": {"distribution": "normal", "mean": 42.87166408811068, "std": 4.341117055284071}, "K2": {"distribution": "normal", "mean": 9.746284450441124, "std": 2.7437933526858513}, "K1": {"distribution": "normal", "mean": 43.006294724250694, "std": 4.206569561913486}, "K5": {"distribution": "normal", "mean": 2.100265170311255, "std": 2.7211010631616688}}, "compatibleConfigurations": ["K4", "K3", "K2", "K1", "K5"]}, "O8": {"estimatedTestTime": {"K2": {"distribution": "normal", "mean": 40.68660345150411, "std": 4.035757736422909}, "K3": {"distribution": "normal", "mean": 20.290416626717395, "std": 2.528837721706445}, "K5": {"distribution": "normal", "mean": 3.2056082645897224, "std": 2.725370184576355}, "K1": {"distribution": "normal", "mean": 35.73618220813506, "std": 4.710565258696944}, "K4": {"distribution": "normal", "mean": 48.842048098838156, "std": 2.579441021046624}}, "compatibleConfigurations": ["K2", "K3", "K5", "K1", "K4"]}, "O9": {"estimatedTestTime": {"K1": {"distribution": "normal", "mean": 29.345319131108926, "std": 4.439664431447454}, "K4": {"distribution": "normal", "mean": 16.553649005046367, "std": 4.926444838560555}, "K5": {"distribution": "normal", "mean": 49.521966667925525, "std": 3.524790613351142}, "K2": {"distribution": "normal", "mean": 37.31384128177947, "std": 2.5941310635321497}, "K3": {"distribution": "normal", "mean": 38.25112383122919, "std": 3.8697777801379014}}, "compatibleConfigurations": ["K1", "K4", "K5", "K2", "K3"]}, "O10": {"estimatedTestTime": {"K4": {"distribution": "normal", "mean": 12.440480264259243, "std": 4.738967897932294}, "K1": {"distribution": "normal", "mean": 4.204226020971376, "std": 3.4424810468498945}, "K2": {"distribution": "normal", "mean": 5.884814024195899, "std": 3.7033526949435402}, "K3": {"distribution": "normal", "mean": 33.164434053155404, "std": 2.8151403600399916}, "K5": {"distribution": "normal", "mean": 41.06692200969884, "std": 3.0307134903789876}}, "compatibleConfigurations": ["K4", "K1", "K2", "K3", "K5"]}, "O11": {"estimatedTestTime": {"K1": {"distribution": "normal", "mean": 4.451579607791805, "std": 4.48053573238975}, "K3": {"distribution": "normal", "mean": 4.359916757159237, "std": 2.2977405590569218}, "K5": {"distribution": "normal", "mean": 28.24679228212794, "std": 3.5542843071885066}, "K2": {"distribution": "normal", "mean": 12.42262455784906, "std": 3.529388596858093}, "K4": {"distribution": "normal", "mean": 26.96061653252626, "std": 3.216416570169962}}, "compatibleConfigurations": ["K1", "K3", "K5", "K2", "K4"]}, "O12": {"estimatedTestTime": {"K3": {"distribution": "normal", "mean": 25.110039930287222, "std": 4.461356800800598}, "K2": {"distribution": "normal", "mean": 21.433295359299926, "std": 4.446659495729535}, "K1": {"distribution": "normal", "mean": 15.324492575914753, "std": 2.253990957166977}, "K4": {"distribution": "normal", "mean": 8.432865432776824, "std": 3.6812377597501977}, "K5": {"distribution": "normal", "mean": 5.571202062786092, "std": 2.3817182352998616}}, "compatibleConfigurations": ["K3", "K2", "K1", "K4", "K5"]}, "O13": {"estimatedTestTime": {"K1": {"distribution": "normal", "mean": 26.611385112620063, "std": 3.2502134745921913}, "K4": {"distribution": "normal", "mean": 21.67723211991575, "std": 3.384834230754196}, "K5": {"distribution": "normal", "mean": 2.3041721098589445, "std": 4.0554516660565545}, "K2": {"distribution": "normal", "mean": 30.661032393908535, "std": 4.555810396404738}, "K3": {"distribution": "normal", "mean": 47.5650428799091, "std": 4.822545895827757}}, "compatibleConfigurations": ["K1", "K4", "K5", "K2", "K3"]}, "O14": {"estimatedTestTime": {"K2": {"distribution": "normal", "mean": 22.69484057737774, "std": 4.250928561438741}, "K5": {"distribution": "normal", "mean": 14.358372959663969, "std": 4.221557340422656}, "K1": {"distribution": "normal", "mean": 11.061387782979237, "std": 2.377945565869879}, "K3": {"distribution": "normal", "mean": 3.007464482217136, "std": 3.454560689556148}, "K4": {"distribution": "normal", "mean": 21.052967078189184, "std": 3.5939190829681196}},