{"configurations": {"count": 5, "items": {"K1": {"index": 0, "setupTimes": [0, 5, 5, 5, 5]}, "K2": {"index": 1, "setupTimes": [5, 0, 5, 5, 5]}, "K3": {"index": 2, "setupTimes": [5, 5, 0, 5, 5]}, "K4": {"index": 3, "setupTimes": [5, 5, 5, 0, 5]}, "K5": {"index": 4, "setupTimes": [5, 5, 5, 5, 0]}}}, "testers": {"count": 5, "items": {"T1": {"supportedConfigurations": ["K5", "K3", "K4"]}, "T2": {"supportedConfigurations": ["K2", "K3"]}, "T3": {"supportedConfigurations": ["K2", "K1"]}, "T4": {"supportedConfigurations": ["K1", "K5"]}, "T5": {"supportedConfigurations": ["K5", "K3"]}}}, "operations": {"count": 15, "items": {"O1": {"estimatedTestTime": {"K3": {"distribution": "normal", "mean": 37.88371330784442, "std": 4.478869964163282}, "K4": {"distribution": "normal", "mean": 10.736711846554307, "std": 4.952445159678659}, "K1": {"distribution": "normal", "mean": 5.063601962118399, "std": 3.519311362559191}, "K5": {"distribution": "normal", "mean": 25.511396968932317, "std": 4.770747987272385}, "K2": {"distribution": "normal", "mean": 46.67635214820373, "std": 2.969699349781659}}, "compatibleConfigurations": ["K3", "K4", "K1", "K5", "K2"]}, "O2": {"estimatedTestTime": {"K3": {"distribution": "normal", "mean": 27.513085486861215, "std": 4.391512392590656}, "K2": {"distribution": "normal", "mean": 18.176815536438276, "std": 2.8691497981408416}, "K5": {"distribution": "normal", "mean": 22.841477590012037, "std": 4.061742302087754}, "K4": {"distribution": "normal", "mean": 24.883745064379625, "std": 2.927615032544865}, "K1": {"distribution": "normal", "mean": 34.621113357545894, "std": 4.593825140808189}}, "compatibleConfigurations": ["K3", "K2", "K5", "K4", "K1"]}, "O3": {"estimatedTestTime": {"K4": {"distribution": "normal", "mean": 13.097899152615248, "std": 4.308182975618761}, "K2": {"distribution": "normal", "mean": 47.89206390605405, "std": 2.6805073496791554}, "K1": {"distribution": "normal", "mean": 9.471233434454387, "std": 4.623267102400762}, "K3": {"distribution": "normal", "mean": 35.76343300383071, "std": 2.0609071776791374}, "K5": {"distribution": "normal", "mean": 27.40743757365905, "std": 4.097092575607627}}, "compatibleConfigurations": ["K4", "K2", "K1", "K3", "K5"]}, "O4": {"estimatedTestTime": {"K5": {"distribution": "normal", "mean": 38.87861172525862, "std": 4.530775275341961}, "K1": {"distribution": "normal", "mean": 22.728730404319236, "std": 4.686238016993533}, "K4": {"distribution": "normal", "mean": 10.11834822816953, "std": 4.7778273396495425}, "K2": {"distribution": "normal", "mean": 18.57279091111417, "std": 2.8667840094108556}, "K3": {"distribution": "normal", "mean": 15.517584149147416, "std": 4.910135517906186}}, "compatibleConfigurations": ["K5", "K1", "K4", "K2", "K3"]}, "O5": {"estimatedTestTime": {"K1": {"distribution": "normal", "mean": 21.754369317613772, "std": 4.481606021212456}, "K4": {"distribution": "normal", "mean": 3.55035253780591, "std": 2.0549754058982357}, "K3": {"distribution": "normal", "mean": 32.675614039581, "std": 4.553437805615217}, "K2": {"distribution": "normal", "mean": 15.821836541676072, "std": 2.742270569487303}, "K5": {"distribution": "normal", "mean": 8.804289675582366, "std": 2.767357422313703}}, "compatibleConfigurations": ["K1", "K4", "K3", "K2", "K5"]}, "O6": {"estimatedTestTime": {"K4": {"distribution": "normal", "mean": 34.23719088916537, "std": 2.2510779783424066}, "K5": {"distribution": "normal", "mean": 27.760927298122134, "std": 4.560694829251538}, "K2": {"distribution": "normal", "mean": 14.032638514368037, "std": 4.361980172456738}, "K1": {"distribution": "normal", "mean": 4.669153801172081, "std": 3.3745826535359287}, "K3": {"distribution": "normal", "mean": 6.17338654286579, "std": 4.323910146050141}}, "compatibleConfigurations": ["K4", "K5", "K2", "K1", "K3"]}, "O7": {"estimatedTestTime": {"K1": {"distribution": "normal", "mean": 46.47822492711008, "std": 3.034371763551662}, "K3": {"distribution": "normal", "mean": 35.986297808663856, "std": 4.2703446167267245}, "K2": {"distribution": "normal", "mean": 39.184639577115064, "std": 2.876611947568704}, "K5": {"distribution": "normal", "mean": 24.917807329304736, "std": 3.279031529045021}, "K4": {"distribution": "normal", "mean": 15.013474746665752, "std": 3.2118183223418293}}, "compatibleConfigurations": ["K1", "K3", "K2", "K5", "K4"]}, "O8": {"estimatedTestTime": {"K3": {"distribution": "normal", "mean": 42.30155294596292, "std": 2.9340246099661087}, "K5": {"distribution": "normal", "mean": 34.241672830867934, "std": 2.9959412012372306}, "K4": {"distribution": "normal", "mean": 4.346809847217148, "std": 2.549991102554645}, "K1": {"distribution": "normal", "mean": 32.269005294799214, "std": 3.7146210941459534}, "K2": {"distribution": "normal", "mean": 31.920607435983825, "std": 4.337808520156653}}, "compatibleConfigurations": ["K3", "K5", "K4", "K1", "K2"]}, "O9": {"estimatedTestTime": {"K4": {"distribution": "normal", "mean": 36.02578590896908, "std": 2.8863121978050055}, "K3": {"distribution": "normal", "mean": 14.586014612397769, "std": 3.011502173434141}, "K1": {"distribution": "normal", "mean": 3.5456357933535454, "std": 4.976267267949405}, "K5": {"distribution": "normal", "mean": 21.214811806131905, "std": 4.681700195389008}, "K2": {"distribution": "normal", "mean": 41.57281950686223, "std": 3.938781796902922}}, "compatibleConfigurations": ["K4", "K3", "K1", "K5", "K2"]}, "O10": {"estimatedTestTime": {"K3": {"distribution": "normal", "mean": 43.2532554207163, "std": 3.9521244995500666}, "K1": {"distribution": "normal", "mean": 3.268572187416705, "std": 3.1163451212855486}, "K5": {"distribution": "normal", "mean": 12.097491048763878, "std": 3.898981466506464}, "K4": {"distribution": "normal", "mean": 49.18362394611382, "std": 4.607717996425121}, "K2": {"distribution": "normal", "mean": 34.076899906696966, "std": 3.7753076295758565}}, "compatibleConfigurations": ["K3", "K1", "K5", "K4", "K2"]}, "O11": {"estimatedTestTime": {"K3": {"distribution": "normal", "mean": 49.99076453799722, "std": 4.720501286335532}, "K1": {"distribution": "normal", "mean": 33.84758555000455, "std": 2.2464204225245705}, "K5": {"distribution": "normal", "mean": 4.949876733077824, "std": 2.0738749694177843}, "K2": {"distribution": "normal", "mean": 37.586082273584395, "std": 3.796042740195949}, "K4": {"distribution": "normal", "mean": 11.316357275107203, "std": 4.58470722460418}}, "compatibleConfigurations": ["K3", "K1", "K5", "K2", "K4"]}, "O12": {"estimatedTestTime": {"K5": {"distribution": "normal", "mean": 9.908880401809075, "std": 4.151607422127899}, "K2": {"distribution": "normal", "mean": 46.29635935537233, "std": 4.576000242274936}, "K3": {"distribution": "normal", "mean": 29.440170344428182, "std": 2.1642420019047783}, "K1": {"distribution": "normal", "mean": 41.89298224679616, "std": 2.625800932326177}, "K4": {"distribution": "normal", "mean": 31.856325043044517, "std": 3.5461752114408496}}, "compatibleConfigurations": ["K5", "K2", "K3", "K1", "K4"]}, "O13": {"estimatedTestTime": {"K2": {"distribution": "normal", "mean": 8.525295876844238, "std": 4.516847834078546}, "K5": {"distribution": "normal", "mean": 22.40474601911348, "std": 3.7641894567932215}, "K1": {"distribution": "normal", "mean": 5.567699277681307, "std": 4.371347240416058}, "K4": {"distribution": "normal", "mean": 18.994638378778166, "std": 4.438263080169044}, "K3": {"distribution": "normal", "mean": 49.34651950483192, "std": 3.1731000899837687}}, "compatibleConfigurations": ["K2", "K5", "K1", "K4", "K3"]}, "O14": {"estimatedTestTime": {"K3": {"distribution": "normal", "mean": 16.93335434915883, "std": 4.87002072273079}, "K5": {"distribution": "normal", "mean": 4.365211150562562, "std": 2.1760083987689613}, "K2": {"distribution": "normal", "mean": 5.58372875930643, "std": 4.183147939026053}, "K1": {"distribution": "normal", "mean": 19.60940040294293, "std": 4.129366987258086}, "K4": {"distribution": "normal", "mean": 43.83752009184572, "std": 2.482853789810153}},