{"configurations": {"count": 5, "items": {"K1": {"index": 0, "setupTimes": [0, 2, 5, 2, 2]}, "K2": {"index": 1, "setupTimes": [7, 0, 9, 9, 6]}, "K3": {"index": 2, "setupTimes": [0, 8, 0, 1, 8]}, "K4": {"index": 3, "setupTimes": [4, 5, 1, 0, 8]}, "K5": {"index": 4, "setupTimes": [4, 3, 1, 6, 0]}}}, "testers": {"count": 4, "items": {"T1": {"supportedConfigurations": ["K3", "K1", "K5", "K4"]}, "T2": {"supportedConfigurations": ["K5", "K1"]}, "T3": {"supportedConfigurations": ["K1", "K3", "K4"]}, "T4": {"supportedConfigurations": ["K2", "K4", "K1", "K5", "K3"]}}}, "operations": {"count": 17, "items": {"O1": {"estimatedTestTime": {"K5": {"distribution": "normal", "mean": 21.90155335466757, "std": 3.6070486804939232}, "K2": {"distribution": "normal", "mean": 4.7559628606808335, "std": 4.034160081787901}, "K3": {"distribution": "normal", "mean": 32.63995419195284, "std": 3.3285057915890137}, "K4": {"distribution": "normal", "mean": 11.523312425618661, "std": 2.213305645835266}}, "compatibleConfigurations": ["K5", "K2", "K3", "K4"]}, "O2": {"estimatedTestTime": {"K2": {"distribution": "normal", "mean": 11.343263203646828, "std": 4.924270366829459}, "K3": {"distribution": "normal", "mean": 13.536696336497581, "std": 4.07247209651657}, "K1": {"distribution": "normal", "mean": 32.38792428667934, "std": 2.9582357476729797}, "K4": {"distribution": "normal", "mean": 37.715487663372684, "std": 2.7335927540160068}, "K5": {"distribution": "normal", "mean": 41.310365911032314, "std": 3.809153914788494}}, "compatibleConfigurations": ["K2", "K3", "K1", "K4", "K5"]}, "O3": {"estimatedTestTime": {"K1": {"distribution": "normal", "mean": 4.256600849014918, "std": 2.196820814328825}, "K2": {"distribution": "normal", "mean": 20.282187955358744, "std": 3.035611412365249}, "K3": {"distribution": "normal", "mean": 39.7846515310613, "std": 2.9740482269482387}, "K5": {"distribution": "normal", "mean": 12.0471009163783, "std": 2.262563503762987}}, "compatibleConfigurations": ["K1", "K2", "K3", "K5"]}, "O4": {"estimatedTestTime": {"K2": {"distribution": "normal", "mean": 41.30183206882875, "std": 3.88125031098851}, "K1": {"distribution": "normal", "mean": 38.276192121736386, "std": 3.2186272161657223}, "K3": {"distribution": "normal", "mean": 27.59398998894075, "std": 2.626230002806288}}, "compatibleConfigurations": ["K2", "K1", "K3"]}, "O5": {"estimatedTestTime": {"K5": {"distribution": "normal", "mean": 26.190636455717616, "std": 3.3884246407574174}, "K1": {"distribution": "normal", "mean": 6.660898668258724, "std": 3.614850916713395}}, "compatibleConfigurations": ["K5", "K1"]}, "O6": {"estimatedTestTime": {"K3": {"distribution": "normal", "mean": 3.823258058268568, "std": 2.8518232253312377}, "K5": {"distribution": "normal", "mean": 43.158524218930026, "std": 3.281090904410751}, "K4": {"distribution": "normal", "mean": 32.422396444172314, "std": 4.830262530956061}, "K1": {"distribution": "normal", "mean": 15.847170181236146, "std": 2.9994637202517755}, "K2": {"distribution": "normal", "mean": 40.24833858269837, "std": 4.473065293281328}}, "compatibleConfigurations": ["K3", "K5", "K4", "K1", "K2"]}, "O7": {"estimatedTestTime": {"K4": {"distribution": "normal", "mean": 27.097683584735524, "std": 2.844021432705415}, "K5": {"distribution": "normal", "mean": 10.502073558676818, "std": 3.643476763096704}, "K3": {"distribution": "normal", "mean": 19.379333069543513, "std": 3.415420624885027}, "K2": {"distribution": "normal", "mean": 48.882723512505706, "std": 4.318414345578817}, "K1": {"distribution": "normal", "mean": 47.17909071519943, "std": 3.8952003245708764}}, "compatibleConfigurations": ["K4", "K5", "K3", "K2", "K1"]}, "O8": {"estimatedTestTime": {"K4": {"distribution": "normal", "mean": 2.5855486217896786, "std": 2.5570831164684087}, "K2": {"distribution": "normal", "mean": 14.1521311290359, "std": 4.942092505641594}, "K3": {"distribution": "normal", "mean": 26.42347123908876, "std": 2.2825506266979128}, "K1": {"distribution": "normal", "mean": 34.046573537076114, "std": 3.0653558820105546}, "K5": {"distribution": "normal", "mean": 13.040759919033299, "std": 4.853930858716559}}, "compatibleConfigurations": ["K4", "K2", "K3", "K1", "K5"]}, "O9": {"estimatedTestTime": {"K1": {"distribution": "normal", "mean": 49.647654416789194, "std": 4.970106355786494}, "K4": {"distribution": "normal", "mean": 34.9497622696594, "std": 3.562621466652785}}, "compatibleConfigurations": ["K1", "K4"]}, "O10": {"estimatedTestTime": {"K4": {"distribution": "normal", "mean": 20.888621608327337, "std": 3.9868626396439466}, "K2": {"distribution": "normal", "mean": 37.18500922779394, "std": 4.044902802839455}, "K5": {"distribution": "normal", "mean": 9.647915226516439, "std": 4.776435531872301}, "K1": {"distribution": "normal", "mean": 17.701934825344964, "std": 2.786940417362226}, "K3": {"distribution": "normal", "mean": 23.976678648700727, "std": 4.234798693782572}}, "compatibleConfigurations": ["K4", "K2", "K5", "K1", "K3"]}, "O11": {"estimatedTestTime": {"K5": {"distribution": "normal", "mean": 9.16134748662613, "std": 2.472975634991445}, "K3": {"distribution": "normal", "mean": 15.199253747591845, "std": 4.105045947852974}, "K1": {"distribution": "normal", "mean": 16.659461453437242, "std": 3.907634710776327}, "K4": {"distribution": "normal", "mean": 40.05559327793129, "std": 2.843647567443827}, "K2": {"distribution": "normal", "mean": 44.07594092122947, "std": 3.9583540366972323}}, "compatibleConfigurations": ["K5", "K3", "K1", "K4", "K2"]}, "O12": {"estimatedTestTime": {"K1": {"distribution": "normal", "mean": 36.949968109207056, "std": 2.535844877150227}, "K5": {"distribution": "normal", "mean": 19.471983831051553, "std": 3.4457033908224473}, "K3": {"distribution": "normal", "mean": 22.514654114718, "std": 2.519079615390113}}, "compatibleConfigurations": ["K1", "K5", "K3"]}, "O13": {"estimatedTestTime": {"K3": {"distribution": "normal", "mean": 16.6309545058419, "std": 4.162528985344185}, "K1": {"distribution": "normal", "mean": 20.720386459473275, "std": 4.025675214750986}, "K2": {"distribution": "normal", "mean": 15.084093694402634, "std": 3.827042988130953}}, "compatibleConfigurations": ["K3", "K1", "K2"]}, "O14": {"estimatedTestTime": {"K1": {"distribution": "normal", "mean": 33.11127686190062, "std": 3.208462203240163}, "K5": {"distribution": "normal", "mean": 46.10275354894896, "std": 4.3984179240147165}, "K4": {"distribution": "normal", "mean": 11.38965102032259, "std": 4.132827878613006}, "K3": {"distribution": "normal", "mean": 22.98378414168708, "std": 3.4156676811973816}, "K2": {"distribution": "normal", "mean": 26.473246942905227, "std": 4.674466210329664}}, "compatibleConfigurations": ["K1", "K5", "K4", "K3", "K2"]}, "O15": {"estimatedTestTime": {"K3": {"distribution": "normal", "mean": 33.88610602071898, "std": 2.048033081286124}, "K2": {"distribution": "normal", "mean": 14.228518560775676, "std": 4.734682121524757}, "K1": {"distribution": "normal", "mean": 26.61559471995087, "std": 4.493918187889153}, "K4": {"distribution": "normal", "mean": 22.697650602582208, "std": 4.647924668040945}, "K5": {"distribution": "normal", "mean": 41.356346856685946, "std": 4.227202709698499}}, "compatibleConfigurations": ["K3", "K2", "K1", "K4", "K5"]}, "O16": {"estimatedTestTime": {"K2": {"distribution": "normal", "mean": 23.537223835713412, "std": 2.3986621878696317}, "K1": {"distribution": "normal", "mean": 39.15951915147538, "std": 3.227506868560988}, "K4": {"distribution": "normal", "mean": 17.425838701145018, "std": 2.7388740851626254}, "K3": {"distribution": "normal", "mean": 29.979352969260077, "std": 3.0090661359121693}, "K5": {"distribution": "normal", "mean": 10.535575497553998, "std": 2.627391323052226}}, "compatibleConfigurations": ["K2", "K1", "K4", "K3", "K5"]}, "O17": {"estimatedTestTime": {"K4": {"distribution": "normal", "mean": 31.595788224677037, "std": 3.012703589388007}, "K5": {"distribution": "normal", "mean": 24.954284657987408, "std": 2.5366103760201115},