{"configurations": {"count": 2, "items": {"K1": {"index": 0, "setupTimes": [0, 3]}, "K2": {"index": 1, "setupTimes": [10, 0]}}}, "testers": {"count": 2, "items": {"T1": {"supportedConfigurations": ["K2", "K1"]}, "T2": {"supportedConfigurations": ["K1", "K2"]}}}, "operations": {"count": 20, "items": {"O1": {"estimatedTestTime": {"K1": {"distribution": "normal", "mean": 5.702698490574084, "std": 4.933903741710958}, "K2": {"distribution": "normal", "mean": 14.397137343031018, "std": 2.1553619042424965}}, "compatibleConfigurations": ["K1", "K2"]}, "O2": {"estimatedTestTime": {"K1": {"distribution": "normal", "mean": 46.196908868515095, "std": 3.9363521261301178}, "K2": {"distribution": "normal", "mean": 44.84556969646053, "std": 2.7266940994185407}}, "compatibleConfigurations": ["K1", "K2"]}, "O3": {"estimatedTestTime": {"K1": {"distribution": "normal", "mean": 7.539661220253571, "std": 3.654323853877247}, "K2": {"distribution": "normal", "mean": 15.644884787184314, "std": 2.94929853464561}}, "compatibleConfigurations": ["K1", "K2"]}, "O4": {"estimatedTestTime": {"K2": {"distribution": "normal", "mean": 38.03663178526088, "std": 4.780187054681831}, "K1": {"distribution": "normal", "mean": 2.061037834928534, "std": 3.7834521842449473}}, "compatibleConfigurations": ["K2", "K1"]}, "O5": {"estimatedTestTime": {"K2": {"distribution": "normal", "mean": 14.29197095302479, "std": 2.7775116024012507}, "K1": {"distribution": "normal", "mean": 39.422638807368514, "std": 2.6236463105300705}}, "compatibleConfigurations": ["K2", "K1"]}, "O6": {"estimatedTestTime": {"K1": {"distribution": "normal", "mean": 33.08974487933255, "std": 4.756078230184439}, "K2": {"distribution": "normal", "mean": 7.782502992852084, "std": 2.0639501985826607}}, "compatibleConfigurations": ["K1", "K2"]}, "O7": {"estimatedTestTime": {"K2": {"distribution": "normal", "mean": 36.82601362020684, "std": 3.049075440823958}, "K1": {"distribution": "normal", "mean": 49.94183713933265, "std": 3.3709515117339834}}, "compatibleConfigurations": ["K2", "K1"]}, "O8": {"estimatedTestTime": {"K1": {"distribution": "normal", "mean": 47.937601748656775, "std": 2.921948673027316}, "K2": {"distribution": "normal", "mean": 10.583967220955943, "std": 4.964866443509868}}, "compatibleConfigurations": ["K1", "K2"]}, "O9": {"estimatedTestTime": {"K2": {"distribution": "normal", "mean": 3.8332772042998737, "std": 4.716904896251544}, "K1": {"distribution": "normal", "mean": 6.036788750132901, "std": 2.629727429071071}}, "compatibleConfigurations": ["K2", "K1"]}, "O10": {"estimatedTestTime": {"K1": {"distribution": "normal", "mean": 31.465152363161753, "std": 4.716951487789734}, "K2": {"distribution": "normal", "mean": 23.967498557241612, "std": 3.4146221815682716}}, "compatibleConfigurations": ["K1", "K2"]}, "O11": {"estimatedTestTime": {"K2": {"distribution": "normal", "mean": 6.374259257204015, "std": 4.258098699083273}, "K1": {"distribution": "normal", "mean": 35.86905393841098, "std": 2.9607459306199218}}, "compatibleConfigurations": ["K2", "K1"]}, "O12": {"estimatedTestTime": {"K1": {"distribution": "normal", "mean": 8.174075577208331, "std": 4.426068062552465}, "K2": {"distribution": "normal", "mean": 44.7813082235429, "std": 4.304996109953816}}, "compatibleConfigurations": ["K1", "K2"]}, "O13": {"estimatedTestTime": {"K2": {"distribution": "normal", "mean": 26.20154417236589, "std": 4.026057741585174}, "K1": {"distribution": "normal", "mean": 46.85718181817854, "std": 3.006580897138885}}, "compatibleConfigurations": ["K2", "K1"]}, "O14": {"estimatedTestTime": {"K2": {"distribution": "normal", "mean": 28.377176550809068, "std": 4.928896674992375}, "K1": {"distribution": "normal", "mean": 6.589964394658608, "std": 4.372397279739124}}, "compatibleConfigurations": ["K2", "K1"]}, "O15": {"estimatedTestTime": {"K1": {"distribution": "normal", "mean": 15.08069828580515, "std": 3.990305220148307}, "K2": {"distribution": "normal", "mean": 11.737596138148744, "std": 2.7493613977014513}}, "compatibleConfigurations": ["K1", "K2"]}, "O16": {"estimatedTestTime": {"K1": {"distribution": "normal", "mean": 36.39276366553669, "std": 2.1067629893071778}, "K2": {"distribution": "normal", "mean": 18.53712849478883, "std": 4.644739081242724}}, "compatibleConfigurations": ["K1", "K2"]}, "O17": {"estimatedTestTime": {"K1": {"distribution": "normal", "mean": 3.218111397471164, "std": 4.606684114855572}, "K2": {"distribution": "normal", "mean": 44.52088829271814, "std": 4.311503016547506}}, "compatibleConfigurations": ["K1", "K2"]}, "O18": {"estimatedTestTime": {"K1": {"distribution": "normal", "mean": 7.576951529200562, "std": 3.9725699431413433}, "K2": {"distribution": "normal", "mean": 30.065597785122478, "std": 2.6754365899044505}}, "compatibleConfigurations": ["K1", "K2"]}, "O19": {"estimatedTestTime": {"K2": {"distribution": "normal", "mean": 18.53790540029925, "std": 2.693550368766188}, "K1": {"distribution": "normal", "mean": 13.620694133074831, "std": 2.9237884168254724}}, "compatibleConfigurations": ["K2", "K1"]}, "O20": {"estimatedTestTime": {"K2": {"distribution": "normal", "mean": 49.28678769877536, "std": 2.181850001646883}, "K1": {"distribution": "normal", "mean": 47.42093065565402, "std": 4.319222014343451}}, "compatibleConfigurations": ["K2", "K1"]}}}, "products": {"count": 4, "items": {"P1": {"index": 0, "arrival": 0, "quantity": 3, "duedate": 85.67840735734212, "operations": ["O15", "O13", "O19", "O5", "O6"], "dependencies": [[2, 0], [4, 0], [4, 1], [4, 3]]}, "P2": {"index": 1, "arrival": 5.515105914261786, "quantity": 5, "duedate": 194.221543562383, "operations": ["O20", "O14", "O8"], "dependencies": [[2, 0], [2, 1]]}, "P3": {"index": 2, "arrival": 36.366088931344414, "quantity": 4, "duedate": 188.2733991132855, "operations": ["O13", "O7"], "dependencies": [[1, 0]]}, "P4": {"index": 3, "arrival": 75.88329577360516, "quantity": 4, "duedate": 185.12176496547568, "operations": ["O1", "O7", "O20"], "dependencies": [[1, 0], [2, 0]]}}}}