{"configurations": {"count": 3, "items": {"K1": {"index": 0, "setupTimes": [0, 6, 9]}, "K2": {"index": 1, "setupTimes": [1, 0, 4]}, "K3": {"index": 2, "setupTimes": [9, 3, 0]}}}, "testers": {"count": 5, "items": {"T1": {"supportedConfigurations": ["K2", "K3", "K1"]}, "T2": {"supportedConfigurations": ["K3", "K2"]}, "T3": {"supportedConfigurations": ["K3", "K2", "K1"]}, "T4": {"supportedConfigurations": ["K2", "K3"]}, "T5": {"supportedConfigurations": ["K3", "K2"]}}}, "operations": {"count": 19, "items": {"O1": {"estimatedTestTime": {"K2": {"distribution": "normal", "mean": 44.72207570764156, "std": 3.5561479247519707}, "K3": {"distribution": "normal", "mean": 12.070299971777036, "std": 2.1101713510508073}}, "compatibleConfigurations": ["K2", "K3"]}, "O2": {"estimatedTestTime": {"K3": {"distribution": "normal", "mean": 41.989013452533214, "std": 3.770508706058167}, "K1": {"distribution": "normal", "mean": 30.234897174936236, "std": 2.0304553709514357}}, "compatibleConfigurations": ["K3", "K1"]}, "O3": {"estimatedTestTime": {"K3": {"distribution": "normal", "mean": 47.30807066578895, "std": 3.0309319192166964}, "K2": {"distribution": "normal", "mean": 4.484015442492584, "std": 2.9315594655074886}}, "compatibleConfigurations": ["K3", "K2"]}, "O4": {"estimatedTestTime": {"K1": {"distribution": "normal", "mean": 47.41606731163982, "std": 3.461654633301998}, "K2": {"distribution": "normal", "mean": 11.23642473858788, "std": 2.7345468356180866}}, "compatibleConfigurations": ["K1", "K2"]}, "O5": {"estimatedTestTime": {"K1": {"distribution": "normal", "mean": 31.835682378024437, "std": 2.6183251628628033}, "K3": {"distribution": "normal", "mean": 19.34137158689692, "std": 3.1824729236229623}}, "compatibleConfigurations": ["K1", "K3"]}, "O6": {"estimatedTestTime": {"K1": {"distribution": "normal", "mean": 9.330158352773283, "std": 2.5767200077473564}, "K3": {"distribution": "normal", "mean": 42.231056710492645, "std": 3.2568274159028023}, "K2": {"distribution": "normal", "mean": 14.993125925534372, "std": 2.878628949091338}}, "compatibleConfigurations": ["K1", "K3", "K2"]}, "O7": {"estimatedTestTime": {"K1": {"distribution": "normal", "mean": 8.386100135441483, "std": 3.0276083119045483}, "K3": {"distribution": "normal", "mean": 11.364127886772263, "std": 4.514786354777103}, "K2": {"distribution": "normal", "mean": 38.42405308799787, "std": 3.6817492846448427}}, "compatibleConfigurations": ["K1", "K3", "K2"]}, "O8": {"estimatedTestTime": {"K3": {"distribution": "normal", "mean": 41.51987894821662, "std": 2.4918431162316486}, "K2": {"distribution": "normal", "mean": 24.303982922566107, "std": 4.377927232689754}, "K1": {"distribution": "normal", "mean": 46.96653704945076, "std": 2.8495627831044725}}, "compatibleConfigurations": ["K3", "K2", "K1"]}, "O9": {"estimatedTestTime": {"K1": {"distribution": "normal", "mean": 40.07395076627563, "std": 3.440504252781003}, "K2": {"distribution": "normal", "mean": 24.705323775974943, "std": 2.705268814729528}, "K3": {"distribution": "normal", "mean": 27.15342501533608, "std": 3.560492894245616}}, "compatibleConfigurations": ["K1", "K2", "K3"]}, "O10": {"estimatedTestTime": {"K3": {"distribution": "normal", "mean": 10.327460128553337, "std": 3.1330820754007616}, "K2": {"distribution": "normal", "mean": 27.764322314456503, "std": 2.7434776082783006}}, "compatibleConfigurations": ["K3", "K2"]}, "O11": {"estimatedTestTime": {"K1": {"distribution": "normal", "mean": 49.21212620132791, "std": 2.739760765767162}, "K3": {"distribution": "normal", "mean": 46.412776449483815, "std": 3.504893897522341}, "K2": {"distribution": "normal", "mean": 36.18129734836959, "std": 2.070750168011863}}, "compatibleConfigurations": ["K1", "K3", "K2"]}, "O12": {"estimatedTestTime": {"K3": {"distribution": "normal", "mean": 20.959766284076682, "std": 4.30159044065173}, "K1": {"distribution": "normal", "mean": 25.58975231245693, "std": 2.103556926390618}, "K2": {"distribution": "normal", "mean": 23.158988356624384, "std": 2.4770163438381787}}, "compatibleConfigurations": ["K3", "K1", "K2"]}, "O13": {"estimatedTestTime": {"K2": {"distribution": "normal", "mean": 42.7546177586335, "std": 4.948685233504703}, "K3": {"distribution": "normal", "mean": 26.77378802192934, "std": 2.3318106009314254}}, "compatibleConfigurations": ["K2", "K3"]}, "O14": {"estimatedTestTime": {"K2": {"distribution": "normal", "mean": 35.53759115216871, "std": 3.1875154914013466}, "K1": {"distribution": "normal", "mean": 49.313627502832986, "std": 4.747953075816726}, "K3": {"distribution": "normal", "mean": 4.946744721116804, "std": 4.759172147826437}}, "compatibleConfigurations": ["K2", "K1", "K3"]}, "O15": {"estimatedTestTime": {"K2": {"distribution": "normal", "mean": 34.200208626467905, "std": 2.00451279544592}, "K3": {"distribution": "normal", "mean": 24.83708504304147, "std": 4.656493383725801}, "K1": {"distribution": "normal", "mean": 49.52484005288396, "std": 2.627677445233026}}, "compatibleConfigurations": ["K2", "K3", "K1"]}, "O16": {"estimatedTestTime": {"K3": {"distribution": "normal", "mean": 36.1221821213057, "std": 2.434525018037334}, "K1": {"distribution": "normal", "mean": 48.33367222462967, "std": 4.928197785228903}, "K2": {"distribution": "normal", "mean": 47.891611709020566, "std": 4.827131525346968}}, "compatibleConfigurations": ["K3", "K1", "K2"]}, "O17": {"estimatedTestTime": {"K1": {"distribution": "normal", "mean": 10.230470615349327, "std": 3.8869849238521477}, "K2": {"distribution": "normal", "mean": 25.90341994211043, "std": 3.109671724541029}}, "compatibleConfigurations": ["K1", "K2"]}, "O18": {"estimatedTestTime": {"K2": {"distribution": "normal", "mean": 34.29246231821775, "std": 3.808695510045201}, "K1": {"distribution": "normal", "mean": 11.332214049424596, "std": 4.2106358120378165}}, "compatibleConfigurations": ["K2", "K1"]}, "O19": {"estimatedTestTime": {"K2": {"distribution": "normal", "mean": 48.711582846196364, "std": 4.534931221993599}, "K1": {"distribution": "normal", "mean": 44.32600906865143, "std": 2.9552418814855583}, "K3": {"distribution": "normal", "mean": 8.99374599053336, "std": 4.939525811510316}}, "compatibleConfigurations": ["K2", "K1", "K3"]}}}, "products": {"count": 5, "items": {"P1": {"index": 0, "arrival": 0, "quantity": 5, "duedate": 58.9349424133581, "operations": ["O5", "O12", "O18", "O15", "O6"], "dependencies": [[2, 0], [4, 1], [4, 0], [4, 3]]}, "P2": {"index": 1, "arrival": 43.709376236177256, "quantity": 5, "duedate": 88.73807837625198, "operations": ["O17", "O14"], "dependencies": [[1, 0]]}, "P3": {"index": 2, "arrival": 71.4669830218844, "quantity": 2, "duedate": 144.2723135349165, "operations": ["O18", "O15", "O7"], "dependencies": [[1, 0], [2, 1]]}, "P4": {"index": 3, "arrival": 91.17119410980459, "quantity": 4, "duedate": 149.3846443484614, "operations": ["O15", "O10", "O2", "O9"], "dependencies": [[3, 2], [3, 1], [3, 0]]}, "P5": {"index": 4, "arrival": 104.43460006817865, "quantity": 4, "duedate": 151.1941841767855, "operations": ["O2", "O18", "O3", "O7", "O12"], "dependencies": [[3, 1], [3, 2], [3, 0], [4, 2]]}}}}