{"configurations": {"count": 2, "items": {"K1": {"index": 0, "setupTimes": [0, 8]}, "K2": {"index": 1, "setupTimes": [6, 0]}}}, "testers": {"count": 4, "items": {"T1": {"supportedConfigurations": ["K1", "K2"]}, "T2": {"supportedConfigurations": ["K2", "K1"]}, "T3": {"supportedConfigurations": ["K2", "K1"]}, "T4": {"supportedConfigurations": ["K1", "K2"]}}}, "operations": {"count": 11, "items": {"O1": {"estimatedTestTime": {"K1": {"distribution": "normal", "mean": 49.956796852795804, "std": 2.7280045682340113}, "K2": {"distribution": "normal", "mean": 45.293039595710354, "std": 2.93770346872207}}, "compatibleConfigurations": ["K1", "K2"]}, "O2": {"estimatedTestTime": {"K1": {"distribution": "normal", "mean": 47.98768641879636, "std": 4.40105890310531}, "K2": {"distribution": "normal", "mean": 40.072596719660226, "std": 4.003722826865362}}, "compatibleConfigurations": ["K1", "K2"]}, "O3": {"estimatedTestTime": {"K2": {"distribution": "normal", "mean": 22.11220761806029, "std": 3.919013771061583}, "K1": {"distribution": "normal", "mean": 40.178821707636025, "std": 2.3529543657989387}}, "compatibleConfigurations": ["K2", "K1"]}, "O4": {"estimatedTestTime": {"K1": {"distribution": "normal", "mean": 5.531259439542739, "std": 3.0134607846537795}, "K2": {"distribution": "normal", "mean": 18.214951757006546, "std": 4.250142610009757}}, "compatibleConfigurations": ["K1", "K2"]}, "O5": {"estimatedTestTime": {"K1": {"distribution": "normal", "mean": 27.46242159099945, "std": 4.197520125137919}, "K2": {"distribution": "normal", "mean": 27.279021916713646, "std": 4.880028027852829}}, "compatibleConfigurations": ["K1", "K2"]}, "O6": {"estimatedTestTime": {"K1": {"distribution": "normal", "mean": 15.250013252352781, "std": 3.3941183614032195}, "K2": {"distribution": "normal", "mean": 37.790375570066246, "std": 2.19968918176668}}, "compatibleConfigurations": ["K1", "K2"]}, "O7": {"estimatedTestTime": {"K1": {"distribution": "normal", "mean": 4.425842350631823, "std": 3.170153007346417}, "K2": {"distribution": "normal", "mean": 45.19134707778371, "std": 4.121797687031908}}, "compatibleConfigurations": ["K1", "K2"]}, "O8": {"estimatedTestTime": {"K2": {"distribution": "normal", "mean": 33.35326898254505, "std": 2.855384169588206}, "K1": {"distribution": "normal", "mean": 44.84929511640059, "std": 2.340633540501552}}, "compatibleConfigurations": ["K2", "K1"]}, "O9": {"estimatedTestTime": {"K2": {"distribution": "normal", "mean": 35.92251946342917, "std": 3.2640185552268743}, "K1": {"distribution": "normal", "mean": 11.508035921426135, "std": 3.838547432397946}}, "compatibleConfigurations": ["K2", "K1"]}, "O10": {"estimatedTestTime": {"K2": {"distribution": "normal", "mean": 26.022679735082114, "std": 4.436289173391094}, "K1": {"distribution": "normal", "mean": 40.986861747589785, "std": 2.475928183441426}}, "compatibleConfigurations": ["K2", "K1"]}, "O11": {"estimatedTestTime": {"K1": {"distribution": "normal", "mean": 4.015118692701993, "std": 3.7867598167404988}, "K2": {"distribution": "normal", "mean": 18.738485363686465, "std": 2.504522604052925}}, "compatibleConfigurations": ["K1", "K2"]}}}, "products": {"count": 4, "items": {"P1": {"index": 0, "arrival": 0, "quantity": 2, "duedate": 96.13919743491277, "operations": ["O8", "O9", "O10", "O5", "O1"], "dependencies": [[1, 0], [2, 1], [4, 3], [4, 0]]}, "P2": {"index": 1, "arrival": 30.358067628026795, "quantity": 4, "duedate": 125.77410139727782, "operations": ["O3", "O2", "O9"], "dependencies": [[1, 0], [2, 1]]}, "P3": {"index": 2, "arrival": 41.90310792344211, "quantity": 2, "duedate": 107.50809951349193, "operations": ["O2", "O6", "O7"], "dependencies": [[1, 0], [2, 0]]}, "P4": {"index": 3, "arrival": 48.070775546478906, "quantity": 4, "duedate": 113.76987431684367, "operations": ["O1", "O11", "O6", "O10", "O9"], "dependencies": [[1, 0], [4, 0], [4, 3], [4, 2]]}}}}