{"configurations": {"count": 3, "items": {"K1": {"index": 0, "setupTimes": [0, 60, 15]}, "K2": {"index": 1, "setupTimes": [30, 0, 53]}, "K3": {"index": 2, "setupTimes": [30, 4, 0]}}}, "testers": {"count": 2, "items": {"T1": {"supportedConfigurations": ["K3", "K1"]}, "T2": {"supportedConfigurations": ["K3", "K1", "K2"]}}}, "operations": {"count": 12, "items": {"O1": {"estimatedTestTime": {"K2": {"distribution": "normal", "mean": 92.68024888904915, "std": 4.075444643458853}, "K1": {"distribution": "normal", "mean": 72.1717077575183, "std": 2.9724567134714746}}, "compatibleConfigurations": ["K2", "K1"]}, "O2": {"estimatedTestTime": {"K2": {"distribution": "normal", "mean": 281.63468680028666, "std": 3.760669189942005}, "K3": {"distribution": "normal", "mean": 380.3227469433483, "std": 3.9821884191674926}}, "compatibleConfigurations": ["K2", "K3"]}, "O3": {"estimatedTestTime": {"K3": {"distribution": "normal", "mean": 214.1529996576832, "std": 3.7392725441703183}, "K2": {"distribution": "normal", "mean": 94.6925572120596, "std": 4.246150896201883}}, "compatibleConfigurations": ["K3", "K2"]}, "O4": {"estimatedTestTime": {"K3": {"distribution": "normal", "mean": 213.017118796421, "std": 3.712133681198051}, "K1": {"distribution": "normal", "mean": 470.2079873963765, "std": 3.9462146091329187}, "K2": {"distribution": "normal", "mean": 193.9403358548509, "std": 3.9026436746887585}}, "compatibleConfigurations": ["K3", "K1", "K2"]}, "O5": {"estimatedTestTime": {"K2": {"distribution": "normal", "mean": 439.1027845833978, "std": 3.06164352796424}, "K3": {"distribution": "normal", "mean": 397.9880127743368, "std": 2.071964656945068}}, "compatibleConfigurations": ["K2", "K3"]}, "O6": {"estimatedTestTime": {"K1": {"distribution": "normal", "mean": 159.86925945751258, "std": 3.1525351647187017}, "K3": {"distribution": "normal", "mean": 402.5953129303458, "std": 4.620720209416357}}, "compatibleConfigurations": ["K1", "K3"]}, "O7": {"estimatedTestTime": {"K1": {"distribution": "normal", "mean": 237.22662910426703, "std": 4.760950295931163}, "K2": {"distribution": "normal", "mean": 193.47979727427034, "std": 3.997362511767806}}, "compatibleConfigurations": ["K1", "K2"]}, "O8": {"estimatedTestTime": {"K1": {"distribution": "normal", "mean": 4.944967755068651, "std": 4.587662023070423}, "K3": {"distribution": "normal", "mean": 254.71776411457745, "std": 3.323601249763283}, "K2": {"distribution": "normal", "mean": 336.8756554742834, "std": 2.238864344536557}}, "compatibleConfigurations": ["K1", "K3", "K2"]}, "O9": {"estimatedTestTime": {"K2": {"distribution": "normal", "mean": 187.75788813746382, "std": 3.160086018693641}, "K3": {"distribution": "normal", "mean": 371.0610019140632, "std": 2.4786909647949615}}, "compatibleConfigurations": ["K2", "K3"]}, "O10": {"estimatedTestTime": {"K1": {"distribution": "normal", "mean": 262.35844122756885, "std": 3.270646268280305}, "K3": {"distribution": "normal", "mean": 386.7302369381488, "std": 3.848357996786218}}, "compatibleConfigurations": ["K1", "K3"]}, "O11": {"estimatedTestTime": {"K1": {"distribution": "normal", "mean": 81.02197461112121, "std": 3.0051918554494375}, "K2": {"distribution": "normal", "mean": 214.20211697517854, "std": 2.2376963563461487}, "K3": {"distribution": "normal", "mean": 488.9439221934064, "std": 3.4869397417236536}}, "compatibleConfigurations": ["K1", "K2", "K3"]}, "O12": {"estimatedTestTime": {"K2": {"distribution": "normal", "mean": 235.27949773780443, "std": 3.8668110938173488}, "K3": {"distribution": "normal", "mean": 426.5530928491215, "std": 3.0477155698397955}}, "compatibleConfigurations": ["K2", "K3"]}}}, "products": {"count": 7, "items": {"P1": {"index": 0, "arrival": 0, "quantity": 3, "duedate": 1064.4232868626461, "operations": ["O5", "O10", "O11", "O12", "O9", "O1"], "dependencies": [[3, 2], [3, 0], [4, 2], [5, 1], [5, 2], [5, 4]]}, "P2": {"index": 1, "arrival": 83.82089105190695, "quantity": 5, "duedate": 3558.2916844413717, "operations": ["O4", "O12", "O3", "O7", "O6", "O1", "O11", "O10", "O8"], "dependencies": [[1, 0], [3, 1], [3, 2], [4, 2], [4, 3], [5, 1], [5, 2], [7, 0], [7, 2], [7, 4], [7, 6], [8, 1], [8, 4], [8, 6]]}, "P3": {"index": 2, "arrival": 163.80777102962298, "quantity": 2, "duedate": 1295.1510265737984, "operations": ["O3", "O1", "O5", "O8", "O2", "O6", "O10", "O11", "O7", "O4", "O12"], "dependencies": [[2, 0], [2, 1], [6, 0], [6, 3], [6, 5], [7, 1], [7, 2], [7, 3], [7, 6], [8, 4], [8, 5], [9, 0], [9, 3], [9, 6], [9, 8], [10, 0], [10, 2], [10, 7], [10, 8]]}, "P4": {"index": 3, "arrival": 238.3399476347349, "quantity": 2, "duedate": 2164.197223096564, "operations": ["O12", "O10", "O7", "O4", "O9", "O11", "O5", "O2", "O3", "O8", "O1", "O6"], "dependencies": [[1, 0], [2, 1], [3, 0], [4, 0], [4, 2], [5, 1], [5, 4], [6, 0], [6, 4], [7, 2], [7, 3], [7, 4], [7, 5], [8, 0], [9, 0], [9, 1], [9, 7], [10, 0], [10, 2], [10, 3], [10, 4], [10, 5], [10, 6], [11, 1], [11, 3], [11, 7]]}, "P5": {"index": 4, "arrival": 292.1590859624099, "quantity": 2, "duedate": 1247.9735739660168, "operations": ["O8", "O12", "O10", "O4", "O7", "O2", "O5", "O1", "O9"], "dependencies": [[3, 0], [3, 2], [4, 3], [5, 0], [6, 3], [6, 5], [6, 1], [7, 2], [8, 0], [8, 2], [8, 7]]}, "P6": {"index": 5, "arrival": 380.45779056936317, "quantity": 3, "duedate": 3385.153511947548, "operations": ["O12", "O6", "O1", "O8", "O10", "O4", "O7", "O2", "O9", "O11", "O3", "O5"], "dependencies": [[1, 0], [2, 0], [3, 2], [4, 0], [4, 1], [5, 0], [5, 2], [5, 3], [5, 4], [6, 0], [6, 1], [6, 4], [6, 5], [7, 2], [7, 3], [7, 4], [8, 1], [8, 2], [8, 3], [8, 4], [8, 7], [9, 0], [9, 1], [9, 5], [9, 7], [9, 8], [10, 5], [10, 8], [11, 1], [11, 2], [11, 8], [11, 10]]}, "P7": {"index": 6, "arrival": 470.4917076774342, "quantity": 3, "duedate": 1763.4372488103081, "operations": ["O1", "O2", "O3", "O10", "O6", "O5"], "dependencies": [[3, 1], [4, 0], [4, 3], [4, 2], [5, 2]]}}}}