{"configurations": {"count": 3, "items": {"K1": {"index": 0, "setupTimes": [0, 2, 8]}, "K2": {"index": 1, "setupTimes": [7, 0, 7]}, "K3": {"index": 2, "setupTimes": [9, 1, 0]}}}, "testers": {"count": 4, "items": {"T1": {"supportedConfigurations": ["K2", "K3"]}, "T2": {"supportedConfigurations": ["K1", "K3", "K2"]}, "T3": {"supportedConfigurations": ["K2", "K3", "K1"]}, "T4": {"supportedConfigurations": ["K2", "K3", "K1"]}}}, "operations": {"count": 19, "items": {"O1": {"estimatedTestTime": {"K1": {"distribution": "normal", "mean": 26.141223703835124, "std": 2.5718907373930526}, "K2": {"distribution": "normal", "mean": 33.770730269762566, "std": 3.3140244515380157}}, "compatibleConfigurations": ["K1", "K2"]}, "O2": {"estimatedTestTime": {"K3": {"distribution": "normal", "mean": 19.430846923234412, "std": 3.1109262071943258}, "K1": {"distribution": "normal", "mean": 22.84832834320332, "std": 2.1731227391484884}}, "compatibleConfigurations": ["K3", "K1"]}, "O3": {"estimatedTestTime": {"K1": {"distribution": "normal", "mean": 44.56753542933926, "std": 4.384303068078311}, "K3": {"distribution": "normal", "mean": 10.963833324217436, "std": 3.061117203006051}, "K2": {"distribution": "normal", "mean": 24.891247228507837, "std": 2.330125553369581}}, "compatibleConfigurations": ["K1", "K3", "K2"]}, "O4": {"estimatedTestTime": {"K1": {"distribution": "normal", "mean": 6.9557070471664755, "std": 3.1980773006901666}, "K3": {"distribution": "normal", "mean": 7.0635116038140175, "std": 2.5817541790209755}, "K2": {"distribution": "normal", "mean": 16.085688213227684, "std": 2.479095299495174}}, "compatibleConfigurations": ["K1", "K3", "K2"]}, "O5": {"estimatedTestTime": {"K2": {"distribution": "normal", "mean": 29.747585006480804, "std": 2.927028925326863}, "K1": {"distribution": "normal", "mean": 3.9356563351548104, "std": 2.502412430590287}, "K3": {"distribution": "normal", "mean": 15.773006271775055, "std": 2.5550667318837865}}, "compatibleConfigurations": ["K2", "K1", "K3"]}, "O6": {"estimatedTestTime": {"K2": {"distribution": "normal", "mean": 23.21332633577897, "std": 3.7869305819453}, "K3": {"distribution": "normal", "mean": 28.577706284509702, "std": 4.165908728930085}, "K1": {"distribution": "normal", "mean": 45.56824663705061, "std": 4.3141769647097465}}, "compatibleConfigurations": ["K2", "K3", "K1"]}, "O7": {"estimatedTestTime": {"K3": {"distribution": "normal", "mean": 29.881200906421775, "std": 4.335945841540007}, "K1": {"distribution": "normal", "mean": 20.093853538997408, "std": 3.708816378678431}, "K2": {"distribution": "normal", "mean": 42.56289244485102, "std": 3.509525354342286}}, "compatibleConfigurations": ["K3", "K1", "K2"]}, "O8": {"estimatedTestTime": {"K1": {"distribution": "normal", "mean": 15.441650091251665, "std": 4.615584323200901}, "K2": {"distribution": "normal", "mean": 15.212150411121984, "std": 3.143642865649228}}, "compatibleConfigurations": ["K1", "K2"]}, "O9": {"estimatedTestTime": {"K1": {"distribution": "normal", "mean": 4.6436041679045275, "std": 4.9207586016842395}, "K3": {"distribution": "normal", "mean": 48.93985076990512, "std": 2.9817061024669855}, "K2": {"distribution": "normal", "mean": 38.37968983990666, "std": 2.9188668110681055}}, "compatibleConfigurations": ["K1", "K3", "K2"]}, "O10": {"estimatedTestTime": {"K2": {"distribution": "normal", "mean": 46.87060626592688, "std": 2.129704009637121}, "K1": {"distribution": "normal", "mean": 20.227387635885066, "std": 4.974868173923301}, "K3": {"distribution": "normal", "mean": 4.014070830737424, "std": 3.0860344198278007}}, "compatibleConfigurations": ["K2", "K1", "K3"]}, "O11": {"estimatedTestTime": {"K3": {"distribution": "normal", "mean": 19.499566472612656, "std": 4.652981734015314}, "K1": {"distribution": "normal", "mean": 36.42440286713857, "std": 3.9954509988213918}}, "compatibleConfigurations": ["K3", "K1"]}, "O12": {"estimatedTestTime": {"K3": {"distribution": "normal", "mean": 39.40734556242777, "std": 4.7840858477100126}, "K1": {"distribution": "normal", "mean": 44.39693574224936, "std": 3.5955904528059466}}, "compatibleConfigurations": ["K3", "K1"]}, "O13": {"estimatedTestTime": {"K3": {"distribution": "normal", "mean": 15.44847990779471, "std": 3.0956130498763335}, "K1": {"distribution": "normal", "mean": 42.154679213542046, "std": 2.3263668582446213}}, "compatibleConfigurations": ["K3", "K1"]}, "O14": {"estimatedTestTime": {"K1": {"distribution": "normal", "mean": 10.891337079541197, "std": 2.840880686381543}, "K2": {"distribution": "normal", "mean": 13.840447098162665, "std": 4.42380914679255}}, "compatibleConfigurations": ["K1", "K2"]}, "O15": {"estimatedTestTime": {"K1": {"distribution": "normal", "mean": 25.05994935751923, "std": 3.8654609798282022}, "K3": {"distribution": "normal", "mean": 30.475917011359016, "std": 3.359705326175756}}, "compatibleConfigurations": ["K1", "K3"]}, "O16": {"estimatedTestTime": {"K3": {"distribution": "normal", "mean": 2.982947316067735, "std": 2.9415698982298584}, "K1": {"distribution": "normal", "mean": 15.678742945370956, "std": 2.410790271395448}}, "compatibleConfigurations": ["K3", "K1"]}, "O17": {"estimatedTestTime": {"K2": {"distribution": "normal", "mean": 18.225108439155562, "std": 3.821381980440562}, "K3": {"distribution": "normal", "mean": 20.27252735802137, "std": 4.087435477015497}}, "compatibleConfigurations": ["K2", "K3"]}, "O18": {"estimatedTestTime": {"K3": {"distribution": "normal", "mean": 43.13540549324168, "std": 3.6539191292693234}, "K1": {"distribution": "normal", "mean": 41.53864132044608, "std": 2.4766692410181688}, "K2": {"distribution": "normal", "mean": 32.868456474433145, "std": 2.533286468525656}}, "compatibleConfigurations": ["K3", "K1", "K2"]}, "O19": {"estimatedTestTime": {"K1": {"distribution": "normal", "mean": 11.911196521715418, "std": 4.199092858120484}, "K2": {"distribution": "normal", "mean": 30.886969978079605, "std": 2.630555758473033}, "K3": {"distribution": "normal", "mean": 38.815576921311354, "std": 4.287742580627117}}, "compatibleConfigurations": ["K1", "K2", "K3"]}}}, "products": {"count": 5, "items": {"P1": {"index": 0, "arrival": 0, "quantity": 5, "duedate": 147.62801915387521, "operations": ["O18", "O9", "O3", "O11", "O17"], "dependencies": [[1, 0], [2, 1], [3, 1], [4, 2]]}, "P2": {"index": 1, "arrival": 46.00875256988049, "quantity": 2, "duedate": 108.70064141738574, "operations": ["O7", "O16", "O2", "O10"], "dependencies": [[1, 0], [3, 2], [3, 1]]}, "P3": {"index": 2, "arrival": 63.9843905633785, "quantity": 3, "duedate": 149.3462592173187, "operations": ["O15", "O19", "O7", "O6"], "dependencies": [[2, 0], [2, 1], [3, 2]]}, "P4": {"index": 3, "arrival": 105.18600246706166, "quantity": 2, "duedate": 140.5580891674033, "operations": ["O16", "O14", "O7", "O8"], "dependencies": [[2, 1], [2, 0], [3, 0]]}, "P5": {"index": 4, "arrival": 154.7153724130677, "quantity": 2, "duedate": 194.0620112819857, "operations": ["O4", "O9", "O16", "O10"], "dependencies": [[1, 0], [2, 1], [3, 0]]}}}}