{"configurations": {"count": 2, "items": {"K1": {"index": 0, "setupTimes": [0, 7]}, "K2": {"index": 1, "setupTimes": [0, 0]}}}, "testers": {"count": 2, "items": {"T1": {"supportedConfigurations": ["K2", "K1"]}, "T2": {"supportedConfigurations": ["K2", "K1"]}}}, "operations": {"count": 10, "items": {"O1": {"estimatedTestTime": {"K2": {"distribution": "normal", "mean": 2.39182392085303, "std": 2.8410043169217145}, "K1": {"distribution": "normal", "mean": 21.416460764734758, "std": 3.748366831308146}}, "compatibleConfigurations": ["K2", "K1"]}, "O2": {"estimatedTestTime": {"K1": {"distribution": "normal", "mean": 25.38270864073745, "std": 3.0106677695425885}, "K2": {"distribution": "normal", "mean": 11.78627545787577, "std": 4.791116958151058}}, "compatibleConfigurations": ["K1", "K2"]}, "O3": {"estimatedTestTime": {"K2": {"distribution": "normal", "mean": 32.94709501836191, "std": 4.163320037930234}, "K1": {"distribution": "normal", "mean": 43.09830527709944, "std": 3.1610898929368836}}, "compatibleConfigurations": ["K2", "K1"]}, "O4": {"estimatedTestTime": {"K1": {"distribution": "normal", "mean": 43.153650979314364, "std": 3.340331464023272}, "K2": {"distribution": "normal", "mean": 4.301529910934715, "std": 4.682573295405419}}, "compatibleConfigurations": ["K1", "K2"]}, "O5": {"estimatedTestTime": {"K2": {"distribution": "normal", "mean": 24.336238797704617, "std": 3.0015289621763603}, "K1": {"distribution": "normal", "mean": 26.64972600324709, "std": 4.281898585556926}}, "compatibleConfigurations": ["K2", "K1"]}, "O6": {"estimatedTestTime": {"K1": {"distribution": "normal", "mean": 3.635208231736078, "std": 2.6600581757114106}, "K2": {"distribution": "normal", "mean": 20.18244463939765, "std": 2.395530451285956}}, "compatibleConfigurations": ["K1", "K2"]}, "O7": {"estimatedTestTime": {"K2": {"distribution": "normal", "mean": 3.4000688896281677, "std": 2.5560054104019994}, "K1": {"distribution": "normal", "mean": 18.43490301805692, "std": 3.095355562836079}}, "compatibleConfigurations": ["K2", "K1"]}, "O8": {"estimatedTestTime": {"K1": {"distribution": "normal", "mean": 49.78922937093466, "std": 4.2372838866749944}, "K2": {"distribution": "normal", "mean": 32.09420551833092, "std": 2.702776495218411}}, "compatibleConfigurations": ["K1", "K2"]}, "O9": {"estimatedTestTime": {"K1": {"distribution": "normal", "mean": 22.71731594627187, "std": 3.0521720777421493}, "K2": {"distribution": "normal", "mean": 10.636091825437513, "std": 4.980721066295425}}, "compatibleConfigurations": ["K1", "K2"]}, "O10": {"estimatedTestTime": {"K1": {"distribution": "normal", "mean": 3.3228232220376537, "std": 2.163590000747595}, "K2": {"distribution": "normal", "mean": 33.321666437920754, "std": 4.227070148341751}}, "compatibleConfigurations": ["K1", "K2"]}}}, "products": {"count": 3, "items": {"P1": {"index": 0, "arrival": 0, "quantity": 4, "duedate": 68.66113751814075, "operations": ["O4", "O7"], "dependencies": [[1, 0]]}, "P2": {"index": 1, "arrival": 5.841981532044061, "quantity": 5, "duedate": 132.04650710928888, "operations": ["O6", "O2", "O1", "O4", "O8"], "dependencies": [[1, 0], [2, 1], [3, 0], [4, 0]]}, "P3": {"index": 2, "arrival": 24.337126883553765, "quantity": 5, "duedate": 139.83792532059758, "operations": ["O6", "O1", "O9", "O2"], "dependencies": [[2, 1], [3, 2], [3, 0]]}}}}