{"configurations": {"count": 2, "items": {"K1": {"index": 0, "setupTimes": [0, 1]}, "K2": {"index": 1, "setupTimes": [4, 0]}}}, "testers": {"count": 2, "items": {"T1": {"supportedConfigurations": ["K2", "K1"]}, "T2": {"supportedConfigurations": ["K1", "K2"]}}}, "operations": {"count": 16, "items": {"O1": {"estimatedTestTime": {"K1": {"distribution": "normal", "mean": 7.846272564867331, "std": 2.707574786854515}, "K2": {"distribution": "normal", "mean": 22.75596410480764, "std": 2.0429517514045457}}, "compatibleConfigurations": ["K1", "K2"]}, "O2": {"estimatedTestTime": {"K2": {"distribution": "normal", "mean": 9.164663984241882, "std": 3.7526046192684843}, "K1": {"distribution": "normal", "mean": 2.5134800507866935, "std": 3.7600417383624087}}, "compatibleConfigurations": ["K2", "K1"]}, "O3": {"estimatedTestTime": {"K2": {"distribution": "normal", "mean": 11.381721650213988, "std": 4.838344720185283}, "K1": {"distribution": "normal", "mean": 39.64156732577167, "std": 2.1324173642035924}}, "compatibleConfigurations": ["K2", "K1"]}, "O4": {"estimatedTestTime": {"K2": {"distribution": "normal", "mean": 8.765862893698731, "std": 4.970880265031942}, "K1": {"distribution": "normal", "mean": 4.275915453604691, "std": 2.2915969588661027}}, "compatibleConfigurations": ["K2", "K1"]}, "O5": {"estimatedTestTime": {"K2": {"distribution": "normal", "mean": 6.582092727067314, "std": 3.7782876965114434}, "K1": {"distribution": "normal", "mean": 10.799019499137632, "std": 2.4235231879163432}}, "compatibleConfigurations": ["K2", "K1"]}, "O6": {"estimatedTestTime": {"K1": {"distribution": "normal", "mean": 46.2818053646492, "std": 2.2406182622955404}, "K2": {"distribution": "normal", "mean": 14.532657024100107, "std": 2.7501369402659916}}, "compatibleConfigurations": ["K1", "K2"]}, "O7": {"estimatedTestTime": {"K2": {"distribution": "normal", "mean": 22.878833846396315, "std": 4.8712314113174635}, "K1": {"distribution": "normal", "mean": 4.199865951974182, "std": 2.0016246083272087}}, "compatibleConfigurations": ["K2", "K1"]}, "O8": {"estimatedTestTime": {"K2": {"distribution": "normal", "mean": 47.80668713331505, "std": 2.86465140690298}, "K1": {"distribution": "normal", "mean": 41.46598428733637, "std": 4.972351007010705}}, "compatibleConfigurations": ["K2", "K1"]}, "O9": {"estimatedTestTime": {"K1": {"distribution": "normal", "mean": 29.451661299370684, "std": 2.212613744681783}, "K2": {"distribution": "normal", "mean": 25.475730203031308, "std": 2.222456241162377}}, "compatibleConfigurations": ["K1", "K2"]}, "O10": {"estimatedTestTime": {"K2": {"distribution": "normal", "mean": 19.694962470137888, "std": 3.7067175685068516}, "K1": {"distribution": "normal", "mean": 2.9944468812125304, "std": 3.715001815530325}}, "compatibleConfigurations": ["K2", "K1"]}, "O11": {"estimatedTestTime": {"K2": {"distribution": "normal", "mean": 3.994586594750274, "std": 4.529026288460271}, "K1": {"distribution": "normal", "mean": 39.37835890447297, "std": 4.705133349916616}}, "compatibleConfigurations": ["K2", "K1"]}, "O12": {"estimatedTestTime": {"K1": {"distribution": "normal", "mean": 2.7873536748471714, "std": 3.9199843669112875}, "K2": {"distribution": "normal", "mean": 35.49876503587042, "std": 4.941229350050455}}, "compatibleConfigurations": ["K1", "K2"]}, "O13": {"estimatedTestTime": {"K1": {"distribution": "normal", "mean": 5.5150758205969, "std": 2.2767789423812363}, "K2": {"distribution": "normal", "mean": 33.33217895627227, "std": 4.23276695123128}}, "compatibleConfigurations": ["K1", "K2"]}, "O14": {"estimatedTestTime": {"K1": {"distribution": "normal", "mean": 20.088353399460836, "std": 3.8869524691018777}, "K2": {"distribution": "normal", "mean": 11.53769088009022, "std": 3.654871573681713}}, "compatibleConfigurations": ["K1", "K2"]}, "O15": {"estimatedTestTime": {"K1": {"distribution": "normal", "mean": 19.516850284380222, "std": 4.299351317916649}, "K2": {"distribution": "normal", "mean": 35.08776963593594, "std": 3.052446495165831}}, "compatibleConfigurations": ["K1", "K2"]}, "O16": {"estimatedTestTime": {"K1": {"distribution": "normal", "mean": 41.410267398720755, "std": 4.763239834946926}, "K2": {"distribution": "normal", "mean": 24.198548895867066, "std": 4.82653700910361}}, "compatibleConfigurations": ["K1", "K2"]}}}, "products": {"count": 5, "items": {"P1": {"index": 0, "arrival": 0, "quantity": 5, "duedate": 174.14115301493382, "operations": ["O7", "O2", "O15", "O16", "O6"], "dependencies": [[2, 0], [3, 1], [3, 2], [4, 0]]}, "P2": {"index": 1, "arrival": 13.024261854307916, "quantity": 4, "duedate": 116.8758118971386, "operations": ["O3", "O6"], "dependencies": [[1, 0]]}, "P3": {"index": 2, "arrival": 59.8126354704814, "quantity": 2, "duedate": 106.40836003756401, "operations": ["O12", "O3", "O6"], "dependencies": [[2, 1], [2, 0]]}, "P4": {"index": 3, "arrival": 63.864696582731824, "quantity": 4, "duedate": 172.14870684519903, "operations": ["O3", "O12", "O1"], "dependencies": [[1, 0], [2, 1]]}, "P5": {"index": 4, "arrival": 65.37115234500403, "quantity": 3, "duedate": 154.87954718691572, "operations": ["O6", "O1", "O11"], "dependencies": [[1, 0], [2, 1]]}}}}