{"configurations": {"count": 2, "items": {"K1": {"index": 0, "setupTimes": [0, 46]}, "K2": {"index": 1, "setupTimes": [42, 0]}}}, "testers": {"count": 5, "items": {"T1": {"supportedConfigurations": ["K2", "K1"]}, "T2": {"supportedConfigurations": ["K1", "K2"]}, "T3": {"supportedConfigurations": ["K2", "K1"]}, "T4": {"supportedConfigurations": ["K2", "K1"]}, "T5": {"supportedConfigurations": ["K2", "K1"]}}}, "operations": {"count": 13, "items": {"O1": {"estimatedTestTime": {"K2": {"distribution": "normal", "mean": 160.03604014106926, "std": 3.031546264003558}, "K1": {"distribution": "normal", "mean": 409.4063448395261, "std": 4.964332958685495}}, "compatibleConfigurations": ["K2", "K1"]}, "O2": {"estimatedTestTime": {"K2": {"distribution": "normal", "mean": 57.420435085780966, "std": 4.646362150892896}, "K1": {"distribution": "normal", "mean": 472.9169937228852, "std": 4.457803258447875}}, "compatibleConfigurations": ["K2", "K1"]}, "O3": {"estimatedTestTime": {"K1": {"distribution": "normal", "mean": 68.23170804064824, "std": 4.373115977692567}, "K2": {"distribution": "normal", "mean": 220.88204268548714, "std": 2.015599696588663}}, "compatibleConfigurations": ["K1", "K2"]}, "O4": {"estimatedTestTime": {"K2": {"distribution": "normal", "mean": 194.42082425302894, "std": 2.3228406274447653}, "K1": {"distribution": "normal", "mean": 200.5796259413906, "std": 4.942824723938648}}, "compatibleConfigurations": ["K2", "K1"]}, "O5": {"estimatedTestTime": {"K1": {"distribution": "normal", "mean": 245.93986391001684, "std": 2.913262388098156}, "K2": {"distribution": "normal", "mean": 378.45485452231475, "std": 2.9118248664018873}}, "compatibleConfigurations": ["K1", "K2"]}, "O6": {"estimatedTestTime": {"K2": {"distribution": "normal", "mean": 342.23063509033733, "std": 4.275896977549641}, "K1": {"distribution": "normal", "mean": 267.39675597865215, "std": 4.184901749720039}}, "compatibleConfigurations": ["K2", "K1"]}, "O7": {"estimatedTestTime": {"K1": {"distribution": "normal", "mean": 326.2912188602743, "std": 2.757408469360103}, "K2": {"distribution": "normal", "mean": 443.1349493743411, "std": 4.378111029971895}}, "compatibleConfigurations": ["K1", "K2"]}, "O8": {"estimatedTestTime": {"K1": {"distribution": "normal", "mean": 263.8897987844764, "std": 3.7979689327746833}, "K2": {"distribution": "normal", "mean": 236.76893288338616, "std": 2.2514842662072865}}, "compatibleConfigurations": ["K1", "K2"]}, "O9": {"estimatedTestTime": {"K2": {"distribution": "normal", "mean": 87.39457375559078, "std": 3.511953293822157}, "K1": {"distribution": "normal", "mean": 107.8041062307798, "std": 4.172016114872718}}, "compatibleConfigurations": ["K2", "K1"]}, "O10": {"estimatedTestTime": {"K2": {"distribution": "normal", "mean": 87.44457032427394, "std": 3.501067572161935}, "K1": {"distribution": "normal", "mean": 239.62395143647024, "std": 2.330991865969988}}, "compatibleConfigurations": ["K2", "K1"]}, "O11": {"estimatedTestTime": {"K2": {"distribution": "normal", "mean": 454.2834164799262, "std": 2.8535938594764536}, "K1": {"distribution": "normal", "mean": 126.67479780041666, "std": 2.286869994166896}}, "compatibleConfigurations": ["K2", "K1"]}, "O12": {"estimatedTestTime": {"K1": {"distribution": "normal", "mean": 207.9535976892982, "std": 3.3870371522685945}, "K2": {"distribution": "normal", "mean": 264.4935625284292, "std": 3.344953266002622}}, "compatibleConfigurations": ["K1", "K2"]}, "O13": {"estimatedTestTime": {"K1": {"distribution": "normal", "mean": 3.2774443316843263, "std": 4.01279273439401}, "K2": {"distribution": "normal", "mean": 369.5170961964747, "std": 3.4260059127448685}}, "compatibleConfigurations": ["K1", "K2"]}}}, "products": {"count": 9, "items": {"P1": {"index": 0, "arrival": 0, "quantity": 5, "duedate": 1119.5996504000364, "operations": ["O10", "O11", "O2", "O4", "O13", "O8", "O3", "O1", "O7", "O9", "O5", "O6", "O12"], "dependencies": [[2, 0], [3, 0], [3, 1], [5, 2], [6, 4], [7, 2], [7, 4], [7, 6], [8, 0], [8, 5], [8, 7], [9, 0], [9, 3], [9, 4], [10, 3], [10, 4], [10, 6], [10, 9], [11, 0], [11, 1], [11, 3], [11, 7], [12, 1], [12, 4], [12, 6], [12, 7], [12, 10]]}, "P2": {"index": 1, "arrival": 72.59606926396835, "quantity": 5, "duedate": 1827.2360537816369, "operations": ["O6", "O3", "O4", "O7", "O10", "O8", "O9", "O5", "O11"], "dependencies": [[2, 1], [3, 0], [4, 2], [4, 3], [5, 4], [6, 1], [6, 2], [6, 5], [7, 3], [7, 4], [7, 6], [8, 1], [8, 2], [8, 4], [8, 5], [8, 7]]}, "P3": {"index": 2, "arrival": 146.11772162160185, "quantity": 2, "duedate": 1115.2073710786638, "operations": ["O3", "O4", "O13", "O9", "O10", "O5", "O7"], "dependencies": [[2, 0], [2, 1], [4, 0], [5, 3], [5, 4], [6, 2], [6, 4], [6, 5]]}, "P4": {"index": 3, "arrival": 240.95666763692438, "quantity": 4, "duedate": 960.2852560058079, "operations": ["O7", "O3", "O8", "O6", "O9", "O10", "O4", "O12", "O5"], "dependencies": [[3, 1], [4, 0], [4, 3], [6, 1], [6, 2], [7, 0], [7, 1], [8, 0], [8, 1], [8, 2], [8, 5], [8, 6]]}, "P5": {"index": 4, "arrival": 330.58027045883387, "quantity": 5, "duedate": 1593.5306674904716, "operations": ["O13", "O1", "O6", "O9", "O7", "O10", "O8", "O4", "O5", "O2", "O3"], "dependencies": [[1, 0], [5, 0], [6, 2], [6, 3], [7, 1], [7, 3], [7, 4], [7, 6], [8, 3], [8, 7], [9, 8], [10, 1], [10, 3], [10, 6]]}, "P6": {"index": 5, "arrival": 390.76762035052496, "quantity": 2, "duedate": 1018.0298005667871, "operations": ["O12", "O11", "O13", "O4", "O9"], "dependencies": [[2, 0], [2, 1], [3, 2], [4, 2]]}, "P7": {"index": 6, "arrival": 476.27986975277076, "quantity": 3, "duedate": 1441.5618197085207, "operations": ["O4", "O6", "O13", "O7", "O9", "O3", "O8", "O12"], "dependencies": [[2, 0], [2, 1], [3, 0], [3, 1], [4, 2], [4, 3], [6, 4], [6, 5], [7, 1], [7, 2], [7, 4], [7, 5]]}, "P8": {"index": 7, "arrival": 527.4340276196783, "quantity": 5, "duedate": 1296.734446114676, "operations": ["O7", "O11", "O2", "O10", "O6", "O8", "O3", "O4"], "dependencies": [[2, 0], [4, 0], [5, 3], [6, 1], [6, 2], [6, 3], [7, 2], [7, 3]]}, "P9": {"index": 8, "arrival": 589.6364588740227, "quantity": 4, "duedate": 1442.491460684049, "operations": ["O4", "O11", "O13", "O10", "O6", "O3", "O1", "O9"], "dependencies": [[2, 0], [2, 1], [3, 2], [4, 1], [5, 2], [5, 4], [6, 2], [6, 3], [7, 0], [7, 2], [7, 3], [7, 4], [7, 5]]}}}}