{"configurations": {"count": 4, "items": {"K1": {"index": 0, "setupTimes": [0, 47, 19, 15]}, "K2": {"index": 1, "setupTimes": [29, 0, 2, 25]}, "K3": {"index": 2, "setupTimes": [35, 46, 0, 25]}, "K4": {"index": 3, "setupTimes": [42, 2, 33, 0]}}}, "testers": {"count": 3, "items": {"T1": {"supportedConfigurations": ["K2", "K4"]}, "T2": {"supportedConfigurations": ["K3", "K4", "K1", "K2"]}, "T3": {"supportedConfigurations": ["K4", "K3", "K2"]}}}, "operations": {"count": 20, "items": {"O1": {"estimatedTestTime": {"K2": {"distribution": "normal", "mean": 62.41105270947147, "std": 4.725265000688207}, "K3": {"distribution": "normal", "mean": 49.745392523308645, "std": 2.649833150504339}}, "compatibleConfigurations": ["K2", "K3"]}, "O2": {"estimatedTestTime": {"K2": {"distribution": "normal", "mean": 128.50024240889587, "std": 2.0160360019295416}, "K1": {"distribution": "normal", "mean": 475.9079802636159, "std": 4.677116019306604}, "K3": {"distribution": "normal", "mean": 494.92997576213907, "std": 4.208103180643825}, "K4": {"distribution": "normal", "mean": 74.77559458936094, "std": 4.862263224769361}}, "compatibleConfigurations": ["K2", "K1", "K3", "K4"]}, "O3": {"estimatedTestTime": {"K1": {"distribution": "normal", "mean": 440.1185414729302, "std": 3.8995904476819105}, "K3": {"distribution": "normal", "mean": 313.2567727189388, "std": 4.203146075072018}, "K2": {"distribution": "normal", "mean": 384.47058593335595, "std": 4.887801255918582}}, "compatibleConfigurations": ["K1", "K3", "K2"]}, "O4": {"estimatedTestTime": {"K3": {"distribution": "normal", "mean": 429.12115308666694, "std": 2.407893170677036}, "K4": {"distribution": "normal", "mean": 440.08783044007106, "std": 2.6922893475715393}, "K2": {"distribution": "normal", "mean": 150.98993926202547, "std": 4.403902108341567}}, "compatibleConfigurations": ["K3", "K4", "K2"]}, "O5": {"estimatedTestTime": {"K3": {"distribution": "normal", "mean": 14.769354402450038, "std": 2.4330356901417174}, "K1": {"distribution": "normal", "mean": 146.88793305044615, "std": 3.7480146547682724}, "K2": {"distribution": "normal", "mean": 19.565485431967623, "std": 3.394346910951351}, "K4": {"distribution": "normal", "mean": 78.25627652134868, "std": 4.1696664122746405}}, "compatibleConfigurations": ["K3", "K1", "K2", "K4"]}, "O6": {"estimatedTestTime": {"K4": {"distribution": "normal", "mean": 369.53498539290445, "std": 3.853960683608888}, "K2": {"distribution": "normal", "mean": 168.6392629419875, "std": 2.6214977283647687}, "K1": {"distribution": "normal", "mean": 266.9723376433185, "std": 4.4925917289121875}}, "compatibleConfigurations": ["K4", "K2", "K1"]}, "O7": {"estimatedTestTime": {"K2": {"distribution": "normal", "mean": 378.82550051129004, "std": 2.6075396508786675}, "K4": {"distribution": "normal", "mean": 265.6402961461289, "std": 3.055383102220934}, "K3": {"distribution": "normal", "mean": 70.01603767555757, "std": 3.0507349265291923}}, "compatibleConfigurations": ["K2", "K4", "K3"]}, "O8": {"estimatedTestTime": {"K1": {"distribution": "normal", "mean": 74.65007589628979, "std": 3.9432441361069763}, "K2": {"distribution": "normal", "mean": 261.0701077248652, "std": 3.105994093236423}}, "compatibleConfigurations": ["K1", "K2"]}, "O9": {"estimatedTestTime": {"K2": {"distribution": "normal", "mean": 303.38751938882956, "std": 3.117616911928703}, "K1": {"distribution": "normal", "mean": 136.14290001858257, "std": 4.4724701778526725}, "K4": {"distribution": "normal", "mean": 320.33397196892537, "std": 2.826398585418717}}, "compatibleConfigurations": ["K2", "K1", "K4"]}, "O10": {"estimatedTestTime": {"K1": {"distribution": "normal", "mean": 334.6239512443486, "std": 2.899423324778389}, "K2": {"distribution": "normal", "mean": 127.01249653207499, "std": 2.057340437343607}, "K3": {"distribution": "normal", "mean": 229.29638165906104, "std": 4.885683357820406}, "K4": {"distribution": "normal", "mean": 492.5932425743453, "std": 3.65369003337665}}, "compatibleConfigurations": ["K1", "K2", "K3", "K4"]}, "O11": {"estimatedTestTime": {"K1": {"distribution": "normal", "mean": 294.8127917021301, "std": 3.130961731888884}, "K2": {"distribution": "normal", "mean": 282.3814838559899, "std": 3.150116841798203}}, "compatibleConfigurations": ["K1", "K2"]}, "O12": {"estimatedTestTime": {"K3": {"distribution": "normal", "mean": 428.4216647799365, "std": 4.299697488837639}, "K4": {"distribution": "normal", "mean": 20.176638641915687, "std": 2.5510474404777357}, "K2": {"distribution": "normal", "mean": 213.7394384123281, "std": 3.2963376114385476}, "K1": {"distribution": "normal", "mean": 445.649261118435, "std": 2.620437780354482}}, "compatibleConfigurations": ["K3", "K4", "K2", "K1"]}, "O13": {"estimatedTestTime": {"K1": {"distribution": "normal", "mean": 239.26568960082568, "std": 2.386981145269737}, "K2": {"distribution": "normal", "mean": 303.6386154986102, "std": 3.251277955350477}}, "compatibleConfigurations": ["K1", "K2"]}, "O14": {"estimatedTestTime": {"K1": {"distribution": "normal", "mean": 487.33743602563567, "std": 3.5688931940482345}, "K2": {"distribution": "normal", "mean": 398.87747714414684, "std": 3.006665370966534}}, "compatibleConfigurations": ["K1", "K2"]}, "O15": {"estimatedTestTime": {"K4": {"distribution": "normal", "mean": 315.306600967647, "std": 4.066902062652671}, "K2": {"distribution": "normal", "mean": 123.42468857661271, "std": 3.3279604822631397}, "K1": {"distribution": "normal", "mean": 386.6909741521695, "std": 4.693027548541968}, "K3": {"distribution": "normal", "mean": 448.37398559979164, "std": 2.5269167094203984}}, "compatibleConfigurations": ["K4", "K2", "K1", "K3"]}, "O16": {"estimatedTestTime": {"K4": {"distribution": "normal", "mean": 495.27081599379017, "std": 3.5001111330220587}, "K2": {"distribution": "normal", "mean": 271.46604785046327, "std": 4.2281684045686525}}, "compatibleConfigurations": ["K4", "K2"]}, "O17": {"estimatedTestTime": {"K1": {"distribution": "normal", "mean": 458.09154646189114, "std": 4.220492777930547}, "K3": {"distribution": "normal", "mean": 442.5583781617215, "std": 2.344094592772308}}, "compatibleConfigurations": ["K1", "K3"]}, "O18": {"estimatedTestTime": {"K4": {"distribution": "normal", "mean": 52.42171600498182, "std": 3.013352327431666}, "K1": {"distribution": "normal", "mean": 415.31339242634795, "std": 2.422556286162979}}, "compatibleConfigurations": ["K4", "K1"]}, "O19": {"estimatedTestTime": {"K4": {"distribution": "normal", "mean": 192.59319141713516, "std": 2.4337202139689507}, "K2": {"distribution": "normal", "mean": 88.8406000544515, "std": 2.336910502994781}}, "compatibleConfigurations": ["K4", "K2"]}, "O20": {"estimatedTestTime": {"K3": {"distribution": "normal", "mean": 6.683725554295065, "std": 2.9354918195576603}, "K2": {"distribution": "normal", "mean": 59.982641237661554, "std": 2.0322612850473423}, "K1": {"distribution": "normal", "mean": 296.7139227098298, "std": 3.5286809400935244}, "K4": {"distribution": "normal", "mean": 40.12151730610384, "std": 3.4381596400577505}}, "compatibleConfigurations": ["K3", "K2", "K1", "K4"]}}}, "products": {"count": 3, "items": {"P1": {"index": 0, "arrival": 0, "quantity": 5, "duedate": 3318.413132691209, "operations": ["O5", "O7", "O9", "O18", "O15", "O14", "O11", "O6", "O19", "O3", "O12", "O10", "O1", "O16"], "dependencies": [[1, 0], [2, 1], [4, 2], [5, 1], [5, 4], [6, 1], [7, 1], [7, 4], [8, 6], [8, 7], [9, 0], [9, 4], [9, 5], [9, 6], [9, 7], [9, 8], [10, 3], [10, 6], [10, 7], [11, 0], [11, 1], [11, 3], [11, 4], [11, 6], [12, 1], [12, 2], [12, 6], [13, 3], [13, 8], [13, 9], [13, 12]]}, "P2": {"index": 1, "arrival": 89.90683135104305, "quantity": 4, "duedate": 1950.6607017838594, "operations": ["O10", "O2", "O19", "O6", "O14", "O15", "O13"], "dependencies": [[2, 0], [2, 1], [3, 1], [3, 2], [4, 3], [5, 1], [5, 3], [5, 4], [6, 0]]}, "P3": {"index": 2, "arrival": 158.18791976178466, "quantity": 2, "duedate": 1909.7149573806266,