{"configurations": {"count": 4, "items": {"K1": {"index": 0, "setupTimes": [0, 2, 10, 0]}, "K2": {"index": 1, "setupTimes": [10, 0, 7, 3]}, "K3": {"index": 2, "setupTimes": [6, 4, 0, 0]}, "K4": {"index": 3, "setupTimes": [4, 10, 7, 0]}}}, "testers": {"count": 5, "items": {"T1": {"supportedConfigurations": ["K2", "K4", "K1", "K3"]}, "T2": {"supportedConfigurations": ["K3", "K1", "K2"]}, "T3": {"supportedConfigurations": ["K1", "K3"]}, "T4": {"supportedConfigurations": ["K4", "K2", "K3", "K1"]}, "T5": {"supportedConfigurations": ["K4", "K1", "K2"]}}}, "operations": {"count": 17, "items": {"O1": {"estimatedTestTime": {"K2": {"distribution": "normal", "mean": 46.035032513944444, "std": 2.6555949072652933}, "K3": {"distribution": "normal", "mean": 36.760858646444476, "std": 4.078815516309813}}, "compatibleConfigurations": ["K2", "K3"]}, "O2": {"estimatedTestTime": {"K3": {"distribution": "normal", "mean": 40.72448035694983, "std": 4.606380299136113}, "K2": {"distribution": "normal", "mean": 40.88051232308564, "std": 2.5558537116722975}, "K4": {"distribution": "normal", "mean": 46.097886886751944, "std": 3.126349742008464}, "K1": {"distribution": "normal", "mean": 29.18912061216585, "std": 4.739008541358366}}, "compatibleConfigurations": ["K3", "K2", "K4", "K1"]}, "O3": {"estimatedTestTime": {"K1": {"distribution": "normal", "mean": 16.126596831558977, "std": 2.872642331319986}, "K3": {"distribution": "normal", "mean": 47.120685893141356, "std": 2.276458909827623}, "K2": {"distribution": "normal", "mean": 21.715493225395978, "std": 4.91517506344993}}, "compatibleConfigurations": ["K1", "K3", "K2"]}, "O4": {"estimatedTestTime": {"K4": {"distribution": "normal", "mean": 13.26259028253614, "std": 3.0349928779426563}, "K3": {"distribution": "normal", "mean": 17.922718429341387, "std": 4.793849377645742}, "K1": {"distribution": "normal", "mean": 21.983178742098684, "std": 4.036913344169582}, "K2": {"distribution": "normal", "mean": 16.222745682151054, "std": 3.9366691393230937}}, "compatibleConfigurations": ["K4", "K3", "K1", "K2"]}, "O5": {"estimatedTestTime": {"K1": {"distribution": "normal", "mean": 5.55532972698521, "std": 2.775718730761565}, "K4": {"distribution": "normal", "mean": 7.932956826971326, "std": 4.779827201452354}}, "compatibleConfigurations": ["K1", "K4"]}, "O6": {"estimatedTestTime": {"K3": {"distribution": "normal", "mean": 15.460645866698991, "std": 2.1483172325561877}, "K1": {"distribution": "normal", "mean": 11.393393299823765, "std": 4.572941167642559}, "K4": {"distribution": "normal", "mean": 33.94185940454018, "std": 4.733775556059891}, "K2": {"distribution": "normal", "mean": 43.60757752153339, "std": 4.945280764927555}}, "compatibleConfigurations": ["K3", "K1", "K4", "K2"]}, "O7": {"estimatedTestTime": {"K4": {"distribution": "normal", "mean": 28.61984402717293, "std": 3.0710187197921766}, "K2": {"distribution": "normal", "mean": 39.0115620245335, "std": 4.255992012629695}, "K3": {"distribution": "normal", "mean": 36.55957290178553, "std": 3.2770383592388095}}, "compatibleConfigurations": ["K4", "K2", "K3"]}, "O8": {"estimatedTestTime": {"K1": {"distribution": "normal", "mean": 9.655292485337926, "std": 3.7086233425451893}, "K3": {"distribution": "normal", "mean": 8.096127472059996, "std": 4.5001517038163605}, "K4": {"distribution": "normal", "mean": 4.123428444690493, "std": 3.2021471375483324}, "K2": {"distribution": "normal", "mean": 39.70151441895323, "std": 2.9955892702305675}}, "compatibleConfigurations": ["K1", "K3", "K4", "K2"]}, "O9": {"estimatedTestTime": {"K3": {"distribution": "normal", "mean": 19.40327502871666, "std": 3.7720582468109387}, "K1": {"distribution": "normal", "mean": 45.53209161685959, "std": 2.573086146636681}}, "compatibleConfigurations": ["K3", "K1"]}, "O10": {"estimatedTestTime": {"K4": {"distribution": "normal", "mean": 15.559061672556771, "std": 3.1479161299547966}, "K2": {"distribution": "normal", "mean": 37.82389872531654, "std": 4.002368447090546}, "K3": {"distribution": "normal", "mean": 49.13566940799326, "std": 2.5275762097280574}, "K1": {"distribution": "normal", "mean": 39.40325748083724, "std": 4.747270338965839}}, "compatibleConfigurations": ["K4", "K2", "K3", "K1"]}, "O11": {"estimatedTestTime": {"K2": {"distribution": "normal", "mean": 24.36719780567459, "std": 2.8405739117725357}, "K3": {"distribution": "normal", "mean": 47.79480143477802, "std": 4.1778495995481455}, "K1": {"distribution": "normal", "mean": 46.38516276902192, "std": 2.887334340518691}}, "compatibleConfigurations": ["K2", "K3", "K1"]}, "O12": {"estimatedTestTime": {"K3": {"distribution": "normal", "mean": 2.320329750625623, "std": 3.1875758052292156}, "K4": {"distribution": "normal", "mean": 17.410968405193387, "std": 3.0132204946608065}}, "compatibleConfigurations": ["K3", "K4"]}, "O13": {"estimatedTestTime": {"K3": {"distribution": "normal", "mean": 2.295254949575769, "std": 4.33465897322929}, "K2": {"distribution": "normal", "mean": 39.390010999905094, "std": 4.979084287506954}}, "compatibleConfigurations": ["K3", "K2"]}, "O14": {"estimatedTestTime": {"K2": {"distribution": "normal", "mean": 44.161825766439804, "std": 3.0093671102855692}, "K4": {"distribution": "normal", "mean": 38.4916342753391, "std": 4.796246652126955}}, "compatibleConfigurations": ["K2", "K4"]}, "O15": {"estimatedTestTime": {"K4": {"distribution": "normal", "mean": 31.080433814244095, "std": 3.82513299171236}, "K3": {"distribution": "normal", "mean": 17.898802993789737, "std": 4.5458202020707414}, "K1": {"distribution": "normal", "mean": 20.474760150961497, "std": 4.908618562483513}}, "compatibleConfigurations": ["K4", "K3", "K1"]}, "O16": {"estimatedTestTime": {"K3": {"distribution": "normal", "mean": 44.484233428964416, "std": 2.418074516353771}, "K2": {"distribution": "normal", "mean": 2.5665634185867283, "std": 2.896182934801849}, "K1": {"distribution": "normal", "mean": 32.78040288659922, "std": 3.086343931368803}, "K4": {"distribution": "normal", "mean": 2.214013792258653, "std": 4.486577980111895}}, "compatibleConfigurations": ["K3", "K2", "K1", "K4"]}, "O17": {"estimatedTestTime": {"K4": {"distribution": "normal", "mean": 26.047923063734792, "std": 2.1973294122802125}, "K2": {"distribution": "normal", "mean": 21.8986077997103, "std": 4.640496192319431}, "K1": {"distribution": "normal", "mean": 31.826312559231063, "std": 3.843435322504164}}, "compatibleConfigurations": ["K4", "K2", "K1"]}}}, "products": {"count": 5, "items": {"P1": {"index": 0, "arrival": 0, "quantity": 2, "duedate": 65.74868072367653, "operations": ["O16", "O7", "O6", "O11"], "dependencies": [[1, 0], [3, 2], [3, 0]]}, "P2": {"index": 1, "arrival": 40.75362829005743, "quantity": 5, "duedate": 142.30092417787307, "operations": ["O1", "O7", "O9", "O2"], "dependencies": [[2, 1], [3, 2], [3, 0]]}, "P3": {"index": 2, "arrival": 89.01899596021543, "quantity": 4, "duedate": 146.86839943126122, "operations": ["O2", "O15", "O12", "O17"], "dependencies": [[2, 1], [3, 1], [3, 0]]}, "P4": {"index": 3, "arrival": 127.77294596182665, "quantity": 2, "duedate": 206.62363086352332, "operations": ["O3", "O17", "O4", "O7"], "dependencies": [[1, 0], [3, 1], [3, 2]]}, "P5": {"index": 4, "arrival": 130.64971492981465, "quantity": 4, "duedate": 186.06390784452847, "operations": ["O8", "O11", "O12"], "dependencies": [[1, 0], [2, 1]]}}}}