{"configurations": {"count": 5, "items": {"K1": {"index": 0, "setupTimes": [0, 49, 18, 34, 55]}, "K2": {"index": 1, "setupTimes": [51, 0, 34, 26, 15]}, "K3": {"index": 2, "setupTimes": [10, 14, 0, 50, 60]}, "K4": {"index": 3, "setupTimes": [15, 45, 55, 0, 24]}, "K5": {"index": 4, "setupTimes": [44, 35, 49, 25, 0]}}}, "testers": {"count": 3, "items": {"T1": {"supportedConfigurations": ["K4", "K1"]}, "T2": {"supportedConfigurations": ["K4", "K1", "K3", "K5"]}, "T3": {"supportedConfigurations": ["K1", "K3", "K2", "K5"]}}}, "operations": {"count": 12, "items": {"O1": {"estimatedTestTime": {"K3": {"distribution": "normal", "mean": 15.258059072330669, "std": 2.4628076301818993}, "K4": {"distribution": "normal", "mean": 60.62106901070674, "std": 2.8991869955616743}}, "compatibleConfigurations": ["K3", "K4"]}, "O2": {"estimatedTestTime": {"K4": {"distribution": "normal", "mean": 352.19948486982094, "std": 4.370474615213654}, "K3": {"distribution": "normal", "mean": 306.09561596789314, "std": 3.8800560190290367}, "K2": {"distribution": "normal", "mean": 413.3861156749689, "std": 4.762242802959957}, "K5": {"distribution": "normal", "mean": 432.1273316499128, "std": 3.294592590992053}, "K1": {"distribution": "normal", "mean": 450.1098581598633, "std": 3.1450446880888663}}, "compatibleConfigurations": ["K4", "K3", "K2", "K5", "K1"]}, "O3": {"estimatedTestTime": {"K2": {"distribution": "normal", "mean": 105.65713838076071, "std": 3.6400501337197864}, "K3": {"distribution": "normal", "mean": 32.9391944527098, "std": 4.674747624044587}, "K1": {"distribution": "normal", "mean": 315.6819769116193, "std": 4.796754881704502}, "K5": {"distribution": "normal", "mean": 279.046528324339, "std": 3.6235734276341125}}, "compatibleConfigurations": ["K2", "K3", "K1", "K5"]}, "O4": {"estimatedTestTime": {"K3": {"distribution": "normal", "mean": 271.62748033461105, "std": 4.229858896253344}, "K2": {"distribution": "normal", "mean": 179.0741608801958, "std": 3.5903354668897194}, "K5": {"distribution": "normal", "mean": 380.9167897358572, "std": 3.62380477459869}, "K1": {"distribution": "normal", "mean": 191.00220601647882, "std": 3.301589705763932}}, "compatibleConfigurations": ["K3", "K2", "K5", "K1"]}, "O5": {"estimatedTestTime": {"K3": {"distribution": "normal", "mean": 345.70706764117745, "std": 3.994489928175183}, "K4": {"distribution": "normal", "mean": 406.5180758467741, "std": 4.482085621185297}, "K5": {"distribution": "normal", "mean": 374.379344665622, "std": 3.4234136085492164}, "K2": {"distribution": "normal", "mean": 58.142750466275615, "std": 3.4271789026523765}, "K1": {"distribution": "normal", "mean": 445.8616045789425, "std": 4.433432130004871}}, "compatibleConfigurations": ["K3", "K4", "K5", "K2", "K1"]}, "O6": {"estimatedTestTime": {"K2": {"distribution": "normal", "mean": 151.9071279961464, "std": 2.325245539610609}, "K3": {"distribution": "normal", "mean": 73.88392041948782, "std": 2.0905385194808948}, "K5": {"distribution": "normal", "mean": 217.42880221848677, "std": 2.296841565131893}, "K4": {"distribution": "normal", "mean": 181.06073685265935, "std": 2.9075683009982027}}, "compatibleConfigurations": ["K2", "K3", "K5", "K4"]}, "O7": {"estimatedTestTime": {"K2": {"distribution": "normal", "mean": 369.69833901150764, "std": 4.070324184153452}, "K1": {"distribution": "normal", "mean": 123.79504295228351, "std": 3.478781727491281}, "K3": {"distribution": "normal", "mean": 160.4252439592018, "std": 4.406774326295167}}, "compatibleConfigurations": ["K2", "K1", "K3"]}, "O8": {"estimatedTestTime": {"K4": {"distribution": "normal", "mean": 297.9166821839296, "std": 3.7966755602630093}, "K5": {"distribution": "normal", "mean": 365.2648328531508, "std": 3.407624045010306}, "K3": {"distribution": "normal", "mean": 285.99944188764806, "std": 2.9896409813490568}, "K2": {"distribution": "normal", "mean": 114.85463734657212, "std": 2.4505669657913844}, "K1": {"distribution": "normal", "mean": 51.44478786706298, "std": 4.384678926307504}}, "compatibleConfigurations": ["K4", "K5", "K3", "K2", "K1"]}, "O9": {"estimatedTestTime": {"K1": {"distribution": "normal", "mean": 225.22140476183233, "std": 2.691131984909393}, "K2": {"distribution": "normal", "mean": 417.3968301453207, "std": 3.235186977718058}, "K4": {"distribution": "normal", "mean": 382.0706632398474, "std": 2.9425835511301734}, "K3": {"distribution": "normal", "mean": 435.65053272691443, "std": 4.088243554362588}, "K5": {"distribution": "normal", "mean": 218.37897295855927, "std": 4.166710919131584}}, "compatibleConfigurations": ["K1", "K2", "K4", "K3", "K5"]}, "O10": {"estimatedTestTime": {"K3": {"distribution": "normal", "mean": 416.1161308944599, "std": 3.860957379279914}, "K1": {"distribution": "normal", "mean": 262.5866730950842, "std": 3.0620058808674404}, "K5": {"distribution": "normal", "mean": 156.06644294520476, "std": 3.1058220949266833}, "K4": {"distribution": "normal", "mean": 104.3790448132997, "std": 2.8954161636728366}, "K2": {"distribution": "normal", "mean": 225.9555195523831, "std": 3.271099510123582}}, "compatibleConfigurations": ["K3", "K1", "K5", "K4", "K2"]}, "O11": {"estimatedTestTime": {"K1": {"distribution": "normal", "mean": 202.57554662972296, "std": 2.5644027945686116}, "K5": {"distribution": "normal", "mean": 156.35823305337732, "std": 4.806665594377822}}, "compatibleConfigurations": ["K1", "K5"]}, "O12": {"estimatedTestTime": {"K4": {"distribution": "normal", "mean": 491.4618780537407, "std": 4.251614996450087}, "K5": {"distribution": "normal", "mean": 11.346192433985138, "std": 2.9779027574026755}}, "compatibleConfigurations": ["K4", "K5"]}}}, "products": {"count": 3, "items": {"P1": {"index": 0, "arrival": 0, "quantity": 5, "duedate": 1164.7356060045088, "operations": ["O1", "O12", "O3", "O4", "O7"], "dependencies": [[2, 1], [3, 2], [3, 0], [4, 2]]}, "P2": {"index": 1, "arrival": 85.3118664228069, "quantity": 5, "duedate": 2516.7408868339676, "operations": ["O7", "O11", "O12", "O2", "O9", "O5", "O10", "O4", "O8", "O6"], "dependencies": [[1, 0], [2, 0], [2, 1], [4, 0], [4, 1], [4, 2], [4, 3], [5, 2], [6, 1], [6, 3], [6, 5], [7, 1], [7, 2], [7, 5], [8, 4], [8, 6], [8, 7], [9, 2], [9, 3], [9, 4], [9, 7]]}, "P3": {"index": 2, "arrival": 172.02566097691385, "quantity": 3, "duedate": 956.8006848487352, "operations": ["O8", "O4", "O10", "O9", "O11", "O12", "O5", "O3", "O7", "O1"], "dependencies": [[2, 1], [3, 0], [4, 3], [6, 0], [7, 2], [7, 6], [8, 1], [9, 1], [9, 4], [9, 5], [9, 6]]}}}}