{"configurations": {"count": 3, "items": {"K1": {"index": 0, "setupTimes": [0, 59, 17]}, "K2": {"index": 1, "setupTimes": [12, 0, 56]}, "K3": {"index": 2, "setupTimes": [58, 24, 0]}}}, "testers": {"count": 5, "items": {"T1": {"supportedConfigurations": ["K3", "K2", "K1"]}, "T2": {"supportedConfigurations": ["K3", "K1", "K2"]}, "T3": {"supportedConfigurations": ["K2", "K1", "K3"]}, "T4": {"supportedConfigurations": ["K3", "K1", "K2"]}, "T5": {"supportedConfigurations": ["K2", "K1", "K3"]}}}, "operations": {"count": 12, "items": {"O1": {"estimatedTestTime": {"K1": {"distribution": "normal", "mean": 326.93857224516944, "std": 4.691569775843452}, "K2": {"distribution": "normal", "mean": 251.01869385742248, "std": 4.803623649789249}, "K3": {"distribution": "normal", "mean": 277.3281802177335, "std": 4.807506370249273}}, "compatibleConfigurations": ["K1", "K2", "K3"]}, "O2": {"estimatedTestTime": {"K3": {"distribution": "normal", "mean": 435.52729717716016, "std": 2.8132384111522373}, "K2": {"distribution": "normal", "mean": 251.67909524260955, "std": 3.2377620036253587}}, "compatibleConfigurations": ["K3", "K2"]}, "O3": {"estimatedTestTime": {"K3": {"distribution": "normal", "mean": 294.84695675929504, "std": 2.2753072763161146}, "K1": {"distribution": "normal", "mean": 17.2505471055554, "std": 2.710644538998468}}, "compatibleConfigurations": ["K3", "K1"]}, "O4": {"estimatedTestTime": {"K1": {"distribution": "normal", "mean": 189.71998666029916, "std": 2.267627596720979}, "K3": {"distribution": "normal", "mean": 239.44528373569383, "std": 3.3232023858118858}}, "compatibleConfigurations": ["K1", "K3"]}, "O5": {"estimatedTestTime": {"K3": {"distribution": "normal", "mean": 451.12070604092537, "std": 3.4335662896078585}, "K2": {"distribution": "normal", "mean": 257.82755903696386, "std": 2.7058548547108154}, "K1": {"distribution": "normal", "mean": 304.8642634599428, "std": 2.3001897795474635}}, "compatibleConfigurations": ["K3", "K2", "K1"]}, "O6": {"estimatedTestTime": {"K3": {"distribution": "normal", "mean": 306.68526240385233, "std": 2.5304881313723007}, "K2": {"distribution": "normal", "mean": 3.6524672344981726, "std": 4.724561349871866}}, "compatibleConfigurations": ["K3", "K2"]}, "O7": {"estimatedTestTime": {"K2": {"distribution": "normal", "mean": 103.22653200270369, "std": 2.921724821158131}, "K1": {"distribution": "normal", "mean": 65.51953732816357, "std": 2.3434619507127987}}, "compatibleConfigurations": ["K2", "K1"]}, "O8": {"estimatedTestTime": {"K3": {"distribution": "normal", "mean": 233.3654270636725, "std": 3.3605526114693323}, "K2": {"distribution": "normal", "mean": 166.44390710316256, "std": 4.974478338844797}}, "compatibleConfigurations": ["K3", "K2"]}, "O9": {"estimatedTestTime": {"K1": {"distribution": "normal", "mean": 232.75532969236448, "std": 4.713729779844586}, "K2": {"distribution": "normal", "mean": 385.09315780347185, "std": 3.634825454140907}, "K3": {"distribution": "normal", "mean": 292.58112872399056, "std": 2.454753739999124}}, "compatibleConfigurations": ["K1", "K2", "K3"]}, "O10": {"estimatedTestTime": {"K2": {"distribution": "normal", "mean": 153.91213008088943, "std": 2.8970990755141157}, "K3": {"distribution": "normal", "mean": 389.6943668209266, "std": 3.5773246037198465}}, "compatibleConfigurations": ["K2", "K3"]}, "O11": {"estimatedTestTime": {"K3": {"distribution": "normal", "mean": 218.33904642502264, "std": 3.387200194529789}, "K2": {"distribution": "normal", "mean": 351.3420703603915, "std": 2.4054209220077456}}, "compatibleConfigurations": ["K3", "K2"]}, "O12": {"estimatedTestTime": {"K2": {"distribution": "normal", "mean": 493.6516075732085, "std": 3.276683169066681}, "K3": {"distribution": "normal", "mean": 137.7920473790387, "std": 3.157736491300464}, "K1": {"distribution": "normal", "mean": 28.66503991195859, "std": 3.4143013674116647}}, "compatibleConfigurations": ["K2", "K3", "K1"]}}}, "products": {"count": 8, "items": {"P1": {"index": 0, "arrival": 0, "quantity": 5, "duedate": 534.1570769639721, "operations": ["O3", "O8", "O2", "O5", "O1"], "dependencies": [[2, 1], [3, 1], [4, 0], [4, 1]]}, "P2": {"index": 1, "arrival": 78.3128361997014, "quantity": 5, "duedate": 785.4490094989519, "operations": ["O8", "O11", "O7", "O9", "O3", "O4"], "dependencies": [[3, 0], [3, 2], [4, 3], [4, 1], [5, 3]]}, "P3": {"index": 2, "arrival": 140.51442722176745, "quantity": 2, "duedate": 1225.1470270496638, "operations": ["O12", "O3", "O7", "O11", "O8", "O6", "O1", "O4", "O10", "O2"], "dependencies": [[3, 0], [3, 2], [5, 2], [5, 3], [6, 0], [6, 2], [6, 4], [8, 1], [8, 4], [8, 6], [8, 7], [9, 6], [9, 8]]}, "P4": {"index": 3, "arrival": 220.94507835240958, "quantity": 5, "duedate": 1059.7514060424905, "operations": ["O3", "O5", "O8", "O6", "O4", "O10", "O11", "O9", "O12", "O2", "O7"], "dependencies": [[2, 1], [4, 1], [6, 1], [6, 3], [7, 5], [8, 1], [8, 5], [8, 6], [9, 2], [10, 0], [10, 1], [10, 2], [10, 6], [10, 7]]}, "P5": {"index": 4, "arrival": 281.98088915156524, "quantity": 5, "duedate": 2126.3705759260383, "operations": ["O12", "O1", "O3", "O9", "O5", "O7", "O2", "O10", "O8", "O4", "O11"], "dependencies": [[1, 0], [2, 0], [3, 2], [4, 2], [5, 3], [6, 2], [6, 5], [7, 6], [8, 0], [9, 0], [9, 1], [9, 2], [9, 3], [9, 4], [9, 6], [9, 7], [10, 5], [10, 6], [10, 7], [10, 9]]}, "P6": {"index": 5, "arrival": 334.4417760771456, "quantity": 5, "duedate": 1285.7800886961177, "operations": ["O5", "O3", "O4", "O8", "O11", "O6", "O2", "O10", "O9", "O7", "O1"], "dependencies": [[1, 0], [2, 1], [4, 0], [5, 0], [5, 1], [5, 3], [6, 1], [6, 5], [7, 1], [7, 3], [9, 0], [9, 2], [10, 0], [10, 1], [10, 4], [10, 8]]}, "P7": {"index": 6, "arrival": 426.26956692458526, "quantity": 5, "duedate": 1085.5459216199006, "operations": ["O8", "O5", "O2", "O4", "O12", "O11"], "dependencies": [[2, 1], [3, 0], [4, 0], [5, 1], [5, 4]]}, "P8": {"index": 7, "arrival": 495.30344958919085, "quantity": 2, "duedate": 1806.1630511682915, "operations": ["O9", "O5", "O11", "O3", "O10", "O2", "O6", "O7", "O8", "O12"], "dependencies": [[2, 1], [3, 1], [4, 1], [4, 2], [5, 0], [5, 2], [6, 0], [6, 1], [6, 2], [7, 1], [7, 4], [8, 1], [8, 2], [8, 5], [8, 6], [9, 0], [9, 1], [9, 6], [9, 7], [9, 8]]}}}}