{"configurations": {"count": 4, "items": {"K1": {"index": 0, "setupTimes": [0, 33, 23, 14]}, "K2": {"index": 1, "setupTimes": [33, 0, 10, 41]}, "K3": {"index": 2, "setupTimes": [42, 15, 0, 25]}, "K4": {"index": 3, "setupTimes": [32, 27, 6, 0]}}}, "testers": {"count": 4, "items": {"T1": {"supportedConfigurations": ["K4", "K1"]}, "T2": {"supportedConfigurations": ["K3", "K2", "K4"]}, "T3": {"supportedConfigurations": ["K2", "K4"]}, "T4": {"supportedConfigurations": ["K2", "K4", "K3", "K1"]}}}, "operations": {"count": 12, "items": {"O1": {"estimatedTestTime": {"K4": {"distribution": "normal", "mean": 106.19445590868233, "std": 4.132636382581606}, "K3": {"distribution": "normal", "mean": 74.13115299419742, "std": 4.895854514039355}, "K2": {"distribution": "normal", "mean": 488.080832347998, "std": 4.868225731813785}, "K1": {"distribution": "normal", "mean": 471.3038332075967, "std": 2.514404413459333}}, "compatibleConfigurations": ["K4", "K3", "K2", "K1"]}, "O2": {"estimatedTestTime": {"K4": {"distribution": "normal", "mean": 315.2394973594565, "std": 3.493963746381902}, "K1": {"distribution": "normal", "mean": 186.20550627381084, "std": 4.01827889488861}, "K3": {"distribution": "normal", "mean": 302.24345466750333, "std": 2.583263378089037}}, "compatibleConfigurations": ["K4", "K1", "K3"]}, "O3": {"estimatedTestTime": {"K3": {"distribution": "normal", "mean": 368.9655447982775, "std": 4.919473927887273}, "K1": {"distribution": "normal", "mean": 422.7985828509374, "std": 4.645375566790714}, "K4": {"distribution": "normal", "mean": 160.57015232660268, "std": 2.437109124408335}, "K2": {"distribution": "normal", "mean": 489.9612847107124, "std": 3.8759126308561287}}, "compatibleConfigurations": ["K3", "K1", "K4", "K2"]}, "O4": {"estimatedTestTime": {"K2": {"distribution": "normal", "mean": 229.2177485817292, "std": 4.2096726696342825}, "K1": {"distribution": "normal", "mean": 491.21980751633265, "std": 3.4661530951233157}, "K3": {"distribution": "normal", "mean": 448.5541645805592, "std": 3.0518822762809528}, "K4": {"distribution": "normal", "mean": 56.52195571931296, "std": 2.4507537936464083}}, "compatibleConfigurations": ["K2", "K1", "K3", "K4"]}, "O5": {"estimatedTestTime": {"K3": {"distribution": "normal", "mean": 178.93594815103265, "std": 2.9381458233620674}, "K4": {"distribution": "normal", "mean": 166.29350904954538, "std": 2.5297009629461287}, "K1": {"distribution": "normal", "mean": 49.20368378241738, "std": 4.0874930703969135}}, "compatibleConfigurations": ["K3", "K4", "K1"]}, "O6": {"estimatedTestTime": {"K1": {"distribution": "normal", "mean": 97.49231694553892, "std": 2.0400713024142103}, "K4": {"distribution": "normal", "mean": 102.12323039701866, "std": 4.622562574170635}, "K2": {"distribution": "normal", "mean": 44.2764790638219, "std": 4.023936573506792}}, "compatibleConfigurations": ["K1", "K4", "K2"]}, "O7": {"estimatedTestTime": {"K1": {"distribution": "normal", "mean": 312.6603882418629, "std": 4.359750839194481}, "K2": {"distribution": "normal", "mean": 397.5799419713529, "std": 3.8435900221575148}, "K3": {"distribution": "normal", "mean": 278.4657635856431, "std": 2.462378906790055}}, "compatibleConfigurations": ["K1", "K2", "K3"]}, "O8": {"estimatedTestTime": {"K2": {"distribution": "normal", "mean": 81.92183024191331, "std": 4.071143498144787}, "K1": {"distribution": "normal", "mean": 223.79503962355722, "std": 4.260684785322697}, "K3": {"distribution": "normal", "mean": 400.93124947652586, "std": 4.745350942784189}, "K4": {"distribution": "normal", "mean": 142.90889316986457, "std": 4.65518337950263}}, "compatibleConfigurations": ["K2", "K1", "K3", "K4"]}, "O9": {"estimatedTestTime": {"K4": {"distribution": "normal", "mean": 129.15131844784787, "std": 3.9231915722521853}, "K3": {"distribution": "normal", "mean": 155.08365381584292, "std": 2.108792638483928}, "K2": {"distribution": "normal", "mean": 72.97533894685687, "std": 4.939723743014339}, "K1": {"distribution": "normal", "mean": 367.38796113704984, "std": 4.286303625468921}}, "compatibleConfigurations": ["K4", "K3", "K2", "K1"]}, "O10": {"estimatedTestTime": {"K4": {"distribution": "normal", "mean": 5.291770069569838, "std": 4.715577009444685}, "K2": {"distribution": "normal", "mean": 43.75222661196313, "std": 2.06771829710061}}, "compatibleConfigurations": ["K4", "K2"]}, "O11": {"estimatedTestTime": {"K2": {"distribution": "normal", "mean": 134.10352334540573, "std": 4.66237556350937}, "K1": {"distribution": "normal", "mean": 178.58780649379278, "std": 2.1379780073475336}, "K3": {"distribution": "normal", "mean": 40.60788909840476, "std": 2.6456531221041937}, "K4": {"distribution": "normal", "mean": 18.668823026778284, "std": 4.97988268487753}}, "compatibleConfigurations": ["K2", "K1", "K3", "K4"]}, "O12": {"estimatedTestTime": {"K2": {"distribution": "normal", "mean": 133.87116615750804, "std": 3.76222038651856}, "K4": {"distribution": "normal", "mean": 41.08696459161166, "std": 3.7179163494415586}}, "compatibleConfigurations": ["K2", "K4"]}}}, "products": {"count": 7, "items": {"P1": {"index": 0, "arrival": 0, "quantity": 4, "duedate": 677.2704978147284, "operations": ["O6", "O3", "O9", "O10", "O2", "O5", "O1", "O7"], "dependencies": [[2, 0], [3, 0], [3, 1], [5, 1], [6, 0], [7, 2], [7, 4], [7, 6]]}, "P2": {"index": 1, "arrival": 82.0905653179039, "quantity": 4, "duedate": 727.5276211004293, "operations": ["O10", "O3", "O7", "O2", "O1", "O4", "O11"], "dependencies": [[1, 0], [2, 0], [3, 0], [4, 0], [4, 1], [5, 0], [5, 2], [6, 1], [6, 3]]}, "P3": {"index": 2, "arrival": 166.5109181349693, "quantity": 4, "duedate": 1063.259919439281, "operations": ["O4", "O8", "O3", "O5", "O2", "O10", "O9"], "dependencies": [[3, 2], [4, 3], [5, 1], [5, 0], [5, 3], [6, 4]]}, "P4": {"index": 3, "arrival": 227.5945291045035, "quantity": 2, "duedate": 1253.0158431954878, "operations": ["O4", "O11", "O6", "O8", "O12", "O1", "O10", "O5", "O9"], "dependencies": [[1, 0], [2, 1], [3, 1], [4, 2], [4, 3], [5, 1], [5, 3], [6, 0], [6, 1], [6, 3], [6, 4], [6, 5], [7, 6], [8, 0], [8, 1], [8, 3]]}, "P5": {"index": 4, "arrival": 325.9768042229853, "quantity": 4, "duedate": 1330.7486769097886, "operations": ["O6", "O12", "O8", "O7", "O11", "O2", "O9", "O5", "O10"], "dependencies": [[1, 0], [3, 0], [3, 1], [4, 3], [5, 0], [5, 3], [5, 4], [6, 1], [6, 3], [6, 5], [7, 0], [7, 2], [7, 5], [8, 3], [8, 4]]}, "P6": {"index": 5, "arrival": 381.63589159715303, "quantity": 5, "duedate": 1030.3839647744853, "operations": ["O10", "O4", "O6", "O9", "O3", "O8"], "dependencies": [[5, 0], [5, 2], [5, 3], [5, 4], [5, 1]]}, "P7": {"index": 6, "arrival": 456.84708473342, "quantity": 4, "duedate": 1185.2818430179386, "operations": ["O12", "O9", "O6", "O11", "O8", "O5", "O1", "O4"], "dependencies": [[1, 0], [3, 0], [3, 1], [3, 2], [5, 0], [5, 1], [5, 3], [6, 0], [6, 4], [7, 1], [7, 2], [7, 3], [7, 6]]}}}}