{"configurations": {"count": 3, "items": {"K1": {"index": 0, "setupTimes": [0, 1, 5]}, "K2": {"index": 1, "setupTimes": [6, 0, 2]}, "K3": {"index": 2, "setupTimes": [5, 4, 0]}}}, "testers": {"count": 5, "items": {"T1": {"supportedConfigurations": ["K2", "K1", "K3"]}, "T2": {"supportedConfigurations": ["K1", "K2"]}, "T3": {"supportedConfigurations": ["K3", "K2", "K1"]}, "T4": {"supportedConfigurations": ["K2", "K1", "K3"]}, "T5": {"supportedConfigurations": ["K3", "K2"]}}}, "operations": {"count": 14, "items": {"O1": {"estimatedTestTime": {"K2": {"distribution": "normal", "mean": 21.30660605750265, "std": 2.190714282849515}, "K1": {"distribution": "normal", "mean": 37.00481901287988, "std": 4.17572863176007}}, "compatibleConfigurations": ["K2", "K1"]}, "O2": {"estimatedTestTime": {"K2": {"distribution": "normal", "mean": 7.464122343361687, "std": 4.448125931199861}, "K3": {"distribution": "normal", "mean": 14.083772248444616, "std": 2.5534182055646677}}, "compatibleConfigurations": ["K2", "K3"]}, "O3": {"estimatedTestTime": {"K1": {"distribution": "normal", "mean": 30.15646246053444, "std": 4.6965933821049966}, "K2": {"distribution": "normal", "mean": 21.15058972221469, "std": 3.4779036633521097}, "K3": {"distribution": "normal", "mean": 37.68186344428999, "std": 4.709751015375191}}, "compatibleConfigurations": ["K1", "K2", "K3"]}, "O4": {"estimatedTestTime": {"K1": {"distribution": "normal", "mean": 2.8038273856188507, "std": 3.906884237136811}, "K3": {"distribution": "normal", "mean": 14.673943731831468, "std": 3.6951158954828633}}, "compatibleConfigurations": ["K1", "K3"]}, "O5": {"estimatedTestTime": {"K3": {"distribution": "normal", "mean": 32.91316392028596, "std": 2.083341044149294}, "K1": {"distribution": "normal", "mean": 28.498849038562952, "std": 2.22367147249661}}, "compatibleConfigurations": ["K3", "K1"]}, "O6": {"estimatedTestTime": {"K1": {"distribution": "normal", "mean": 36.827601668752145, "std": 4.083095094415352}, "K2": {"distribution": "normal", "mean": 7.6016412972530905, "std": 2.120072117991863}, "K3": {"distribution": "normal", "mean": 37.404239679587164, "std": 2.5309491657159002}}, "compatibleConfigurations": ["K1", "K2", "K3"]}, "O7": {"estimatedTestTime": {"K3": {"distribution": "normal", "mean": 22.646606543975775, "std": 2.421560081751415}, "K1": {"distribution": "normal", "mean": 37.71056418850976, "std": 2.855269455773667}}, "compatibleConfigurations": ["K3", "K1"]}, "O8": {"estimatedTestTime": {"K1": {"distribution": "normal", "mean": 28.560722020618318, "std": 2.7947302066523987}, "K3": {"distribution": "normal", "mean": 15.747275532387032, "std": 3.032069073486224}, "K2": {"distribution": "normal", "mean": 13.574751115101083, "std": 2.5034282240306895}}, "compatibleConfigurations": ["K1", "K3", "K2"]}, "O9": {"estimatedTestTime": {"K2": {"distribution": "normal", "mean": 13.589755197231495, "std": 3.5438516025203435}, "K1": {"distribution": "normal", "mean": 40.168231367472, "std": 4.356351057367175}}, "compatibleConfigurations": ["K2", "K1"]}, "O10": {"estimatedTestTime": {"K2": {"distribution": "normal", "mean": 36.491715592145944, "std": 2.0898822676915843}, "K3": {"distribution": "normal", "mean": 11.351742061143042, "std": 4.429977959858254}}, "compatibleConfigurations": ["K2", "K3"]}, "O11": {"estimatedTestTime": {"K2": {"distribution": "normal", "mean": 41.245500634992375, "std": 3.686842184675614}, "K1": {"distribution": "normal", "mean": 22.517063311323106, "std": 4.042713683949194}}, "compatibleConfigurations": ["K2", "K1"]}, "O12": {"estimatedTestTime": {"K2": {"distribution": "normal", "mean": 20.366832433115363, "std": 3.0193079600255555}, "K3": {"distribution": "normal", "mean": 21.914760865623983, "std": 4.736270764329024}}, "compatibleConfigurations": ["K2", "K3"]}, "O13": {"estimatedTestTime": {"K3": {"distribution": "normal", "mean": 25.767764678512464, "std": 3.569100572043304}, "K2": {"distribution": "normal", "mean": 29.74960656042791, "std": 4.642457438795709}, "K1": {"distribution": "normal", "mean": 30.662372898266355, "std": 4.499941847488556}}, "compatibleConfigurations": ["K3", "K2", "K1"]}, "O14": {"estimatedTestTime": {"K1": {"distribution": "normal", "mean": 2.5702709748227868, "std": 3.6948182802877416}, "K2": {"distribution": "normal", "mean": 35.25967876937822, "std": 4.237853861427121}}, "compatibleConfigurations": ["K1", "K2"]}}}, "products": {"count": 4, "items": {"P1": {"index": 0, "arrival": 0, "quantity": 3, "duedate": 79.7813767277151, "operations": ["O7", "O9", "O8", "O10"], "dependencies": [[1, 0], [2, 1], [3, 1]]}, "P2": {"index": 1, "arrival": 41.26513564430645, "quantity": 5, "duedate": 97.34250268533627, "operations": ["O7", "O11", "O2"], "dependencies": [[1, 0], [2, 0]]}, "P3": {"index": 2, "arrival": 64.04861495464561, "quantity": 3, "duedate": 134.63653826413525, "operations": ["O2", "O1", "O9", "O11", "O4"], "dependencies": [[1, 0], [2, 1], [3, 0], [4, 2]]}, "P4": {"index": 3, "arrival": 102.25572455047147, "quantity": 5, "duedate": 154.19333582246958, "operations": ["O14", "O2", "O11", "O10"], "dependencies": [[1, 0], [2, 1], [3, 0]]}}}}