{"configurations": {"count": 2, "items": {"K1": {"index": 0, "setupTimes": [0, 9]}, "K2": {"index": 1, "setupTimes": [3, 0]}}}, "testers": {"count": 2, "items": {"T1": {"supportedConfigurations": ["K2", "K1"]}, "T2": {"supportedConfigurations": ["K2", "K1"]}}}, "operations": {"count": 16, "items": {"O1": {"estimatedTestTime": {"K2": {"distribution": "normal", "mean": 352.44499119025846, "std": 3.3134928571390834}, "K1": {"distribution": "normal", "mean": 499.44544545893694, "std": 2.47020988201671}}, "compatibleConfigurations": ["K2", "K1"]}, "O2": {"estimatedTestTime": {"K1": {"distribution": "normal", "mean": 372.60151276160485, "std": 4.9622412825294315}, "K2": {"distribution": "normal", "mean": 321.2960045291223, "std": 3.8499019361134152}}, "compatibleConfigurations": ["K1", "K2"]}, "O3": {"estimatedTestTime": {"K1": {"distribution": "normal", "mean": 499.63571479966527, "std": 2.5802302272871755}, "K2": {"distribution": "normal", "mean": 40.00176242302904, "std": 4.2406672296351235}}, "compatibleConfigurations": ["K1", "K2"]}, "O4": {"estimatedTestTime": {"K2": {"distribution": "normal", "mean": 296.9559780828965, "std": 4.248298895746901}, "K1": {"distribution": "normal", "mean": 177.613527560961, "std": 2.7673759650782035}}, "compatibleConfigurations": ["K2", "K1"]}, "O5": {"estimatedTestTime": {"K1": {"distribution": "normal", "mean": 486.7384346819183, "std": 3.8215177409298766}, "K2": {"distribution": "normal", "mean": 372.8438101912241, "std": 3.8756050606755084}}, "compatibleConfigurations": ["K1", "K2"]}, "O6": {"estimatedTestTime": {"K2": {"distribution": "normal", "mean": 63.670678048646145, "std": 4.63214733841423}, "K1": {"distribution": "normal", "mean": 398.6334918251859, "std": 4.1741899131291}}, "compatibleConfigurations": ["K2", "K1"]}, "O7": {"estimatedTestTime": {"K2": {"distribution": "normal", "mean": 333.1428134697562, "std": 2.7973316585308896}, "K1": {"distribution": "normal", "mean": 267.656344819661, "std": 3.9075009201702673}}, "compatibleConfigurations": ["K2", "K1"]}, "O8": {"estimatedTestTime": {"K1": {"distribution": "normal", "mean": 477.1342766477073, "std": 2.414383579372829}, "K2": {"distribution": "normal", "mean": 380.89148883928647, "std": 3.6906570566257186}}, "compatibleConfigurations": ["K1", "K2"]}, "O9": {"estimatedTestTime": {"K2": {"distribution": "normal", "mean": 354.8652578126852, "std": 4.561357147588119}, "K1": {"distribution": "normal", "mean": 456.4752472818584, "std": 4.993704678092756}}, "compatibleConfigurations": ["K2", "K1"]}, "O10": {"estimatedTestTime": {"K1": {"distribution": "normal", "mean": 103.13594603301182, "std": 2.9508103133723393}, "K2": {"distribution": "normal", "mean": 144.73870264537865, "std": 4.008578584348025}}, "compatibleConfigurations": ["K1", "K2"]}, "O11": {"estimatedTestTime": {"K2": {"distribution": "normal", "mean": 248.72446409916748, "std": 3.06623857800445}, "K1": {"distribution": "normal", "mean": 122.10254251849001, "std": 2.5997980179392}}, "compatibleConfigurations": ["K2", "K1"]}, "O12": {"estimatedTestTime": {"K1": {"distribution": "normal", "mean": 166.41874095611712, "std": 4.018652923246576}, "K2": {"distribution": "normal", "mean": 122.85759549343581, "std": 3.224919246351888}}, "compatibleConfigurations": ["K1", "K2"]}, "O13": {"estimatedTestTime": {"K2": {"distribution": "normal", "mean": 497.93818052121617, "std": 2.397517617883146}, "K1": {"distribution": "normal", "mean": 327.6668811275636, "std": 2.498213254130465}}, "compatibleConfigurations": ["K2", "K1"]}, "O14": {"estimatedTestTime": {"K2": {"distribution": "normal", "mean": 117.32454831955464, "std": 3.098962273708397}, "K1": {"distribution": "normal", "mean": 63.564030884884374, "std": 2.228826970852672}}, "compatibleConfigurations": ["K2", "K1"]}, "O15": {"estimatedTestTime": {"K2": {"distribution": "normal", "mean": 112.95301998846183, "std": 4.542047568839575}, "K1": {"distribution": "normal", "mean": 333.3853309815658, "std": 2.166799006451706}}, "compatibleConfigurations": ["K2", "K1"]}, "O16": {"estimatedTestTime": {"K1": {"distribution": "normal", "mean": 427.536100180878, "std": 2.970870808477362}, "K2": {"distribution": "normal", "mean": 494.1491176837565, "std": 2.463500867600942}}, "compatibleConfigurations": ["K1", "K2"]}}}, "products": {"count": 8, "items": {"P1": {"index": 0, "arrival": 0, "quantity": 3, "duedate": 2488.734260322686, "operations": ["O6", "O8", "O11", "O10", "O2", "O4", "O3", "O14", "O16", "O9", "O12", "O5", "O15"], "dependencies": [[3, 1], [5, 1], [5, 3], [5, 4], [6, 3], [8, 0], [8, 2], [8, 5], [9, 1], [9, 2], [9, 3], [9, 5], [10, 0], [10, 3], [10, 4], [10, 5], [10, 8], [11, 4], [11, 9], [11, 10], [12, 2], [12, 5], [12, 10], [12, 7]]}, "P2": {"index": 1, "arrival": 73.63171034325416, "quantity": 2, "duedate": 1671.6268492056015, "operations": ["O3", "O1", "O6", "O15", "O14", "O13", "O11", "O4", "O8", "O9", "O10"], "dependencies": [[1, 0], [2, 1], [5, 2], [5, 4], [8, 3], [8, 5], [8, 6], [8, 7], [9, 0], [9, 4], [10, 5], [10, 6], [10, 7], [10, 9]]}, "P3": {"index": 2, "arrival": 169.0476316994921, "quantity": 4, "duedate": 3925.5191397905232, "operations": ["O3", "O11", "O1", "O2", "O14", "O9", "O4", "O15", "O13", "O10", "O7", "O5"], "dependencies": [[1, 0], [3, 0], [3, 1], [4, 2], [4, 3], [5, 1], [5, 2], [5, 3], [5, 4], [6, 5], [7, 4], [8, 0], [8, 1], [8, 2], [8, 6], [9, 0], [9, 3], [9, 4], [9, 8], [10, 7], [11, 0], [11, 1], [11, 6], [11, 10]]}, "P4": {"index": 3, "arrival": 248.17135528280625, "quantity": 5, "duedate": 3665.322408771889, "operations": ["O8", "O4", "O12", "O2", "O5", "O14", "O3", "O10", "O11", "O7", "O6", "O16"], "dependencies": [[4, 1], [6, 0], [6, 3], [7, 2], [7, 6], [8, 1], [8, 2], [8, 7], [9, 0], [9, 7], [10, 0], [10, 2], [10, 4], [10, 7], [11, 6], [11, 7], [11, 10], [11, 5]]}, "P5": {"index": 4, "arrival": 304.7998527435974, "quantity": 2, "duedate": 2224.994912137001, "operations": ["O11", "O8", "O14", "O16", "O7", "O1", "O6", "O2", "O3", "O5", "O9"], "dependencies": [[1, 0], [2, 0], [3, 0], [3, 2], [4, 0], [5, 3], [5, 4], [6, 1], [6, 3], [6, 5], [7, 1], [7, 3], [7, 5], [7, 6], [8, 2], [8, 4], [9, 2], [10, 0], [10, 3], [10, 4], [10, 6], [10, 7], [10, 8], [10, 9]]}, "P6": {"index": 5, "arrival": 368.96616653239255, "quantity": 4, "duedate": 2425.5741428294004, "operations": ["O12", "O13", "O6", "O10", "O3", "O4"], "dependencies": [[2, 0], [2, 1], [3, 0], [4, 2], [5, 2], [5, 4]]}, "P7": {"index": 6, "arrival": 428.3671586823978, "quantity": 5, "duedate": 2741.017685492812, "operations": ["O14", "O16", "O1", "O6", "O11", "O4", "O15", "O12", "O10", "O5"], "dependencies": [[1, 0], [3, 1], [4, 0], [4, 2], [6, 0], [6, 5], [7, 2], [7, 6], [8, 3], [8, 4], [8, 6], [9, 1], [9, 2], [9, 7]]}, "P8": {"index": 7, "arrival": 516.7981073759943, "quantity": 2, "duedate": 1589.5005891322887, "operations": ["O7", "O14", "O12", "O15", "O3", "O10", "O8"], "dependencies": [[1, 0], [2, 1], [3, 1], [4, 0], [4, 2], [5, 1], [5, 3], [6, 4], [6, 5]]}}}}