{"configurations": {"count": 4, "items": {"K1": {"index": 0, "setupTimes": [0, 45, 25, 54]}, "K2": {"index": 1, "setupTimes": [51, 0, 2, 54]}, "K3": {"index": 2, "setupTimes": [25, 50, 0, 2]}, "K4": {"index": 3, "setupTimes": [5, 12, 6, 0]}}}, "testers": {"count": 3, "items": {"T1": {"supportedConfigurations": ["K4", "K2", "K3"]}, "T2": {"supportedConfigurations": ["K4", "K2"]}, "T3": {"supportedConfigurations": ["K2", "K1", "K4"]}}}, "operations": {"count": 18, "items": {"O1": {"estimatedTestTime": {"K3": {"distribution": "normal", "mean": 373.2013222919977, "std": 4.239064374987565}, "K1": {"distribution": "normal", "mean": 231.98497715322364, "std": 4.521924338291633}}, "compatibleConfigurations": ["K3", "K1"]}, "O2": {"estimatedTestTime": {"K4": {"distribution": "normal", "mean": 36.75405383671603, "std": 3.963709598049781}, "K2": {"distribution": "normal", "mean": 299.76650576214337, "std": 3.61630395277785}, "K1": {"distribution": "normal", "mean": 193.790908066193, "std": 3.171325403240811}}, "compatibleConfigurations": ["K4", "K2", "K1"]}, "O3": {"estimatedTestTime": {"K2": {"distribution": "normal", "mean": 424.8381096340503, "std": 3.088254592657586}, "K4": {"distribution": "normal", "mean": 386.7126979594238, "std": 3.570690985623837}}, "compatibleConfigurations": ["K2", "K4"]}, "O4": {"estimatedTestTime": {"K3": {"distribution": "normal", "mean": 261.5365290722156, "std": 4.725130958691466}, "K2": {"distribution": "normal", "mean": 127.97632311130793, "std": 4.0516663598615885}, "K4": {"distribution": "normal", "mean": 169.26770508110206, "std": 2.2178080172347676}, "K1": {"distribution": "normal", "mean": 311.11574793997937, "std": 3.924307608936359}}, "compatibleConfigurations": ["K3", "K2", "K4", "K1"]}, "O5": {"estimatedTestTime": {"K3": {"distribution": "normal", "mean": 16.744248272434536, "std": 4.083340090411119}, "K1": {"distribution": "normal", "mean": 334.64651732828673, "std": 3.6908717491590033}}, "compatibleConfigurations": ["K3", "K1"]}, "O6": {"estimatedTestTime": {"K3": {"distribution": "normal", "mean": 374.203388575812, "std": 3.0015705038202007}, "K4": {"distribution": "normal", "mean": 220.18559326174287, "std": 3.1647489554580073}, "K1": {"distribution": "normal", "mean": 241.7350380479251, "std": 4.192913258229994}, "K2": {"distribution": "normal", "mean": 456.0884183836343, "std": 4.680628664054151}}, "compatibleConfigurations": ["K3", "K4", "K1", "K2"]}, "O7": {"estimatedTestTime": {"K3": {"distribution": "normal", "mean": 116.2819540823021, "std": 2.3110456203620484}, "K1": {"distribution": "normal", "mean": 13.192325106882787, "std": 3.408888164313719}, "K4": {"distribution": "normal", "mean": 488.3486150910287, "std": 4.131044315974686}, "K2": {"distribution": "normal", "mean": 186.03034470889696, "std": 2.152626689397501}}, "compatibleConfigurations": ["K3", "K1", "K4", "K2"]}, "O8": {"estimatedTestTime": {"K2": {"distribution": "normal", "mean": 459.4326058725661, "std": 3.3962594796435526}, "K4": {"distribution": "normal", "mean": 211.8797459021124, "std": 3.108504132925737}}, "compatibleConfigurations": ["K2", "K4"]}, "O9": {"estimatedTestTime": {"K4": {"distribution": "normal", "mean": 466.08459702541785, "std": 4.794856811114705}, "K2": {"distribution": "normal", "mean": 141.26469241100435, "std": 2.1786556684929677}, "K3": {"distribution": "normal", "mean": 360.6452746846768, "std": 3.415840646670207}}, "compatibleConfigurations": ["K4", "K2", "K3"]}, "O10": {"estimatedTestTime": {"K1": {"distribution": "normal", "mean": 269.27816576116703, "std": 4.0136154494140595}, "K2": {"distribution": "normal", "mean": 32.588714123234475, "std": 4.035276648300035}, "K4": {"distribution": "normal", "mean": 254.69007387555274, "std": 3.133074210001222}, "K3": {"distribution": "normal", "mean": 100.77861846974908, "std": 4.094881872061024}}, "compatibleConfigurations": ["K1", "K2", "K4", "K3"]}, "O11": {"estimatedTestTime": {"K1": {"distribution": "normal", "mean": 351.9842423953887, "std": 4.755666258432477}, "K3": {"distribution": "normal", "mean": 144.86220063555513, "std": 3.351592378802728}}, "compatibleConfigurations": ["K1", "K3"]}, "O12": {"estimatedTestTime": {"K2": {"distribution": "normal", "mean": 34.31215082007279, "std": 4.143938669659224}, "K4": {"distribution": "normal", "mean": 162.23438387770557, "std": 3.085822150888244}}, "compatibleConfigurations": ["K2", "K4"]}, "O13": {"estimatedTestTime": {"K2": {"distribution": "normal", "mean": 214.115881903023, "std": 2.7270418152116758}, "K1": {"distribution": "normal", "mean": 6.617543834822759, "std": 2.2624897431419377}}, "compatibleConfigurations": ["K2", "K1"]}, "O14": {"estimatedTestTime": {"K3": {"distribution": "normal", "mean": 177.6883220737961, "std": 3.301014917858963}, "K1": {"distribution": "normal", "mean": 80.62386890052238, "std": 4.584647366472979}, "K2": {"distribution": "normal", "mean": 393.79174399764713, "std": 3.823931050232016}}, "compatibleConfigurations": ["K3", "K1", "K2"]}, "O15": {"estimatedTestTime": {"K3": {"distribution": "normal", "mean": 368.84340591029473, "std": 2.8074739446903862}, "K2": {"distribution": "normal", "mean": 354.08015389905984, "std": 3.550048343305267}}, "compatibleConfigurations": ["K3", "K2"]}, "O16": {"estimatedTestTime": {"K4": {"distribution": "normal", "mean": 46.53176149981171, "std": 4.067987190202956}, "K3": {"distribution": "normal", "mean": 85.3216760508779, "std": 3.434732548897685}, "K1": {"distribution": "normal", "mean": 433.1275746160542, "std": 3.218673295159901}, "K2": {"distribution": "normal", "mean": 3.5217531841479923, "std": 3.6455731592975615}}, "compatibleConfigurations": ["K4", "K3", "K1", "K2"]}, "O17": {"estimatedTestTime": {"K2": {"distribution": "normal", "mean": 394.1087844218759, "std": 2.7289192673331417}, "K4": {"distribution": "normal", "mean": 193.44410845928655, "std": 2.093817256546709}, "K1": {"distribution": "normal", "mean": 341.31056963196784, "std": 3.5242438260593696}}, "compatibleConfigurations": ["K2", "K4", "K1"]}, "O18": {"estimatedTestTime": {"K2": {"distribution": "normal", "mean": 289.17303100730925, "std": 4.824144711964958}, "K3": {"distribution": "normal", "mean": 280.80726960582933, "std": 3.5577210948376328}, "K4": {"distribution": "normal", "mean": 142.90972775198495, "std": 3.594817857502309}}, "compatibleConfigurations": ["K2", "K3", "K4"]}}}, "products": {"count": 6, "items": {"P1": {"index": 0, "arrival": 0, "quantity": 5, "duedate": 1192.6447349442574, "operations": ["O3", "O4", "O10", "O13", "O16", "O12", "O14", "O2", "O17", "O18", "O1"], "dependencies": [[2, 1], [3, 1], [4, 3], [6, 0], [6, 4], [7, 0], [7, 2], [7, 3], [7, 5], [8, 1], [8, 2], [8, 5], [9, 4], [10, 1]]}, "P2": {"index": 1, "arrival": 81.69493543111145, "quantity": 3, "duedate": 1917.1877679967722, "operations": ["O12", "O2", "O7", "O17", "O14", "O4", "O6", "O15", "O16", "O1", "O8", "O13", "O18", "O9", "O5"], "dependencies": [[2, 1], [3, 0], [3, 1], [3, 2], [4, 0], [4, 1], [5, 3], [5, 4], [6, 0], [6, 2], [6, 4], [7, 2], [8, 1], [8, 3], [9, 4], [9, 7], [9, 8], [10, 0], [10, 1], [10, 7], [10, 9], [11, 0], [11, 2], [11, 4], [11, 5], [11, 7], [11, 9], [11, 10], [12, 0], [12, 2], [12, 3], [12, 4], [12, 6], [12, 10], [13, 1], [13, 4], [13, 5], [13, 8], [13, 9], [13, 10], [14, 1], [14, 2], [14, 5], [14, 6], [14, 7], [14, 12]]}, "P3": {"index": 2, "arrival": 146.15168004715397, "quantity": 5, "duedate": 2596.781895447572, "operations": ["O7", "O18", "O17", "O11", "O16", "O13", "O8", "O1", "O10", "O14"], "dependencies": [[2, 1], [3, 0], [4, 2], [5, 1], [5, 2], [5, 4], [6, 2], [7, 4], [7, 5], [8, 0], [8, 1], [8, 2], [8, 4], [8, 7], [9, 2], [9, 5], [9, 6], [9, 8]]}, "P4": {"index": 3, "arrival": 203.29837726279138, "quantity": 3, "duedate": 1894.2078126824463, "operations": ["O6", "O7", "O16", "O3", "O11", "O8", "O13", "O14", "O1", "O4", "O9", "O10", "O2", "O12"],