{"configurations": {"count": 3, "items": {"K1": {"index": 0, "setupTimes": [0, 1, 1]}, "K2": {"index": 1, "setupTimes": [6, 0, 2]}, "K3": {"index": 2, "setupTimes": [0, 10, 0]}}}, "testers": {"count": 2, "items": {"T1": {"supportedConfigurations": ["K1", "K3"]}, "T2": {"supportedConfigurations": ["K3", "K2"]}}}, "operations": {"count": 17, "items": {"O1": {"estimatedTestTime": {"K3": {"distribution": "normal", "mean": 29.207602588786738, "std": 4.1189679907527115}, "K2": {"distribution": "normal", "mean": 22.4280942520795, "std": 2.6406112829526003}, "K1": {"distribution": "normal", "mean": 38.11727798504838, "std": 4.851637330005792}}, "compatibleConfigurations": ["K3", "K2", "K1"]}, "O2": {"estimatedTestTime": {"K1": {"distribution": "normal", "mean": 10.424517842202937, "std": 2.4042249370288546}, "K2": {"distribution": "normal", "mean": 21.800571022777877, "std": 3.674012078781562}}, "compatibleConfigurations": ["K1", "K2"]}, "O3": {"estimatedTestTime": {"K2": {"distribution": "normal", "mean": 13.898808398362867, "std": 4.337939580844687}, "K1": {"distribution": "normal", "mean": 41.555010985102705, "std": 2.148400529700748}}, "compatibleConfigurations": ["K2", "K1"]}, "O4": {"estimatedTestTime": {"K1": {"distribution": "normal", "mean": 18.035189637966155, "std": 2.1307310570980627}, "K3": {"distribution": "normal", "mean": 4.722556847533328, "std": 3.998071506846819}, "K2": {"distribution": "normal", "mean": 37.257248020665315, "std": 3.9098352781722028}}, "compatibleConfigurations": ["K1", "K3", "K2"]}, "O5": {"estimatedTestTime": {"K2": {"distribution": "normal", "mean": 42.755318539617925, "std": 3.50926335843862}, "K3": {"distribution": "normal", "mean": 14.017675022298574, "std": 2.9386885861179195}}, "compatibleConfigurations": ["K2", "K3"]}, "O6": {"estimatedTestTime": {"K2": {"distribution": "normal", "mean": 41.4512088067306, "std": 3.3830483308152726}, "K1": {"distribution": "normal", "mean": 31.522701697387355, "std": 2.172462681528275}, "K3": {"distribution": "normal", "mean": 7.7397775609609525, "std": 4.957263861251196}}, "compatibleConfigurations": ["K2", "K1", "K3"]}, "O7": {"estimatedTestTime": {"K3": {"distribution": "normal", "mean": 2.659691658407908, "std": 4.215158903282835}, "K2": {"distribution": "normal", "mean": 13.804289507705324, "std": 2.2842336972495016}}, "compatibleConfigurations": ["K3", "K2"]}, "O8": {"estimatedTestTime": {"K3": {"distribution": "normal", "mean": 33.68394673618864, "std": 3.873568879485974}, "K2": {"distribution": "normal", "mean": 25.407779234709228, "std": 4.492251150468258}}, "compatibleConfigurations": ["K3", "K2"]}, "O9": {"estimatedTestTime": {"K1": {"distribution": "normal", "mean": 48.51057525583776, "std": 2.4366691688720055}, "K3": {"distribution": "normal", "mean": 3.347398327968449, "std": 3.4913100967046122}, "K2": {"distribution": "normal", "mean": 27.113543923684148, "std": 3.535168722303389}}, "compatibleConfigurations": ["K1", "K3", "K2"]}, "O10": {"estimatedTestTime": {"K1": {"distribution": "normal", "mean": 19.757157358008527, "std": 2.597565668714928}, "K3": {"distribution": "normal", "mean": 3.699684459638549, "std": 4.491281490328484}}, "compatibleConfigurations": ["K1", "K3"]}, "O11": {"estimatedTestTime": {"K2": {"distribution": "normal", "mean": 12.327521180211198, "std": 2.679925652077191}, "K3": {"distribution": "normal", "mean": 34.968024703406854, "std": 4.611359695414219}, "K1": {"distribution": "normal", "mean": 31.715117106226863, "std": 4.23798928465547}}, "compatibleConfigurations": ["K2", "K3", "K1"]}, "O12": {"estimatedTestTime": {"K2": {"distribution": "normal", "mean": 44.074644039735354, "std": 2.0756578222281608}, "K1": {"distribution": "normal", "mean": 29.887270822992424, "std": 3.190957741755159}, "K3": {"distribution": "normal", "mean": 37.48497229959499, "std": 4.564843541507084}}, "compatibleConfigurations": ["K2", "K1", "K3"]}, "O13": {"estimatedTestTime": {"K1": {"distribution": "normal", "mean": 48.44272019288206, "std": 4.1850189308372965}, "K2": {"distribution": "normal", "mean": 45.955917104690755, "std": 2.280021867171628}}, "compatibleConfigurations": ["K1", "K2"]}, "O14": {"estimatedTestTime": {"K3": {"distribution": "normal", "mean": 16.011007483286818, "std": 4.5629812965413485}, "K2": {"distribution": "normal", "mean": 32.73495919382072, "std": 3.0044542932199416}}, "compatibleConfigurations": ["K3", "K2"]}, "O15": {"estimatedTestTime": {"K1": {"distribution": "normal", "mean": 36.375191704902804, "std": 3.6500374639318567}, "K3": {"distribution": "normal", "mean": 33.840959775106285, "std": 2.6006035932988243}, "K2": {"distribution": "normal", "mean": 35.092461750892056, "std": 4.7180690275561545}}, "compatibleConfigurations": ["K1", "K3", "K2"]}, "O16": {"estimatedTestTime": {"K2": {"distribution": "normal", "mean": 13.703003127028278, "std": 4.234869974424852}, "K3": {"distribution": "normal", "mean": 31.50028044870669, "std": 3.3143629616737575}}, "compatibleConfigurations": ["K2", "K3"]}, "O17": {"estimatedTestTime": {"K1": {"distribution": "normal", "mean": 12.111964859500285, "std": 3.706860446537765}, "K3": {"distribution": "normal", "mean": 48.26255015755973, "std": 2.631519215299735}}, "compatibleConfigurations": ["K1", "K3"]}}}, "products": {"count": 3, "items": {"P1": {"index": 0, "arrival": 0, "quantity": 3, "duedate": 87.32575370201764, "operations": ["O8", "O11", "O1", "O3"], "dependencies": [[1, 0], [2, 0], [3, 0]]}, "P2": {"index": 1, "arrival": 40.15951615309342, "quantity": 2, "duedate": 113.11200383846726, "operations": ["O15", "O8", "O14", "O16"], "dependencies": [[2, 1], [3, 0], [3, 2]]}, "P3": {"index": 2, "arrival": 73.11299167233435, "quantity": 5, "duedate": 202.4516600299112, "operations": ["O9", "O17"], "dependencies": [[1, 0]]}}}}