{"configurations": {"count": 5, "items": {"K1": {"index": 0, "setupTimes": [0, 9, 6, 8, 8]}, "K2": {"index": 1, "setupTimes": [5, 0, 7, 10, 5]}, "K3": {"index": 2, "setupTimes": [8, 1, 0, 8, 1]}, "K4": {"index": 3, "setupTimes": [0, 7, 8, 0, 4]}, "K5": {"index": 4, "setupTimes": [5, 6, 3, 0, 0]}}}, "testers": {"count": 5, "items": {"T1": {"supportedConfigurations": ["K1", "K4", "K3", "K2", "K5"]}, "T2": {"supportedConfigurations": ["K1", "K4", "K5"]}, "T3": {"supportedConfigurations": ["K1", "K3", "K2", "K5", "K4"]}, "T4": {"supportedConfigurations": ["K5", "K1"]}, "T5": {"supportedConfigurations": ["K5", "K2"]}}}, "operations": {"count": 16, "items": {"O1": {"estimatedTestTime": {"K4": {"distribution": "normal", "mean": 5.8279245546548495, "std": 2.1442619293782768}, "K3": {"distribution": "normal", "mean": 21.56698353423955, "std": 4.31133924672843}, "K2": {"distribution": "normal", "mean": 39.264805843298845, "std": 3.2399304426935798}, "K1": {"distribution": "normal", "mean": 25.450057003255065, "std": 3.828353060977621}, "K5": {"distribution": "normal", "mean": 28.01700955485987, "std": 4.626059492079}}, "compatibleConfigurations": ["K4", "K3", "K2", "K1", "K5"]}, "O2": {"estimatedTestTime": {"K5": {"distribution": "normal", "mean": 29.65849489466092, "std": 3.6138748881332368}, "K1": {"distribution": "normal", "mean": 45.88929823177934, "std": 3.3141416306299347}, "K2": {"distribution": "normal", "mean": 6.573649513234379, "std": 4.263331436977864}, "K3": {"distribution": "normal", "mean": 18.60682711786221, "std": 2.6185009937182113}}, "compatibleConfigurations": ["K5", "K1", "K2", "K3"]}, "O3": {"estimatedTestTime": {"K1": {"distribution": "normal", "mean": 37.94650374642139, "std": 3.2094834996513675}, "K3": {"distribution": "normal", "mean": 34.45771790770026, "std": 2.6776206849406954}, "K2": {"distribution": "normal", "mean": 42.56024182168225, "std": 3.4521080862326965}, "K4": {"distribution": "normal", "mean": 16.451284279197175, "std": 3.9503787146757694}, "K5": {"distribution": "normal", "mean": 5.459351829242978, "std": 2.2434591624788727}}, "compatibleConfigurations": ["K1", "K3", "K2", "K4", "K5"]}, "O4": {"estimatedTestTime": {"K2": {"distribution": "normal", "mean": 13.204296080600797, "std": 4.295232244165675}, "K1": {"distribution": "normal", "mean": 16.784700113923293, "std": 4.832056897146718}, "K5": {"distribution": "normal", "mean": 9.750511502452262, "std": 3.044711150133012}}, "compatibleConfigurations": ["K2", "K1", "K5"]}, "O5": {"estimatedTestTime": {"K3": {"distribution": "normal", "mean": 41.88628593723438, "std": 3.303595440825482}, "K5": {"distribution": "normal", "mean": 13.356390990754191, "std": 4.972433782211798}, "K4": {"distribution": "normal", "mean": 43.9613186369008, "std": 3.759131710481322}, "K2": {"distribution": "normal", "mean": 14.011592008492535, "std": 2.9853616506446112}, "K1": {"distribution": "normal", "mean": 27.68522287912416, "std": 3.6968262481404266}}, "compatibleConfigurations": ["K3", "K5", "K4", "K2", "K1"]}, "O6": {"estimatedTestTime": {"K2": {"distribution": "normal", "mean": 8.577753350609672, "std": 4.587651676961208}, "K5": {"distribution": "normal", "mean": 46.658790425486835, "std": 2.7413847729323355}, "K4": {"distribution": "normal", "mean": 4.898314977684812, "std": 2.0915635973509232}, "K3": {"distribution": "normal", "mean": 7.161580009624753, "std": 4.124906733711742}}, "compatibleConfigurations": ["K2", "K5", "K4", "K3"]}, "O7": {"estimatedTestTime": {"K1": {"distribution": "normal", "mean": 22.284193667023935, "std": 4.685396530688655}, "K2": {"distribution": "normal", "mean": 20.39391942281422, "std": 3.468344271242806}, "K4": {"distribution": "normal", "mean": 30.295580372560043, "std": 4.1265441157838545}, "K5": {"distribution": "normal", "mean": 22.915443483357322, "std": 4.794376902053887}, "K3": {"distribution": "normal", "mean": 7.933650290778695, "std": 4.204883229494666}}, "compatibleConfigurations": ["K1", "K2", "K4", "K5", "K3"]}, "O8": {"estimatedTestTime": {"K3": {"distribution": "normal", "mean": 28.997438937643302, "std": 4.612766412253843}, "K2": {"distribution": "normal", "mean": 41.4583568665779, "std": 4.7709680512278005}}, "compatibleConfigurations": ["K3", "K2"]}, "O9": {"estimatedTestTime": {"K1": {"distribution": "normal", "mean": 4.168419227589098, "std": 3.0397654157317184}, "K3": {"distribution": "normal", "mean": 40.421369254279675, "std": 4.414414024843344}, "K4": {"distribution": "normal", "mean": 47.81942229444449, "std": 2.9039301993877205}, "K5": {"distribution": "normal", "mean": 35.377499683011905, "std": 4.032961058618406}, "K2": {"distribution": "normal", "mean": 41.098872724303114, "std": 4.468665522828742}}, "compatibleConfigurations": ["K1", "K3", "K4", "K5", "K2"]}, "O10": {"estimatedTestTime": {"K3": {"distribution": "normal", "mean": 42.01522699494196, "std": 3.739840377003682}, "K4": {"distribution": "normal", "mean": 12.277855391672869, "std": 3.28173394489624}}, "compatibleConfigurations": ["K3", "K4"]}, "O11": {"estimatedTestTime": {"K1": {"distribution": "normal", "mean": 20.245444600202006, "std": 3.3084782507309694}, "K2": {"distribution": "normal", "mean": 7.594871817716328, "std": 2.351648250569589}}, "compatibleConfigurations": ["K1", "K2"]}, "O12": {"estimatedTestTime": {"K3": {"distribution": "normal", "mean": 33.96343245091794, "std": 2.850095586381722}, "K2": {"distribution": "normal", "mean": 7.848868120517041, "std": 2.169839590098456}}, "compatibleConfigurations": ["K3", "K2"]}, "O13": {"estimatedTestTime": {"K4": {"distribution": "normal", "mean": 9.00388787956443, "std": 4.533939714605755}, "K2": {"distribution": "normal", "mean": 13.737224959799235, "std": 3.5788185490329107}, "K3": {"distribution": "normal", "mean": 42.37652371767746, "std": 3.679456091906017}, "K5": {"distribution": "normal", "mean": 47.04673421377196, "std": 3.995140330206648}}, "compatibleConfigurations": ["K4", "K2", "K3", "K5"]}, "O14": {"estimatedTestTime": {"K3": {"distribution": "normal", "mean": 37.46091249075302, "std": 2.011844072039348}, "K1": {"distribution": "normal", "mean": 45.090109226218104, "std": 2.527456413340617}, "K2": {"distribution": "normal", "mean": 30.176535957332636, "std": 4.490808401765152}, "K4": {"distribution": "normal", "mean": 31.462467918272978, "std": 3.405277062010117}, "K5": {"distribution": "normal", "mean": 13.5259234366815, "std": 3.0769725758237967}}, "compatibleConfigurations": ["K3", "K1", "K2", "K4", "K5"]}, "O15": {"estimatedTestTime": {"K3": {"distribution": "normal", "mean": 8.988206062959888, "std": 4.960617110549473}, "K5": {"distribution": "normal", "mean": 41.13993007183939, "std": 2.627206396393507}, "K4": {"distribution": "normal", "mean": 5.567049085852407, "std": 2.6908040230981958}, "K1": {"distribution": "normal", "mean": 6.709360347022264, "std": 3.1554010526052836}}, "compatibleConfigurations": ["K3", "K5", "K4", "K1"]}, "O16": {"estimatedTestTime": {"K4": {"distribution": "normal", "mean": 45.03506263800127, "std": 2.160150846327585}, "K3": {"distribution": "normal", "mean": 29.52489870036733, "std": 4.9783885545695545}}, "compatibleConfigurations": ["K4", "K3"]}}}, "products": {"count": 2, "items": {"P1": {"index": 0, "arrival": 0, "quantity": 3, "duedate": 61.75188177113283, "operations": ["O8", "O10", "O11", "O4"], "dependencies": [[2, 1], [3, 2], [3, 0]]}, "P2": {"index": 1, "arrival": 4.0558904098771995, "quantity": 5, "duedate": 66.72068976537551, "operations": ["O2", "O9", "O13", "O14"], "dependencies": [[2, 1], [2, 0], [3, 0]]}}}}