{"configurations": {"count": 2, "items": {"K1": {"index": 0, "setupTimes": [0, 7]}, "K2": {"index": 1, "setupTimes": [10, 0]}}}, "testers": {"count": 3, "items": {"T1": {"supportedConfigurations": ["K1", "K2"]}, "T2": {"supportedConfigurations": ["K2", "K1"]}, "T3": {"supportedConfigurations": ["K1", "K2"]}}}, "operations": {"count": 12, "items": {"O1": {"estimatedTestTime": {"K2": {"distribution": "normal", "mean": 27.902835173187174, "std": 3.645874860970767}, "K1": {"distribution": "normal", "mean": 34.062056999794635, "std": 3.7307331003407085}}, "compatibleConfigurations": ["K2", "K1"]}, "O2": {"estimatedTestTime": {"K1": {"distribution": "normal", "mean": 29.95352839440892, "std": 4.890081246365515}, "K2": {"distribution": "normal", "mean": 2.3007615831882404, "std": 3.3442092342767373}}, "compatibleConfigurations": ["K1", "K2"]}, "O3": {"estimatedTestTime": {"K1": {"distribution": "normal", "mean": 34.24274685025192, "std": 3.6633142473129783}, "K2": {"distribution": "normal", "mean": 16.806003735186835, "std": 4.043098963495416}}, "compatibleConfigurations": ["K1", "K2"]}, "O4": {"estimatedTestTime": {"K1": {"distribution": "normal", "mean": 39.845716808046646, "std": 4.444846354287882}, "K2": {"distribution": "normal", "mean": 45.74905137297212, "std": 4.568310490187001}}, "compatibleConfigurations": ["K1", "K2"]}, "O5": {"estimatedTestTime": {"K2": {"distribution": "normal", "mean": 42.666070270089946, "std": 2.819018050635464}, "K1": {"distribution": "normal", "mean": 33.373038127846826, "std": 2.5332337859019654}}, "compatibleConfigurations": ["K2", "K1"]}, "O6": {"estimatedTestTime": {"K2": {"distribution": "normal", "mean": 17.073487981838205, "std": 3.3655208916184582}, "K1": {"distribution": "normal", "mean": 17.334612002211067, "std": 2.0611030557916754}}, "compatibleConfigurations": ["K2", "K1"]}, "O7": {"estimatedTestTime": {"K1": {"distribution": "normal", "mean": 3.8611318274921, "std": 3.5868574141300313}, "K2": {"distribution": "normal", "mean": 44.88214298775888, "std": 2.231615922219295}}, "compatibleConfigurations": ["K1", "K2"]}, "O8": {"estimatedTestTime": {"K2": {"distribution": "normal", "mean": 41.28260378420281, "std": 3.8033454661190778}, "K1": {"distribution": "normal", "mean": 34.101133580984666, "std": 3.5719198041255025}}, "compatibleConfigurations": ["K2", "K1"]}, "O9": {"estimatedTestTime": {"K2": {"distribution": "normal", "mean": 26.884899770154455, "std": 4.489288960382545}, "K1": {"distribution": "normal", "mean": 23.434595450284, "std": 3.665410340716388}}, "compatibleConfigurations": ["K2", "K1"]}, "O10": {"estimatedTestTime": {"K2": {"distribution": "normal", "mean": 14.392942818815786, "std": 2.6582866867111328}, "K1": {"distribution": "normal", "mean": 29.848528252869478, "std": 2.796353101611355}}, "compatibleConfigurations": ["K2", "K1"]}, "O11": {"estimatedTestTime": {"K1": {"distribution": "normal", "mean": 23.168734114583167, "std": 2.121174589711183}, "K2": {"distribution": "normal", "mean": 27.40094442168676, "std": 3.045359120599611}}, "compatibleConfigurations": ["K1", "K2"]}, "O12": {"estimatedTestTime": {"K1": {"distribution": "normal", "mean": 49.65671152609961, "std": 3.389553050861447}, "K2": {"distribution": "normal", "mean": 6.237917654817897, "std": 2.6347353227675323}}, "compatibleConfigurations": ["K1", "K2"]}}}, "products": {"count": 3, "items": {"P1": {"index": 0, "arrival": 0, "quantity": 3, "duedate": 72.57435560546692, "operations": ["O3", "O9", "O10", "O6"], "dependencies": [[1, 0], [2, 0], [3, 1]]}, "P2": {"index": 1, "arrival": 2.3583468872639566, "quantity": 4, "duedate": 73.14345968206389, "operations": ["O3", "O2", "O9", "O7"], "dependencies": [[1, 0], [2, 0], [3, 0]]}, "P3": {"index": 2, "arrival": 15.792460602514563, "quantity": 2, "duedate": 64.52823186584295, "operations": ["O11", "O10", "O6"], "dependencies": [[1, 0], [2, 0]]}}}}