{"configurations": {"count": 7, "items": {"K1": {"index": 0, "setupTimes": [0, 34, 46, 25, 21, 41, 19]}, "K2": {"index": 1, "setupTimes": [5, 0, 19, 54, 9, 14, 3]}, "K3": {"index": 2, "setupTimes": [9, 2, 0, 12, 6, 15, 21]}, "K4": {"index": 3, "setupTimes": [5, 39, 38, 0, 52, 22, 48]}, "K5": {"index": 4, "setupTimes": [45, 29, 5, 39, 0, 23, 39]}, "K6": {"index": 5, "setupTimes": [36, 42, 6, 48, 28, 0, 29]}, "K7": {"index": 6, "setupTimes": [38, 21, 26, 30, 47, 26, 0]}}}, "testers": {"count": 6, "items": {"T1": {"supportedConfigurations": ["K2", "K3", "K5", "K7"]}, "T2": {"supportedConfigurations": ["K4", "K7", "K1", "K6", "K3", "K2"]}, "T3": {"supportedConfigurations": ["K4", "K2", "K3", "K5", "K7", "K6"]}, "T4": {"supportedConfigurations": ["K6", "K4", "K7", "K1", "K2", "K3"]}, "T5": {"supportedConfigurations": ["K1", "K5", "K4"]}, "T6": {"supportedConfigurations": ["K6", "K5"]}}}, "operations": {"count": 10, "items": {"O1": {"estimatedTestTime": {"K2": {"distribution": "normal", "mean": 492.75068467756455, "std": 3.7570623050775613}, "K5": {"distribution": "normal", "mean": 417.5405625831063, "std": 2.9715207930551}, "K4": {"distribution": "normal", "mean": 234.58722821733403, "std": 4.344452845168995}, "K1": {"distribution": "normal", "mean": 321.52095543007664, "std": 4.284849671017233}, "K6": {"distribution": "normal", "mean": 267.33707652692027, "std": 4.328452534284909}, "K7": {"distribution": "normal", "mean": 264.01489721419534, "std": 3.917373306610155}}, "compatibleConfigurations": ["K2", "K5", "K4", "K1", "K6", "K7"]}, "O2": {"estimatedTestTime": {"K5": {"distribution": "normal", "mean": 31.53088374499435, "std": 2.565504494819021}, "K2": {"distribution": "normal", "mean": 243.91154358556702, "std": 2.558834352094422}, "K3": {"distribution": "normal", "mean": 71.09190569786341, "std": 2.670699478897644}, "K4": {"distribution": "normal", "mean": 233.5969229991802, "std": 4.673985358828683}, "K1": {"distribution": "normal", "mean": 334.3739358145976, "std": 2.731100642403978}}, "compatibleConfigurations": ["K5", "K2", "K3", "K4", "K1"]}, "O3": {"estimatedTestTime": {"K7": {"distribution": "normal", "mean": 468.2225826303837, "std": 4.827692808790134}, "K6": {"distribution": "normal", "mean": 119.90732722854557, "std": 2.766278793721376}, "K1": {"distribution": "normal", "mean": 250.53574573312636, "std": 3.26026793020417}, "K2": {"distribution": "normal", "mean": 244.14885165378112, "std": 4.711332745373878}, "K5": {"distribution": "normal", "mean": 144.60992296699774, "std": 3.2214115728230195}, "K3": {"distribution": "normal", "mean": 476.00209933945916, "std": 2.434134632623155}, "K4": {"distribution": "normal", "mean": 438.1019931130118, "std": 4.646897985718164}}, "compatibleConfigurations": ["K7", "K6", "K1", "K2", "K5", "K3", "K4"]}, "O4": {"estimatedTestTime": {"K5": {"distribution": "normal", "mean": 44.11897961718757, "std": 2.072250957855693}, "K4": {"distribution": "normal", "mean": 461.57747542833164, "std": 2.940957210674373}, "K3": {"distribution": "normal", "mean": 391.2152666649544, "std": 4.705905673443827}, "K7": {"distribution": "normal", "mean": 446.1894516258234, "std": 3.569465694801882}, "K2": {"distribution": "normal", "mean": 267.2440893147511, "std": 2.3154203643516142}, "K1": {"distribution": "normal", "mean": 386.33723281032434, "std": 4.392786217277727}}, "compatibleConfigurations": ["K5", "K4", "K3", "K7", "K2", "K1"]}, "O5": {"estimatedTestTime": {"K5": {"distribution": "normal", "mean": 137.18587610283868, "std": 3.2160613261807987}, "K7": {"distribution": "normal", "mean": 74.88227357927735, "std": 4.957500715633963}, "K1": {"distribution": "normal", "mean": 452.9693223548756, "std": 2.2651736723999982}, "K2": {"distribution": "normal", "mean": 252.18465169405144, "std": 3.5010639683737104}, "K3": {"distribution": "normal", "mean": 97.79248343350636, "std": 2.812017383845031}, "K4": {"distribution": "normal", "mean": 83.11048750263397, "std": 4.069764025845581}, "K6": {"distribution": "normal", "mean": 244.16224648001327, "std": 4.69152985159647}}, "compatibleConfigurations": ["K5", "K7", "K1", "K2", "K3", "K4", "K6"]}, "O6": {"estimatedTestTime": {"K3": {"distribution": "normal", "mean": 303.30321251055653, "std": 2.836373448371131}, "K1": {"distribution": "normal", "mean": 259.568038842651, "std": 4.066104403376743}, "K5": {"distribution": "normal", "mean": 368.061197231633, "std": 3.4176189075592145}, "K2": {"distribution": "normal", "mean": 140.1207988169152, "std": 4.105441327205535}, "K7": {"distribution": "normal", "mean": 406.1806930565731, "std": 3.470810470988424}, "K4": {"distribution": "normal", "mean": 305.2746616872866, "std": 2.315397315745907}}, "compatibleConfigurations": ["K3", "K1", "K5", "K2", "K7", "K4"]}, "O7": {"estimatedTestTime": {"K1": {"distribution": "normal", "mean": 87.51948296013359, "std": 3.284062286343794}, "K6": {"distribution": "normal", "mean": 91.65941957379084, "std": 4.909300074989604}, "K5": {"distribution": "normal", "mean": 36.38053801321654, "std": 4.005778232995108}, "K2": {"distribution": "normal", "mean": 441.93687927907916, "std": 2.4518611195624764}, "K3": {"distribution": "normal", "mean": 487.64429364741085, "std": 2.23888188070262}}, "compatibleConfigurations": ["K1", "K6", "K5", "K2", "K3"]}, "O8": {"estimatedTestTime": {"K3": {"distribution": "normal", "mean": 73.55387388732406, "std": 3.3002539261301114}, "K7": {"distribution": "normal", "mean": 17.37901238205363, "std": 2.5915124650779173}, "K5": {"distribution": "normal", "mean": 265.75623135614893, "std": 4.3345471018413555}, "K2": {"distribution": "normal", "mean": 319.1591536492824, "std": 4.174081542031132}, "K4": {"distribution": "normal", "mean": 463.98800927569437, "std": 2.3584929408369413}, "K6": {"distribution": "normal", "mean": 248.63593609571032, "std": 2.9046093016088945}}, "compatibleConfigurations": ["K3", "K7", "K5", "K2", "K4", "K6"]}, "O9": {"estimatedTestTime": {"K7": {"distribution": "normal", "mean": 82.0356707245731, "std": 3.375780670322614}, "K1": {"distribution": "normal", "mean": 452.0971379159416, "std": 3.343082420634177}, "K6": {"distribution": "normal", "mean": 41.589293530975354, "std": 3.6731917334657793}, "K4": {"distribution": "normal", "mean": 235.58513009403177, "std": 4.029543593763597}, "K3": {"distribution": "normal", "mean": 50.261072413957365, "std": 4.21008369112416}, "K2": {"distribution": "normal", "mean": 233.09254466714515, "std": 4.920314103909174}, "K5": {"distribution": "normal", "mean": 245.16106405933357, "std": 4.612072330930609}}, "compatibleConfigurations": ["K7", "K1", "K6", "K4", "K3", "K2", "K5"]}, "O10": {"estimatedTestTime": {"K7": {"distribution": "normal", "mean": 61.72678990542853, "std": 2.1157929494453858}, "K4": {"distribution": "normal", "mean": 359.0039348880489, "std": 3.9942643823737716}, "K3": {"distribution": "normal", "mean": 199.16870571006646, "std": 4.002816680423477}, "K5": {"distribution": "normal", "mean": 440.2052969346475, "std": 4.871081725694253}, "K2": {"distribution": "normal", "mean": 2.6081214982117036, "std": 4.395507245599666}, "K1": {"distribution": "normal", "mean": 112.04898950877822, "std": 4.220516092845834}, "K6": {"distribution": "normal", "mean": 267.8974013217775, "std": 4.669427135568709}}, "compatibleConfigurations": ["K7", "K4", "K3", "K5", "K2", "K1", "K6"]}}}, "products": {"count": 3, "items": {"P1": {"index": 0, "arrival": 0, "quantity": 5, "duedate": 1038.9816604851069, "operations": ["O9", "O5", "O1", "O7", "O10", "O3", "O6", "O8"], "dependencies": [[2, 0], [3, 1], [3, 2], [4, 0], [4, 1], [5, 1], [5, 2], [6, 2], [6, 4], [7, 4], [7, 5], [7, 6]]}, "P2": {"index": 1, "arrival": 60.82587200049042, "quantity": 18, "duedate": 2500.9655864620972, "operations": ["O10", "O4", "O1", "O8", "O3", "O6", "O2"], "dependencies": [[2, 0], [4, 3], [5, 2], [5, 3], [6, 1], [6, 2], [6, 3]]}, "P3": {"index": 2, "arrival": 118.48361553105505, "quantity": 11, "duedate": 1841.2713656595183,