{"configurations": {"count": 17, "items": {"K1": {"index": 0, "setupTimes": [0, 43, 36, 7, 59, 40, 14, 18, 22, 57, 28, 20, 39, 48, 23, 49, 29]}, "K2": {"index": 1, "setupTimes": [5, 0, 39, 59, 30, 38, 5, 39, 19, 12, 43, 37, 42, 14, 23, 53, 3]}, "K3": {"index": 2, "setupTimes": [41, 20, 0, 47, 57, 49, 5, 46, 28, 25, 41, 51, 36, 7, 29, 59, 16]}, "K4": {"index": 3, "setupTimes": [47, 57, 42, 0, 37, 10, 32, 5, 54, 42, 42, 56, 38, 5, 49, 11, 47]}, "K5": {"index": 4, "setupTimes": [30, 19, 8, 28, 0, 54, 26, 29, 11, 50, 27, 21, 49, 22, 6, 29, 51]}, "K6": {"index": 5, "setupTimes": [21, 34, 49, 21, 3, 0, 17, 15, 5, 51, 55, 47, 19, 10, 17, 9, 54]}, "K7": {"index": 6, "setupTimes": [15, 28, 7, 45, 3, 11, 0, 50, 49, 11, 41, 4, 46, 10, 39, 14, 53]}, "K8": {"index": 7, "setupTimes": [56, 37, 38, 5, 53, 21, 31, 0, 12, 50, 49, 24, 20, 21, 36, 23, 50]}, "K9": {"index": 8, "setupTimes": [21, 27, 30, 31, 2, 45, 3, 29, 0, 8, 60, 26, 37, 16, 35, 22, 25]}, "K10": {"index": 9, "setupTimes": [40, 55, 15, 56, 29, 23, 2, 22, 9, 0, 55, 40, 53, 28, 56, 51, 16]}, "K11": {"index": 10, "setupTimes": [8, 55, 50, 18, 26, 32, 39, 44, 47, 51, 0, 29, 57, 6, 56, 45, 5]}, "K12": {"index": 11, "setupTimes": [26, 22, 18, 35, 36, 33, 44, 57, 31, 5, 45, 0, 51, 45, 41, 12, 3]}, "K13": {"index": 12, "setupTimes": [55, 2, 4, 33, 36, 55, 6, 8, 17, 53, 47, 10, 0, 9, 8, 23, 29]}, "K14": {"index": 13, "setupTimes": [2, 13, 39, 39, 39, 7, 22, 35, 8, 21, 3, 10, 29, 0, 20, 2, 40]}, "K15": {"index": 14, "setupTimes": [40, 14, 30, 11, 54, 48, 10, 38, 37, 40, 51, 44, 22, 17, 0, 4, 26]}, "K16": {"index": 15, "setupTimes": [19, 29, 37, 44, 47, 11, 13, 13, 38, 44, 4, 46, 40, 4, 22, 0, 20]}, "K17": {"index": 16, "setupTimes": [46, 15, 22, 58, 41, 60, 48, 48, 55, 59, 2, 13, 51, 29, 28, 39, 0]}}}, "testers": {"count": 4, "items": {"T1": {"supportedConfigurations": ["K2", "K12", "K17", "K10", "K5", "K3", "K16", "K14", "K11", "K1", "K8", "K15", "K6", "K7", "K9", "K13", "K4"]}, "T2": {"supportedConfigurations": ["K8", "K17", "K7", "K9", "K10", "K16", "K11", "K5"]}, "T3": {"supportedConfigurations": ["K15", "K12"]}, "T4": {"supportedConfigurations": ["K2", "K5", "K3", "K4", "K7", "K8", "K11", "K17", "K16", "K1", "K10", "K13", "K15", "K12", "K14"]}}}, "operations": {"count": 11, "items": {"O1": {"estimatedTestTime": {"K7": {"distribution": "normal", "mean": 420.93769928879505, "std": 2.8354816605394304}, "K6": {"distribution": "normal", "mean": 420.54017848959063, "std": 4.16161100885708}, "K3": {"distribution": "normal", "mean": 480.9699479684215, "std": 3.614017180128365}, "K11": {"distribution": "normal", "mean": 316.5966396228255, "std": 2.0190178670378964}, "K12": {"distribution": "normal", "mean": 423.5872510290263, "std": 4.8511306047930125}, "K13": {"distribution": "normal", "mean": 278.25021703518985, "std": 3.407116645921863}, "K15": {"distribution": "normal", "mean": 224.73764662050834, "std": 4.5888182936056285}, "K14": {"distribution": "normal", "mean": 90.72515274559204, "std": 2.181254096512792}, "K9": {"distribution": "normal", "mean": 128.03299153146605, "std": 4.305967544382167}, "K16": {"distribution": "normal", "mean": 156.7798016081225, "std": 3.624930985165374}, "K10": {"distribution": "normal", "mean": 89.23344357370263, "std": 4.917442204193973}, "K1": {"distribution": "normal", "mean": 419.6896804147024, "std": 3.5327369249985847}}, "compatibleConfigurations": ["K7", "K6", "K3", "K11", "K12", "K13", "K15", "K14", "K9", "K16", "K10", "K1"]}, "O2": {"estimatedTestTime": {"K5": {"distribution": "normal", "mean": 272.16854599125236, "std": 2.705549957825733}, "K6": {"distribution": "normal", "mean": 373.5414170282975, "std": 3.796187858751668}, "K16": {"distribution": "normal", "mean": 47.73328564285041, "std": 4.324114959445376}, "K1": {"distribution": "normal", "mean": 8.706903039263363, "std": 3.428100643496587}, "K3": {"distribution": "normal", "mean": 473.75145293795737, "std": 2.6103190182334903}, "K12": {"distribution": "normal", "mean": 19.01717285834263, "std": 3.3580984195801027}, "K9": {"distribution": "normal", "mean": 328.9355831236857, "std": 2.52835191967767}, "K13": {"distribution": "normal", "mean": 15.255926245104774, "std": 3.6696720137327654}, "K14": {"distribution": "normal", "mean": 311.3942945497823, "std": 2.5881716625711606}, "K11": {"distribution": "normal", "mean": 357.7580248646818, "std": 3.0738168430625628}, "K17": {"distribution": "normal", "mean": 349.5859756367546, "std": 3.653905142214894}, "K8": {"distribution": "normal", "mean": 436.04460218918945, "std": 3.067709498551441}, "K2": {"distribution": "normal", "mean": 159.13229452140484, "std": 2.6868394829360662}, "K15": {"distribution": "normal", "mean": 343.53368715557616, "std": 4.169225276800229}, "K7": {"distribution": "normal", "mean": 20.46703544393701, "std": 4.398164976353215}}, "compatibleConfigurations": ["K5", "K6", "K16", "K1", "K3", "K12", "K9", "K13", "K14", "K11", "K17", "K8", "K2", "K15", "K7"]}, "O3": {"estimatedTestTime": {"K7": {"distribution": "normal", "mean": 13.724958935725251, "std": 4.029601015273616}, "K14": {"distribution": "normal", "mean": 407.66695752045115, "std": 3.5531278826073356}, "K11": {"distribution": "normal", "mean": 305.24404970397933, "std": 2.566904802820644}, "K8": {"distribution": "normal", "mean": 60.9020430166413, "std": 2.052738482673548}, "K9": {"distribution": "normal", "mean": 127.56899410428721, "std": 4.271310823702809}, "K3": {"distribution": "normal", "mean": 173.10537147902014, "std": 2.228745907572814}}, "compatibleConfigurations": ["K7", "K14", "K11", "K8", "K9", "K3"]}, "O4": {"estimatedTestTime": {"K14": {"distribution": "normal", "mean": 241.20094766617433, "std": 3.9374059869441624}, "K12": {"distribution": "normal", "mean": 328.1040865910188, "std": 3.9563676230180578}, "K11": {"distribution": "normal", "mean": 216.64539577200313, "std": 4.873453108490193}, "K8": {"distribution": "normal", "mean": 2.0221491933775164, "std": 4.460643068279445}, "K4": {"distribution": "normal", "mean": 242.67213496302185, "std": 3.324124993473868}, "K5": {"distribution": "normal", "mean": 424.5959265525576, "std": 4.4623177168185375}, "K17": {"distribution": "normal", "mean": 243.3577177172507, "std": 2.357992240618235}, "K15": {"distribution": "normal", "mean": 242.67283884298854, "std": 4.876154105976743}, "K2": {"distribution": "normal", "mean": 16.40380305523769, "std": 4.074882086695579}, "K3": {"distribution": "normal", "mean": 243.8097395496526, "std": 4.482035265930237}, "K6": {"distribution": "normal", "mean": 64.74260193321335, "std": 4.363722706422642}, "K1": {"distribution": "normal", "mean": 100.23024998109257, "std": 4.508130309229726}, "K7": {"distribution": "normal", "mean": 416.2542796386266, "std": 3.1034508316763594}, "K13": {"distribution": "normal", "mean": 276.06470983702536, "std": 2.426401744251653}, "K9": {"distribution": "normal", "mean": 229.0373131698814, "std": 3.9759731913297895}}, "compatibleConfigurations": ["K14", "K12", "K11", "K8", "K4", "K5", "K17", "K15", "K2", "K3", "K6", "K1", "K7", "K13", "K9"]}, "O5": {"estimatedTestTime": {"K2": {"distribution": "normal", "mean": 236.3174899570169, "std": 4.82329722251556}, "K13": {"distribution": "normal", "mean": 99.28430738287014, "std": 2.711993416211534}, "K10": {"distribution": "normal", "mean": 314.9471226206877, "std": 2.4919393516488455}, "K12": {"distribution": "normal", "mean": 37.78917701313833, "std": 3.553621183192682}, "K3": {"distribution": "normal", "mean": 456.3891929606825, "std": 3.0460529475470084}, "K8": {"distribution": "normal", "mean": 166.6609573703129, "std": 2.315235196413858}, "K16": {"distribution": "normal", "mean": 424.4059924623272, "std": 4.225397251015297}, "K17": {"distribution": "normal", "mean": 245.5186823694818, "std": 3.6616255489749427}}, "compatibleConfigurations": ["K2", "K13", "K10", "K12", "K3", "K8", "K16", "K17"]}, "O6": {"estimatedTestTime": {"K15": {"distribution": "normal", "mean": 75.82624971491182, "std": 3.928894126585798},