{"configurations": {"count": 11, "items": {"K1": {"index": 0, "setupTimes": [0, 6, 4, 10, 8, 5, 8, 6, 9, 9, 6]}, "K2": {"index": 1, "setupTimes": [9, 0, 3, 8, 5, 4, 7, 4, 2, 10, 4]}, "K3": {"index": 2, "setupTimes": [10, 4, 0, 7, 8, 3, 9, 8, 10, 9, 8]}, "K4": {"index": 3, "setupTimes": [5, 4, 5, 0, 3, 8, 4, 3, 7, 4, 7]}, "K5": {"index": 4, "setupTimes": [7, 2, 8, 5, 0, 10, 4, 3, 3, 6, 6]}, "K6": {"index": 5, "setupTimes": [7, 8, 2, 4, 10, 0, 6, 10, 5, 4, 9]}, "K7": {"index": 6, "setupTimes": [4, 4, 2, 10, 2, 6, 0, 2, 10, 7, 7]}, "K8": {"index": 7, "setupTimes": [3, 6, 5, 8, 9, 8, 10, 0, 5, 6, 9]}, "K9": {"index": 8, "setupTimes": [5, 7, 10, 10, 5, 5, 6, 5, 0, 7, 3]}, "K10": {"index": 9, "setupTimes": [2, 4, 5, 5, 6, 4, 7, 6, 9, 0, 8]}, "K11": {"index": 10, "setupTimes": [4, 4, 2, 6, 7, 10, 9, 8, 5, 2, 0]}}}, "testers": {"count": 3, "items": {"T1": {"supportedConfigurations": ["K7", "K5", "K2", "K6", "K1", "K3", "K10", "K9", "K11"]}, "T2": {"supportedConfigurations": ["K2", "K7", "K3", "K1", "K5", "K9", "K6"]}, "T3": {"supportedConfigurations": ["K2", "K1", "K10", "K4", "K8"]}}}, "operations": {"count": 12, "items": {"O1": {"estimatedTestTime": {"K2": {"distribution": "normal", "mean": 159.2626589409519, "std": 2.1728864084800366}, "K5": {"distribution": "normal", "mean": 48.15735401591302, "std": 3.626797232722462}, "K3": {"distribution": "normal", "mean": 173.53371847133005, "std": 4.300688768777539}, "K9": {"distribution": "normal", "mean": 145.78649989656543, "std": 4.241847757109824}, "K10": {"distribution": "normal", "mean": 14.227651659960033, "std": 2.0035768368675173}, "K11": {"distribution": "normal", "mean": 123.12035315278274, "std": 3.167471774227006}, "K1": {"distribution": "normal", "mean": 5.524236089712371, "std": 3.307816242012879}}, "compatibleConfigurations": ["K2", "K5", "K3", "K9", "K10", "K11", "K1"]}, "O2": {"estimatedTestTime": {"K2": {"distribution": "normal", "mean": 66.02238883412141, "std": 2.2878196748313577}, "K6": {"distribution": "normal", "mean": 64.14254785009788, "std": 2.51830734369386}, "K5": {"distribution": "normal", "mean": 188.48670692379318, "std": 4.737084911682256}, "K9": {"distribution": "normal", "mean": 88.70498122977793, "std": 2.118757352588012}, "K8": {"distribution": "normal", "mean": 93.3706847341592, "std": 4.790961939936873}, "K1": {"distribution": "normal", "mean": 54.39687356683378, "std": 2.424690204011068}}, "compatibleConfigurations": ["K2", "K6", "K5", "K9", "K8", "K1"]}, "O3": {"estimatedTestTime": {"K5": {"distribution": "normal", "mean": 48.42077513780246, "std": 3.621151933834694}, "K8": {"distribution": "normal", "mean": 94.89913660663487, "std": 3.362121808247538}, "K11": {"distribution": "normal", "mean": 19.045479601319897, "std": 4.6531818203768776}, "K6": {"distribution": "normal", "mean": 173.8413910780906, "std": 2.9308672426844233}, "K7": {"distribution": "normal", "mean": 98.68287730175716, "std": 4.122471516449503}, "K9": {"distribution": "normal", "mean": 159.64597825009068, "std": 2.6637753704795433}, "K3": {"distribution": "normal", "mean": 27.91696154518573, "std": 2.2927106367543035}}, "compatibleConfigurations": ["K5", "K8", "K11", "K6", "K7", "K9", "K3"]}, "O4": {"estimatedTestTime": {"K9": {"distribution": "normal", "mean": 47.13544024946548, "std": 2.7799305303355712}, "K1": {"distribution": "normal", "mean": 77.41557667692881, "std": 4.511038639820072}, "K2": {"distribution": "normal", "mean": 47.98826192207918, "std": 4.2545255565867315}, "K4": {"distribution": "normal", "mean": 166.17708370970777, "std": 3.7919505253541805}, "K8": {"distribution": "normal", "mean": 108.23472151523005, "std": 2.4175228264551416}, "K5": {"distribution": "normal", "mean": 135.54613677823653, "std": 2.125543273403439}, "K10": {"distribution": "normal", "mean": 48.116352152854645, "std": 2.621944035493648}, "K11": {"distribution": "normal", "mean": 195.65690672233478, "std": 2.6249333598381934}, "K3": {"distribution": "normal", "mean": 123.7279570431422, "std": 2.2491154709191195}}, "compatibleConfigurations": ["K9", "K1", "K2", "K4", "K8", "K5", "K10", "K11", "K3"]}, "O5": {"estimatedTestTime": {"K2": {"distribution": "normal", "mean": 103.96844237849473, "std": 3.91422385155584}, "K10": {"distribution": "normal", "mean": 64.2231183718184, "std": 2.3976792437292613}, "K9": {"distribution": "normal", "mean": 92.50993568819315, "std": 4.246408725627854}, "K6": {"distribution": "normal", "mean": 191.56612905090878, "std": 3.6838691011624523}, "K5": {"distribution": "normal", "mean": 26.35489907710504, "std": 3.3125124705442066}, "K3": {"distribution": "normal", "mean": 86.55922082271776, "std": 3.9025460602172974}, "K8": {"distribution": "normal", "mean": 111.94087476396959, "std": 4.574665544308226}, "K11": {"distribution": "normal", "mean": 109.96117882871125, "std": 4.111963437602601}, "K7": {"distribution": "normal", "mean": 139.9000179858449, "std": 3.1516950694060117}, "K1": {"distribution": "normal", "mean": 83.04485266850968, "std": 2.7872949019115367}, "K4": {"distribution": "normal", "mean": 56.8284024443982, "std": 2.6825279587747746}}, "compatibleConfigurations": ["K2", "K10", "K9", "K6", "K5", "K3", "K8", "K11", "K7", "K1", "K4"]}, "O6": {"estimatedTestTime": {"K5": {"distribution": "normal", "mean": 39.654699786668644, "std": 4.24614720425277}, "K9": {"distribution": "normal", "mean": 173.09417120421003, "std": 2.6366996448342}, "K2": {"distribution": "normal", "mean": 16.69617539014461, "std": 3.14381235364163}, "K3": {"distribution": "normal", "mean": 140.1643277267983, "std": 2.680037568806765}, "K1": {"distribution": "normal", "mean": 111.40632970687183, "std": 2.922815583135052}, "K4": {"distribution": "normal", "mean": 8.847156114588513, "std": 3.811595817306095}, "K11": {"distribution": "normal", "mean": 44.3463050914507, "std": 4.8661741626091635}}, "compatibleConfigurations": ["K5", "K9", "K2", "K3", "K1", "K4", "K11"]}, "O7": {"estimatedTestTime": {"K7": {"distribution": "normal", "mean": 123.28237249157786, "std": 4.796311378644197}, "K6": {"distribution": "normal", "mean": 6.357071384510945, "std": 2.9499843881706185}, "K10": {"distribution": "normal", "mean": 57.904830371582946, "std": 4.840074298892134}, "K9": {"distribution": "normal", "mean": 178.4884634218062, "std": 4.39845629151778}, "K3": {"distribution": "normal", "mean": 116.4905515622087, "std": 4.702894822074668}, "K4": {"distribution": "normal", "mean": 34.14373385382742, "std": 4.606730929001146}}, "compatibleConfigurations": ["K7", "K6", "K10", "K9", "K3", "K4"]}, "O8": {"estimatedTestTime": {"K6": {"distribution": "normal", "mean": 3.7495393641008214, "std": 3.8273827304424337}, "K1": {"distribution": "normal", "mean": 29.799248694078383, "std": 4.479879362868042}, "K5": {"distribution": "normal", "mean": 53.16896531274921, "std": 2.4915747598413813}, "K3": {"distribution": "normal", "mean": 124.09047528875408, "std": 4.772583269270125}, "K11": {"distribution": "normal", "mean": 108.58727445922021, "std": 2.3210849695246134}, "K4": {"distribution": "normal", "mean": 77.75346792304009, "std": 3.191276845969621}, "K2": {"distribution": "normal", "mean": 119.54952040288404, "std": 3.775283812967002}}, "compatibleConfigurations": ["K6", "K1", "K5", "K3", "K11", "K4", "K2"]}, "O9": {"estimatedTestTime": {"K11": {"distribution": "normal", "mean": 84.93948194996776, "std": 4.594706448222413}, "K7": {"distribution": "normal", "mean": 51.66668759916966, "std": 4.867999654513081}, "K1": {"distribution": "normal", "mean": 162.49222779708646, "std": 3.2368818832543496}, "K5": {"distribution": "normal", "mean": 148.0819979578085, "std": 4.906285758853515}, "K8": {"distribution": "normal", "mean": 138.84756336035147, "std": 4.156812384112324}, "K2": {"distribution": "normal", "mean": 133.28797990353715, "std": 4.470043187839228}, "K9": {"distribution": "normal", "mean": 130.4676818348165, "std": 2.7752478694074334}, "K10": {"distribution": "normal", "mean": 186.05172898892897, "std": 2.725586553028105}},