{"configurations": {"count": 7, "items": {"K1": {"index": 0, "setupTimes": [0, 8, 10, 10, 2, 3, 8]}, "K2": {"index": 1, "setupTimes": [5, 0, 5, 7, 9, 2, 8]}, "K3": {"index": 2, "setupTimes": [10, 3, 0, 8, 4, 3, 4]}, "K4": {"index": 3, "setupTimes": [2, 8, 9, 0, 4, 4, 2]}, "K5": {"index": 4, "setupTimes": [4, 3, 8, 8, 0, 7, 4]}, "K6": {"index": 5, "setupTimes": [10, 4, 7, 2, 5, 0, 2]}, "K7": {"index": 6, "setupTimes": [8, 10, 7, 6, 4, 6, 0]}}}, "testers": {"count": 8, "items": {"T1": {"supportedConfigurations": ["K4", "K2", "K5", "K6", "K1", "K3", "K7"]}, "T2": {"supportedConfigurations": ["K3", "K2", "K5", "K4", "K1", "K6"]}, "T3": {"supportedConfigurations": ["K5", "K6", "K2", "K4", "K1", "K7", "K3"]}, "T4": {"supportedConfigurations": ["K2", "K5"]}, "T5": {"supportedConfigurations": ["K5", "K4", "K7", "K3", "K6", "K2"]}, "T6": {"supportedConfigurations": ["K2", "K3", "K1", "K7"]}, "T7": {"supportedConfigurations": ["K3", "K6", "K2", "K4", "K5"]}, "T8": {"supportedConfigurations": ["K3", "K2", "K4", "K5"]}}}, "operations": {"count": 11, "items": {"O1": {"estimatedTestTime": {"K5": {"distribution": "normal", "mean": 65.24484380221595, "std": 3.711816625120742}, "K6": {"distribution": "normal", "mean": 134.0565592256358, "std": 2.030993277501404}, "K4": {"distribution": "normal", "mean": 5.270717754036549, "std": 2.92380454026942}, "K2": {"distribution": "normal", "mean": 61.178743749803125, "std": 3.6099200016687685}, "K1": {"distribution": "normal", "mean": 191.96322455169323, "std": 2.5481600828827764}}, "compatibleConfigurations": ["K5", "K6", "K4", "K2", "K1"]}, "O2": {"estimatedTestTime": {"K4": {"distribution": "normal", "mean": 7.866771705178783, "std": 4.030420980788497}, "K3": {"distribution": "normal", "mean": 86.99376085381694, "std": 3.2921482065686427}, "K2": {"distribution": "normal", "mean": 184.48569499858414, "std": 4.02031112063668}, "K1": {"distribution": "normal", "mean": 41.779966701793356, "std": 4.020304974916245}, "K5": {"distribution": "normal", "mean": 199.76714337015926, "std": 4.774135652830348}}, "compatibleConfigurations": ["K4", "K3", "K2", "K1", "K5"]}, "O3": {"estimatedTestTime": {"K3": {"distribution": "normal", "mean": 60.68458656108005, "std": 4.672571849017507}, "K5": {"distribution": "normal", "mean": 134.71388042183096, "std": 3.221906535291387}, "K2": {"distribution": "normal", "mean": 38.61125041847315, "std": 4.172391757569457}, "K7": {"distribution": "normal", "mean": 81.54882145756847, "std": 2.2444971694122495}, "K6": {"distribution": "normal", "mean": 191.37513188866856, "std": 4.405805098067651}, "K4": {"distribution": "normal", "mean": 10.07631643626542, "std": 4.131165950489925}, "K1": {"distribution": "normal", "mean": 40.889022745686795, "std": 3.67097307191771}}, "compatibleConfigurations": ["K3", "K5", "K2", "K7", "K6", "K4", "K1"]}, "O4": {"estimatedTestTime": {"K6": {"distribution": "normal", "mean": 114.47399919217109, "std": 2.514292642009016}, "K3": {"distribution": "normal", "mean": 197.74824465720064, "std": 2.479419552932538}, "K1": {"distribution": "normal", "mean": 184.52138540585267, "std": 4.7565847324703805}, "K4": {"distribution": "normal", "mean": 75.20822402380496, "std": 3.352345969747516}, "K5": {"distribution": "normal", "mean": 184.89140604027736, "std": 2.559718028597378}, "K2": {"distribution": "normal", "mean": 190.91725572786967, "std": 2.9658081545793755}, "K7": {"distribution": "normal", "mean": 35.149793534520384, "std": 2.756937118923285}}, "compatibleConfigurations": ["K6", "K3", "K1", "K4", "K5", "K2", "K7"]}, "O5": {"estimatedTestTime": {"K7": {"distribution": "normal", "mean": 89.21771769459068, "std": 4.09568909909965}, "K5": {"distribution": "normal", "mean": 20.136097943790208, "std": 3.1504522530845716}, "K2": {"distribution": "normal", "mean": 139.5191284629158, "std": 3.9999824440120912}, "K3": {"distribution": "normal", "mean": 75.22603071112371, "std": 2.2652116720930837}, "K6": {"distribution": "normal", "mean": 55.345991941822305, "std": 3.083251294673672}}, "compatibleConfigurations": ["K7", "K5", "K2", "K3", "K6"]}, "O6": {"estimatedTestTime": {"K3": {"distribution": "normal", "mean": 177.7213803264411, "std": 4.3193656029349}, "K6": {"distribution": "normal", "mean": 64.8834399536178, "std": 2.746259697897393}, "K1": {"distribution": "normal", "mean": 173.07455400895532, "std": 3.524643358196915}, "K5": {"distribution": "normal", "mean": 197.93521784651543, "std": 2.6977120127233363}, "K4": {"distribution": "normal", "mean": 77.58026933374894, "std": 2.1976021152874243}, "K2": {"distribution": "normal", "mean": 29.542670803414776, "std": 2.2480419120073916}}, "compatibleConfigurations": ["K3", "K6", "K1", "K5", "K4", "K2"]}, "O7": {"estimatedTestTime": {"K1": {"distribution": "normal", "mean": 83.18104589430477, "std": 3.838273339820855}, "K5": {"distribution": "normal", "mean": 116.41456921495775, "std": 2.2499266209902244}, "K6": {"distribution": "normal", "mean": 59.6042577088962, "std": 2.309688381456537}, "K7": {"distribution": "normal", "mean": 187.41313271763562, "std": 3.9738416877123957}, "K3": {"distribution": "normal", "mean": 78.04845202153966, "std": 3.74804256708283}, "K4": {"distribution": "normal", "mean": 156.37758888035535, "std": 3.504818845259389}}, "compatibleConfigurations": ["K1", "K5", "K6", "K7", "K3", "K4"]}, "O8": {"estimatedTestTime": {"K2": {"distribution": "normal", "mean": 75.36904606862127, "std": 3.605159937139405}, "K4": {"distribution": "normal", "mean": 160.64638770999798, "std": 3.1642552187301214}, "K7": {"distribution": "normal", "mean": 17.026465784647563, "std": 4.598858149542364}, "K5": {"distribution": "normal", "mean": 48.4836678722812, "std": 2.1682530946144096}, "K6": {"distribution": "normal", "mean": 6.3201516202744195, "std": 4.315009440171976}, "K1": {"distribution": "normal", "mean": 138.9894641119219, "std": 3.4237764088171234}}, "compatibleConfigurations": ["K2", "K4", "K7", "K5", "K6", "K1"]}, "O9": {"estimatedTestTime": {"K5": {"distribution": "normal", "mean": 72.98743691413166, "std": 2.285873135000545}, "K6": {"distribution": "normal", "mean": 63.21105888541116, "std": 4.996148718371207}, "K4": {"distribution": "normal", "mean": 177.44180161690906, "std": 2.002933436984775}, "K2": {"distribution": "normal", "mean": 137.00728055814233, "std": 3.4706364315804388}, "K7": {"distribution": "normal", "mean": 131.65423781901902, "std": 3.3727247597544276}, "K1": {"distribution": "normal", "mean": 103.83852714612517, "std": 3.310259950378449}}, "compatibleConfigurations": ["K5", "K6", "K4", "K2", "K7", "K1"]}, "O10": {"estimatedTestTime": {"K6": {"distribution": "normal", "mean": 42.42986325143187, "std": 2.8617867647331146}, "K7": {"distribution": "normal", "mean": 21.75268477738787, "std": 4.55567899798163}, "K3": {"distribution": "normal", "mean": 47.440291368107054, "std": 2.322594029778997}, "K1": {"distribution": "normal", "mean": 8.111110637727727, "std": 3.594655411700136}, "K2": {"distribution": "normal", "mean": 73.05245862291893, "std": 3.681122630106649}}, "compatibleConfigurations": ["K6", "K7", "K3", "K1", "K2"]}, "O11": {"estimatedTestTime": {"K1": {"distribution": "normal", "mean": 124.53049613567741, "std": 4.947049535121504}, "K5": {"distribution": "normal", "mean": 2.4212760068890784, "std": 2.0766003281334537}, "K6": {"distribution": "normal", "mean": 147.98651591272787, "std": 2.4217879433002776}, "K2": {"distribution": "normal", "mean": 195.06711635726356, "std": 3.2160601923043863}, "K4": {"distribution": "normal", "mean": 75.03130600866031, "std": 2.028661668816011}, "K7": {"distribution": "normal", "mean": 198.57756942605337, "std": 4.14073851998496}, "K3": {"distribution": "normal", "mean": 141.4344973275584, "std": 2.5495178155501366}}, "compatibleConfigurations": ["K1", "K5", "K6", "K2", "K4", "K7", "K3"]}}}, "products": {"count": 4, "items": {"P1": {"index": 0, "arrival": 0, "quantity": 19, "duedate": 1407.112325393398,