{"configurations": {"count": 9, "items": {"K1": {"index": 0, "setupTimes": [0, 6, 8, 8, 9, 5, 4, 2, 5]}, "K2": {"index": 1, "setupTimes": [3, 0, 7, 8, 5, 4, 9, 9, 5]}, "K3": {"index": 2, "setupTimes": [8, 7, 0, 7, 2, 9, 6, 4, 5]}, "K4": {"index": 3, "setupTimes": [4, 10, 4, 0, 7, 7, 8, 8, 3]}, "K5": {"index": 4, "setupTimes": [9, 10, 4, 8, 0, 3, 7, 5, 5]}, "K6": {"index": 5, "setupTimes": [7, 6, 6, 6, 9, 0, 8, 9, 2]}, "K7": {"index": 6, "setupTimes": [5, 2, 7, 8, 8, 10, 0, 9, 3]}, "K8": {"index": 7, "setupTimes": [4, 4, 9, 10, 3, 3, 3, 0, 9]}, "K9": {"index": 8, "setupTimes": [8, 7, 2, 7, 7, 5, 8, 9, 0]}}}, "testers": {"count": 9, "items": {"T1": {"supportedConfigurations": ["K3", "K1", "K8", "K7", "K2", "K4", "K9", "K5"]}, "T2": {"supportedConfigurations": ["K5", "K2", "K3", "K7", "K1", "K8"]}, "T3": {"supportedConfigurations": ["K4", "K3"]}, "T4": {"supportedConfigurations": ["K9", "K7", "K3", "K1"]}, "T5": {"supportedConfigurations": ["K4", "K9", "K2"]}, "T6": {"supportedConfigurations": ["K3", "K6", "K7", "K8", "K9", "K2", "K4", "K1", "K5"]}, "T7": {"supportedConfigurations": ["K1", "K7"]}, "T8": {"supportedConfigurations": ["K7", "K3"]}, "T9": {"supportedConfigurations": ["K3", "K1", "K7", "K9"]}}}, "operations": {"count": 10, "items": {"O1": {"estimatedTestTime": {"K8": {"distribution": "normal", "mean": 72.86749143612968, "std": 3.166528227492304}, "K5": {"distribution": "normal", "mean": 47.8252242792095, "std": 4.524989212340309}, "K7": {"distribution": "normal", "mean": 30.975454609990088, "std": 2.1520171424162604}, "K2": {"distribution": "normal", "mean": 47.08498688153132, "std": 4.109822520064939}, "K1": {"distribution": "normal", "mean": 105.01132334395523, "std": 4.273333478889713}, "K4": {"distribution": "normal", "mean": 68.55414474661212, "std": 3.1466743322480992}}, "compatibleConfigurations": ["K8", "K5", "K7", "K2", "K1", "K4"]}, "O2": {"estimatedTestTime": {"K8": {"distribution": "normal", "mean": 191.0871071399264, "std": 4.887935616164122}, "K3": {"distribution": "normal", "mean": 124.70243900435862, "std": 3.166275726821101}, "K2": {"distribution": "normal", "mean": 43.453000684674734, "std": 4.671730132988555}, "K5": {"distribution": "normal", "mean": 44.07910957083552, "std": 3.1959583591763367}, "K9": {"distribution": "normal", "mean": 58.172686774434474, "std": 4.76640563881041}, "K1": {"distribution": "normal", "mean": 32.11397910933243, "std": 3.0325609264599733}, "K6": {"distribution": "normal", "mean": 165.0272473501346, "std": 2.1315125103141868}, "K7": {"distribution": "normal", "mean": 89.28819569345549, "std": 4.4213978274295815}, "K4": {"distribution": "normal", "mean": 63.781078839477495, "std": 4.9885506523822265}}, "compatibleConfigurations": ["K8", "K3", "K2", "K5", "K9", "K1", "K6", "K7", "K4"]}, "O3": {"estimatedTestTime": {"K2": {"distribution": "normal", "mean": 139.05728141178818, "std": 3.7919916044861255}, "K3": {"distribution": "normal", "mean": 21.698366887308094, "std": 2.4431077074923726}, "K8": {"distribution": "normal", "mean": 137.26659290199376, "std": 2.9523130985156874}, "K6": {"distribution": "normal", "mean": 141.0431181290062, "std": 3.031553454704685}, "K1": {"distribution": "normal", "mean": 176.63703242604325, "std": 3.7862616836188447}}, "compatibleConfigurations": ["K2", "K3", "K8", "K6", "K1"]}, "O4": {"estimatedTestTime": {"K7": {"distribution": "normal", "mean": 25.061891963583044, "std": 3.606557378237913}, "K4": {"distribution": "normal", "mean": 93.98584227123101, "std": 3.1881648000188094}, "K8": {"distribution": "normal", "mean": 129.28281164319398, "std": 2.9665799218796582}, "K6": {"distribution": "normal", "mean": 35.52172587894962, "std": 3.2634631892807775}, "K5": {"distribution": "normal", "mean": 80.57742617206458, "std": 4.764123525510678}, "K3": {"distribution": "normal", "mean": 196.2984338311066, "std": 4.740380918585991}}, "compatibleConfigurations": ["K7", "K4", "K8", "K6", "K5", "K3"]}, "O5": {"estimatedTestTime": {"K6": {"distribution": "normal", "mean": 26.0479002359485, "std": 4.117154671922772}, "K4": {"distribution": "normal", "mean": 168.43225250941254, "std": 4.96160386111145}, "K1": {"distribution": "normal", "mean": 107.45069505521857, "std": 3.4529560901583323}, "K7": {"distribution": "normal", "mean": 178.57733337615682, "std": 4.22648096189788}, "K5": {"distribution": "normal", "mean": 39.76157226213097, "std": 4.097311759228468}, "K2": {"distribution": "normal", "mean": 74.92193122049093, "std": 4.490989608441387}, "K9": {"distribution": "normal", "mean": 93.53365644061077, "std": 3.9838533064843977}, "K8": {"distribution": "normal", "mean": 19.550917413234554, "std": 3.044035494132496}}, "compatibleConfigurations": ["K6", "K4", "K1", "K7", "K5", "K2", "K9", "K8"]}, "O6": {"estimatedTestTime": {"K6": {"distribution": "normal", "mean": 6.731741912367056, "std": 3.117715832215077}, "K2": {"distribution": "normal", "mean": 136.37363221979297, "std": 4.207554100419837}, "K4": {"distribution": "normal", "mean": 91.069930108085, "std": 3.5579492867189324}, "K5": {"distribution": "normal", "mean": 3.8193330984866556, "std": 3.4720039249389494}, "K1": {"distribution": "normal", "mean": 78.68265102494199, "std": 4.887260633199562}, "K3": {"distribution": "normal", "mean": 25.379337715121096, "std": 4.803599756752396}, "K9": {"distribution": "normal", "mean": 22.71683201717572, "std": 2.8398219299331786}, "K7": {"distribution": "normal", "mean": 64.49574454937533, "std": 3.1574314687058336}, "K8": {"distribution": "normal", "mean": 121.56305591593315, "std": 2.7021615060748454}}, "compatibleConfigurations": ["K6", "K2", "K4", "K5", "K1", "K3", "K9", "K7", "K8"]}, "O7": {"estimatedTestTime": {"K3": {"distribution": "normal", "mean": 156.42915074206775, "std": 2.39625926879675}, "K8": {"distribution": "normal", "mean": 50.60844675307454, "std": 2.7408230846108648}, "K6": {"distribution": "normal", "mean": 185.19902458845007, "std": 4.094564757819731}, "K4": {"distribution": "normal", "mean": 183.62389599872887, "std": 2.8949408390012734}, "K1": {"distribution": "normal", "mean": 109.30840095065585, "std": 3.7369331077265167}, "K9": {"distribution": "normal", "mean": 21.91276643400948, "std": 4.387418316523348}, "K7": {"distribution": "normal", "mean": 163.534421186496, "std": 3.4559572864006114}, "K5": {"distribution": "normal", "mean": 73.04496919982421, "std": 2.1566514027473076}, "K2": {"distribution": "normal", "mean": 125.49567910634309, "std": 2.178175118522669}}, "compatibleConfigurations": ["K3", "K8", "K6", "K4", "K1", "K9", "K7", "K5", "K2"]}, "O8": {"estimatedTestTime": {"K4": {"distribution": "normal", "mean": 6.80108993998884, "std": 4.625903041431371}, "K1": {"distribution": "normal", "mean": 95.02028752201832, "std": 2.4943425441409945}, "K3": {"distribution": "normal", "mean": 23.21238115527167, "std": 2.3009633808071603}, "K9": {"distribution": "normal", "mean": 174.88600634964027, "std": 2.3625419788335056}, "K8": {"distribution": "normal", "mean": 134.94693106025116, "std": 4.364459686795721}, "K6": {"distribution": "normal", "mean": 47.59109105227808, "std": 2.211933662896242}, "K2": {"distribution": "normal", "mean": 121.84537706856682, "std": 3.9021012993435784}, "K5": {"distribution": "normal", "mean": 167.69875573791467, "std": 4.479604764566685}, "K7": {"distribution": "normal", "mean": 176.53554695886774, "std": 3.29046212844042}}, "compatibleConfigurations": ["K4", "K1", "K3", "K9", "K8", "K6", "K2", "K5", "K7"]}, "O9": {"estimatedTestTime": {"K5": {"distribution": "normal", "mean": 180.97042371884496, "std": 4.919249717424816}, "K9": {"distribution": "normal", "mean": 167.59185438555147, "std": 3.162624331247388}, "K3": {"distribution": "normal", "mean": 83.77996582269748, "std": 4.639368582542524}, "K8": {"distribution": "normal", "mean": 186.63579121689654, "std": 4.890763038721802}, "K6": {"distribution": "normal", "mean": 179.7600735937317, "std": 2.976636156076983}, "K1": {"distribution": "normal", "mean": 167.8262631537482,